"../../../Engine/Config/Android/DataDrivenPlatformInfo.ini" 1
"../../../Engine/Config/HoloLens/DataDrivenPlatformInfo.ini" 2
"../../../Engine/Config/IOS/DataDrivenPlatformInfo.ini" 3
"../../../Engine/Config/Base.ini" 4
"../../../Engine/Config/BaseEngine.ini" 5
"../../../Engine/Config/IOS/BaseIOSEngine.ini" 6
"E:/Documents/SIKAT OJT/Game Project/Project/ProjectLumina/Config/DefaultEngine.ini" 7
"../../../Engine/Config/IOS/IOSEngine.ini" 8
"C:/Users/minukey/AppData/Local/Unreal Engine/Engine/Config/UserEngine.ini" 9
"../../../Engine/Config/Linux/DataDrivenPlatformInfo.ini" 10
"../../../Engine/Config/LinuxAArch64/DataDrivenPlatformInfo.ini" 11
"../../../Engine/Config/Lumin/DataDrivenPlatformInfo.ini" 12
"../../../Engine/Config/Mac/DataDrivenPlatformInfo.ini" 13
"../../../Engine/Config/TVOS/DataDrivenPlatformInfo.ini" 14
"../../../Engine/Config/Windows/DataDrivenPlatformInfo.ini" 15
"E:/Documents/SIKAT OJT/Game Project/Project/ProjectLumina/ProjectLumina.uproject" 16
"E:/Documents/SIKAT OJT/Game Project/Project/ProjectLumina/Binaries/Win64/UE4Editor.modules" 17
"../../../Engine/Plugins/BlueprintFileUtils/BlueprintFileUtils.uplugin" 18
"../../../Engine/Plugins/ScriptPlugin/ScriptPlugin.uplugin" 19
"../../../Engine/Plugins/MeshPainting/MeshPainting.uplugin" 20
"../../../Engine/Plugins/XGEController/XGEController.uplugin" 21
"../../../Engine/Plugins/2D/Paper2D/Paper2D.uplugin" 22
"../../../Engine/Plugins/AI/AISupport/AISupport.uplugin" 23
"../../../Engine/Plugins/AI/EnvironmentQueryEditor/EnvironmentQueryEditor.uplugin" 24
"../../../Engine/Plugins/AI/HTNPlanner/HTNPlanner.uplugin" 25
"../../../Engine/Plugins/AI/UE4ML/UE4ML.uplugin" 26
"../../../Engine/Plugins/Blendables/LightPropagationVolume/LightPropagationVolume.uplugin" 27
"../../../Engine/Plugins/Animation/GameplayInsights/GameplayInsights.uplugin" 28
"../../../Engine/Plugins/Animation/LiveLink/LiveLink.uplugin" 29
"../../../Engine/Plugins/Animation/LiveLinkCurveDebugUI/LiveLinkCurveDebugUI.uplugin" 30
"../../../Engine/Plugins/Cameras/CameraShakePreviewer/CameraShakePreviewer.uplugin" 31
"../../../Engine/Plugins/Animation/RigLogic/RigLogic.uplugin" 32
"../../../Engine/Plugins/Cameras/GameplayCameras/GameplayCameras.uplugin" 33
"../../../Engine/Plugins/Compositing/Composure/Composure.uplugin" 34
"../../../Engine/Plugins/Compositing/LensDistortion/LensDistortion.uplugin" 35
"../../../Engine/Plugins/Compositing/OpenColorIO/OpenColorIO.uplugin" 36
"../../../Engine/Plugins/Compositing/OpenCVLensDistortion/OpenCVLensDistortion.uplugin" 37
"../../../Engine/Plugins/Compression/OodleData/OodleData.uplugin" 38
"../../../Engine/Plugins/Compression/OodleNetwork/OodleNetwork.uplugin" 39
"../../../Engine/Plugins/Editor/AssetManagerEditor/AssetManagerEditor.uplugin" 40
"../../../Engine/Plugins/Editor/AssetSearch/AssetSearch.uplugin" 41
"../../../Engine/Plugins/Editor/BlueprintMaterialTextureNodes/BlueprintMaterialTextureNodes.uplugin" 42
"../../../Engine/Plugins/Editor/CryptoKeys/CryptoKeys.uplugin" 43
"../../../Engine/Plugins/Editor/CurveEditorTools/CurveEditorTools.uplugin" 44
"../../../Engine/Plugins/Editor/DataValidation/DataValidation.uplugin" 45
"../../../Engine/Plugins/Editor/EditorScriptingUtilities/EditorScriptingUtilities.uplugin" 46
"../../../Engine/Plugins/Developer/AnimationSharing/AnimationSharing.uplugin" 47
"../../../Engine/Plugins/Editor/FacialAnimation/FacialAnimation.uplugin" 48
"../../../Engine/Plugins/Developer/BlankPlugin/BlankPlugin.uplugin" 49
"../../../Engine/Plugins/Editor/GameplayTagsEditor/GameplayTagsEditor.uplugin" 50
"../../../Engine/Plugins/Developer/CLionSourceCodeAccess/CLionSourceCodeAccess.uplugin" 51
"../../../Engine/Plugins/Editor/GeometryMode/GeometryMode.uplugin" 52
"../../../Engine/Plugins/Editor/GLTFImporter/GLTFImporter.uplugin" 53
"../../../Engine/Plugins/Developer/CodeLiteSourceCodeAccess/CodeLiteSourceCodeAccess.uplugin" 54
"../../../Engine/Plugins/Editor/MacGraphicsSwitching/MacGraphicsSwitching.uplugin" 55
"../../../Engine/Plugins/Editor/MaterialAnalyzer/MaterialAnalyzer.uplugin" 56
"../../../Engine/Plugins/Editor/MeshEditor/MeshEditor.uplugin" 57
"../../../Engine/Plugins/Developer/GitSourceControl/GitSourceControl.uplugin" 58
"../../../Engine/Plugins/Developer/KDevelopSourceCodeAccess/KDevelopSourceCodeAccess.uplugin" 59
"../../../Engine/Plugins/Enterprise/AxFImporter/AxFImporter.uplugin" 60
"../../../Engine/Plugins/Developer/NullSourceCodeAccess/NullSourceCodeAccess.uplugin" 61
"../../../Engine/Plugins/Editor/MobileLauncherProfileWizard/MobileLauncherProfileWizard.uplugin" 62
"../../../Engine/Plugins/Editor/PluginBrowser/PluginBrowser.uplugin" 63
"../../../Engine/Plugins/Enterprise/DatasmithC4DImporter/DatasmithC4DImporter.uplugin" 64
"../../../Engine/Plugins/Enterprise/DataprepEditor/DataprepEditor.uplugin" 65
"../../../Engine/Plugins/Enterprise/DatasmithCADImporter/DatasmithCADImporter.uplugin" 66
"../../../Engine/Plugins/Enterprise/DatasmithContent/DatasmithContent.uplugin" 67
"../../../Engine/Plugins/Enterprise/DatasmithFBXImporter/DatasmithFBXImporter.uplugin" 68
"../../../Engine/Plugins/Enterprise/DatasmithGLTFImporter/DatasmithGLTFImporter.uplugin" 69
"../../../Engine/Plugins/Editor/SpeedTreeImporter/SpeedTreeImporter.uplugin" 70
"../../../Engine/Plugins/Enterprise/DatasmithIFCImporter/DatasmithIFCImporter.uplugin" 71
"../../../Engine/Plugins/Enterprise/DatasmithImporter/DatasmithImporter.uplugin" 72
"../../../Engine/Plugins/Editor/StylusInput/StylusInput.uplugin" 73
"../../../Engine/Plugins/Enterprise/LidarPointCloud/LidarPointCloud.uplugin" 74
"../../../Engine/Plugins/Enterprise/MDLImporter/MDLImporter.uplugin" 75
"../../../Engine/Plugins/Enterprise/VariantManager/VariantManager.uplugin" 76
"../../../Engine/Plugins/Enterprise/StaticMeshEditorExtension/StaticMeshEditorExtension.uplugin" 77
"../../../Engine/Plugins/Enterprise/VariantManagerContent/VariantManagerContent.uplugin" 78
"../../../Engine/Plugins/Developer/PerforceSourceControl/PerforceSourceControl.uplugin" 79
"../../../Engine/Plugins/Developer/OneSkyLocalizationService/OneSkyLocalizationService.uplugin" 80
"../../../Engine/Plugins/Developer/PixWinPlugin/PixWinPlugin.uplugin" 81
"../../../Engine/Plugins/Developer/PlasticSourceControl/PlasticSourceControl.uplugin" 82
"../../../Engine/Plugins/Developer/PluginUtils/PluginUtils.uplugin" 83
"../../../Engine/Plugins/Developer/PropertyAccessNode/PropertyAccessNode.uplugin" 84
"../../../Engine/Plugins/Developer/RenderDocPlugin/RenderDocPlugin.uplugin" 85
"../../../Engine/Plugins/Developer/RiderSourceCodeAccess/RiderSourceCodeAccess.uplugin" 86
"../../../Engine/Plugins/Developer/SubversionSourceControl/SubversionSourceControl.uplugin" 87
"../../../Engine/Plugins/Developer/TextureFormatOodle/TextureFormatOodle.uplugin" 88
"../../../Engine/Plugins/Developer/TraceDataFiltering/TraceDataFilters.uplugin" 89
"../../../Engine/Plugins/Developer/TraceSourceFiltering/TraceSourceFilters.uplugin" 90
"../../../Engine/Plugins/Developer/VisualStudioCodeSourceCodeAccess/VisualStudioCodeSourceCodeAccess.uplugin" 91
"../../../Engine/Plugins/Developer/UObjectPlugin/UObjectPlugin.uplugin" 92
"../../../Engine/Plugins/Developer/XCodeSourceCodeAccess/XCodeSourceCodeAccess.uplugin" 93
"../../../Engine/Plugins/Developer/VisualStudioSourceCodeAccess/VisualStudioSourceCodeAccess.uplugin" 94
"../../../Engine/Plugins/Importers/AlembicHairImporter/AlembicHairImporter.uplugin" 95
"../../../Engine/Plugins/Importers/USDImporter/USDImporter.uplugin" 96
"../../../Engine/Plugins/Importers/USDMultiUser/USDMultiUser.uplugin" 97
"../../../Engine/Plugins/FX/CascadeToNiagaraConverter/CascadeToNiagaraConverter.uplugin" 98
"../../../Engine/Plugins/FX/Niagara/Niagara.uplugin" 99
"../../../Engine/Plugins/FX/NiagaraExtras/NiagaraExtras.uplugin" 100
"../../../Engine/Plugins/Experimental/ActorPalette/ActorPalette.uplugin" 101
"../../../Engine/Plugins/Experimental/AlembicImporter/AlembicImporter.uplugin" 102
"../../../Engine/Plugins/Experimental/AppleVision/AppleVision.uplugin" 103
"../../../Engine/Plugins/Experimental/AutomationUtils/AutomationUtils.uplugin" 104
"../../../Engine/Plugins/Experimental/BackChannel/BackChannel.uplugin" 105
"../../../Engine/Plugins/Experimental/BlueprintStats/BlueprintStats.uplugin" 106
"../../../Engine/Plugins/Experimental/BlastPlugin/BlastPlugin.uplugin" 107
"../../../Engine/Plugins/Experimental/ChaosCaching/ChaosCaching.uplugin" 108
"../../../Engine/Plugins/Experimental/ChaosCloth/ChaosCloth.uplugin" 109
"../../../Engine/Plugins/Experimental/ChaosClothEditor/ChaosClothEditor.uplugin" 110
"../../../Engine/Plugins/Experimental/ChaosEditor/ChaosEditor.uplugin" 111
"../../../Engine/Plugins/Experimental/ChaosNiagara/ChaosNiagara.uplugin" 112
"../../../Engine/Plugins/Experimental/ChaosSolverPlugin/ChaosSolverPlugin.uplugin" 113
"../../../Engine/Plugins/Experimental/CharacterAI/CharacterAI.uplugin" 114
"../../../Engine/Plugins/Experimental/ChaosVehiclesPlugin/ChaosVehiclesPlugin.uplugin" 115
"../../../Engine/Plugins/Experimental/CodeEditor/CodeEditor.uplugin" 116
"../../../Engine/Plugins/Experimental/ColorCorrectRegions/ColorCorrectRegions.uplugin" 117
"../../../Engine/Plugins/Experimental/CodeView/CodeView.uplugin" 118
"../../../Engine/Plugins/Experimental/CommonConversation/CommonConversation.uplugin" 119
"../../../Engine/Plugins/Experimental/CommonUI/CommonUI.uplugin" 120
"../../../Engine/Plugins/Experimental/EnhancedInput/EnhancedInput.uplugin" 121
"../../../Engine/Plugins/Experimental/ControlRig/ControlRig.uplugin" 122
"../../../Engine/Plugins/Experimental/ExampleAssetEditor/ExampleAssetEditor.uplugin" 123
"../../../Engine/Plugins/Experimental/FieldSystemPlugin/FieldSystemPlugin.uplugin" 124
"../../../Engine/Plugins/Experimental/FullBodyIK/FullBodyIK.uplugin" 125
"../../../Engine/Plugins/Experimental/GameFeatures/GameFeatures.uplugin" 126
"../../../Engine/Plugins/Lumin/LuminPlatformFeatures/LuminPlatformFeatures.uplugin" 127
"../../../Engine/Plugins/Lumin/MagicLeap/MagicLeap.uplugin" 128
"../../../Engine/Plugins/Lumin/MagicLeapBLE/MagicLeapBLE.uplugin" 129
"../../../Engine/Plugins/Lumin/MagicLeapCamera/MagicLeapCamera.uplugin" 130
"../../../Engine/Plugins/Lumin/MagicLeapContacts/MagicLeapContacts.uplugin" 131
"../../../Engine/Plugins/Lumin/MagicLeapConnections/MagicLeapConnections.uplugin" 132
"../../../Engine/Plugins/Lumin/MagicLeapDispatch/MagicLeapDispatch.uplugin" 133
"../../../Engine/Plugins/Lumin/MagicLeapLightEstimation/MagicLeapLightEstimation.uplugin" 134
"../../../Engine/Plugins/Lumin/MagicLeapLocation/MagicLeapLocation.uplugin" 135
"../../../Engine/Plugins/Lumin/MagicLeapMedia/MagicLeapMedia.uplugin" 136
"../../../Engine/Plugins/Lumin/MagicLeapMovement/MagicLeapMovement.uplugin" 137
"../../../Engine/Plugins/Lumin/MagicLeapMusicService/MagicLeapMusicService.uplugin" 138
"../../../Engine/Plugins/Lumin/MagicLeapNetworking/MagicLeapNetworking.uplugin" 139
"../../../Engine/Plugins/Lumin/MagicLeapPassableWorld/MagicLeapPassableWorld.uplugin" 140
"../../../Engine/Plugins/Lumin/MagicLeapTablet/MagicLeapTablet.uplugin" 141
"../../../Engine/Plugins/Lumin/MagicLeapSharedFile/MagicLeapSharedFile.uplugin" 142
"../../../Engine/Plugins/Lumin/MLSDK/MLSDK.uplugin" 143
"../../../Engine/Plugins/Experimental/Gauntlet/Gauntlet.uplugin" 144
"../../../Engine/Plugins/Experimental/GeometryCache/GeometryCache.uplugin" 145
"../../../Engine/Plugins/Experimental/GeometryCacheAbcFile/GeometryCacheAbcFile.uplugin" 146
"../../../Engine/Plugins/Experimental/GeometryCollectionPlugin/GeometryCollectionPlugin.uplugin" 147
"../../../Engine/Plugins/Experimental/GeometryProcessing/GeometryProcessing.uplugin" 148
"../../../Engine/Plugins/Experimental/GizmoEdMode/GizmoEdMode.uplugin" 149
"../../../Engine/Plugins/Experimental/GizmoFramework/GizmoFramework.uplugin" 150
"../../../Engine/Plugins/Experimental/ImagePlate/ImagePlate.uplugin" 151
"../../../Engine/Plugins/Experimental/ImpostorBaker/ImpostorBaker.uplugin" 152
"../../../Engine/Plugins/Experimental/GPULightmass/GPULightmass.uplugin" 153
"../../../Engine/Plugins/Experimental/Landmass/Landmass.uplugin" 154
"../../../Engine/Plugins/Experimental/LiveLinkControlRig/LiveLinkControlRig.uplugin" 155
"../../../Engine/Plugins/Experimental/MeshModelingToolset/MeshModelingToolset.uplugin" 156
"../../../Engine/Plugins/Experimental/ModularGameplay/ModularGameplay.uplugin" 157
"../../../Engine/Plugins/Experimental/ModelingToolsEditorMode/ModelingToolsEditorMode.uplugin" 158
"../../../Engine/Plugins/Experimental/MotionTrailEditorMode/MotionTrailEditorMode.uplugin" 159
"../../../Engine/Plugins/Experimental/OpenImageDenoise/OpenImageDenoise.uplugin" 160
"../../../Engine/Plugins/Experimental/MotoSynth/MotoSynth.uplugin" 161
"../../../Engine/Plugins/Experimental/PanoramicCapture/PanoramicCapture.uplugin" 162
"../../../Engine/Plugins/Experimental/PlanarCutPlugin/PlanarCut.uplugin" 163
"../../../Engine/Plugins/Experimental/PlatformCrypto/PlatformCrypto.uplugin" 164
"../../../Engine/Plugins/Experimental/ProxyLODPlugin/ProxyLODPlugin.uplugin" 165
"../../../Engine/Plugins/Experimental/PythonScriptPlugin/PythonScriptPlugin.uplugin" 166
"../../../Engine/Plugins/Experimental/RawInput/RawInput.uplugin" 167
"../../../Engine/Plugins/Experimental/SampleToolsEditorMode/SampleToolsEditorMode.uplugin" 168
"../../../Engine/Plugins/Experimental/RemoteSession/RemoteSession.uplugin" 169
"../../../Engine/Plugins/Experimental/ShallowWater/ShallowWater.uplugin" 170
"../../../Engine/Plugins/Experimental/SimpleHMD/SimpleHMD.uplugin" 171
"../../../Engine/Plugins/Experimental/Shotgun/Shotgun.uplugin" 172
"../../../Engine/Plugins/Experimental/SkeletalReduction/SkeletalReduction.uplugin" 173
"../../../Engine/Plugins/Experimental/Text3D/Text3D.uplugin" 174
"../../../Engine/Plugins/Experimental/VirtualCamera/VirtualCamera.uplugin" 175
"../../../Engine/Plugins/Experimental/VirtualHeightfieldMesh/VirtualHeightfieldMesh.uplugin" 176
"../../../Engine/Plugins/Experimental/VirtualProductionUtilities/VirtualProductionUtilities.uplugin" 177
"../../../Engine/Plugins/Experimental/Volumetrics/Volumetrics.uplugin" 178
"../../../Engine/Plugins/Experimental/Water/Water.uplugin" 179
"../../../Engine/Plugins/Experimental/WebSocketNetworking/WebSocketNetworking.uplugin" 180
"../../../Engine/Plugins/Media/AjaMedia/AjaMedia.uplugin" 181
"../../../Engine/Plugins/Media/AndroidCamera/AndroidCamera.uplugin" 182
"../../../Engine/Plugins/Media/AndroidMedia/AndroidMedia.uplugin" 183
"../../../Engine/Plugins/Media/AppleProResMedia/AppleProResMedia.uplugin" 184
"../../../Engine/Plugins/Media/AudioCaptureTimecodeProvider/AudioCaptureTimecodeProvider.uplugin" 185
"../../../Engine/Plugins/Media/AvidDNxMedia/AvidDNxMedia.uplugin" 186
"../../../Engine/Plugins/Media/BinkMedia/BinkMedia.uplugin" 187
"../../../Engine/Plugins/Media/AvfMedia/AvfMedia.uplugin" 188
"../../../Engine/Plugins/Media/ElectraCDM/ElectraCDM.uplugin" 189
"../../../Engine/Plugins/Media/BlackmagicMedia/BlackmagicMedia.uplugin" 190
"../../../Engine/Plugins/Media/ElectraPlayer/ElectraPlayer.uplugin" 191
"../../../Engine/Plugins/Media/ElectraUtil/ElectraUtil.uplugin" 192
"../../../Engine/Plugins/Media/HAPMedia/HAPMedia.uplugin" 193
"../../../Engine/Plugins/Media/ImgMedia/ImgMedia.uplugin" 194
"../../../Engine/Plugins/Media/HardwareEncoders/HardwareEncoders.uplugin" 195
"../../../Engine/Plugins/Media/HLMedia/HLMedia.uplugin" 196
"../../../Engine/Plugins/Media/LinearTimecode/LinearTimecode.uplugin" 197
"../../../Engine/Plugins/Media/MediaCompositing/MediaCompositing.uplugin" 198
"../../../Engine/Plugins/Media/MediaFrameworkUtilities/MediaFrameworkUtilities.uplugin" 199
"../../../Engine/Plugins/Media/MediaIOFramework/MediaIOFramework.uplugin" 200
"../../../Engine/Plugins/Media/MediaMovieStreamer/MediaMovieStreamer.uplugin" 201
"../../../Engine/Plugins/Media/MediaPlayerEditor/MediaPlayerEditor.uplugin" 202
"../../../Engine/Plugins/Media/MfMedia/MfMedia.uplugin" 203
"../../../Engine/Plugins/Media/PixelStreaming/PixelStreaming.uplugin" 204
"../../../Engine/Plugins/Media/TimecodeSynchronizer/TimecodeSynchronizer.uplugin" 205
"../../../Engine/Plugins/Media/WebMMedia/WebMMedia.uplugin" 206
"../../../Engine/Plugins/Messaging/MessagingDebugger/MessagingDebugger.uplugin" 207
"../../../Engine/Plugins/Media/WmfMedia/WmfMedia.uplugin" 208
"../../../Engine/Plugins/Messaging/TcpMessaging/TcpMessaging.uplugin" 209
"../../../Engine/Plugins/Messaging/UdpMessaging/UdpMessaging.uplugin" 210
"../../../Engine/Plugins/MovieScene/CustomizableSequencerTracks/CustomizableSequencerTracks.uplugin" 211
"../../../Engine/Plugins/MovieScene/ActorSequence/ActorSequence.uplugin" 212
"../../../Engine/Plugins/MovieScene/LevelSequenceEditor/LevelSequenceEditor.uplugin" 213
"../../../Engine/Plugins/MovieScene/MoviePipelineMaskRenderPass/MoviePipelineMaskRenderPass.uplugin" 214
"../../../Engine/Plugins/MovieScene/MatineeToLevelSequence/MatineeToLevelSequence.uplugin" 215
"../../../Engine/Plugins/MovieScene/MovieRenderPipeline/MovieRenderPipeline.uplugin" 216
"../../../Engine/Plugins/MovieScene/ReplayTracks/ReplayTracks.uplugin" 217
"../../../Engine/Plugins/MovieScene/SequencerScripting/SequencerScripting.uplugin" 218
"../../../Engine/Plugins/MovieScene/TemplateSequence/TemplateSequence.uplugin" 219
"../../../Engine/Plugins/NetcodeUnitTest/NetcodeUnitTest/NetcodeUnitTest.uplugin" 220
"../../../Engine/Plugins/NetcodeUnitTest/NUTUnrealEngine4/NUTUnrealEngine4.uplugin" 221
"../../../Engine/Plugins/Online/EOSShared/EOSShared.uplugin" 222
"../../../Engine/Plugins/Online/OnlineSubsystem/OnlineSubsystem.uplugin" 223
"../../../Engine/Plugins/Online/OnlineSubsystemAmazon/OnlineSubsystemAmazon.uplugin" 224
"../../../Engine/Plugins/Online/OnlineFramework/OnlineFramework.uplugin" 225
"../../../Engine/Plugins/Online/OnlineSubsystemApple/OnlineSubsystemApple.uplugin" 226
"../../../Engine/Plugins/Online/OnlineSubsystemEOS/OnlineSubsystemEOS.uplugin" 227
"../../../Engine/Plugins/Online/OnlineSubsystemFacebook/OnlineSubsystemFacebook.uplugin" 228
"../../../Engine/Plugins/Online/OnlineSubsystemGoogle/OnlineSubsystemGoogle.uplugin" 229
"../../../Engine/Plugins/Online/OnlineSubsystemNull/OnlineSubsystemNull.uplugin" 230
"../../../Engine/Plugins/Online/OnlineSubsystemOculus/OnlineSubsystemOculus.uplugin" 231
"../../../Engine/Plugins/Online/OnlineSubsystemTencent/OnlineSubsystemTencent.uplugin" 232
"../../../Engine/Plugins/Online/OnlineSubsystemSteam/OnlineSubsystemSteam.uplugin" 233
"../../../Engine/Plugins/Online/OnlineSubsystemUtils/OnlineSubsystemUtils.uplugin" 234
"../../../Engine/Plugins/Online/OnlineSubsystemTwitch/OnlineSubsystemTwitch.uplugin" 235
"../../../Engine/Plugins/Online/WebAuth/WebAuth.uplugin" 236
"../../../Engine/Plugins/Performance/PerformanceMonitor/PerformanceMonitor.uplugin" 237
"../../../Engine/Plugins/Portal/LauncherChunkInstaller/LauncherChunkInstaller.uplugin" 238
"../../../Engine/Plugins/Runtime/ActorLayerUtilities/ActorLayerUtilities.uplugin" 239
"../../../Engine/Plugins/Runtime/AndroidDeviceProfileSelector/AndroidDeviceProfileSelector.uplugin" 240
"../../../Engine/Plugins/Runtime/AndroidMoviePlayer/AndroidMoviePlayer.uplugin" 241
"../../../Engine/Plugins/Runtime/AndroidPermission/AndroidPermission.uplugin" 242
"../../../Engine/Plugins/Runtime/AnimationBudgetAllocator/AnimationBudgetAllocator.uplugin" 243
"../../../Engine/Plugins/Runtime/AnimDistanceMatching/AnimDistanceMatching.uplugin" 244
"../../../Engine/Plugins/Runtime/ApexDestruction/ApexDestruction.uplugin" 245
"../../../Engine/Plugins/Runtime/AppleMoviePlayer/AppleMoviePlayer.uplugin" 246
"../../../Engine/Plugins/Runtime/AppleImageUtils/AppleImageUtils.uplugin" 247
"../../../Engine/Plugins/Runtime/ArchVisCharacter/ArchVisCharacter.uplugin" 248
"../../../Engine/Plugins/Runtime/AssetTags/AssetTags.uplugin" 249
"../../../Engine/Plugins/Runtime/AudioCapture/AudioCapture.uplugin" 250
"../../../Engine/Plugins/Runtime/AudioSynesthesia/AudioSynesthesia.uplugin" 251
"../../../Engine/Plugins/Runtime/AudioModulation/AudioModulation.uplugin" 252
"../../../Engine/Plugins/Runtime/CableComponent/CableComponent.uplugin" 253
"../../../Engine/Plugins/Runtime/ChunkDownloader/ChunkDownloader.uplugin" 254
"../../../Engine/Plugins/Runtime/CustomMeshComponent/CustomMeshComponent.uplugin" 255
"../../../Engine/Plugins/Runtime/DataRegistry/DataRegistry.uplugin" 256
"../../../Engine/Plugins/Runtime/EditableMesh/EditableMesh.uplugin" 257
"../../../Engine/Plugins/Runtime/ExampleDeviceProfileSelector/ExampleDeviceProfileSelector.uplugin" 258
"../../../Engine/Plugins/Runtime/Firebase/Firebase.uplugin" 259
"../../../Engine/Plugins/Runtime/GameplayAbilities/GameplayAbilities.uplugin" 260
"../../../Engine/Plugins/Runtime/GeoReferencing/GeoReferencing.uplugin" 261
"../../../Engine/Plugins/Runtime/GoogleCloudMessaging/GoogleCloudMessaging.uplugin" 262
"../../../Engine/Plugins/Runtime/GooglePAD/GooglePAD.uplugin" 263
"../../../Engine/Plugins/Runtime/HairStrands/HairStrands.uplugin" 264
"../../../Engine/Plugins/Runtime/HDRIBackdrop/HDRIBackdrop.uplugin" 265
"../../../Engine/Plugins/Runtime/HPMotionController/HPMotionController.uplugin" 266
"../../../Engine/Plugins/Runtime/HTTPChunkInstaller/HTTPChunkInstaller.uplugin" 267
"../../../Engine/Plugins/Runtime/IOSReplayKit/IOSReplayKit.uplugin" 268
"../../../Engine/Plugins/Runtime/IOSDeviceProfileSelector/IOSDeviceProfileSelector.uplugin" 269
"../../../Engine/Plugins/Runtime/LinuxDeviceProfileSelector/LinuxDeviceProfileSelector.uplugin" 270
"../../../Engine/Plugins/Runtime/LiveLinkOvernDisplay/LiveLinkOverNDisplay.uplugin" 271
"../../../Engine/Plugins/Runtime/LocationServicesAndroidImpl/LocationServicesAndroidImpl.uplugin" 272
"../../../Engine/Plugins/Runtime/LocationServicesBPLibrary/LocationServicesBPLibrary.uplugin" 273
"../../../Engine/Plugins/Runtime/MicrosoftSpatialAudio/MicroSoftSpatialSound.uplugin" 274
"../../../Engine/Plugins/Runtime/LocationServicesIOSImpl/LocationServicesIOSImpl.uplugin" 275
"../../../Engine/Plugins/Runtime/MixedRealityCaptureFramework/MixedRealityCaptureFramework.uplugin" 276
"../../../Engine/Plugins/Runtime/MIDIDevice/MIDIDevice.uplugin" 277
"../../../Engine/Plugins/Runtime/MobilePatchingUtils/MobilePatchingUtils.uplugin" 278
"../../../Engine/Plugins/Runtime/nDisplay/nDisplay.uplugin" 279
"../../../Engine/Plugins/Runtime/NetworkPrediction/NetworkPrediction.uplugin" 280
"../../../Engine/Plugins/Runtime/NetworkPredictionExtras/NetworkPredictionExtras.uplugin" 281
"../../../Engine/Plugins/Runtime/NetworkPredictionInsights/NetworkPredictionInsights.uplugin" 282
"../../../Engine/Plugins/Runtime/OpenXR/OpenXR.uplugin" 283
"../../../Engine/Plugins/Runtime/OpenXREyeTracker/OpenXREyeTracker.uplugin" 284
"../../../Engine/Plugins/Slate/SlateInsights/SlateInsights.uplugin" 285
"../../../Engine/Plugins/Runtime/OpenXRHandTracking/OpenXRHandTracking.uplugin" 286
"../../../Engine/Plugins/Slate/SlateRemote/SlateRemote.uplugin" 287
"../../../Engine/Plugins/Runtime/OpenXRMsftHandInteraction/OpenXRMsftHandInteraction.uplugin" 288
"../../../Engine/Plugins/Runtime/OSC/OSC.uplugin" 289
"../../../Engine/Plugins/Runtime/OptionalMobileFeaturesBPLibrary/OptionalMobileFeaturesBPLibrary.uplugin" 290
"../../../Engine/Plugins/Runtime/PhysXVehicles/PhysXVehicles.uplugin" 291
"../../../Engine/Plugins/Runtime/OSCModulationMixing/OSCModulationMixing.uplugin" 292
"../../../Engine/Plugins/Runtime/PostSplashScreen/PostSplashScreen.uplugin" 293
"../../../Engine/Plugins/Runtime/PreLoadScreenMoviePlayer/PreLoadScreenMoviePlayer.uplugin" 294
"../../../Engine/Plugins/Runtime/ProceduralMeshComponent/ProceduralMeshComponent.uplugin" 295
"../../../Engine/Plugins/Runtime/PropertyAccess/PropertyAccessEditor.uplugin" 296
"../../../Engine/Plugins/Runtime/ReplicationGraph/ReplicationGraph.uplugin" 297
"../../../Engine/Plugins/Runtime/RuntimePhysXCooking/RuntimePhysXCooking.uplugin" 298
"../../../Engine/Plugins/Runtime/ResonanceAudio/ResonanceAudio.uplugin" 299
"../../../Engine/Plugins/Runtime/SignificanceManager/SignificanceManager.uplugin" 300
"../../../Engine/Plugins/Runtime/SoundCueTemplates/SoundCueTemplates.uplugin" 301
"../../../Engine/Plugins/Runtime/SoundFields/SoundFields.uplugin" 302
"../../../Engine/Plugins/Runtime/SoundMod/SoundMod.uplugin" 303
"../../../Engine/Plugins/Runtime/Spatialization/Spatialization.uplugin" 304
"../../../Engine/Plugins/Runtime/SoundVisualizations/SoundVisualizations.uplugin" 305
"../../../Engine/Plugins/Runtime/SoundUtilities/SoundUtilities.uplugin" 306
"../../../Engine/Plugins/Runtime/SunPosition/SunPosition.uplugin" 307
"../../../Engine/Plugins/Runtime/Synthesis/Synthesis.uplugin" 308
"../../../Engine/Plugins/Runtime/TimeSynth/TimeSynth.uplugin" 309
"../../../Engine/Plugins/Runtime/TextureShare/TextureShare.uplugin" 310
"../../../Engine/Plugins/Runtime/WarpUtils/WarpUtils.uplugin" 311
"../../../Engine/Plugins/Runtime/WebBrowserNativeProxy/WebBrowserNativeProxy.uplugin" 312
"../../../Engine/Plugins/Tests/EditorTests/EditorTests.uplugin" 313
"../../../Engine/Plugins/Tests/FbxAutomationTestBuilder/FbxAutomationTestBuilder.uplugin" 314
"../../../Engine/Plugins/Tests/PythonAutomationTest/PythonAutomationTest.uplugin" 315
"../../../Engine/Plugins/Tests/FunctionalTestingEditor/FunctionalTestingEditor.uplugin" 316
"../../../Engine/Plugins/Tests/RHITests/RHITests.uplugin" 317
"../../../Engine/Plugins/Tests/RuntimeTests/RuntimeTests.uplugin" 318
"../../../Engine/Plugins/Runtime/WebBrowserWidget/WebBrowserWidget.uplugin" 319
"../../../Engine/Plugins/Tests/ScreenshotTools/ScreenshotTools.uplugin" 320
"../../../Engine/Plugins/Runtime/WebMMoviePlayer/WebMMoviePlayer.uplugin" 321
"../../../Engine/Plugins/Runtime/WindowsDeviceProfileSelector/WindowsDeviceProfileSelector.uplugin" 322
"../../../Engine/Plugins/Runtime/WindowsMixedReality/WindowsMixedReality.uplugin" 323
"../../../Engine/Plugins/Runtime/WindowsMoviePlayer/WindowsMoviePlayer.uplugin" 324
"../../../Engine/Plugins/VirtualProduction/CameraCalibration/CameraCalibration.uplugin" 325
"../../../Engine/Plugins/VirtualProduction/CameraCalibrationCore/CameraCalibrationCore.uplugin" 326
"../../../Engine/Plugins/VirtualProduction/CompositePlane/CompositePlane.uplugin" 327
"../../../Engine/Plugins/VirtualProduction/DataCharts/DataCharts.uplugin" 328
"../../../Engine/Plugins/VirtualProduction/ICVFX/ICVFX.uplugin" 329
"../../../Engine/Plugins/VirtualProduction/LiveLinkCamera/LiveLinkCamera.uplugin" 330
"../../../Engine/Plugins/VirtualProduction/LevelSnapshots/LevelSnapshots.uplugin" 331
"../../../Engine/Plugins/VirtualProduction/LiveLinkMasterLockit/LiveLinkMasterLockit.uplugin" 332
"../../../Engine/Plugins/VirtualProduction/LiveLinkLens/LiveLinkLens.uplugin" 333
"../../../Engine/Plugins/VirtualProduction/LiveLinkFreeD/LiveLinkFreeD.uplugin" 334
"../../../Engine/Plugins/VirtualProduction/LiveLinkVRPN/LiveLinkVRPN.uplugin" 335
"../../../Engine/Plugins/VirtualProduction/LiveLinkPrestonMDR/LiveLinkPrestonMDR.uplugin" 336
"../../../Engine/Plugins/VirtualProduction/MultiUserTakes/MultiUserTakes.uplugin" 337
"../../../Engine/Plugins/VirtualProduction/LiveLinkXR/LiveLinkXR.uplugin" 338
"../../../Engine/Plugins/VirtualProduction/nDisplaySupportForLevelSnapshots/nDisplaySupportForLevelSnapshots.uplugin" 339
"../../../Engine/Plugins/VirtualProduction/RemoteControl/RemoteControl.uplugin" 340
"../../../Engine/Plugins/VirtualProduction/RemoteControlInterception/RemoteControlInterception.uplugin" 341
"../../../Engine/Plugins/VirtualProduction/RemoteControlProtocolDMX/RemoteControlProtocolDMX.uplugin" 342
"../../../Engine/Plugins/VirtualProduction/RemoteControlProtocolOSC/RemoteControlProtocolOSC.uplugin" 343
"../../../Engine/Plugins/VirtualProduction/RemoteControlWebInterface/RemoteControlWebInterface.uplugin" 344
"../../../Engine/Plugins/VirtualProduction/RemoteControlProtocolMIDI/RemoteControlProtocolMIDI.uplugin" 345
"../../../Engine/Plugins/VirtualProduction/StageMonitoring/StageMonitoring.uplugin" 346
"../../../Engine/Plugins/VirtualProduction/Switchboard/Switchboard.uplugin" 347
"../../../Engine/Plugins/VirtualProduction/Takes/Takes.uplugin" 348
"../../../Engine/Plugins/VirtualProduction/TimedDataMonitor/TimedDataMonitor.uplugin" 349
"../../../Engine/Plugins/Editor/ContentBrowser/ContentBrowserAssetDataSource/ContentBrowserAssetDataSource.uplugin" 350
"../../../Engine/Plugins/Editor/ContentBrowser/ContentBrowserFileDataSource/ContentBrowserFileDataSource.uplugin" 351
"../../../Engine/Plugins/Editor/ContentBrowser/ContentBrowserClassDataSource/ContentBrowserClassDataSource.uplugin" 352
"../../../Engine/Plugins/Developer/Concert/ConcertMain/ConcertMain.uplugin" 353
"../../../Engine/Plugins/Developer/Concert/DisasterRecoveryClient/DisasterRecoveryClient.uplugin" 354
"../../../Engine/Plugins/Developer/Concert/MultiUserClient/MultiUserClient.uplugin" 355
"../../../Engine/Plugins/Experimental/AR/PointCloud/PointCloud.uplugin" 356
"../../../Engine/Plugins/Experimental/Enterprise/DataprepGeometryOperations/DataprepGeometryOperations.uplugin" 357
"../../../Engine/Plugins/Experimental/Enterprise/DatasmithRuntime/DatasmithRuntime.uplugin" 358
"../../../Engine/Plugins/Experimental/VirtualProduction/LedWallCalibration/LedWallCalibration.uplugin" 359
"../../../Engine/Plugins/Online/Android/OnlineSubsystemGameCircle/OnlineSubsystemGameCircle.uplugin" 360
"../../../Engine/Plugins/Online/Android/OnlineSubsystemGooglePlay/OnlineSubsystemGooglePlay.uplugin" 361
"../../../Engine/Plugins/Online/IOS/OnlineSubsystemIOS/OnlineSubsystemIOS.uplugin" 362
"../../../Engine/Plugins/Online/VoiceChat/EOSVoiceChat/EOSVoiceChat.uplugin" 363
"../../../Engine/Plugins/Online/VoiceChat/VoiceChat/VoiceChat.uplugin" 364
"../../../Engine/Plugins/Online/VoiceChat/VivoxVoiceChat/VivoxVoiceChat.uplugin" 365
"../../../Engine/Plugins/Runtime/Advertising/IOSTapJoy/IOSTapJoy.uplugin" 366
"../../../Engine/Plugins/Runtime/Analytics/Adjust/Adjust.uplugin" 367
"../../../Engine/Plugins/Runtime/Analytics/AnalyticsBlueprintLibrary/AnalyticsBlueprintLibrary.uplugin" 368
"../../../Engine/Plugins/Runtime/Analytics/AnalyticsMulticast/AnalyticsMulticast.uplugin" 369
"../../../Engine/Plugins/Runtime/Analytics/FileLogging/FileLogging.uplugin" 370
"../../../Engine/Plugins/Runtime/Analytics/Flurry/Flurry.uplugin" 371
"../../../Engine/Plugins/Runtime/AR/ARUtilities/ARUtilities.uplugin" 372
"../../../Engine/Plugins/Runtime/AR/AzureSpatialAnchors/AzureSpatialAnchors.uplugin" 373
"../../../Engine/Plugins/Runtime/AR/AzureSpatialAnchorsForARCore/AzureSpatialAnchorsForARCore.uplugin" 374
"../../../Engine/Plugins/Runtime/AR/AzureSpatialAnchorsForWMR/AzureSpatialAnchorsForWMR.uplugin" 375
"../../../Engine/Plugins/Runtime/AR/AzureSpatialAnchorsForARKit/AzureSpatialAnchorsForARKit.uplugin" 376
"../../../Engine/Plugins/Runtime/Database/ADOSupport/ADOSupport.uplugin" 377
"../../../Engine/Plugins/Runtime/Database/DatabaseSupport/DatabaseSupport.uplugin" 378
"../../../Engine/Plugins/Runtime/Database/RemoteDatabaseSupport/RemoteDatabaseSupport.uplugin" 379
"../../../Engine/Plugins/Runtime/Database/SQLiteSupport/SQLiteSupport.uplugin" 380
"../../../Engine/Plugins/Runtime/Database/SQLiteCore/SQLiteCore.uplugin" 381
"../../../Engine/Plugins/Runtime/GoogleVR/GoogleVRController/GoogleVRController.uplugin" 382
"../../../Engine/Plugins/Runtime/GoogleVR/GoogleVRHMD/GoogleVRHMD.uplugin" 383
"../../../Engine/Plugins/Runtime/GoogleVR/GoogleVRTransition2D/GoogleVRTransition2D.uplugin" 384
"../../../Engine/Plugins/Runtime/MeshReconstruction/DummyMeshReconstructor/DummyMeshReconstructor.uplugin" 385
"../../../Engine/Plugins/Runtime/Nvidia/Reflex/Reflex.uplugin" 386
"../../../Engine/Plugins/Runtime/Nvidia/Ansel/Ansel.uplugin" 387
"../../../Engine/Plugins/Runtime/Oculus/OculusAudio/OculusAudio.uplugin" 388
"../../../Engine/Plugins/Runtime/Oculus/OculusOpenXR/OculusOpenXR.uplugin" 389
"../../../Engine/Plugins/Runtime/Oculus/OculusVR/OculusVR.uplugin" 390
"../../../Engine/Plugins/Runtime/PacketHandlers/AESGCMHandlerComponent/AESGCMHandlerComponent.uplugin" 391
"../../../Engine/Plugins/Runtime/PacketHandlers/AESHandlerComponent/AESHandlerComponent.uplugin" 392
"../../../Engine/Plugins/Runtime/PacketHandlers/DTLSHandlerComponent/DTLSHandlerComponent.uplugin" 393
"../../../Engine/Plugins/Runtime/Steam/SteamAudio/SteamAudio.uplugin" 394
"../../../Engine/Plugins/Runtime/Steam/SteamController/SteamController.uplugin" 395
"../../../Engine/Plugins/Runtime/Steam/SteamShared/SteamShared.uplugin" 396
"../../../Engine/Plugins/Runtime/Steam/SteamSockets/SteamSockets.uplugin" 397
"../../../Engine/Plugins/Runtime/Steam/SteamVR/SteamVR.uplugin" 398
"../../../Engine/Plugins/Runtime/Windows/WinDualShock/WinDualShock.uplugin" 399
"../../../Engine/Plugins/Runtime/XR/XRVisualization/XRVisualization.uplugin" 400
"../../../Engine/Plugins/VirtualProduction/DMX/DMXDisplayCluster/DMXDisplayCluster.uplugin" 401
"../../../Engine/Plugins/VirtualProduction/DMX/DMXEngine/DMXEngine.uplugin" 402
"../../../Engine/Plugins/VirtualProduction/DMX/DMXFixtures/DMXFixtures.uplugin" 403
"../../../Engine/Plugins/VirtualProduction/DMX/DMXPixelMapping/DMXPixelMapping.uplugin" 404
"../../../Engine/Plugins/VirtualProduction/DMX/DMXProtocol/DMXProtocol.uplugin" 405
"../../../Engine/Plugins/Developer/Concert/ConcertSync/ConcertSyncClient/ConcertSyncClient.uplugin" 406
"../../../Engine/Plugins/Developer/Concert/ConcertSync/ConcertSyncServer/ConcertSyncServer.uplugin" 407
"../../../Engine/Plugins/Developer/Concert/ConcertSync/ConcertSyncCore/ConcertSyncCore.uplugin" 408
"../../../Engine/Plugins/Developer/Concert/ConcertSync/ConcertSyncTest/ConcertSyncTest.uplugin" 409
"../../../Engine/Plugins/Runtime/AR/AppleAR/AppleARKitFaceSupport/AppleARKitFaceSupport.uplugin" 410
"../../../Engine/Plugins/Runtime/AR/AppleAR/AppleARKit/AppleARKit.uplugin" 411
"../../../Engine/Plugins/Runtime/AR/Google/GoogleARCore/GoogleARCore.uplugin" 412
"../../../Engine/Plugins/Runtime/AR/Microsoft/HoloLensAR/HoloLensAR.uplugin" 413
"../../../Engine/Plugins/Runtime/AR/Google/GoogleARCoreServices/GoogleARCoreServices.uplugin" 414
"E:/Documents/SIKAT OJT/Game Project/Project/ProjectLumina/Plugins/PaperFlipbookWidget/PaperFlipbookWidget.uplugin" 415
"../../../Engine/Content/Internationalization/icudt64l/cnvalias.icu" 416
"../../../Engine/Content/Internationalization/icudt64l/res_index.res" 417
"../../../Engine/Content/Internationalization/icudt64l/plurals.res" 418
"../../../Engine/Content/Internationalization/icudt64l/lang/en.res" 419
"../../../Engine/Content/Internationalization/icudt64l/lang/pool.res" 420
"../../../Engine/Content/Internationalization/icudt64l/lang/root.res" 421
"../../../Engine/Content/Internationalization/icudt64l/region/en.res" 422
"../../../Engine/Content/Internationalization/icudt64l/region/pool.res" 423
"../../../Engine/Content/Internationalization/icudt64l/region/root.res" 424
"../../../Engine/Content/Internationalization/icudt64l/windowsZones.res" 425
"../../../Engine/Content/Internationalization/icudt64l/zoneinfo64.res" 426
"../../../Engine/Content/Internationalization/icudt64l/keyTypeData.res" 427
"../../../Engine/Content/Internationalization/icudt64l/timezoneTypes.res" 428
"../../../Engine/Content/Internationalization/icudt64l/likelySubtags.res" 429
"../../../Engine/Content/Internationalization/icudt64l/en_US.res" 430
"../../../Engine/Content/Internationalization/icudt64l/pool.res" 431
"../../../Engine/Content/Internationalization/icudt64l/en.res" 432
"../../../Engine/Content/Internationalization/icudt64l/root.res" 433
"../../../Engine/Content/Internationalization/icudt64l/supplementalData.res" 434
"C:/Users/minukey/AppData/Local/UnrealEngine/4.27/Saved/Config/Windows/Manifest.ini" 435
"../../../Engine/Config/Windows/BaseWindowsEngine.ini" 436
"../../../Engine/Config/Windows/WindowsEngine.ini" 437
"E:/Documents/SIKAT OJT/Game Project/Project/ProjectLumina/Saved/Config/Windows/Engine.ini" 438
"../../../Engine/Config/BaseGame.ini" 439
"E:/Documents/SIKAT OJT/Game Project/Project/ProjectLumina/Config/DefaultGame.ini" 440
"../../../Engine/Config/Windows/WindowsGame.ini" 441
"E:/Documents/SIKAT OJT/Game Project/Project/ProjectLumina/Saved/Config/Windows/Game.ini" 442
"../../../Engine/Config/BaseInput.ini" 443
"E:/Documents/SIKAT OJT/Game Project/Project/ProjectLumina/Config/DefaultInput.ini" 444
"E:/Documents/SIKAT OJT/Game Project/Project/ProjectLumina/Saved/Config/Windows/Input.ini" 445
"../../../Engine/Config/BaseEditor.ini" 446
"E:/Documents/SIKAT OJT/Game Project/Project/ProjectLumina/Config/DefaultEditor.ini" 447
"E:/Documents/SIKAT OJT/Game Project/Project/ProjectLumina/Saved/Config/Windows/Editor.ini" 448
"../../../Engine/Config/BaseEditorPerProjectUserSettings.ini" 449
"E:/Documents/SIKAT OJT/Game Project/Project/ProjectLumina/Saved/Config/Windows/EditorPerProjectUserSettings.ini" 450
"../../../Engine/Config/BaseEditorSettings.ini" 451
"C:/Users/minukey/AppData/Local/UnrealEngine/4.27/Saved/Config/Windows/EditorSettings.ini" 452
"../../../Engine/Config/BaseEditorKeyBindings.ini" 453
"C:/Users/minukey/AppData/Local/UnrealEngine/4.27/Saved/Config/Windows/EditorKeyBindings.ini" 454
"C:/Users/minukey/AppData/Local/UnrealEngine/4.27/Saved/Config/Windows/EditorLayout.ini" 455
"../../../Engine/Config/BaseCompat.ini" 456
"E:/Documents/SIKAT OJT/Game Project/Project/ProjectLumina/Saved/Config/Windows/Compat.ini" 457
"../../../Engine/Config/BaseLightmass.ini" 458
"E:/Documents/SIKAT OJT/Game Project/Project/ProjectLumina/Saved/Config/Windows/Lightmass.ini" 459
"../../../Engine/Config/BaseScalability.ini" 460
"E:/Documents/SIKAT OJT/Game Project/Project/ProjectLumina/Saved/Config/Windows/Scalability.ini" 461
"../../../Engine/Config/BaseHardware.ini" 462
"E:/Documents/SIKAT OJT/Game Project/Project/ProjectLumina/Saved/Config/Windows/Hardware.ini" 463
"../../../Engine/Config/BaseRuntimeOptions.ini" 464
"E:/Documents/SIKAT OJT/Game Project/Project/ProjectLumina/Saved/Config/Windows/RuntimeOptions.ini" 465
"../../../Engine/Config/BaseInstallBundle.ini" 466
"../../../Engine/Config/BaseDeviceProfiles.ini" 467
"E:/Documents/SIKAT OJT/Game Project/Project/ProjectLumina/Saved/Config/Windows/DeviceProfiles.ini" 468
"../../../Engine/Config/BaseGameUserSettings.ini" 469
"E:/Documents/SIKAT OJT/Game Project/Project/ProjectLumina/Saved/Config/Windows/GameUserSettings.ini" 470
"E:/Documents/SIKAT OJT/Game Project/Project/ProjectLumina/Binaries/Win64/ProjectLumina-Win64-Shipping.target" 471
"E:/Documents/SIKAT OJT/Game Project/Project/ProjectLumina/Binaries/Win64/ProjectLuminaEditor.target" 472
"../../../Engine/Plugins/2D/Paper2D/Config/BasePaper2D.ini" 473
"E:/Documents/SIKAT OJT/Game Project/Project/ProjectLumina/Saved/Config/Windows/Paper2D.ini" 474
"../../../Engine/Plugins/Enterprise/VariantManagerContent/Config/BaseVariantManagerContent.ini" 475
"E:/Documents/SIKAT OJT/Game Project/Project/ProjectLumina/Saved/Config/Windows/VariantManagerContent.ini" 476
"../../../Engine/Plugins/Lumin/MagicLeap/Config/BaseMagicLeap.ini" 477
"E:/Documents/SIKAT OJT/Game Project/Project/ProjectLumina/Saved/Config/Windows/MagicLeap.ini" 478
"../../../Engine/Plugins/Lumin/MagicLeapLightEstimation/Config/BaseMagicLeapLightEstimation.ini" 479
"E:/Documents/SIKAT OJT/Game Project/Project/ProjectLumina/Saved/Config/Windows/MagicLeapLightEstimation.ini" 480
"../../../Engine/Plugins/Experimental/MotoSynth/Config/BaseMotoSynth.ini" 481
"E:/Documents/SIKAT OJT/Game Project/Project/ProjectLumina/Saved/Config/Windows/MotoSynth.ini" 482
"../../../Engine/Plugins/Runtime/PhysXVehicles/Config/BasePhysXVehicles.ini" 483
"E:/Documents/SIKAT OJT/Game Project/Project/ProjectLumina/Saved/Config/Windows/PhysXVehicles.ini" 484
"../../../Engine/Plugins/Runtime/PostSplashScreen/Config/BasePostSplashScreen.ini" 485
"E:/Documents/SIKAT OJT/Game Project/Project/ProjectLumina/Saved/Config/Windows/PostSplashScreen.ini" 486
"../../../Engine/Plugins/Runtime/Synthesis/Config/BaseSynthesis.ini" 487
"E:/Documents/SIKAT OJT/Game Project/Project/ProjectLumina/Saved/Config/Windows/Synthesis.ini" 488
"../../../Engine/Plugins/2D/Paper2D/Binaries/Win64/UE4Editor.modules" 489
"../../../Engine/Plugins/MeshPainting/Binaries/Win64/UE4Editor.modules" 490
"../../../Engine/Plugins/Experimental/GeometryProcessing/Binaries/Win64/UE4Editor.modules" 491
"../../../Engine/Plugins/XGEController/Binaries/Win64/UE4Editor.modules" 492
"../../../Engine/Plugins/AI/AISupport/Binaries/Win64/UE4Editor.modules" 493
"../../../Engine/Plugins/AI/EnvironmentQueryEditor/Binaries/Win64/UE4Editor.modules" 494
"../../../Engine/Plugins/Blendables/LightPropagationVolume/Binaries/Win64/UE4Editor.modules" 495
"../../../Engine/Plugins/Cameras/CameraShakePreviewer/Binaries/Win64/UE4Editor.modules" 496
"../../../Engine/Plugins/Cameras/GameplayCameras/Binaries/Win64/UE4Editor.modules" 497
"../../../Engine/Plugins/MovieScene/TemplateSequence/Binaries/Win64/UE4Editor.modules" 498
"../../../Engine/Plugins/MovieScene/LevelSequenceEditor/Binaries/Win64/UE4Editor.modules" 499
"../../../Engine/Plugins/Compression/OodleData/Binaries/Win64/UE4Editor.modules" 500
"../../../Engine/Plugins/Compression/OodleNetwork/Binaries/Win64/UE4Editor.modules" 501
"../../../Engine/Plugins/Editor/AssetManagerEditor/Binaries/Win64/UE4Editor.modules" 502
"../../../Engine/Plugins/Editor/CryptoKeys/Binaries/Win64/UE4Editor.modules" 503
"../../../Engine/Plugins/Editor/CurveEditorTools/Binaries/Win64/UE4Editor.modules" 504
"../../../Engine/Plugins/Editor/DataValidation/Binaries/Win64/UE4Editor.modules" 505
"../../../Engine/Plugins/Developer/AnimationSharing/Binaries/Win64/UE4Editor.modules" 506
"../../../Engine/Plugins/Runtime/SignificanceManager/Binaries/Win64/UE4Editor.modules" 507
"../../../Engine/Plugins/Editor/FacialAnimation/Binaries/Win64/UE4Editor.modules" 508
"../../../Engine/Plugins/Editor/GameplayTagsEditor/Binaries/Win64/UE4Editor.modules" 509
"../../../Engine/Plugins/Developer/CLionSourceCodeAccess/Binaries/Win64/UE4Editor.modules" 510
"../../../Engine/Plugins/Editor/GeometryMode/Binaries/Win64/UE4Editor.modules" 511
"../../../Engine/Plugins/Editor/MaterialAnalyzer/Binaries/Win64/UE4Editor.modules" 512
"../../../Engine/Plugins/Developer/GitSourceControl/Binaries/Win64/UE4Editor.modules" 513
"../../../Engine/Plugins/Editor/MobileLauncherProfileWizard/Binaries/Win64/UE4Editor.modules" 514
"../../../Engine/Plugins/Editor/PluginBrowser/Binaries/Win64/UE4Editor.modules" 515
"../../../Engine/Plugins/Developer/PluginUtils/Binaries/Win64/UE4Editor.modules" 516
"../../../Engine/Plugins/Enterprise/DatasmithContent/Binaries/Win64/UE4Editor.modules" 517
"../../../Engine/Plugins/Enterprise/VariantManagerContent/Binaries/Win64/UE4Editor.modules" 518
"../../../Engine/Plugins/Developer/PerforceSourceControl/Binaries/Win64/UE4Editor.modules" 519
"../../../Engine/Plugins/Developer/PixWinPlugin/Binaries/Win64/UE4Editor.modules" 520
"../../../Engine/Plugins/Developer/PlasticSourceControl/Binaries/Win64/UE4Editor.modules" 521
"../../../Engine/Plugins/Developer/PropertyAccessNode/Binaries/Win64/UE4Editor.modules" 522
"../../../Engine/Plugins/Runtime/PropertyAccess/Binaries/Win64/UE4Editor.modules" 523
"../../../Engine/Plugins/Developer/RiderSourceCodeAccess/Binaries/Win64/UE4Editor.modules" 524
"../../../Engine/Plugins/Developer/SubversionSourceControl/Binaries/Win64/UE4Editor.modules" 525
"../../../Engine/Plugins/Developer/TextureFormatOodle/Binaries/Win64/UE4Editor.modules" 526
"../../../Engine/Plugins/Developer/UObjectPlugin/Binaries/Win64/UE4Editor.modules" 527
"../../../Engine/Plugins/Developer/VisualStudioCodeSourceCodeAccess/Binaries/Win64/UE4Editor.modules" 528
"../../../Engine/Plugins/Developer/VisualStudioSourceCodeAccess/Binaries/Win64/UE4Editor.modules" 529
"../../../Engine/Plugins/Experimental/AutomationUtils/Binaries/Win64/UE4Editor.modules" 530
"../../../Engine/Plugins/Tests/ScreenshotTools/Binaries/Win64/UE4Editor.modules" 531
"../../../Engine/Plugins/Experimental/BackChannel/Binaries/Win64/UE4Editor.modules" 532
"../../../Engine/Plugins/Experimental/ChaosCloth/Binaries/Win64/UE4Editor.modules" 533
"../../../Engine/Plugins/Experimental/CharacterAI/Binaries/Win64/UE4Editor.modules" 534
"../../../Engine/Plugins/Lumin/MLSDK/Binaries/Win64/UE4Editor.modules" 535
"../../../Engine/Plugins/Lumin/MagicLeap/Binaries/Win64/UE4Editor.modules" 536
"../../../Engine/Plugins/Lumin/MagicLeapPassableWorld/Binaries/Win64/UE4Editor.modules" 537
"../../../Engine/Plugins/Lumin/MagicLeapLightEstimation/Binaries/Win64/UE4Editor.modules" 538
"../../../Engine/Plugins/Lumin/MagicLeapMedia/Binaries/Win64/UE4Editor.modules" 539
"../../../Engine/Plugins/Experimental/GeometryCache/Binaries/Win64/UE4Editor.modules" 540
"../../../Engine/Plugins/Experimental/MotoSynth/Binaries/Win64/UE4Editor.modules" 541
"../../../Engine/Plugins/Experimental/PlatformCrypto/Binaries/Win64/UE4Editor.modules" 542
"../../../Engine/Plugins/Experimental/ProxyLODPlugin/Binaries/Win64/UE4Editor.modules" 543
"../../../Engine/Plugins/Experimental/SkeletalReduction/Binaries/Win64/UE4Editor.modules" 544
"../../../Engine/Plugins/Media/AndroidMedia/Binaries/Win64/UE4Editor.modules" 545
"../../../Engine/Plugins/Media/ImgMedia/Binaries/Win64/UE4Editor.modules" 546
"../../../Engine/Plugins/Media/MediaCompositing/Binaries/Win64/UE4Editor.modules" 547
"../../../Engine/Plugins/Media/MediaPlayerEditor/Binaries/Win64/UE4Editor.modules" 548
"../../../Engine/Plugins/Media/WmfMedia/Binaries/Win64/UE4Editor.modules" 549
"../../../Engine/Plugins/MovieScene/ActorSequence/Binaries/Win64/UE4Editor.modules" 550
"../../../Engine/Plugins/MovieScene/MatineeToLevelSequence/Binaries/Win64/UE4Editor.modules" 551
"../../../Engine/Plugins/Online/OnlineSubsystem/Binaries/Win64/UE4Editor.modules" 552
"../../../Engine/Plugins/Online/OnlineSubsystemNull/Binaries/Win64/UE4Editor.modules" 553
"../../../Engine/Plugins/Online/OnlineSubsystemUtils/Binaries/Win64/UE4Editor.modules" 554
"../../../Engine/Plugins/Portal/LauncherChunkInstaller/Binaries/Win64/UE4Editor.modules" 555
"../../../Engine/Plugins/Runtime/ActorLayerUtilities/Binaries/Win64/UE4Editor.modules" 556
"../../../Engine/Plugins/Runtime/AndroidDeviceProfileSelector/Binaries/Win64/UE4Editor.modules" 557
"../../../Engine/Plugins/Runtime/AndroidPermission/Binaries/Win64/UE4Editor.modules" 558
"../../../Engine/Plugins/Runtime/ArchVisCharacter/Binaries/Win64/UE4Editor.modules" 559
"../../../Engine/Plugins/Runtime/AssetTags/Binaries/Win64/UE4Editor.modules" 560
"../../../Engine/Plugins/Runtime/AudioCapture/Binaries/Win64/UE4Editor.modules" 561
"../../../Engine/Plugins/Runtime/CableComponent/Binaries/Win64/UE4Editor.modules" 562
"../../../Engine/Plugins/Runtime/ChunkDownloader/Binaries/Win64/UE4Editor.modules" 563
"../../../Engine/Plugins/Runtime/CustomMeshComponent/Binaries/Win64/UE4Editor.modules" 564
"../../../Engine/Plugins/Runtime/EditableMesh/Binaries/Win64/UE4Editor.modules" 565
"../../../Engine/Plugins/Runtime/ExampleDeviceProfileSelector/Binaries/Win64/UE4Editor.modules" 566
"../../../Engine/Plugins/Runtime/GooglePAD/Binaries/Win64/UE4Editor.modules" 567
"../../../Engine/Plugins/Runtime/LocationServicesBPLibrary/Binaries/Win64/UE4Editor.modules" 568
"../../../Engine/Plugins/Runtime/MobilePatchingUtils/Binaries/Win64/UE4Editor.modules" 569
"../../../Engine/Plugins/Runtime/PhysXVehicles/Binaries/Win64/UE4Editor.modules" 570
"../../../Engine/Plugins/Runtime/ProceduralMeshComponent/Binaries/Win64/UE4Editor.modules" 571
"../../../Engine/Plugins/Runtime/RuntimePhysXCooking/Binaries/Win64/UE4Editor.modules" 572
"../../../Engine/Plugins/Runtime/SoundFields/Binaries/Win64/UE4Editor.modules" 573
"../../../Engine/Plugins/Runtime/Synthesis/Binaries/Win64/UE4Editor.modules" 574
"../../../Engine/Plugins/Runtime/AudioSynesthesia/Binaries/Win64/UE4Editor.modules" 575
"../../../Engine/Plugins/Runtime/WebMMoviePlayer/Binaries/Win64/UE4Editor.modules" 576
"../../../Engine/Plugins/Media/WebMMedia/Binaries/Win64/UE4Editor.modules" 577
"../../../Engine/Plugins/Runtime/WindowsMoviePlayer/Binaries/Win64/UE4Editor.modules" 578
"../../../Engine/Plugins/Editor/ContentBrowser/ContentBrowserAssetDataSource/Binaries/Win64/UE4Editor.modules" 579
"../../../Engine/Plugins/Editor/ContentBrowser/ContentBrowserClassDataSource/Binaries/Win64/UE4Editor.modules" 580
"E:/Documents/SIKAT OJT/Game Project/Project/ProjectLumina/Plugins/PaperFlipbookWidget/Binaries/Win64/UE4Editor.modules" 581
"../../../Engine/Content/Certificates/ThirdParty/cacert.pem" 582
"../../../Engine/Config/ConsoleVariables.ini" 583
"../../../Engine/Binaries/Win64/Android/UE4Editor.modules" 584
"../../../Engine/Binaries/Win64/IOS/UE4Editor.modules" 585
"../../../Engine/Binaries/Win64/Linux/UE4Editor.modules" 586
"../../../Engine/Binaries/Win64/Lumin/UE4Editor.modules" 587
"../../../Engine/Config/Android/BaseAndroidEngine.ini" 588
"../../../Engine/Config/Android/AndroidEngine.ini" 589
"../../../Engine/Config/Unix/UnixEngine.ini" 590
"../../../Engine/Config/Linux/LinuxEngine.ini" 591
"../../../Engine/Config/LinuxAArch64/LinuxAArch64Engine.ini" 592
"../../../Engine/Config/Lumin/LuminEngine.ini" 593
"../../../Engine/Config/Mac/BaseMacEngine.ini" 594
"../../../Engine/Config/Mac/MacEngine.ini" 595
"../../../Engine/Content/Localization/Editor/en/Editor.locres" 596
"../../../Engine/Content/Localization/EditorTutorials/en/EditorTutorials.locres" 597
"../../../Engine/Content/Localization/Keywords/en/Keywords.locres" 598
"../../../Engine/Content/Localization/Category/en/Category.locres" 599
"../../../Engine/Content/Localization/ToolTips/en/ToolTips.locres" 600
"../../../Engine/Content/Localization/PropertyNames/en/PropertyNames.locres" 601
"../../../Engine/Content/Localization/Engine/en/Engine.locres" 602
"../../../Engine/Plugins/Online/OnlineSubsystem/Content/Localization/OnlineSubsystem/en/OnlineSubsystem.locres" 603
"../../../Engine/Plugins/Online/OnlineSubsystemUtils/Content/Localization/OnlineSubsystemUtils/en/OnlineSubsystemUtils.locres" 604
"../../../Engine/Plugins/Online/Android/OnlineSubsystemGooglePlay/Content/Localization/OnlineSubsystemGooglePlay/en/OnlineSubsystemGooglePlay.locres" 605
"../../../Engine/Plugins/Online/IOS/OnlineSubsystemIOS/Content/Localization/OnlineSubsystemIOS/en/OnlineSubsystemIOS.locres" 606
"../../../Engine/Content/Internationalization/icudt64l/numberingSystems.res" 607
"../../../Engine/Content/Internationalization/icudt64l/curr/supplementalData.res" 608
"../../../Engine/Content/Internationalization/icudt64l/curr/en.res" 609
"../../../Engine/Content/Internationalization/icudt64l/curr/pool.res" 610
"../../../Engine/Content/Internationalization/icudt64l/curr/root.res" 611
"../../../Engine/Content/Internationalization/icudt64l/lang/af.res" 612
"../../../Engine/Content/Internationalization/icudt64l/region/af.res" 613
"../../../Engine/Content/Internationalization/icudt64l/lang/agq.res" 614
"../../../Engine/Content/Internationalization/icudt64l/region/agq.res" 615
"../../../Engine/Content/Internationalization/icudt64l/lang/ak.res" 616
"../../../Engine/Content/Internationalization/icudt64l/region/ak.res" 617
"../../../Engine/Content/Internationalization/icudt64l/lang/am.res" 618
"../../../Engine/Content/Internationalization/icudt64l/region/am.res" 619
"../../../Engine/Content/Internationalization/icudt64l/lang/ar.res" 620
"../../../Engine/Content/Internationalization/icudt64l/region/ar.res" 621
"../../../Engine/Content/Internationalization/icudt64l/region/ar_AE.res" 622
"../../../Engine/Content/Internationalization/icudt64l/lang/ar_EG.res" 623
"../../../Engine/Content/Internationalization/icudt64l/lang/ar_LY.res" 624
"../../../Engine/Content/Internationalization/icudt64l/region/ar_LY.res" 625
"../../../Engine/Content/Internationalization/icudt64l/lang/ar_SA.res" 626
"../../../Engine/Content/Internationalization/icudt64l/region/ar_SA.res" 627
"../../../Engine/Content/Internationalization/icudt64l/lang/as.res" 628
"../../../Engine/Content/Internationalization/icudt64l/region/as.res" 629
"../../../Engine/Content/Internationalization/icudt64l/lang/asa.res" 630
"../../../Engine/Content/Internationalization/icudt64l/region/asa.res" 631
"../../../Engine/Content/Internationalization/icudt64l/lang/ast.res" 632
"../../../Engine/Content/Internationalization/icudt64l/region/ast.res" 633
"../../../Engine/Content/Internationalization/icudt64l/lang/az.res" 634
"../../../Engine/Content/Internationalization/icudt64l/lang/az_Cyrl.res" 635
"../../../Engine/Content/Internationalization/icudt64l/lang/az_AZ.res" 636
"../../../Engine/Content/Internationalization/icudt64l/lang/az_Latn_AZ.res" 637
"../../../Engine/Content/Internationalization/icudt64l/lang/az_Latn.res" 638
"../../../Engine/Content/Internationalization/icudt64l/region/az_AZ.res" 639
"../../../Engine/Content/Internationalization/icudt64l/region/az_Latn_AZ.res" 640
"../../../Engine/Content/Internationalization/icudt64l/region/az_Latn.res" 641
"../../../Engine/Content/Internationalization/icudt64l/region/az.res" 642
"../../../Engine/Content/Internationalization/icudt64l/region/az_Cyrl.res" 643
"../../../Engine/Content/Internationalization/icudt64l/lang/bas.res" 644
"../../../Engine/Content/Internationalization/icudt64l/region/bas.res" 645
"../../../Engine/Content/Internationalization/icudt64l/lang/be.res" 646
"../../../Engine/Content/Internationalization/icudt64l/region/be.res" 647
"../../../Engine/Content/Internationalization/icudt64l/lang/bem.res" 648
"../../../Engine/Content/Internationalization/icudt64l/region/bem.res" 649
"../../../Engine/Content/Internationalization/icudt64l/lang/bez.res" 650
"../../../Engine/Content/Internationalization/icudt64l/region/bez.res" 651
"../../../Engine/Content/Internationalization/icudt64l/lang/bg.res" 652
"../../../Engine/Content/Internationalization/icudt64l/region/bg.res" 653
"../../../Engine/Content/Internationalization/icudt64l/lang/bm.res" 654
"../../../Engine/Content/Internationalization/icudt64l/region/bm.res" 655
"../../../Engine/Content/Internationalization/icudt64l/lang/bn.res" 656
"../../../Engine/Content/Internationalization/icudt64l/region/bn.res" 657
"../../../Engine/Content/Internationalization/icudt64l/lang/bn_IN.res" 658
"../../../Engine/Content/Internationalization/icudt64l/region/bn_IN.res" 659
"../../../Engine/Content/Internationalization/icudt64l/lang/bo.res" 660
"../../../Engine/Content/Internationalization/icudt64l/region/bo.res" 661
"../../../Engine/Content/Internationalization/icudt64l/region/bo_IN.res" 662
"../../../Engine/Content/Internationalization/icudt64l/lang/br.res" 663
"../../../Engine/Content/Internationalization/icudt64l/region/br.res" 664
"../../../Engine/Content/Internationalization/icudt64l/lang/brx.res" 665
"../../../Engine/Content/Internationalization/icudt64l/region/brx.res" 666
"../../../Engine/Content/Internationalization/icudt64l/lang/bs.res" 667
"../../../Engine/Content/Internationalization/icudt64l/lang/bs_Cyrl.res" 668
"../../../Engine/Content/Internationalization/icudt64l/lang/bs_BA.res" 669
"../../../Engine/Content/Internationalization/icudt64l/lang/bs_Latn_BA.res" 670
"../../../Engine/Content/Internationalization/icudt64l/lang/bs_Latn.res" 671
"../../../Engine/Content/Internationalization/icudt64l/region/bs_BA.res" 672
"../../../Engine/Content/Internationalization/icudt64l/region/bs_Latn_BA.res" 673
"../../../Engine/Content/Internationalization/icudt64l/region/bs_Latn.res" 674
"../../../Engine/Content/Internationalization/icudt64l/region/bs.res" 675
"../../../Engine/Content/Internationalization/icudt64l/region/bs_Cyrl.res" 676
"../../../Engine/Content/Internationalization/icudt64l/lang/ca.res" 677
"../../../Engine/Content/Internationalization/icudt64l/region/ca.res" 678
"../../../Engine/Content/Internationalization/icudt64l/lang/ccp.res" 679
"../../../Engine/Content/Internationalization/icudt64l/region/ccp.res" 680
"../../../Engine/Content/Internationalization/icudt64l/lang/ce.res" 681
"../../../Engine/Content/Internationalization/icudt64l/region/ce.res" 682
"../../../Engine/Content/Internationalization/icudt64l/lang/ceb.res" 683
"../../../Engine/Content/Internationalization/icudt64l/region/ceb.res" 684
"../../../Engine/Content/Internationalization/icudt64l/lang/cgg.res" 685
"../../../Engine/Content/Internationalization/icudt64l/region/cgg.res" 686
"../../../Engine/Content/Internationalization/icudt64l/lang/chr.res" 687
"../../../Engine/Content/Internationalization/icudt64l/region/chr.res" 688
"../../../Engine/Content/Internationalization/icudt64l/lang/ckb.res" 689
"../../../Engine/Content/Internationalization/icudt64l/region/ckb.res" 690
"../../../Engine/Content/Internationalization/icudt64l/lang/cs.res" 691
"../../../Engine/Content/Internationalization/icudt64l/region/cs.res" 692
"../../../Engine/Content/Internationalization/icudt64l/lang/cy.res" 693
"../../../Engine/Content/Internationalization/icudt64l/region/cy.res" 694
"../../../Engine/Content/Internationalization/icudt64l/lang/da.res" 695
"../../../Engine/Content/Internationalization/icudt64l/region/da.res" 696
"../../../Engine/Content/Internationalization/icudt64l/lang/dav.res" 697
"../../../Engine/Content/Internationalization/icudt64l/region/dav.res" 698
"../../../Engine/Content/Internationalization/icudt64l/lang/de.res" 699
"../../../Engine/Content/Internationalization/icudt64l/lang/de_AT.res" 700
"../../../Engine/Content/Internationalization/icudt64l/region/de_AT.res" 701
"../../../Engine/Content/Internationalization/icudt64l/region/de.res" 702
"../../../Engine/Content/Internationalization/icudt64l/lang/de_CH.res" 703
"../../../Engine/Content/Internationalization/icudt64l/region/de_CH.res" 704
"../../../Engine/Content/Internationalization/icudt64l/lang/de_LU.res" 705
"../../../Engine/Content/Internationalization/icudt64l/lang/dje.res" 706
"../../../Engine/Content/Internationalization/icudt64l/region/dje.res" 707
"../../../Engine/Content/Internationalization/icudt64l/lang/dsb.res" 708
"../../../Engine/Content/Internationalization/icudt64l/region/dsb.res" 709
"../../../Engine/Content/Internationalization/icudt64l/lang/dua.res" 710
"../../../Engine/Content/Internationalization/icudt64l/region/dua.res" 711
"../../../Engine/Content/Internationalization/icudt64l/lang/dyo.res" 712
"../../../Engine/Content/Internationalization/icudt64l/region/dyo.res" 713
"../../../Engine/Content/Internationalization/icudt64l/lang/dz.res" 714
"../../../Engine/Content/Internationalization/icudt64l/region/dz.res" 715
"../../../Engine/Content/Internationalization/icudt64l/lang/ebu.res" 716
"../../../Engine/Content/Internationalization/icudt64l/region/ebu.res" 717
"../../../Engine/Content/Internationalization/icudt64l/lang/ee.res" 718
"../../../Engine/Content/Internationalization/icudt64l/region/ee.res" 719
"../../../Engine/Content/Internationalization/icudt64l/lang/el.res" 720
"../../../Engine/Content/Internationalization/icudt64l/region/el.res" 721
"../../../Engine/Content/Internationalization/icudt64l/lang/en_001.res" 722
"../../../Engine/Content/Internationalization/icudt64l/lang/en_150.res" 723
"../../../Engine/Content/Internationalization/icudt64l/region/en_150.res" 724
"../../../Engine/Content/Internationalization/icudt64l/lang/en_AG.res" 725
"../../../Engine/Content/Internationalization/icudt64l/region/en_AG.res" 726
"../../../Engine/Content/Internationalization/icudt64l/lang/en_AI.res" 727
"../../../Engine/Content/Internationalization/icudt64l/region/en_AI.res" 728
"../../../Engine/Content/Internationalization/icudt64l/lang/en_AT.res" 729
"../../../Engine/Content/Internationalization/icudt64l/region/en_AT.res" 730
"../../../Engine/Content/Internationalization/icudt64l/lang/en_AU.res" 731
"../../../Engine/Content/Internationalization/icudt64l/region/en_AU.res" 732
"../../../Engine/Content/Internationalization/icudt64l/lang/en_BB.res" 733
"../../../Engine/Content/Internationalization/icudt64l/region/en_BB.res" 734
"../../../Engine/Content/Internationalization/icudt64l/lang/en_BE.res" 735
"../../../Engine/Content/Internationalization/icudt64l/region/en_BE.res" 736
"../../../Engine/Content/Internationalization/icudt64l/lang/en_BM.res" 737
"../../../Engine/Content/Internationalization/icudt64l/region/en_BM.res" 738
"../../../Engine/Content/Internationalization/icudt64l/lang/en_BS.res" 739
"../../../Engine/Content/Internationalization/icudt64l/region/en_BS.res" 740
"../../../Engine/Content/Internationalization/icudt64l/lang/en_BW.res" 741
"../../../Engine/Content/Internationalization/icudt64l/region/en_BW.res" 742
"../../../Engine/Content/Internationalization/icudt64l/lang/en_BZ.res" 743
"../../../Engine/Content/Internationalization/icudt64l/region/en_BZ.res" 744
"../../../Engine/Content/Internationalization/icudt64l/lang/en_CA.res" 745
"../../../Engine/Content/Internationalization/icudt64l/region/en_CA.res" 746
"../../../Engine/Content/Internationalization/icudt64l/lang/en_CC.res" 747
"../../../Engine/Content/Internationalization/icudt64l/region/en_CC.res" 748
"../../../Engine/Content/Internationalization/icudt64l/lang/en_CH.res" 749
"../../../Engine/Content/Internationalization/icudt64l/region/en_CH.res" 750
"../../../Engine/Content/Internationalization/icudt64l/lang/en_CK.res" 751
"../../../Engine/Content/Internationalization/icudt64l/region/en_CK.res" 752
"../../../Engine/Content/Internationalization/icudt64l/lang/en_CM.res" 753
"../../../Engine/Content/Internationalization/icudt64l/region/en_CM.res" 754
"../../../Engine/Content/Internationalization/icudt64l/lang/en_CX.res" 755
"../../../Engine/Content/Internationalization/icudt64l/region/en_CX.res" 756
"../../../Engine/Content/Internationalization/icudt64l/lang/en_CY.res" 757
"../../../Engine/Content/Internationalization/icudt64l/region/en_CY.res" 758
"../../../Engine/Content/Internationalization/icudt64l/lang/en_DE.res" 759
"../../../Engine/Content/Internationalization/icudt64l/region/en_DE.res" 760
"../../../Engine/Content/Internationalization/icudt64l/lang/en_DG.res" 761
"../../../Engine/Content/Internationalization/icudt64l/region/en_DG.res" 762
"../../../Engine/Content/Internationalization/icudt64l/lang/en_DK.res" 763
"../../../Engine/Content/Internationalization/icudt64l/region/en_DK.res" 764
"../../../Engine/Content/Internationalization/icudt64l/lang/en_DM.res" 765
"../../../Engine/Content/Internationalization/icudt64l/region/en_DM.res" 766
"../../../Engine/Content/Internationalization/icudt64l/lang/en_ER.res" 767
"../../../Engine/Content/Internationalization/icudt64l/region/en_ER.res" 768
"../../../Engine/Content/Internationalization/icudt64l/lang/en_FI.res" 769
"../../../Engine/Content/Internationalization/icudt64l/region/en_FI.res" 770
"../../../Engine/Content/Internationalization/icudt64l/lang/en_FJ.res" 771
"../../../Engine/Content/Internationalization/icudt64l/region/en_FJ.res" 772
"../../../Engine/Content/Internationalization/icudt64l/lang/en_FK.res" 773
"../../../Engine/Content/Internationalization/icudt64l/region/en_FK.res" 774
"../../../Engine/Content/Internationalization/icudt64l/lang/en_FM.res" 775
"../../../Engine/Content/Internationalization/icudt64l/region/en_FM.res" 776
"../../../Engine/Content/Internationalization/icudt64l/lang/en_GB.res" 777
"../../../Engine/Content/Internationalization/icudt64l/region/en_GB.res" 778
"../../../Engine/Content/Internationalization/icudt64l/lang/en_GD.res" 779
"../../../Engine/Content/Internationalization/icudt64l/region/en_GD.res" 780
"../../../Engine/Content/Internationalization/icudt64l/lang/en_GG.res" 781
"../../../Engine/Content/Internationalization/icudt64l/region/en_GG.res" 782
"../../../Engine/Content/Internationalization/icudt64l/lang/en_GH.res" 783
"../../../Engine/Content/Internationalization/icudt64l/region/en_GH.res" 784
"../../../Engine/Content/Internationalization/icudt64l/lang/en_GI.res" 785
"../../../Engine/Content/Internationalization/icudt64l/region/en_GI.res" 786
"../../../Engine/Content/Internationalization/icudt64l/lang/en_GM.res" 787
"../../../Engine/Content/Internationalization/icudt64l/region/en_GM.res" 788
"../../../Engine/Content/Internationalization/icudt64l/lang/en_GY.res" 789
"../../../Engine/Content/Internationalization/icudt64l/region/en_GY.res" 790
"../../../Engine/Content/Internationalization/icudt64l/lang/en_HK.res" 791
"../../../Engine/Content/Internationalization/icudt64l/region/en_HK.res" 792
"../../../Engine/Content/Internationalization/icudt64l/lang/en_IE.res" 793
"../../../Engine/Content/Internationalization/icudt64l/region/en_IE.res" 794
"../../../Engine/Content/Internationalization/icudt64l/lang/en_IL.res" 795
"../../../Engine/Content/Internationalization/icudt64l/region/en_IL.res" 796
"../../../Engine/Content/Internationalization/icudt64l/lang/en_IM.res" 797
"../../../Engine/Content/Internationalization/icudt64l/region/en_IM.res" 798
"../../../Engine/Content/Internationalization/icudt64l/lang/en_IN.res" 799
"../../../Engine/Content/Internationalization/icudt64l/region/en_IN.res" 800
"../../../Engine/Content/Internationalization/icudt64l/lang/en_IO.res" 801
"../../../Engine/Content/Internationalization/icudt64l/region/en_IO.res" 802
"../../../Engine/Content/Internationalization/icudt64l/lang/en_JE.res" 803
"../../../Engine/Content/Internationalization/icudt64l/region/en_JE.res" 804
"../../../Engine/Content/Internationalization/icudt64l/lang/en_JM.res" 805
"../../../Engine/Content/Internationalization/icudt64l/region/en_JM.res" 806
"../../../Engine/Content/Internationalization/icudt64l/lang/en_KE.res" 807
"../../../Engine/Content/Internationalization/icudt64l/region/en_KE.res" 808
"../../../Engine/Content/Internationalization/icudt64l/lang/en_KI.res" 809
"../../../Engine/Content/Internationalization/icudt64l/region/en_KI.res" 810
"../../../Engine/Content/Internationalization/icudt64l/lang/en_KN.res" 811
"../../../Engine/Content/Internationalization/icudt64l/region/en_KN.res" 812
"../../../Engine/Content/Internationalization/icudt64l/lang/en_KY.res" 813
"../../../Engine/Content/Internationalization/icudt64l/region/en_KY.res" 814
"../../../Engine/Content/Internationalization/icudt64l/lang/en_LC.res" 815
"../../../Engine/Content/Internationalization/icudt64l/region/en_LC.res" 816
"../../../Engine/Content/Internationalization/icudt64l/lang/en_LR.res" 817
"../../../Engine/Content/Internationalization/icudt64l/region/en_LR.res" 818
"../../../Engine/Content/Internationalization/icudt64l/lang/en_LS.res" 819
"../../../Engine/Content/Internationalization/icudt64l/region/en_LS.res" 820
"../../../Engine/Content/Internationalization/icudt64l/lang/en_MG.res" 821
"../../../Engine/Content/Internationalization/icudt64l/region/en_MG.res" 822
"../../../Engine/Content/Internationalization/icudt64l/lang/en_MO.res" 823
"../../../Engine/Content/Internationalization/icudt64l/region/en_MO.res" 824
"../../../Engine/Content/Internationalization/icudt64l/lang/en_MS.res" 825
"../../../Engine/Content/Internationalization/icudt64l/region/en_MS.res" 826
"../../../Engine/Content/Internationalization/icudt64l/lang/en_MT.res" 827
"../../../Engine/Content/Internationalization/icudt64l/region/en_MT.res" 828
"../../../Engine/Content/Internationalization/icudt64l/lang/en_MU.res" 829
"../../../Engine/Content/Internationalization/icudt64l/region/en_MU.res" 830
"../../../Engine/Content/Internationalization/icudt64l/lang/en_MW.res" 831
"../../../Engine/Content/Internationalization/icudt64l/region/en_MW.res" 832
"../../../Engine/Content/Internationalization/icudt64l/lang/en_MY.res" 833
"../../../Engine/Content/Internationalization/icudt64l/region/en_MY.res" 834
"../../../Engine/Content/Internationalization/icudt64l/lang/en_NA.res" 835
"../../../Engine/Content/Internationalization/icudt64l/region/en_NA.res" 836
"../../../Engine/Content/Internationalization/icudt64l/lang/en_NF.res" 837
"../../../Engine/Content/Internationalization/icudt64l/region/en_NF.res" 838
"../../../Engine/Content/Internationalization/icudt64l/lang/en_NG.res" 839
"../../../Engine/Content/Internationalization/icudt64l/region/en_NG.res" 840
"../../../Engine/Content/Internationalization/icudt64l/lang/en_NL.res" 841
"../../../Engine/Content/Internationalization/icudt64l/region/en_NL.res" 842
"../../../Engine/Content/Internationalization/icudt64l/lang/en_NR.res" 843
"../../../Engine/Content/Internationalization/icudt64l/region/en_NR.res" 844
"../../../Engine/Content/Internationalization/icudt64l/lang/en_NU.res" 845
"../../../Engine/Content/Internationalization/icudt64l/region/en_NU.res" 846
"../../../Engine/Content/Internationalization/icudt64l/lang/en_NZ.res" 847
"../../../Engine/Content/Internationalization/icudt64l/region/en_NZ.res" 848
"../../../Engine/Content/Internationalization/icudt64l/lang/en_PG.res" 849
"../../../Engine/Content/Internationalization/icudt64l/region/en_PG.res" 850
"../../../Engine/Content/Internationalization/icudt64l/lang/en_PH.res" 851
"../../../Engine/Content/Internationalization/icudt64l/region/en_PH.res" 852
"../../../Engine/Content/Internationalization/icudt64l/lang/en_PK.res" 853
"../../../Engine/Content/Internationalization/icudt64l/region/en_PK.res" 854
"../../../Engine/Content/Internationalization/icudt64l/lang/en_PN.res" 855
"../../../Engine/Content/Internationalization/icudt64l/region/en_PN.res" 856
"../../../Engine/Content/Internationalization/icudt64l/lang/en_PW.res" 857
"../../../Engine/Content/Internationalization/icudt64l/region/en_PW.res" 858
"../../../Engine/Content/Internationalization/icudt64l/lang/en_RW.res" 859
"../../../Engine/Content/Internationalization/icudt64l/region/en_RW.res" 860
"../../../Engine/Content/Internationalization/icudt64l/lang/en_SB.res" 861
"../../../Engine/Content/Internationalization/icudt64l/region/en_SB.res" 862
"../../../Engine/Content/Internationalization/icudt64l/lang/en_SC.res" 863
"../../../Engine/Content/Internationalization/icudt64l/region/en_SC.res" 864
"../../../Engine/Content/Internationalization/icudt64l/lang/en_SD.res" 865
"../../../Engine/Content/Internationalization/icudt64l/region/en_SD.res" 866
"../../../Engine/Content/Internationalization/icudt64l/lang/en_SE.res" 867
"../../../Engine/Content/Internationalization/icudt64l/region/en_SE.res" 868
"../../../Engine/Content/Internationalization/icudt64l/lang/en_SG.res" 869
"../../../Engine/Content/Internationalization/icudt64l/region/en_SG.res" 870
"../../../Engine/Content/Internationalization/icudt64l/lang/en_SH.res" 871
"../../../Engine/Content/Internationalization/icudt64l/region/en_SH.res" 872
"../../../Engine/Content/Internationalization/icudt64l/lang/en_SI.res" 873
"../../../Engine/Content/Internationalization/icudt64l/region/en_SI.res" 874
"../../../Engine/Content/Internationalization/icudt64l/lang/en_SL.res" 875
"../../../Engine/Content/Internationalization/icudt64l/region/en_SL.res" 876
"../../../Engine/Content/Internationalization/icudt64l/lang/en_SS.res" 877
"../../../Engine/Content/Internationalization/icudt64l/region/en_SS.res" 878
"../../../Engine/Content/Internationalization/icudt64l/lang/en_SX.res" 879
"../../../Engine/Content/Internationalization/icudt64l/region/en_SX.res" 880
"../../../Engine/Content/Internationalization/icudt64l/lang/en_SZ.res" 881
"../../../Engine/Content/Internationalization/icudt64l/region/en_SZ.res" 882
"../../../Engine/Content/Internationalization/icudt64l/lang/en_TC.res" 883
"../../../Engine/Content/Internationalization/icudt64l/region/en_TC.res" 884
"../../../Engine/Content/Internationalization/icudt64l/lang/en_TK.res" 885
"../../../Engine/Content/Internationalization/icudt64l/region/en_TK.res" 886
"../../../Engine/Content/Internationalization/icudt64l/lang/en_TO.res" 887
"../../../Engine/Content/Internationalization/icudt64l/region/en_TO.res" 888
"../../../Engine/Content/Internationalization/icudt64l/lang/en_TT.res" 889
"../../../Engine/Content/Internationalization/icudt64l/region/en_TT.res" 890
"../../../Engine/Content/Internationalization/icudt64l/lang/en_TV.res" 891
"../../../Engine/Content/Internationalization/icudt64l/region/en_TV.res" 892
"../../../Engine/Content/Internationalization/icudt64l/lang/en_TZ.res" 893
"../../../Engine/Content/Internationalization/icudt64l/region/en_TZ.res" 894
"../../../Engine/Content/Internationalization/icudt64l/lang/en_UG.res" 895
"../../../Engine/Content/Internationalization/icudt64l/region/en_UG.res" 896
"../../../Engine/Content/Internationalization/icudt64l/lang/en_VC.res" 897
"../../../Engine/Content/Internationalization/icudt64l/region/en_VC.res" 898
"../../../Engine/Content/Internationalization/icudt64l/lang/en_VG.res" 899
"../../../Engine/Content/Internationalization/icudt64l/region/en_VG.res" 900
"../../../Engine/Content/Internationalization/icudt64l/lang/en_VU.res" 901
"../../../Engine/Content/Internationalization/icudt64l/region/en_VU.res" 902
"../../../Engine/Content/Internationalization/icudt64l/lang/en_WS.res" 903
"../../../Engine/Content/Internationalization/icudt64l/region/en_WS.res" 904
"../../../Engine/Content/Internationalization/icudt64l/lang/en_ZA.res" 905
"../../../Engine/Content/Internationalization/icudt64l/region/en_ZA.res" 906
"../../../Engine/Content/Internationalization/icudt64l/lang/en_ZM.res" 907
"../../../Engine/Content/Internationalization/icudt64l/region/en_ZM.res" 908
"../../../Engine/Content/Internationalization/icudt64l/lang/en_ZW.res" 909
"../../../Engine/Content/Internationalization/icudt64l/region/en_ZW.res" 910
"../../../Engine/Content/Internationalization/icudt64l/lang/eo.res" 911
"../../../Engine/Content/Internationalization/icudt64l/region/eo.res" 912
"../../../Engine/Content/Internationalization/icudt64l/lang/es.res" 913
"../../../Engine/Content/Internationalization/icudt64l/lang/es_419.res" 914
"../../../Engine/Content/Internationalization/icudt64l/region/es_419.res" 915
"../../../Engine/Content/Internationalization/icudt64l/region/es.res" 916
"../../../Engine/Content/Internationalization/icudt64l/lang/es_AR.res" 917
"../../../Engine/Content/Internationalization/icudt64l/region/es_AR.res" 918
"../../../Engine/Content/Internationalization/icudt64l/lang/es_BO.res" 919
"../../../Engine/Content/Internationalization/icudt64l/region/es_BO.res" 920
"../../../Engine/Content/Internationalization/icudt64l/lang/es_BR.res" 921
"../../../Engine/Content/Internationalization/icudt64l/region/es_BR.res" 922
"../../../Engine/Content/Internationalization/icudt64l/lang/es_BZ.res" 923
"../../../Engine/Content/Internationalization/icudt64l/region/es_BZ.res" 924
"../../../Engine/Content/Internationalization/icudt64l/lang/es_CL.res" 925
"../../../Engine/Content/Internationalization/icudt64l/region/es_CL.res" 926
"../../../Engine/Content/Internationalization/icudt64l/lang/es_CO.res" 927
"../../../Engine/Content/Internationalization/icudt64l/region/es_CO.res" 928
"../../../Engine/Content/Internationalization/icudt64l/lang/es_CR.res" 929
"../../../Engine/Content/Internationalization/icudt64l/region/es_CR.res" 930
"../../../Engine/Content/Internationalization/icudt64l/lang/es_CU.res" 931
"../../../Engine/Content/Internationalization/icudt64l/region/es_CU.res" 932
"../../../Engine/Content/Internationalization/icudt64l/lang/es_DO.res" 933
"../../../Engine/Content/Internationalization/icudt64l/region/es_DO.res" 934
"../../../Engine/Content/Internationalization/icudt64l/lang/es_EC.res" 935
"../../../Engine/Content/Internationalization/icudt64l/region/es_EC.res" 936
"../../../Engine/Content/Internationalization/icudt64l/lang/es_GT.res" 937
"../../../Engine/Content/Internationalization/icudt64l/region/es_GT.res" 938
"../../../Engine/Content/Internationalization/icudt64l/lang/es_HN.res" 939
"../../../Engine/Content/Internationalization/icudt64l/region/es_HN.res" 940
"../../../Engine/Content/Internationalization/icudt64l/lang/es_MX.res" 941
"../../../Engine/Content/Internationalization/icudt64l/region/es_MX.res" 942
"../../../Engine/Content/Internationalization/icudt64l/lang/es_NI.res" 943
"../../../Engine/Content/Internationalization/icudt64l/region/es_NI.res" 944
"../../../Engine/Content/Internationalization/icudt64l/lang/es_PA.res" 945
"../../../Engine/Content/Internationalization/icudt64l/region/es_PA.res" 946
"../../../Engine/Content/Internationalization/icudt64l/lang/es_PE.res" 947
"../../../Engine/Content/Internationalization/icudt64l/region/es_PE.res" 948
"../../../Engine/Content/Internationalization/icudt64l/lang/es_PR.res" 949
"../../../Engine/Content/Internationalization/icudt64l/region/es_PR.res" 950
"../../../Engine/Content/Internationalization/icudt64l/lang/es_PY.res" 951
"../../../Engine/Content/Internationalization/icudt64l/region/es_PY.res" 952
"../../../Engine/Content/Internationalization/icudt64l/lang/es_SV.res" 953
"../../../Engine/Content/Internationalization/icudt64l/region/es_SV.res" 954
"../../../Engine/Content/Internationalization/icudt64l/lang/es_US.res" 955
"../../../Engine/Content/Internationalization/icudt64l/region/es_US.res" 956
"../../../Engine/Content/Internationalization/icudt64l/lang/es_UY.res" 957
"../../../Engine/Content/Internationalization/icudt64l/region/es_UY.res" 958
"../../../Engine/Content/Internationalization/icudt64l/lang/es_VE.res" 959
"../../../Engine/Content/Internationalization/icudt64l/region/es_VE.res" 960
"../../../Engine/Content/Internationalization/icudt64l/lang/et.res" 961
"../../../Engine/Content/Internationalization/icudt64l/region/et.res" 962
"../../../Engine/Content/Internationalization/icudt64l/lang/eu.res" 963
"../../../Engine/Content/Internationalization/icudt64l/region/eu.res" 964
"../../../Engine/Content/Internationalization/icudt64l/lang/ewo.res" 965
"../../../Engine/Content/Internationalization/icudt64l/region/ewo.res" 966
"../../../Engine/Content/Internationalization/icudt64l/lang/fa.res" 967
"../../../Engine/Content/Internationalization/icudt64l/lang/fa_AF.res" 968
"../../../Engine/Content/Internationalization/icudt64l/region/fa_AF.res" 969
"../../../Engine/Content/Internationalization/icudt64l/region/fa.res" 970
"../../../Engine/Content/Internationalization/icudt64l/lang/ff.res" 971
"../../../Engine/Content/Internationalization/icudt64l/lang/ff_Latn.res" 972
"../../../Engine/Content/Internationalization/icudt64l/region/ff.res" 973
"../../../Engine/Content/Internationalization/icudt64l/region/ff_Latn.res" 974
"../../../Engine/Content/Internationalization/icudt64l/lang/ff_CM.res" 975
"../../../Engine/Content/Internationalization/icudt64l/lang/ff_Latn_CM.res" 976
"../../../Engine/Content/Internationalization/icudt64l/region/ff_CM.res" 977
"../../../Engine/Content/Internationalization/icudt64l/region/ff_Latn_CM.res" 978
"../../../Engine/Content/Internationalization/icudt64l/lang/ff_GN.res" 979
"../../../Engine/Content/Internationalization/icudt64l/lang/ff_Latn_GN.res" 980
"../../../Engine/Content/Internationalization/icudt64l/region/ff_GN.res" 981
"../../../Engine/Content/Internationalization/icudt64l/region/ff_Latn_GN.res" 982
"../../../Engine/Content/Internationalization/icudt64l/lang/ff_MR.res" 983
"../../../Engine/Content/Internationalization/icudt64l/lang/ff_Latn_MR.res" 984
"../../../Engine/Content/Internationalization/icudt64l/region/ff_MR.res" 985
"../../../Engine/Content/Internationalization/icudt64l/region/ff_Latn_MR.res" 986
"../../../Engine/Content/Internationalization/icudt64l/lang/ff_SN.res" 987
"../../../Engine/Content/Internationalization/icudt64l/lang/ff_Latn_SN.res" 988
"../../../Engine/Content/Internationalization/icudt64l/region/ff_SN.res" 989
"../../../Engine/Content/Internationalization/icudt64l/region/ff_Latn_SN.res" 990
"../../../Engine/Content/Internationalization/icudt64l/lang/fi.res" 991
"../../../Engine/Content/Internationalization/icudt64l/region/fi.res" 992
"../../../Engine/Content/Internationalization/icudt64l/lang/fil.res" 993
"../../../Engine/Content/Internationalization/icudt64l/lang/fil_PH.res" 994
"../../../Engine/Content/Internationalization/icudt64l/region/fil_PH.res" 995
"../../../Engine/Content/Internationalization/icudt64l/region/fil.res" 996
"../../../Engine/Content/Internationalization/icudt64l/lang/fo.res" 997
"../../../Engine/Content/Internationalization/icudt64l/region/fo.res" 998
"../../../Engine/Content/Internationalization/icudt64l/lang/fr.res" 999
"../../../Engine/Content/Internationalization/icudt64l/lang/fr_BE.res" 1000
"../../../Engine/Content/Internationalization/icudt64l/region/fr_BE.res" 1001
"../../../Engine/Content/Internationalization/icudt64l/region/fr.res" 1002
"../../../Engine/Content/Internationalization/icudt64l/lang/fr_CA.res" 1003
"../../../Engine/Content/Internationalization/icudt64l/region/fr_CA.res" 1004
"../../../Engine/Content/Internationalization/icudt64l/lang/fr_CH.res" 1005
"../../../Engine/Content/Internationalization/icudt64l/lang/fur.res" 1006
"../../../Engine/Content/Internationalization/icudt64l/region/fur.res" 1007
"../../../Engine/Content/Internationalization/icudt64l/lang/fy.res" 1008
"../../../Engine/Content/Internationalization/icudt64l/region/fy.res" 1009
"../../../Engine/Content/Internationalization/icudt64l/lang/ga.res" 1010
"../../../Engine/Content/Internationalization/icudt64l/region/ga.res" 1011
"../../../Engine/Content/Internationalization/icudt64l/lang/gd.res" 1012
"../../../Engine/Content/Internationalization/icudt64l/region/gd.res" 1013
"../../../Engine/Content/Internationalization/icudt64l/lang/gl.res" 1014
"../../../Engine/Content/Internationalization/icudt64l/region/gl.res" 1015
"../../../Engine/Content/Internationalization/icudt64l/lang/gsw.res" 1016
"../../../Engine/Content/Internationalization/icudt64l/region/gsw.res" 1017
"../../../Engine/Content/Internationalization/icudt64l/lang/gu.res" 1018
"../../../Engine/Content/Internationalization/icudt64l/region/gu.res" 1019
"../../../Engine/Content/Internationalization/icudt64l/lang/guz.res" 1020
"../../../Engine/Content/Internationalization/icudt64l/region/guz.res" 1021
"../../../Engine/Content/Internationalization/icudt64l/lang/gv.res" 1022
"../../../Engine/Content/Internationalization/icudt64l/region/gv.res" 1023
"../../../Engine/Content/Internationalization/icudt64l/lang/ha.res" 1024
"../../../Engine/Content/Internationalization/icudt64l/region/ha.res" 1025
"../../../Engine/Content/Internationalization/icudt64l/lang/ha_NE.res" 1026
"../../../Engine/Content/Internationalization/icudt64l/region/ha_NE.res" 1027
"../../../Engine/Content/Internationalization/icudt64l/lang/haw.res" 1028
"../../../Engine/Content/Internationalization/icudt64l/region/haw.res" 1029
"../../../Engine/Content/Internationalization/icudt64l/lang/he.res" 1030
"../../../Engine/Content/Internationalization/icudt64l/lang/he_IL.res" 1031
"../../../Engine/Content/Internationalization/icudt64l/region/he_IL.res" 1032
"../../../Engine/Content/Internationalization/icudt64l/region/he.res" 1033
"../../../Engine/Content/Internationalization/icudt64l/lang/hi.res" 1034
"../../../Engine/Content/Internationalization/icudt64l/region/hi.res" 1035
"../../../Engine/Content/Internationalization/icudt64l/lang/hr.res" 1036
"../../../Engine/Content/Internationalization/icudt64l/region/hr.res" 1037
"../../../Engine/Content/Internationalization/icudt64l/lang/hsb.res" 1038
"../../../Engine/Content/Internationalization/icudt64l/region/hsb.res" 1039
"../../../Engine/Content/Internationalization/icudt64l/lang/hu.res" 1040
"../../../Engine/Content/Internationalization/icudt64l/region/hu.res" 1041
"../../../Engine/Content/Internationalization/icudt64l/lang/hy.res" 1042
"../../../Engine/Content/Internationalization/icudt64l/region/hy.res" 1043
"../../../Engine/Content/Internationalization/icudt64l/lang/ia.res" 1044
"../../../Engine/Content/Internationalization/icudt64l/region/ia.res" 1045
"../../../Engine/Content/Internationalization/icudt64l/lang/id.res" 1046
"../../../Engine/Content/Internationalization/icudt64l/lang/id_ID.res" 1047
"../../../Engine/Content/Internationalization/icudt64l/region/id_ID.res" 1048
"../../../Engine/Content/Internationalization/icudt64l/region/id.res" 1049
"../../../Engine/Content/Internationalization/icudt64l/lang/ig.res" 1050
"../../../Engine/Content/Internationalization/icudt64l/region/ig.res" 1051
"../../../Engine/Content/Internationalization/icudt64l/lang/ii.res" 1052
"../../../Engine/Content/Internationalization/icudt64l/region/ii.res" 1053
"../../../Engine/Content/Internationalization/icudt64l/lang/is.res" 1054
"../../../Engine/Content/Internationalization/icudt64l/region/is.res" 1055
"../../../Engine/Content/Internationalization/icudt64l/lang/it.res" 1056
"../../../Engine/Content/Internationalization/icudt64l/region/it.res" 1057
"../../../Engine/Content/Internationalization/icudt64l/lang/ja.res" 1058
"../../../Engine/Content/Internationalization/icudt64l/lang/ja_JP.res" 1059
"../../../Engine/Content/Internationalization/icudt64l/region/ja_JP.res" 1060
"../../../Engine/Content/Internationalization/icudt64l/region/ja.res" 1061
"../../../Engine/Content/Internationalization/icudt64l/lang/jgo.res" 1062
"../../../Engine/Content/Internationalization/icudt64l/region/jgo.res" 1063
"../../../Engine/Content/Internationalization/icudt64l/lang/jmc.res" 1064
"../../../Engine/Content/Internationalization/icudt64l/region/jmc.res" 1065
"../../../Engine/Content/Internationalization/icudt64l/lang/jv.res" 1066
"../../../Engine/Content/Internationalization/icudt64l/region/jv.res" 1067
"../../../Engine/Content/Internationalization/icudt64l/lang/ka.res" 1068
"../../../Engine/Content/Internationalization/icudt64l/region/ka.res" 1069
"../../../Engine/Content/Internationalization/icudt64l/lang/kab.res" 1070
"../../../Engine/Content/Internationalization/icudt64l/region/kab.res" 1071
"../../../Engine/Content/Internationalization/icudt64l/lang/kam.res" 1072
"../../../Engine/Content/Internationalization/icudt64l/region/kam.res" 1073
"../../../Engine/Content/Internationalization/icudt64l/lang/kde.res" 1074
"../../../Engine/Content/Internationalization/icudt64l/region/kde.res" 1075
"../../../Engine/Content/Internationalization/icudt64l/lang/kea.res" 1076
"../../../Engine/Content/Internationalization/icudt64l/region/kea.res" 1077
"../../../Engine/Content/Internationalization/icudt64l/lang/khq.res" 1078
"../../../Engine/Content/Internationalization/icudt64l/region/khq.res" 1079
"../../../Engine/Content/Internationalization/icudt64l/lang/ki.res" 1080
"../../../Engine/Content/Internationalization/icudt64l/region/ki.res" 1081
"../../../Engine/Content/Internationalization/icudt64l/lang/kk.res" 1082
"../../../Engine/Content/Internationalization/icudt64l/region/kk.res" 1083
"../../../Engine/Content/Internationalization/icudt64l/lang/kkj.res" 1084
"../../../Engine/Content/Internationalization/icudt64l/region/kkj.res" 1085
"../../../Engine/Content/Internationalization/icudt64l/lang/kl.res" 1086
"../../../Engine/Content/Internationalization/icudt64l/region/kl.res" 1087
"../../../Engine/Content/Internationalization/icudt64l/lang/kln.res" 1088
"../../../Engine/Content/Internationalization/icudt64l/region/kln.res" 1089
"../../../Engine/Content/Internationalization/icudt64l/lang/km.res" 1090
"../../../Engine/Content/Internationalization/icudt64l/region/km.res" 1091
"../../../Engine/Content/Internationalization/icudt64l/lang/kn.res" 1092
"../../../Engine/Content/Internationalization/icudt64l/region/kn.res" 1093
"../../../Engine/Content/Internationalization/icudt64l/lang/ko.res" 1094
"../../../Engine/Content/Internationalization/icudt64l/region/ko_KP.res" 1095
"../../../Engine/Content/Internationalization/icudt64l/region/ko.res" 1096
"../../../Engine/Content/Internationalization/icudt64l/lang/kok.res" 1097
"../../../Engine/Content/Internationalization/icudt64l/region/kok.res" 1098
"../../../Engine/Content/Internationalization/icudt64l/lang/ks.res" 1099
"../../../Engine/Content/Internationalization/icudt64l/region/ks.res" 1100
"../../../Engine/Content/Internationalization/icudt64l/lang/ksb.res" 1101
"../../../Engine/Content/Internationalization/icudt64l/region/ksb.res" 1102
"../../../Engine/Content/Internationalization/icudt64l/lang/ksf.res" 1103
"../../../Engine/Content/Internationalization/icudt64l/region/ksf.res" 1104
"../../../Engine/Content/Internationalization/icudt64l/lang/ksh.res" 1105
"../../../Engine/Content/Internationalization/icudt64l/region/ksh.res" 1106
"../../../Engine/Content/Internationalization/icudt64l/lang/ku.res" 1107
"../../../Engine/Content/Internationalization/icudt64l/region/ku.res" 1108
"../../../Engine/Content/Internationalization/icudt64l/lang/kw.res" 1109
"../../../Engine/Content/Internationalization/icudt64l/region/kw.res" 1110
"../../../Engine/Content/Internationalization/icudt64l/lang/ky.res" 1111
"../../../Engine/Content/Internationalization/icudt64l/region/ky.res" 1112
"../../../Engine/Content/Internationalization/icudt64l/lang/lag.res" 1113
"../../../Engine/Content/Internationalization/icudt64l/region/lag.res" 1114
"../../../Engine/Content/Internationalization/icudt64l/lang/lb.res" 1115
"../../../Engine/Content/Internationalization/icudt64l/region/lb.res" 1116
"../../../Engine/Content/Internationalization/icudt64l/lang/lg.res" 1117
"../../../Engine/Content/Internationalization/icudt64l/region/lg.res" 1118
"../../../Engine/Content/Internationalization/icudt64l/lang/lkt.res" 1119
"../../../Engine/Content/Internationalization/icudt64l/region/lkt.res" 1120
"../../../Engine/Content/Internationalization/icudt64l/lang/ln.res" 1121
"../../../Engine/Content/Internationalization/icudt64l/region/ln.res" 1122
"../../../Engine/Content/Internationalization/icudt64l/lang/lo.res" 1123
"../../../Engine/Content/Internationalization/icudt64l/region/lo.res" 1124
"../../../Engine/Content/Internationalization/icudt64l/lang/lrc.res" 1125
"../../../Engine/Content/Internationalization/icudt64l/region/lrc.res" 1126
"../../../Engine/Content/Internationalization/icudt64l/lang/lt.res" 1127
"../../../Engine/Content/Internationalization/icudt64l/region/lt.res" 1128
"../../../Engine/Content/Internationalization/icudt64l/lang/lu.res" 1129
"../../../Engine/Content/Internationalization/icudt64l/region/lu.res" 1130
"../../../Engine/Content/Internationalization/icudt64l/lang/luo.res" 1131
"../../../Engine/Content/Internationalization/icudt64l/region/luo.res" 1132
"../../../Engine/Content/Internationalization/icudt64l/lang/luy.res" 1133
"../../../Engine/Content/Internationalization/icudt64l/region/luy.res" 1134
"../../../Engine/Content/Internationalization/icudt64l/lang/lv.res" 1135
"../../../Engine/Content/Internationalization/icudt64l/region/lv.res" 1136
"../../../Engine/Content/Internationalization/icudt64l/lang/mas.res" 1137
"../../../Engine/Content/Internationalization/icudt64l/region/mas.res" 1138
"../../../Engine/Content/Internationalization/icudt64l/lang/mer.res" 1139
"../../../Engine/Content/Internationalization/icudt64l/region/mer.res" 1140
"../../../Engine/Content/Internationalization/icudt64l/lang/mfe.res" 1141
"../../../Engine/Content/Internationalization/icudt64l/region/mfe.res" 1142
"../../../Engine/Content/Internationalization/icudt64l/lang/mg.res" 1143
"../../../Engine/Content/Internationalization/icudt64l/region/mg.res" 1144
"../../../Engine/Content/Internationalization/icudt64l/lang/mgh.res" 1145
"../../../Engine/Content/Internationalization/icudt64l/region/mgh.res" 1146
"../../../Engine/Content/Internationalization/icudt64l/lang/mgo.res" 1147
"../../../Engine/Content/Internationalization/icudt64l/region/mgo.res" 1148
"../../../Engine/Content/Internationalization/icudt64l/lang/mi.res" 1149
"../../../Engine/Content/Internationalization/icudt64l/region/mi.res" 1150
"../../../Engine/Content/Internationalization/icudt64l/lang/mk.res" 1151
"../../../Engine/Content/Internationalization/icudt64l/region/mk.res" 1152
"../../../Engine/Content/Internationalization/icudt64l/lang/ml.res" 1153
"../../../Engine/Content/Internationalization/icudt64l/region/ml.res" 1154
"../../../Engine/Content/Internationalization/icudt64l/lang/mn.res" 1155
"../../../Engine/Content/Internationalization/icudt64l/region/mn.res" 1156
"../../../Engine/Content/Internationalization/icudt64l/lang/mr.res" 1157
"../../../Engine/Content/Internationalization/icudt64l/region/mr.res" 1158
"../../../Engine/Content/Internationalization/icudt64l/lang/ms.res" 1159
"../../../Engine/Content/Internationalization/icudt64l/region/ms.res" 1160
"../../../Engine/Content/Internationalization/icudt64l/lang/mt.res" 1161
"../../../Engine/Content/Internationalization/icudt64l/region/mt.res" 1162
"../../../Engine/Content/Internationalization/icudt64l/lang/mua.res" 1163
"../../../Engine/Content/Internationalization/icudt64l/region/mua.res" 1164
"../../../Engine/Content/Internationalization/icudt64l/lang/my.res" 1165
"../../../Engine/Content/Internationalization/icudt64l/region/my.res" 1166
"../../../Engine/Content/Internationalization/icudt64l/lang/mzn.res" 1167
"../../../Engine/Content/Internationalization/icudt64l/region/mzn.res" 1168
"../../../Engine/Content/Internationalization/icudt64l/lang/naq.res" 1169
"../../../Engine/Content/Internationalization/icudt64l/region/naq.res" 1170
"../../../Engine/Content/Internationalization/icudt64l/lang/nb.res" 1171
"../../../Engine/Content/Internationalization/icudt64l/lang/nb_NO.res" 1172
"../../../Engine/Content/Internationalization/icudt64l/region/nb_NO.res" 1173
"../../../Engine/Content/Internationalization/icudt64l/region/nb.res" 1174
"../../../Engine/Content/Internationalization/icudt64l/lang/nd.res" 1175
"../../../Engine/Content/Internationalization/icudt64l/region/nd.res" 1176
"../../../Engine/Content/Internationalization/icudt64l/lang/nds.res" 1177
"../../../Engine/Content/Internationalization/icudt64l/region/nds.res" 1178
"../../../Engine/Content/Internationalization/icudt64l/lang/ne.res" 1179
"../../../Engine/Content/Internationalization/icudt64l/region/ne.res" 1180
"../../../Engine/Content/Internationalization/icudt64l/lang/nl.res" 1181
"../../../Engine/Content/Internationalization/icudt64l/region/nl.res" 1182
"../../../Engine/Content/Internationalization/icudt64l/lang/nmg.res" 1183
"../../../Engine/Content/Internationalization/icudt64l/region/nmg.res" 1184
"../../../Engine/Content/Internationalization/icudt64l/lang/nn.res" 1185
"../../../Engine/Content/Internationalization/icudt64l/lang/nn_NO.res" 1186
"../../../Engine/Content/Internationalization/icudt64l/region/nn_NO.res" 1187
"../../../Engine/Content/Internationalization/icudt64l/region/nn.res" 1188
"../../../Engine/Content/Internationalization/icudt64l/lang/nnh.res" 1189
"../../../Engine/Content/Internationalization/icudt64l/region/nnh.res" 1190
"../../../Engine/Content/Internationalization/icudt64l/lang/nus.res" 1191
"../../../Engine/Content/Internationalization/icudt64l/region/nus.res" 1192
"../../../Engine/Content/Internationalization/icudt64l/lang/nyn.res" 1193
"../../../Engine/Content/Internationalization/icudt64l/region/nyn.res" 1194
"../../../Engine/Content/Internationalization/icudt64l/lang/om.res" 1195
"../../../Engine/Content/Internationalization/icudt64l/region/om.res" 1196
"../../../Engine/Content/Internationalization/icudt64l/lang/or.res" 1197
"../../../Engine/Content/Internationalization/icudt64l/region/or.res" 1198
"../../../Engine/Content/Internationalization/icudt64l/lang/os.res" 1199
"../../../Engine/Content/Internationalization/icudt64l/region/os.res" 1200
"../../../Engine/Content/Internationalization/icudt64l/lang/pa.res" 1201
"../../../Engine/Content/Internationalization/icudt64l/lang/pa_Arab.res" 1202
"../../../Engine/Content/Internationalization/icudt64l/lang/pa_PK.res" 1203
"../../../Engine/Content/Internationalization/icudt64l/lang/pa_Arab_PK.res" 1204
"../../../Engine/Content/Internationalization/icudt64l/region/pa_PK.res" 1205
"../../../Engine/Content/Internationalization/icudt64l/region/pa_Arab_PK.res" 1206
"../../../Engine/Content/Internationalization/icudt64l/region/pa_Arab.res" 1207
"../../../Engine/Content/Internationalization/icudt64l/lang/pa_Guru.res" 1208
"../../../Engine/Content/Internationalization/icudt64l/lang/pa_IN.res" 1209
"../../../Engine/Content/Internationalization/icudt64l/lang/pa_Guru_IN.res" 1210
"../../../Engine/Content/Internationalization/icudt64l/region/pa_IN.res" 1211
"../../../Engine/Content/Internationalization/icudt64l/region/pa_Guru_IN.res" 1212
"../../../Engine/Content/Internationalization/icudt64l/region/pa_Guru.res" 1213
"../../../Engine/Content/Internationalization/icudt64l/region/pa.res" 1214
"../../../Engine/Content/Internationalization/icudt64l/lang/pl.res" 1215
"../../../Engine/Content/Internationalization/icudt64l/region/pl.res" 1216
"../../../Engine/Content/Internationalization/icudt64l/lang/ps.res" 1217
"../../../Engine/Content/Internationalization/icudt64l/region/ps.res" 1218
"../../../Engine/Content/Internationalization/icudt64l/lang/ps_PK.res" 1219
"../../../Engine/Content/Internationalization/icudt64l/region/ps_PK.res" 1220
"../../../Engine/Content/Internationalization/icudt64l/lang/pt.res" 1221
"../../../Engine/Content/Internationalization/icudt64l/lang/pt_AO.res" 1222
"../../../Engine/Content/Internationalization/icudt64l/lang/pt_PT.res" 1223
"../../../Engine/Content/Internationalization/icudt64l/region/pt_AO.res" 1224
"../../../Engine/Content/Internationalization/icudt64l/region/pt_PT.res" 1225
"../../../Engine/Content/Internationalization/icudt64l/region/pt.res" 1226
"../../../Engine/Content/Internationalization/icudt64l/lang/pt_CH.res" 1227
"../../../Engine/Content/Internationalization/icudt64l/region/pt_CH.res" 1228
"../../../Engine/Content/Internationalization/icudt64l/lang/pt_CV.res" 1229
"../../../Engine/Content/Internationalization/icudt64l/region/pt_CV.res" 1230
"../../../Engine/Content/Internationalization/icudt64l/lang/pt_GQ.res" 1231
"../../../Engine/Content/Internationalization/icudt64l/region/pt_GQ.res" 1232
"../../../Engine/Content/Internationalization/icudt64l/lang/pt_GW.res" 1233
"../../../Engine/Content/Internationalization/icudt64l/region/pt_GW.res" 1234
"../../../Engine/Content/Internationalization/icudt64l/lang/pt_LU.res" 1235
"../../../Engine/Content/Internationalization/icudt64l/region/pt_LU.res" 1236
"../../../Engine/Content/Internationalization/icudt64l/lang/pt_MO.res" 1237
"../../../Engine/Content/Internationalization/icudt64l/region/pt_MO.res" 1238
"../../../Engine/Content/Internationalization/icudt64l/lang/pt_MZ.res" 1239
"../../../Engine/Content/Internationalization/icudt64l/region/pt_MZ.res" 1240
"../../../Engine/Content/Internationalization/icudt64l/lang/pt_ST.res" 1241
"../../../Engine/Content/Internationalization/icudt64l/region/pt_ST.res" 1242
"../../../Engine/Content/Internationalization/icudt64l/lang/pt_TL.res" 1243
"../../../Engine/Content/Internationalization/icudt64l/region/pt_TL.res" 1244
"../../../Engine/Content/Internationalization/icudt64l/lang/qu.res" 1245
"../../../Engine/Content/Internationalization/icudt64l/region/qu.res" 1246
"../../../Engine/Content/Internationalization/icudt64l/lang/rm.res" 1247
"../../../Engine/Content/Internationalization/icudt64l/region/rm.res" 1248
"../../../Engine/Content/Internationalization/icudt64l/lang/rn.res" 1249
"../../../Engine/Content/Internationalization/icudt64l/region/rn.res" 1250
"../../../Engine/Content/Internationalization/icudt64l/lang/ro.res" 1251
"../../../Engine/Content/Internationalization/icudt64l/lang/ro_MD.res" 1252
"../../../Engine/Content/Internationalization/icudt64l/region/ro_MD.res" 1253
"../../../Engine/Content/Internationalization/icudt64l/region/ro.res" 1254
"../../../Engine/Content/Internationalization/icudt64l/lang/rof.res" 1255
"../../../Engine/Content/Internationalization/icudt64l/region/rof.res" 1256
"../../../Engine/Content/Internationalization/icudt64l/lang/ru.res" 1257
"../../../Engine/Content/Internationalization/icudt64l/region/ru.res" 1258
"../../../Engine/Content/Internationalization/icudt64l/region/ru_UA.res" 1259
"../../../Engine/Content/Internationalization/icudt64l/lang/rw.res" 1260
"../../../Engine/Content/Internationalization/icudt64l/region/rw.res" 1261
"../../../Engine/Content/Internationalization/icudt64l/lang/rwk.res" 1262
"../../../Engine/Content/Internationalization/icudt64l/region/rwk.res" 1263
"../../../Engine/Content/Internationalization/icudt64l/lang/sah.res" 1264
"../../../Engine/Content/Internationalization/icudt64l/region/sah.res" 1265
"../../../Engine/Content/Internationalization/icudt64l/lang/saq.res" 1266
"../../../Engine/Content/Internationalization/icudt64l/region/saq.res" 1267
"../../../Engine/Content/Internationalization/icudt64l/lang/sbp.res" 1268
"../../../Engine/Content/Internationalization/icudt64l/region/sbp.res" 1269
"../../../Engine/Content/Internationalization/icudt64l/lang/sd.res" 1270
"../../../Engine/Content/Internationalization/icudt64l/region/sd.res" 1271
"../../../Engine/Content/Internationalization/icudt64l/lang/se.res" 1272
"../../../Engine/Content/Internationalization/icudt64l/lang/se_FI.res" 1273
"../../../Engine/Content/Internationalization/icudt64l/region/se_FI.res" 1274
"../../../Engine/Content/Internationalization/icudt64l/region/se.res" 1275
"../../../Engine/Content/Internationalization/icudt64l/lang/seh.res" 1276
"../../../Engine/Content/Internationalization/icudt64l/region/seh.res" 1277
"../../../Engine/Content/Internationalization/icudt64l/lang/ses.res" 1278
"../../../Engine/Content/Internationalization/icudt64l/region/ses.res" 1279
"../../../Engine/Content/Internationalization/icudt64l/lang/sg.res" 1280
"../../../Engine/Content/Internationalization/icudt64l/region/sg.res" 1281
"../../../Engine/Content/Internationalization/icudt64l/lang/shi.res" 1282
"../../../Engine/Content/Internationalization/icudt64l/lang/shi_Latn.res" 1283
"../../../Engine/Content/Internationalization/icudt64l/lang/shi_MA.res" 1284
"../../../Engine/Content/Internationalization/icudt64l/lang/shi_Tfng_MA.res" 1285
"../../../Engine/Content/Internationalization/icudt64l/lang/shi_Tfng.res" 1286
"../../../Engine/Content/Internationalization/icudt64l/region/shi_MA.res" 1287
"../../../Engine/Content/Internationalization/icudt64l/region/shi_Tfng_MA.res" 1288
"../../../Engine/Content/Internationalization/icudt64l/region/shi_Tfng.res" 1289
"../../../Engine/Content/Internationalization/icudt64l/region/shi.res" 1290
"../../../Engine/Content/Internationalization/icudt64l/region/shi_Latn.res" 1291
"../../../Engine/Content/Internationalization/icudt64l/lang/si.res" 1292
"../../../Engine/Content/Internationalization/icudt64l/region/si.res" 1293
"../../../Engine/Content/Internationalization/icudt64l/lang/sk.res" 1294
"../../../Engine/Content/Internationalization/icudt64l/region/sk.res" 1295
"../../../Engine/Content/Internationalization/icudt64l/lang/sl.res" 1296
"../../../Engine/Content/Internationalization/icudt64l/region/sl.res" 1297
"../../../Engine/Content/Internationalization/icudt64l/lang/smn.res" 1298
"../../../Engine/Content/Internationalization/icudt64l/region/smn.res" 1299
"../../../Engine/Content/Internationalization/icudt64l/lang/sn.res" 1300
"../../../Engine/Content/Internationalization/icudt64l/region/sn.res" 1301
"../../../Engine/Content/Internationalization/icudt64l/lang/so.res" 1302
"../../../Engine/Content/Internationalization/icudt64l/region/so.res" 1303
"../../../Engine/Content/Internationalization/icudt64l/lang/sq.res" 1304
"../../../Engine/Content/Internationalization/icudt64l/region/sq.res" 1305
"../../../Engine/Content/Internationalization/icudt64l/lang/sr.res" 1306
"../../../Engine/Content/Internationalization/icudt64l/lang/sr_Cyrl.res" 1307
"../../../Engine/Content/Internationalization/icudt64l/lang/sr_BA.res" 1308
"../../../Engine/Content/Internationalization/icudt64l/lang/sr_Cyrl_BA.res" 1309
"../../../Engine/Content/Internationalization/icudt64l/region/sr_BA.res" 1310
"../../../Engine/Content/Internationalization/icudt64l/region/sr_Cyrl_BA.res" 1311
"../../../Engine/Content/Internationalization/icudt64l/region/sr_Cyrl.res" 1312
"../../../Engine/Content/Internationalization/icudt64l/region/sr.res" 1313
"../../../Engine/Content/Internationalization/icudt64l/lang/sr_ME.res" 1314
"../../../Engine/Content/Internationalization/icudt64l/lang/sr_Latn_ME.res" 1315
"../../../Engine/Content/Internationalization/icudt64l/lang/sr_Latn.res" 1316
"../../../Engine/Content/Internationalization/icudt64l/region/sr_ME.res" 1317
"../../../Engine/Content/Internationalization/icudt64l/region/sr_Latn_ME.res" 1318
"../../../Engine/Content/Internationalization/icudt64l/region/sr_Latn.res" 1319
"../../../Engine/Content/Internationalization/icudt64l/lang/sr_Cyrl_ME.res" 1320
"../../../Engine/Content/Internationalization/icudt64l/region/sr_Cyrl_ME.res" 1321
"../../../Engine/Content/Internationalization/icudt64l/lang/sr_RS.res" 1322
"../../../Engine/Content/Internationalization/icudt64l/lang/sr_Cyrl_RS.res" 1323
"../../../Engine/Content/Internationalization/icudt64l/region/sr_RS.res" 1324
"../../../Engine/Content/Internationalization/icudt64l/region/sr_Cyrl_RS.res" 1325
"../../../Engine/Content/Internationalization/icudt64l/lang/sr_XK.res" 1326
"../../../Engine/Content/Internationalization/icudt64l/lang/sr_Cyrl_XK.res" 1327
"../../../Engine/Content/Internationalization/icudt64l/region/sr_XK.res" 1328
"../../../Engine/Content/Internationalization/icudt64l/region/sr_Cyrl_XK.res" 1329
"../../../Engine/Content/Internationalization/icudt64l/lang/sr_Latn_BA.res" 1330
"../../../Engine/Content/Internationalization/icudt64l/region/sr_Latn_BA.res" 1331
"../../../Engine/Content/Internationalization/icudt64l/lang/sr_Latn_RS.res" 1332
"../../../Engine/Content/Internationalization/icudt64l/region/sr_Latn_RS.res" 1333
"../../../Engine/Content/Internationalization/icudt64l/lang/sr_Latn_XK.res" 1334
"../../../Engine/Content/Internationalization/icudt64l/region/sr_Latn_XK.res" 1335
"../../../Engine/Content/Internationalization/icudt64l/lang/sv.res" 1336
"../../../Engine/Content/Internationalization/icudt64l/region/sv.res" 1337
"../../../Engine/Content/Internationalization/icudt64l/lang/sv_FI.res" 1338
"../../../Engine/Content/Internationalization/icudt64l/lang/sw.res" 1339
"../../../Engine/Content/Internationalization/icudt64l/lang/sw_CD.res" 1340
"../../../Engine/Content/Internationalization/icudt64l/region/sw_CD.res" 1341
"../../../Engine/Content/Internationalization/icudt64l/region/sw.res" 1342
"../../../Engine/Content/Internationalization/icudt64l/lang/sw_KE.res" 1343
"../../../Engine/Content/Internationalization/icudt64l/region/sw_KE.res" 1344
"../../../Engine/Content/Internationalization/icudt64l/lang/ta.res" 1345
"../../../Engine/Content/Internationalization/icudt64l/region/ta.res" 1346
"../../../Engine/Content/Internationalization/icudt64l/lang/te.res" 1347
"../../../Engine/Content/Internationalization/icudt64l/region/te.res" 1348
"../../../Engine/Content/Internationalization/icudt64l/lang/teo.res" 1349
"../../../Engine/Content/Internationalization/icudt64l/region/teo.res" 1350
"../../../Engine/Content/Internationalization/icudt64l/lang/tg.res" 1351
"../../../Engine/Content/Internationalization/icudt64l/region/tg.res" 1352
"../../../Engine/Content/Internationalization/icudt64l/lang/th.res" 1353
"../../../Engine/Content/Internationalization/icudt64l/lang/th_TH.res" 1354
"../../../Engine/Content/Internationalization/icudt64l/region/th_TH.res" 1355
"../../../Engine/Content/Internationalization/icudt64l/region/th.res" 1356
"../../../Engine/Content/Internationalization/icudt64l/lang/ti.res" 1357
"../../../Engine/Content/Internationalization/icudt64l/region/ti.res" 1358
"../../../Engine/Content/Internationalization/icudt64l/lang/tk.res" 1359
"../../../Engine/Content/Internationalization/icudt64l/region/tk.res" 1360
"../../../Engine/Content/Internationalization/icudt64l/lang/to.res" 1361
"../../../Engine/Content/Internationalization/icudt64l/region/to.res" 1362
"../../../Engine/Content/Internationalization/icudt64l/lang/tr.res" 1363
"../../../Engine/Content/Internationalization/icudt64l/region/tr.res" 1364
"../../../Engine/Content/Internationalization/icudt64l/lang/tt.res" 1365
"../../../Engine/Content/Internationalization/icudt64l/region/tt.res" 1366
"../../../Engine/Content/Internationalization/icudt64l/lang/twq.res" 1367
"../../../Engine/Content/Internationalization/icudt64l/region/twq.res" 1368
"../../../Engine/Content/Internationalization/icudt64l/lang/tzm.res" 1369
"../../../Engine/Content/Internationalization/icudt64l/region/tzm.res" 1370
"../../../Engine/Content/Internationalization/icudt64l/lang/ug.res" 1371
"../../../Engine/Content/Internationalization/icudt64l/region/ug.res" 1372
"../../../Engine/Content/Internationalization/icudt64l/lang/uk.res" 1373
"../../../Engine/Content/Internationalization/icudt64l/region/uk.res" 1374
"../../../Engine/Content/Internationalization/icudt64l/lang/ur.res" 1375
"../../../Engine/Content/Internationalization/icudt64l/lang/ur_IN.res" 1376
"../../../Engine/Content/Internationalization/icudt64l/region/ur_IN.res" 1377
"../../../Engine/Content/Internationalization/icudt64l/region/ur.res" 1378
"../../../Engine/Content/Internationalization/icudt64l/lang/uz.res" 1379
"../../../Engine/Content/Internationalization/icudt64l/lang/uz_Arab.res" 1380
"../../../Engine/Content/Internationalization/icudt64l/lang/uz_AF.res" 1381
"../../../Engine/Content/Internationalization/icudt64l/lang/uz_Arab_AF.res" 1382
"../../../Engine/Content/Internationalization/icudt64l/region/uz_AF.res" 1383
"../../../Engine/Content/Internationalization/icudt64l/region/uz_Arab_AF.res" 1384
"../../../Engine/Content/Internationalization/icudt64l/region/uz_Arab.res" 1385
"../../../Engine/Content/Internationalization/icudt64l/lang/uz_Cyrl.res" 1386
"../../../Engine/Content/Internationalization/icudt64l/lang/uz_UZ.res" 1387
"../../../Engine/Content/Internationalization/icudt64l/lang/uz_Latn_UZ.res" 1388
"../../../Engine/Content/Internationalization/icudt64l/lang/uz_Latn.res" 1389
"../../../Engine/Content/Internationalization/icudt64l/region/uz_UZ.res" 1390
"../../../Engine/Content/Internationalization/icudt64l/region/uz_Latn_UZ.res" 1391
"../../../Engine/Content/Internationalization/icudt64l/region/uz_Latn.res" 1392
"../../../Engine/Content/Internationalization/icudt64l/region/uz.res" 1393
"../../../Engine/Content/Internationalization/icudt64l/region/uz_Cyrl.res" 1394
"../../../Engine/Content/Internationalization/icudt64l/lang/vai.res" 1395
"../../../Engine/Content/Internationalization/icudt64l/lang/vai_Latn.res" 1396
"../../../Engine/Content/Internationalization/icudt64l/lang/vai_LR.res" 1397
"../../../Engine/Content/Internationalization/icudt64l/lang/vai_Vaii_LR.res" 1398
"../../../Engine/Content/Internationalization/icudt64l/lang/vai_Vaii.res" 1399
"../../../Engine/Content/Internationalization/icudt64l/region/vai_LR.res" 1400
"../../../Engine/Content/Internationalization/icudt64l/region/vai_Vaii_LR.res" 1401
"../../../Engine/Content/Internationalization/icudt64l/region/vai_Vaii.res" 1402
"../../../Engine/Content/Internationalization/icudt64l/region/vai.res" 1403
"../../../Engine/Content/Internationalization/icudt64l/region/vai_Latn.res" 1404
"../../../Engine/Content/Internationalization/icudt64l/lang/vi.res" 1405
"../../../Engine/Content/Internationalization/icudt64l/region/vi.res" 1406
"../../../Engine/Content/Internationalization/icudt64l/lang/vun.res" 1407
"../../../Engine/Content/Internationalization/icudt64l/region/vun.res" 1408
"../../../Engine/Content/Internationalization/icudt64l/lang/wae.res" 1409
"../../../Engine/Content/Internationalization/icudt64l/region/wae.res" 1410
"../../../Engine/Content/Internationalization/icudt64l/lang/wo.res" 1411
"../../../Engine/Content/Internationalization/icudt64l/region/wo.res" 1412
"../../../Engine/Content/Internationalization/icudt64l/lang/xh.res" 1413
"../../../Engine/Content/Internationalization/icudt64l/region/xh.res" 1414
"../../../Engine/Content/Internationalization/icudt64l/lang/xog.res" 1415
"../../../Engine/Content/Internationalization/icudt64l/region/xog.res" 1416
"../../../Engine/Content/Internationalization/icudt64l/lang/yav.res" 1417
"../../../Engine/Content/Internationalization/icudt64l/region/yav.res" 1418
"../../../Engine/Content/Internationalization/icudt64l/lang/yi.res" 1419
"../../../Engine/Content/Internationalization/icudt64l/region/yi.res" 1420
"../../../Engine/Content/Internationalization/icudt64l/lang/yo.res" 1421
"../../../Engine/Content/Internationalization/icudt64l/lang/yo_BJ.res" 1422
"../../../Engine/Content/Internationalization/icudt64l/region/yo_BJ.res" 1423
"../../../Engine/Content/Internationalization/icudt64l/region/yo.res" 1424
"../../../Engine/Content/Internationalization/icudt64l/lang/yue.res" 1425
"../../../Engine/Content/Internationalization/icudt64l/lang/yue_Hans.res" 1426
"../../../Engine/Content/Internationalization/icudt64l/lang/yue_CN.res" 1427
"../../../Engine/Content/Internationalization/icudt64l/lang/yue_Hans_CN.res" 1428
"../../../Engine/Content/Internationalization/icudt64l/region/yue_CN.res" 1429
"../../../Engine/Content/Internationalization/icudt64l/region/yue_Hans_CN.res" 1430
"../../../Engine/Content/Internationalization/icudt64l/region/yue_Hans.res" 1431
"../../../Engine/Content/Internationalization/icudt64l/lang/yue_Hant.res" 1432
"../../../Engine/Content/Internationalization/icudt64l/lang/yue_HK.res" 1433
"../../../Engine/Content/Internationalization/icudt64l/lang/yue_Hant_HK.res" 1434
"../../../Engine/Content/Internationalization/icudt64l/region/yue_HK.res" 1435
"../../../Engine/Content/Internationalization/icudt64l/region/yue_Hant_HK.res" 1436
"../../../Engine/Content/Internationalization/icudt64l/region/yue_Hant.res" 1437
"../../../Engine/Content/Internationalization/icudt64l/region/yue.res" 1438
"../../../Engine/Content/Internationalization/icudt64l/lang/zgh.res" 1439
"../../../Engine/Content/Internationalization/icudt64l/region/zgh.res" 1440
"../../../Engine/Content/Internationalization/icudt64l/lang/zh.res" 1441
"../../../Engine/Content/Internationalization/icudt64l/lang/zh_Hans.res" 1442
"../../../Engine/Content/Internationalization/icudt64l/lang/zh_CN.res" 1443
"../../../Engine/Content/Internationalization/icudt64l/lang/zh_Hans_CN.res" 1444
"../../../Engine/Content/Internationalization/icudt64l/region/zh_CN.res" 1445
"../../../Engine/Content/Internationalization/icudt64l/region/zh_Hans_CN.res" 1446
"../../../Engine/Content/Internationalization/icudt64l/region/zh_Hans.res" 1447
"../../../Engine/Content/Internationalization/icudt64l/region/zh.res" 1448
"../../../Engine/Content/Internationalization/icudt64l/lang/zh_HK.res" 1449
"../../../Engine/Content/Internationalization/icudt64l/lang/zh_Hant_HK.res" 1450
"../../../Engine/Content/Internationalization/icudt64l/lang/zh_Hant.res" 1451
"../../../Engine/Content/Internationalization/icudt64l/region/zh_HK.res" 1452
"../../../Engine/Content/Internationalization/icudt64l/region/zh_Hant_HK.res" 1453
"../../../Engine/Content/Internationalization/icudt64l/region/zh_Hant.res" 1454
"../../../Engine/Content/Internationalization/icudt64l/lang/zh_MO.res" 1455
"../../../Engine/Content/Internationalization/icudt64l/lang/zh_Hant_MO.res" 1456
"../../../Engine/Content/Internationalization/icudt64l/region/zh_MO.res" 1457
"../../../Engine/Content/Internationalization/icudt64l/region/zh_Hant_MO.res" 1458
"../../../Engine/Content/Internationalization/icudt64l/lang/zh_SG.res" 1459
"../../../Engine/Content/Internationalization/icudt64l/lang/zh_Hans_SG.res" 1460
"../../../Engine/Content/Internationalization/icudt64l/region/zh_SG.res" 1461
"../../../Engine/Content/Internationalization/icudt64l/region/zh_Hans_SG.res" 1462
"../../../Engine/Content/Internationalization/icudt64l/lang/zh_TW.res" 1463
"../../../Engine/Content/Internationalization/icudt64l/lang/zh_Hant_TW.res" 1464
"../../../Engine/Content/Internationalization/icudt64l/region/zh_TW.res" 1465
"../../../Engine/Content/Internationalization/icudt64l/region/zh_Hant_TW.res" 1466
"../../../Engine/Content/Internationalization/icudt64l/lang/zu.res" 1467
"../../../Engine/Content/Internationalization/icudt64l/region/zu.res" 1468
"../../../Engine/Content/Internationalization/icudt64l/lang/no.res" 1469
"../../../Engine/Content/Internationalization/icudt64l/lang/tl.res" 1470
"../../../Engine/Shaders/Private/VectorFieldVisualizationVertexFactory.ush" 1471
"../../../Engine/Shaders/Private/VertexFactoryCommon.ush" 1472
"../../../Engine/Shaders/Private/Common.ush" 1473
"../../../Engine/Shaders/Public/Platform.ush" 1474
"../../../Engine/Shaders/Public/FP16Math.ush" 1475
"../../../Engine/Shaders/Public/Platform/D3D/D3DCommon.ush" 1476
"../../../Engine/Shaders/Public/ShaderVersion.ush" 1477
"../../../Engine/Shaders/Private/CommonViewUniformBuffer.ush" 1478
"../../../Engine/Shaders/Private/InstancedStereo.ush" 1479
"../../../Engine/Shaders/Private/Definitions.usf" 1480
"../../../Engine/Shaders/Private/FastMath.ush" 1481
"../../../Engine/Shaders/Private/Random.ush" 1482
"../../../Engine/Shaders/Private/ParticleSpriteVertexFactory.ush" 1483
"../../../Engine/Shaders/Private/ParticleVertexFactoryCommon.ush" 1484
"../../../Engine/Shaders/Private/ParticleGPUSpriteVertexFactory.ush" 1485
"../../../Engine/Shaders/Private/ParticleBeamTrailVertexFactory.ush" 1486
"../../../Engine/Shaders/Private/MeshParticleVertexFactory.ush" 1487
"../../../Engine/Shaders/Private/LocalVertexFactory.ush" 1488
"../../../Engine/Shaders/Private/LocalVertexFactoryCommon.ush" 1489
"../../../Engine/Shaders/Private/LightmapData.ush" 1490
"../../../Engine/Shaders/Private/GpuSkinCommon.ush" 1491
"../../../Engine/Shaders/Private/GpuSkinVertexFactory.ush" 1492
"../../../Engine/Shaders/Private/GeometryCacheVertexFactory.ush" 1493
"../../../Engine/Shaders/Private/LandscapeVertexFactory.ush" 1494
"../../../Engine/Plugins/Media/WmfMedia/Shaders/Private/MediaHardwareVideoDecoding.usf" 1495
"../../../Engine/Shaders/Private/GammaCorrectionCommon.ush" 1496
"../../../Engine/Shaders/Private/ColorUtils.ush" 1497
"../../../Engine/Plugins/Media/ImgMedia/Shaders/Private/ExrSwizzler.usf" 1498
"../../../Engine/Shaders/Private/SlateElementPixelShader.usf" 1499
"../../../Engine/Shaders/Private/SlateShaderCommon.ush" 1500
"../../../Engine/Shaders/Private/MaterialTemplate.ush" 1501
"../../../Engine/Shaders/Private/SceneTexturesCommon.ush" 1502
"../../../Engine/Shaders/Private/EyeAdaptationCommon.ush" 1503
"../../../Engine/Shaders/Private/SobolRandom.ush" 1504
"../../../Engine/Shaders/Private/MonteCarlo.ush" 1505
"../../../Engine/Shaders/Private/DepthOfFieldCommon.ush" 1506
"../../../Engine/Shaders/Private/CircleDOFCommon.ush" 1507
"../../../Engine/Shaders/Private/GlobalDistanceFieldShared.ush" 1508
"../../../Engine/Shaders/Private/PhysicsFieldSampler.ush" 1509
"../../../Engine/Shaders/Private/PhysicsFieldShared.ush" 1510
"../../../Engine/Shaders/Private/SceneData.ush" 1511
"../../../Engine/Shaders/Private/HairShadingCommon.ush" 1512
"../../../Engine/Shaders/Private/HairStrands/HairCardsAttributeCommon.ush" 1513
"../../../Engine/Shaders/Private/HairStrands/HairStrandsVertexFactoryCommon.ush" 1514
"../../../Engine/Shaders/Private/HairStrands/HairStrandsAttributeCommon.ush" 1515
"../../../Engine/Shaders/Private/SpeedTreeCommon.ush" 1516
"../../../Engine/Shaders/Private/VirtualTextureCommon.ush" 1517
"../../../Engine/Shaders/Private/MinMaterialTexCoords.ush" 1518
"../../../Engine/Shaders/Private/AtmosphereCommon.ush" 1519
"../../../Engine/Shaders/Private/SkyAtmosphereCommon.ush" 1520
"../../../Engine/Shaders/Private/SingleLayerWaterCommon.ush" 1521
"../../../Engine/Shaders/Private/PaniniProjection.ush" 1522
"../../../Engine/Shaders/Private/DeferredShadingCommon.ush" 1523
"../../../Engine/Shaders/Private/ShadingCommon.ush" 1524
"../../../Engine/Shaders/Private/LightAccumulator.ush" 1525
"../../../Engine/Shaders/Private/CompositeUIPixelShader.usf" 1526
"../../../Engine/Shaders/Private/TonemapCommon.ush" 1527
"../../../Engine/Shaders/Private/ACES.ush" 1528
"../../../Engine/Shaders/Private/SlateMaskingShader.usf" 1529
"../../../Engine/Shaders/Private/SlatePostProcessColorDeficiencyPixelShader.usf" 1530
"../../../Engine/Shaders/Private/ColorSpace.ush" 1531
"../../../Engine/Shaders/Private/SlatePostProcessPixelShader.usf" 1532
"../../../Engine/Shaders/Private/SlateVertexShader.usf" 1533
"../../../Engine/Shaders/Private/TranslucentLightingShaders.usf" 1534
"../../../Engine/Shaders/Private/SHCommon.ush" 1535
"../../../Engine/Shaders/Private/ShadowProjectionCommon.ush" 1536
"../../../Engine/Shaders/Private/CubemapCommon.ush" 1537
"../../../Engine/Shaders/Private/VectorFieldCompositeShaders.usf" 1538
"../../../Engine/Shaders/Private/UpdateTextureShaders.usf" 1539
"../../../Engine/Shaders/Private/StereoLayerShader.usf" 1540
"../../../Engine/Shaders/Private/MorphTargets.usf" 1541
"../../../Engine/Shaders/Private/SimpleElementColorChannelMaskPixelShader.usf" 1542
"../../../Engine/Shaders/Private/SimpleElementHitProxyPixelShader.usf" 1543
"../../../Engine/Shaders/Private/SimpleElementPixelShader.usf" 1544
"../../../Engine/Shaders/Private/IESLightProfilesCommon.ush" 1545
"../../../Engine/Shaders/Private/SimpleElementVertexShader.usf" 1546
"../../../Engine/Shaders/Private/ScreenPixelShaderOES.usf" 1547
"../../../Engine/Shaders/Private/ScreenVertexShader.usf" 1548
"../../../Engine/Shaders/Private/ScreenPixelShader.usf" 1549
"../../../Engine/Shaders/Private/VolumetricLightmapStreaming.usf" 1550
"../../../Engine/Shaders/Private/PhysicsFieldReset.usf" 1551
"../../../Engine/Shaders/Private/PhysicsFieldBuilder.usf" 1552
"../../../Engine/Shaders/Private/ParticleSortKeyGen.usf" 1553
"../../../Engine/Shaders/Private/ParticleBoundsShader.usf" 1554
"../../../Engine/Shaders/Private/ParticleSimVisualizeShader.usf" 1555
"../../../Engine/Shaders/Private/ParticleInjectionShader.usf" 1556
"../../../Engine/Shaders/Private/ParticleSimulationShader.usf" 1557
"../../../Engine/Shaders/Private/ParticleCurveInjectionShader.usf" 1558
"../../../Engine/Shaders/Private/CopyUIntBuffer.usf" 1559
"../../../Engine/Shaders/Private/RadixSortShaders.usf" 1560
"../../../Engine/Shaders/Private/RecomputeTangentsPerVertexPass.usf" 1561
"../../../Engine/Shaders/Private/RecomputeTangentsCommon.ush" 1562
"../../../Engine/Shaders/Private/RecomputeTangentsPerTrianglePass.usf" 1563
"../../../Engine/Shaders/Private/GpuSkinCacheComputeShader.usf" 1564
"../../../Engine/Shaders/Private/DistanceFieldDownsampling.usf" 1565
"../../../Engine/Shaders/Private/HeightFieldAtlasManagement.usf" 1566
"../../../Engine/Shaders/Private/LandscapePhysicalMaterial.usf" 1567
"../../../Engine/Shaders/Private/LandscapeGrassWeight.usf" 1568
"../../../Engine/Shaders/Private/LandscapeLayersCS.usf" 1569
"../../../Engine/Shaders/Private/LandscapeLayersPS.usf" 1570
"../../../Engine/Shaders/Private/LandscapeLayersVS.usf" 1571
"../../../Engine/Shaders/Private/WideCustomResolveShaders.usf" 1572
"../../../Engine/Shaders/Private/WideCustomResolve_Wide.ush" 1573
"../../../Engine/Shaders/Private/WideCustomResolve_Wider.ush" 1574
"../../../Engine/Shaders/Private/WideCustomResolve_Widest.ush" 1575
"../../../Engine/Shaders/Private/PageTableUpdate.usf" 1576
"../../../Engine/Shaders/Private/VirtualTextureCompress.usf" 1577
"../../../Engine/Shaders/Private/BCCompressionCommon.ush" 1578
"../../../Engine/Shaders/Private/ETCCompressionCommon.ush" 1579
"../../../Engine/Shaders/Private/VirtualTextureMaterial.usf" 1580
"../../../Engine/Shaders/Private/PixelShaderOutputCommon.ush" 1581
"../../../Engine/Shaders/Private/VolumetricRenderTarget.usf" 1582
"../../../Engine/Shaders/Private/SceneTextureParameters.ush" 1583
"../../../Engine/Shaders/Private/VolumetricFogVoxelization.usf" 1584
"../../../Engine/Shaders/Private/VolumetricCloudMaterialPixelCommon.ush" 1585
"../../../Engine/Shaders/Private/VolumetricFogLightFunction.usf" 1586
"../../../Engine/Shaders/Private/LightFunctionCommon.ush" 1587
"../../../Engine/Shaders/Private/VolumetricFog.usf" 1588
"../../../Engine/Shaders/Private/DeferredLightingCommon.ush" 1589
"../../../Engine/Shaders/Private/DynamicLightingCommon.ush" 1590
"../../../Engine/Shaders/Private/CapsuleLightIntegrate.ush" 1591
"../../../Engine/Shaders/Private/ShadingModels.ush" 1592
"../../../Engine/Shaders/Private/BRDF.ush" 1593
"../../../Engine/Shaders/Private/CapsuleLight.ush" 1594
"../../../Engine/Shaders/Private/RectLight.ush" 1595
"../../../Engine/Shaders/Private/TransmissionCommon.ush" 1596
"../../../Engine/Shaders/Private/SubsurfaceProfileCommon.ush" 1597
"../../../Engine/Shaders/Private/BurleyNormalizedSSSCommon.ush" 1598
"../../../Engine/Shaders/Private/HairBsdf.ush" 1599
"../../../Engine/Shaders/Private/CapsuleLightSampling.ush" 1600
"../../../Engine/Shaders/Private/RectLightIntegrate.ush" 1601
"../../../Engine/Shaders/Private/LightGridCommon.ush" 1602
"../../../Engine/Shaders/Private/HeightFogCommon.ush" 1603
"../../../Engine/Shaders/Private/DistanceFieldAOShared.ush" 1604
"../../../Engine/Shaders/Private/VolumeLightingCommon.ush" 1605
"../../../Engine/Shaders/Private/ShadowFilteringCommon.ush" 1606
"../../../Engine/Shaders/Private/PixelQuadMessagePassing.ush" 1607
"../../../Engine/Shaders/Private/VolumeLightingCommonSampling.ush" 1608
"../../../Engine/Shaders/Private/VolumetricLightmapShared.ush" 1609
"../../../Engine/Shaders/Private/ForwardShadowingCommon.ush" 1610
"../../../Engine/Shaders/Private/ParticipatingMediaCommon.ush" 1611
"../../../Engine/Shaders/Private/VolumetricCloudCommon.ush" 1612
"../../../Engine/Shaders/Private/VolumetricCloud.usf" 1613
"../../../Engine/Shaders/Private/ReflectionEnvironmentShared.ush" 1614
"../../../Engine/Shaders/Private/ShaderDrawDebug.ush" 1615
"../../../Engine/Shaders/Private/VisualizeVolumetricLightmap.usf" 1616
"../../../Engine/Shaders/Private/ViewMode/LODColorationPixelShader.usf" 1617
"../../../Engine/Shaders/Private/DebugViewModeCommon.ush" 1618
"../../../Engine/Shaders/Private/VelocityShader.usf" 1619
"../../../Engine/Shaders/Private/VelocityCommon.ush" 1620
"../../../Engine/Shaders/Private/Tessellation.ush" 1621
"../../../Engine/Shaders/Private/FlatTessellation.ush" 1622
"../../../Engine/Shaders/Private/PNTriangles.ush" 1623
"../../../Engine/Shaders/Private/VariableRateShading.usf" 1624
"../../../Engine/Shaders/Private/TranslucencyUpsampling.usf" 1625
"../../../Engine/Shaders/Private/SeparateTranslucency.ush" 1626
"../../../Engine/Shaders/Private/TranslucentLightInjectionShaders.usf" 1627
"../../../Engine/Shaders/Private/TranslucentShadowDepthShaders.usf" 1628
"../../../Engine/Shaders/Private/ShadowDepthCommon.ush" 1629
"../../../Engine/Shaders/Private/TiledDeferredLightShaders.usf" 1630
"../../../Engine/Shaders/Private/RayTracing/RayTracingTest.usf" 1631
"../../../Engine/Shaders/Private/RayTracing/RayTracingCommon.ush" 1632
"../../../Engine/Shaders/Shared/RayTracingDefinitions.h" 1633
"../../../Engine/Shaders/Private/SkyAtmosphere.usf" 1634
"../../../Engine/Shaders/Private/MiniFontCommon.ush" 1635
"../../../Engine/Shaders/Private/SingleLayerWaterComposite.usf" 1636
"../../../Engine/Shaders/Private/ReflectionEnvironmentComposite.ush" 1637
"../../../Engine/Shaders/Private/ShadowProjectionPixelShader.usf" 1638
"../../../Engine/Shaders/Private/ShadowPercentageCloserFiltering.ush" 1639
"../../../Engine/Shaders/Private/TransmissionThickness.ush" 1640
"../../../Engine/Shaders/Private/HairStrands/HairStrandsVisibilityCommon.ush" 1641
"../../../Engine/Shaders/Private/HairStrands/HairStrandsVisibilityCommonStruct.ush" 1642
"../../../Engine/Shaders/Private/ShadowProjectionVertexShader.usf" 1643
"../../../Engine/Shaders/Private/CopyShadowMaps.usf" 1644
"../../../Engine/Shaders/Private/ShadowDepthPixelShader.usf" 1645
"../../../Engine/Shaders/Private/LPVListEntry.ush" 1646
"../../../Engine/Shaders/Private/LPVWriteVplCommon.ush" 1647
"../../../Engine/Shaders/Private/LPVWriteCommon.ush" 1648
"../../../Engine/Shaders/Private/LPVCommon.ush" 1649
"../../../Engine/Shaders/Private/ShadowDepthVertexShader.usf" 1650
"../../../Engine/Shaders/Private/ShaderPrintDraw.usf" 1651
"../../../Engine/Shaders/Private/ShaderPrintCommon.ush" 1652
"../../../Engine/Shaders/Private/ShaderComplexityAccumulatePixelShader.usf" 1653
"../../../Engine/Shaders/Private/QuadOverdraw.ush" 1654
"../../../Engine/Shaders/Private/SSRT/SSRTDiffuseIndirect.usf" 1655
"../../../Engine/Shaders/Private/SSRT/SSRTRayCast.ush" 1656
"../../../Engine/Shaders/Private/SSRT/SSRTTileClassificationBuffer.ush" 1657
"../../../Engine/Shaders/Private/SSRT/SSRTReflections.usf" 1658
"../../../Engine/Shaders/Private/ScreenSpaceDenoise/SSDPublic.ush" 1659
"../../../Engine/Shaders/Private/SSRT/SSRTTileClassification.usf" 1660
"../../../Engine/Shaders/Private/SSRT/SSRTPrevFrameReduction.usf" 1661
"../../../Engine/Shaders/Private/ScreenSpaceDenoise/SSDComposeHarmonics.usf" 1662
"../../../Engine/Shaders/Private/ScreenSpaceDenoise/SSDDefinitions.ush" 1663
"../../../Engine/Shaders/Private/ScreenSpaceDenoise/SSDPublicHarmonics.ush" 1664
"../../../Engine/Shaders/Private/LightShaderParameters.ush" 1665
"../../../Engine/Shaders/Private/ScreenSpaceDenoise/SSDSignalFramework.ush" 1666
"../../../Engine/Shaders/Private/ScreenSpaceDenoise/SSDCommon.ush" 1667
"../../../Engine/Shaders/Private/SphericalGaussian.ush" 1668
"../../../Engine/Shaders/Public/WaveBroadcastIntrinsics.ush" 1669
"../../../Engine/Shaders/Private/ScreenSpaceDenoise/SSDMetadata.ush" 1670
"../../../Engine/Shaders/Private/ScreenSpaceDenoise/SSDSignalCore.ush" 1671
"../../../Engine/Shaders/Private/QuasiRandom.ush" 1672
"../../../Engine/Shaders/Private/BlueNoise.ush" 1673
"../../../Engine/Shaders/Private/Halton.ush" 1674
"../../../Engine/Shaders/Private/MortonCode.ush" 1675
"../../../Engine/Shaders/Private/ScreenSpaceDenoise/SSDSignalArray.ush" 1676
"../../../Engine/Shaders/Private/ScreenSpaceDenoise/SSDSignalBufferEncoding.ush" 1677
"../../../Engine/Shaders/Private/ScreenSpaceDenoise/SSDPublicBufferEncoding.ush" 1678
"../../../Engine/Shaders/Private/ScreenSpaceDenoise/SSDTemporalAccumulation.usf" 1679
"../../../Engine/Shaders/Private/ScreenSpaceDenoise/SSDSpatialKernel.ush" 1680
"../../../Engine/Shaders/Private/ScreenSpaceDenoise/SSDSignalAccumulatorArray.ush" 1681
"../../../Engine/Shaders/Private/ScreenSpaceDenoise/SSDSignalAccumulator.ush" 1682
"../../../Engine/Shaders/Private/ScreenSpaceDenoise/SSDSignalCompression.ush" 1683
"../../../Engine/Shaders/Private/TextureSampling.ush" 1684
"../../../Engine/Shaders/Private/ScreenSpaceDenoise/SSDSpatialAccumulation.usf" 1685
"../../../Engine/Shaders/Private/ScreenSpaceDenoise/SSDInjest.usf" 1686
"../../../Engine/Shaders/Private/ScreenSpaceDenoise/SSDCompressMetadata.usf" 1687
"../../../Engine/Shaders/Private/DownsampleDepthPixelShader.usf" 1688
"../../../Engine/Shaders/Private/ScreenPass.usf" 1689
"../../../Engine/Shaders/Private/HZB.usf" 1690
"../../../Engine/Shaders/Private/ReductionCommon.ush" 1691
"../../../Engine/Shaders/Private/HZBOcclusion.usf" 1692
"../../../Engine/Shaders/Private/OcclusionQueryPixelShader.usf" 1693
"../../../Engine/Shaders/Private/OcclusionQueryVertexShader.usf" 1694
"../../../Engine/Shaders/Private/HitProxyPixelShader.usf" 1695
"../../../Engine/Shaders/Private/HitProxyVertexShader.usf" 1696
"../../../Engine/Shaders/Private/ODSCapture.usf" 1697
"../../../Engine/Shaders/Private/SceneCapturePixelShader.usf" 1698
"../../../Engine/Shaders/Private/RequiredTextureResolutionPixelShader.usf" 1699
"../../../Engine/Shaders/Private/RTWriteMaskDecode.usf" 1700
"../../../Engine/Shaders/Private/ReflectionEnvironmentShaders.usf" 1701
"../../../Engine/Shaders/Private/SkyLightingShared.ush" 1702
"../../../Engine/Shaders/Private/RayTracing/VisualizeSkyLightMipTreePS.usf" 1703
"../../../Engine/Shaders/Private/RayTracing/MipTreeCommon.ush" 1704
"../../../Engine/Shaders/Private/RayTracing/CompositeSkyLightPS.usf" 1705
"../../../Engine/Shaders/Private/RayTracing/GenerateSkyLightVisibilityRaysCS.usf" 1706
"../../../Engine/Shaders/Private/RayTracing/RayTracingSkyLightCommon.ush" 1707
"../../../Engine/Shaders/Private/RayTracing/SkyLightVisibilityRaysData.ush" 1708
"../../../Engine/Shaders/Private/PathTracing/Utilities/PathTracingRandomSequence.ush" 1709
"../../../Engine/Shaders/Private/Raytracing/RaytracingSkylightRGS.usf" 1710
"../../../Engine/Shaders/Private/HairStrands/HairStrandsVoxelPageCommonStruct.ush" 1711
"../../../Engine/Shaders/Private/HairStrands/HairStrandsRaytracing.ush" 1712
"../../../Engine/Shaders/Private/HairStrands/HairStrandsVoxelPageCommon.ush" 1713
"../../../Engine/Shaders/Private/HairStrands/HairStrandsVoxelPageTraversal.ush" 1714
"../../../Engine/Shaders/Private/Raytracing/RayTracingSkyLightEvaluation.ush" 1715
"../../../Engine/Shaders/Private/Raytracing/RayTracingDeferredShadingCommon.ush" 1716
"../../../Engine/Shaders/Private/RayTracing/RayTracingOcclusionRGS.usf" 1717
"../../../Engine/Shaders/Private/RayTracing/RayTracingDirectionalLight.ush" 1718
"../../../Engine/Shaders/Private/RayTracing/RayTracingRectLight.ush" 1719
"../../../Engine/Shaders/Private/RayTracing/RayTracingSphereLight.ush" 1720
"../../../Engine/Shaders/Private/RayTracing/RayTracingSpotLight.ush" 1721
"../../../Engine/Shaders/Private/RayTracing/RayTracingDiskLight.ush" 1722
"../../../Engine/Shaders/Private/RayTracing/RayTracingPointLight.ush" 1723
"../../../Engine/Shaders/Private/RayTracing/SplitImaginaryReflectionGBufferCS.usf" 1724
"../../../Engine/Shaders/Private/RayTracing/RayTracingReflectionsCommon.ush" 1725
"../../../Engine/Shaders/Private/RayTracing/RayTracingReflections.usf" 1726
"../../../Engine/Shaders/Private/RayTracing/RayTracingHitGroupCommon.ush" 1727
"../../../Engine/Shaders/Shared/RayTracingBuiltInResources.h" 1728
"../../../Engine/Shaders/Private/RayTracing/RayTracingLightingCommon.ush" 1729
"../../../Engine/Shaders/Private/RayTracing/RayTracingLightCullingCommon.ush" 1730
"../../../Engine/Shaders/Private/RayTracing/RayTracingReflectionEnvironment.ush" 1731
"../../../Engine/Shaders/Private/RayTracing/RayTracingPrimaryRays.usf" 1732
"../../../Engine/Shaders/Private/RayTracing/RayTracingMaterialDefaultHitShaders.usf" 1733
"../../../Engine/Shaders/Private/RayTracing/RayTracingMaterialHitShaders.usf" 1734
"../../../Engine/Shaders/Private/LightmapCommon.ush" 1735
"../../../Engine/Shaders/Private/PathTracing/Material/PathTracingFresnel.ush" 1736
"../../../Engine/Shaders/Private/PathTracing/Material/PathTracingThinGlass.ush" 1737
"../../../Engine/Shaders/Private/PathTracing/Material/PathTracingMaterialCommon.ush" 1738
"../../../Engine/Shaders/Private/PathTracing/PathTracingCommon.ush" 1739
"../../../Engine/Shaders/Private/PathTracing/PathTracingDefinitions.ush" 1740
"../../../Engine/Shaders/Private/PathTracing/Material/PathTracingGlossy.ush" 1741
"../../../Engine/Shaders/Private/RayTracing/RayTracingLightingMS.usf" 1742
"../../../Engine/Shaders/Private/RayTracing/GenerateCulledLightListCS.usf" 1743
"../../../Engine/Shaders/Private/RayTracing/RayTracingFinalGatherRGS.usf" 1744
"../../../Engine/Shaders/Private/RayTracing/RayTracingGatherPoints.ush" 1745
"../../../Engine/Shaders/Private/PathTracing/Light/PathTracingLightSampling.ush" 1746
"../../../Engine/Shaders/Private/PathTracing/Light/PathTracingLightCommon.ush" 1747
"../../../Engine/Shaders/Shared/RayTracingTypes.h" 1748
"../../../Engine/Shaders/Shared/PathTracingDefinitions.h" 1749
"../../../Engine/Shaders/Private/PathTracing/Light/PathTracingDirectionalLight.ush" 1750
"../../../Engine/Shaders/Private/PathTracing/Light/PathTracingPointLight.ush" 1751
"../../../Engine/Shaders/Private/PathTracing/Light/PathTracingCapsuleLight.ush" 1752
"../../../Engine/Shaders/Private/PathTracing/Light/PathTracingRectLight.ush" 1753
"../../../Engine/Shaders/Private/PathTracing/Light/PathTracingSkyLight.ush" 1754
"../../../Engine/Shaders/Private/PathTracing/Light/PathTracingSpotLight.ush" 1755
"../../../Engine/Shaders/Private/PathTracing/Material/PathTracingMaterialSampling.ush" 1756
"../../../Engine/Shaders/Private/PathTracing/Material/PathTracingLambert.ush" 1757
"../../../Engine/Shaders/Private/PathTracing/Material/PathTracingRadianceProbe.ush" 1758
"../../../Engine/Shaders/Private/PathTracing/Material/FirstBounceRayGuidingCommon.ush" 1759
"../../../Engine/Shaders/Private/PathTracing/Material/PathTracingSpecularReflection.ush" 1760
"../../../Engine/Shaders/Private/PathTracing/Material/PathTracingSpecularTransmission.ush" 1761
"../../../Engine/Shaders/Private/PathTracing/Material/PathTracingSolidGlass.ush" 1762
"../../../Engine/Shaders/Private/PathTracing/Material/PathTracingDefaultLit.ush" 1763
"../../../Engine/Shaders/Private/PathTracing/Material/PathTracingClearCoat.ush" 1764
"../../../Engine/Shaders/Private/PathTracing/Material/PathTracingTwoSidedFoliage.ush" 1765
"../../../Engine/Shaders/Private/PathTracing/Material/PathTracingCloth.ush" 1766
"../../../Engine/Shaders/Private/PathTracing/Material/PathTracingSubsurfaceProfile.ush" 1767
"../../../Engine/Shaders/Private/RayTracing/RayTracingCreateGatherPointsRGS.usf" 1768
"../../../Engine/Shaders/Private/RayTracing/RayTracingGlobalIlluminationRGS.usf" 1769
"../../../Engine/Shaders/Private/RayTracing/RayTracingDynamicMesh.usf" 1770
"../../../Engine/Shaders/Private/RayTracing/RayTracingDeferredReflections.usf" 1771
"../../../Engine/Shaders/Private/RayTracing/RayTracingDeferredMaterials.ush" 1772
"../../../Engine/Shaders/Shared/ThirdParty/AMD/ags_shader_intrinsics_dx12.h" 1773
"../../../Engine/Shaders/Private/RayTracing/RayTracingDeferredReflections.ush" 1774
"../../../Engine/Shaders/Private/RayTracing/RayTracingReflectionResolve.usf" 1775
"../../../Engine/Shaders/Private/RayTracing/RayTracingReflectionsGenerateRaysCS.usf" 1776
"../../../Engine/Shaders/Private/RayTracing/MaterialSort.usf" 1777
"../../../Engine/Shaders/Private/RayTracing/RayTracingDeferredMaterials.usf" 1778
"../../../Engine/Shaders/Private/RayTracing/RayTracingDebug.usf" 1779
"../../../Engine/Shaders/Shared/RayTracingDebugDefinitions.h" 1780
"../../../Engine/Shaders/Private/RayTracing/RayTracingBarycentrics.usf" 1781
"../../../Engine/Shaders/Private/RayTracing/RayTracingAmbientOcclusionRGS.usf" 1782
"../../../Engine/Shaders/Private/PrimitiveDistanceAccuracyPixelShader.usf" 1783
"../../../Engine/Shaders/Private/VisualizeShadingModels.usf" 1784
"../../../Engine/Shaders/Private/PostProcessCommon.ush" 1785
"../../../Engine/Shaders/Private/TemporalAA/TAAUpdateHistory.usf" 1786
"../../../Engine/Shaders/Private/TemporalAA/TAACommon.ush" 1787
"../../../Engine/Shaders/Private/TemporalAA/TAADilateRejection.usf" 1788
"../../../Engine/Shaders/Private/TemporalAA/TAACompareHistory.usf" 1789
"../../../Engine/Shaders/Private/TemporalAA/TAAFilterFrequencies.usf" 1790
"../../../Engine/Shaders/Private/TemporalAA/TAADecimateHistory.usf" 1791
"../../../Engine/Shaders/Private/TemporalAA/TAADilateVelocity.usf" 1792
"../../../Engine/Shaders/Private/TemporalAA/TAAClearPrevTextures.usf" 1793
"../../../Engine/Shaders/Private/TemporalAA/TAAStandalone.usf" 1794
"../../../Engine/Shaders/Private/FilterPixelShader.usf" 1795
"../../../Engine/Shaders/Private/ScreenPass.ush" 1796
"../../../Engine/Shaders/Private/FilterVertexShader.usf" 1797
"../../../Engine/Shaders/Private/PostProcessVisualizeHDR.usf" 1798
"../../../Engine/Shaders/Private/PostProcessHistogramCommon.ush" 1799
"../../../Engine/Shaders/Private/ShaderComplexityApplyPixelShader.usf" 1800
"../../../Engine/Shaders/Private/PostProcessVisualizeBuffer.usf" 1801
"../../../Engine/Shaders/Private/PostProcessUpscale.usf" 1802
"../../../Engine/Shaders/Private/PostProcessTonemap.usf" 1803
"../../../Engine/Shaders/Private/PostProcessTestImage.usf" 1804
"../../../Engine/Shaders/Private/PostProcessSubsurface.usf" 1805
"../../../Engine/Shaders/Private/SeparableSSS.ush" 1806
"../../../Engine/Shaders/Private/SubsurfaceBurleyNormalized.ush" 1807
"../../../Engine/Shaders/Private/PostProcessSelectionOutline.usf" 1808
"../../../Engine/Shaders/Private/PostProcessPixelProjectedReflectionMobile.usf" 1809
"../../../Engine/Shaders/Private/PostProcessNoiseBlur.usf" 1810
"../../../Engine/Shaders/Private/PostProcessMotionBlur.usf" 1811
"../../../Engine/Shaders/Private/PostProcessVelocityFlatten.usf" 1812
"../../../Engine/Shaders/Private/PostProcessMobile.usf" 1813
"../../../Engine/Shaders/Private/PostProcessMitchellNetravali.usf" 1814
"../../../Engine/Shaders/Private/PostProcessMaterialShaders.usf" 1815
"../../../Engine/Shaders/Private/PostProcessLensFlares.usf" 1816
"../../../Engine/Shaders/Private/ComposeSeparateTranslucency.usf" 1817
"../../../Engine/Shaders/Private/PostProcessHMD.usf" 1818
"../../../Engine/Shaders/Private/PostProcessHistogramReduce.usf" 1819
"../../../Engine/Shaders/Private/PostProcessHistogram.usf" 1820
"../../../Engine/Shaders/Private/PostProcessGBufferHints.usf" 1821
"../../../Engine/Shaders/Private/PostProcessFFTBloom.usf" 1822
"../../../Engine/Shaders/Private/PostProcessEyeAdaptation.usf" 1823
"../../../Engine/Shaders/Private/PostProcessDownsample.usf" 1824
"../../../Engine/Shaders/Private/PostProcessDOF.usf" 1825
"../../../Engine/Shaders/Private/PostProcessDeviceEncodingOnly.usf" 1826
"../../../Engine/Shaders/Private/PostProcessCompositeEditorPrimitives.usf" 1827
"../../../Engine/Shaders/Private/PostProcessCombineLUTs.usf" 1828
"../../../Engine/Shaders/Private/PostProcessVisualizeDOF.usf" 1829
"../../../Engine/Shaders/Private/PostProcessBloom.usf" 1830
"../../../Engine/Shaders/Private/PostProcessAmbientOcclusionMobile.usf" 1831
"../../../Engine/Shaders/Private/PostProcessAmbientOcclusionCommon.ush" 1832
"../../../Engine/Shaders/Private/FXAAShader.usf" 1833
"../../../Engine/Shaders/Private/Fxaa3_11.ush" 1834
"../../../Engine/Shaders/Private/DiaphragmDOF/DOFRecombine.usf" 1835
"../../../Engine/Shaders/Private/DiaphragmDOF/DOFCommon.ush" 1836
"../../../Engine/Shaders/Private/DiaphragmDOF/DOFHybridScatterPixelShader.usf" 1837
"../../../Engine/Shaders/Private/DiaphragmDOF/DOFHybridScatterCommon.ush" 1838
"../../../Engine/Shaders/Private/DiaphragmDOF/DOFHybridScatterVertexShader.usf" 1839
"../../../Engine/Shaders/Private/DiaphragmDOF/DOFPostfiltering.usf" 1840
"../../../Engine/Shaders/Private/DiaphragmDOF/DOFGatherTileSuggest.ush" 1841
"../../../Engine/Shaders/Private/DiaphragmDOF/DOFCocTileCommon.ush" 1842
"../../../Engine/Shaders/Private/DiaphragmDOF/DOFGatherPass.usf" 1843
"../../../Engine/Shaders/Private/DiaphragmDOF/DOFGatherCommon.ush" 1844
"../../../Engine/Shaders/Private/DiaphragmDOF/DOFGatherAccumulator.ush" 1845
"../../../Engine/Shaders/Private/DiaphragmDOF/DOFGatherKernel.ush" 1846
"../../../Engine/Shaders/Private/DiaphragmDOF/DOFBokehLUT.usf" 1847
"../../../Engine/Shaders/Private/DiaphragmDOF/DOFHybridScatterCompilation.usf" 1848
"../../../Engine/Shaders/Private/DiaphragmDOF/DOFReduce.usf" 1849
"../../../Engine/Shaders/Private/DiaphragmDOF/DOFDownsample.ush" 1850
"../../../Engine/Shaders/Private/DiaphragmDOF/DOFHybridScatterCompilation.ush" 1851
"../../../Engine/Shaders/Private/DiaphragmDOF/DOFDownsample.usf" 1852
"../../../Engine/Shaders/Private/DiaphragmDOF/DOFCocTileDilate.usf" 1853
"../../../Engine/Shaders/Private/DiaphragmDOF/DOFCocTileFlatten.usf" 1854
"../../../Engine/Shaders/Private/DiaphragmDOF/DOFSetup.usf" 1855
"../../../Engine/Shaders/Private/PlanarReflectionShaders.usf" 1856
"../../../Engine/Shaders/Private/PlanarReflectionShared.ush" 1857
"../../../Engine/Shaders/Private/PathTracing/PathTracingCompositingPixelShader.usf" 1858
"../../../Engine/Shaders/Private/PathTracing/PathTracingIESAtlas.usf" 1859
"../../../Engine/Shaders/Private/PathTracing/PathTracing.usf" 1860
"../../../Engine/Shaders/Private/PathTracing/Light/PathTracingLightGrid.ush" 1861
"../../../Engine/Shaders/Private/PathTracing/PathTracingCamera.ush" 1862
"../../../Engine/Shaders/Private/PathTracing/Sensor/PathTracingPinholeCamera.ush" 1863
"../../../Engine/Shaders/Private/PathTracing/PathTracingBuildLightGrid.usf" 1864
"../../../Engine/Shaders/Private/PathTracing/PathTracingSkylightMISCompensation.usf" 1865
"../../../Engine/Shaders/Private/PathTracing/PathTracingSkylightPrepare.usf" 1866
"../../../Engine/Shaders/Private/MobileSceneCapture.usf" 1867
"../../../Engine/Shaders/Private/DistortApplyScreenPS.usf" 1868
"../../../Engine/Shaders/Private/MobileDeferredShading.usf" 1869
"../../../Engine/Shaders/Private/MobileShadingModels.ush" 1870
"../../../Engine/Shaders/Private/MobileGGX.ush" 1871
"../../../Engine/Shaders/Private/MobileBasePassPixelShader.usf" 1872
"../../../Engine/Shaders/Private/MobileBasePassCommon.ush" 1873
"../../../Engine/Shaders/Private/SingleLayerWaterShading.ush" 1874
"../../../Engine/Shaders/Private/DistortionCommon.ush" 1875
"../../../Engine/Shaders/Private/MobileBasePassVertexShader.usf" 1876
"../../../Engine/Shaders/Private/MeshTexCoordSizeAccuracyPixelShader.usf" 1877
"../../../Engine/Shaders/Private/MaterialTexCoordScalesPixelShader.usf" 1878
"../../../Engine/Shaders/Private/LightShaftShader.usf" 1879
"../../../Engine/Shaders/Private/StationaryLightOverlapShaders.usf" 1880
"../../../Engine/Shaders/Private/DeferredLightPixelShaders.usf" 1881
"../../../Engine/Shaders/Private/HairStrands/HairStrandsCommon.ush" 1882
"../../../Engine/Shaders/Private/HairStrands/HairStrandsDeepTransmittanceCommon.ush" 1883
"../../../Engine/Shaders/Private/HairStrands/HairStrandsDeepTransmittanceDualScattering.ush" 1884
"../../../Engine/Shaders/Private/DeferredLightVertexShaders.usf" 1885
"../../../Engine/Shaders/Private/LPVVisualise.usf" 1886
"../../../Engine/Shaders/Private/LPVGeometryVolumeCommon.ush" 1887
"../../../Engine/Shaders/Private/LPVDirectLightInject.usf" 1888
"../../../Engine/Shaders/Private/LPVPropagate.usf" 1889
"../../../Engine/Shaders/Private/LPVPacking.ush" 1890
"../../../Engine/Shaders/Private/LPVBuildGeometryVolume.usf" 1891
"../../../Engine/Shaders/Private/LPVDirectionalOcclusion.usf" 1892
"../../../Engine/Shaders/Private/LPVInject_AccumulateVplLists.usf" 1893
"../../../Engine/Shaders/Private/LPVInject_GenerateVplLists.usf" 1894
"../../../Engine/Shaders/Private/LPVClearLists.usf" 1895
"../../../Engine/Shaders/Private/LPVClear.usf" 1896
"../../../Engine/Shaders/Private/LightMapDensityShader.usf" 1897
"../../../Engine/Shaders/Private/LightGridInjection.usf" 1898
"../../../Engine/Shaders/Private/LightFunctionPixelShader.usf" 1899
"../../../Engine/Shaders/Private/LightFunctionVertexShader.usf" 1900
"../../../Engine/Shaders/Private/ReflectionEnvironmentPixelShader.usf" 1901
"../../../Engine/Shaders/Private/AmbientCubemapComposite.usf" 1902
"../../../Engine/Shaders/Private/DiffuseIndirectComposite.usf" 1903
"../../../Engine/Shaders/Private/HeightfieldLighting.usf" 1904
"../../../Engine/Shaders/Private/DistanceFieldLightingShared.ush" 1905
"../../../Engine/Shaders/Private/DistanceFieldShadowingShared.ush" 1906
"../../../Engine/Shaders/Private/HeightfieldLightingShared.ush" 1907
"../../../Engine/Shaders/Private/HdrCustomResolveShaders.usf" 1908
"../../../Engine/Shaders/Private/HairStrands/HairStrandsVoxelMip.usf" 1909
"../../../Engine/Shaders/Private/HairStrands/HairStrandsVoxelRasterCompute.usf" 1910
"../../../Engine/Shaders/Private/HairStrands/HairStrandsVoxelPageAllocation.usf" 1911
"../../../Engine/Shaders/Private/Matrices.ush" 1912
"../../../Engine/Shaders/Private/HairStrands/HairStrandsAABBCommon.ush" 1913
"../../../Engine/Shaders/Private/HairStrands/HairStrandsVoxelOpaque.usf" 1914
"../../../Engine/Shaders/Private/HairStrands/HairStrandsVisibilityRasterCompute.usf" 1915
"../../../Engine/Shaders/Shared/ThirdParty/NVIDIA/nvHLSLExtns.h" 1916
"../../../Engine/Shaders/Shared/ThirdParty/NVIDIA/nvHLSLExtnsInternal.h" 1917
"../../../Engine/Shaders/Shared/ThirdParty/NVIDIA/nvShaderExtnEnums.h" 1918
"../../../Engine/Shaders/Shared/ThirdParty/AMD/ags_shader_intrinsics_dx11.h" 1919
"../../../Engine/Shaders/Private/HairStrands/HairStrandsCoverage.usf" 1920
"../../../Engine/Shaders/Private/HairStrands/HairStrandsVisibilityDepthPS.usf" 1921
"../../../Engine/Shaders/Private/HairStrands/HairStrandsVisibilityTransmittanceDepthPS.usf" 1922
"../../../Engine/Shaders/Private/HairStrands/HairStrandsVisibilityFillOpaqueDepthPS.usf" 1923
"../../../Engine/Shaders/Private/HairStrands/HairStrandsVisibilityTile.usf" 1924
"../../../Engine/Shaders/Private/HairStrands/HairStrandsVisibilityCompactionComputeRaster.usf" 1925
"../../../Engine/Shaders/Private/HairStrands/HairStrandsVisibilityCompaction.usf" 1926
"../../../Engine/Shaders/Private/HairStrands/HairStrandsVisibilityCopyIndirectArg.usf" 1927
"../../../Engine/Shaders/Private/HairStrands/HairStrandsVisibilityClearPS.usf" 1928
"../../../Engine/Shaders/Private/HairStrands/HairStrandsVisibilityPS.usf" 1929
"../../../Engine/Shaders/Private/HairStrands/HairStrandsVisibilityVS.usf" 1930
"../../../Engine/Shaders/Private/HairStrands/HairStrandsLightChannelMask.usf" 1931
"../../../Engine/Shaders/Private/HairStrands/HairStrandsVelocity.usf" 1932
"../../../Engine/Shaders/Private/HairStrands/HairStrandsVisibilityComputeSampleCoverage.usf" 1933
"../../../Engine/Shaders/Private/HairStrands/HairStrandsMaterialPS.usf" 1934
"../../../Engine/Shaders/Private/HairStrands/HairStrandsMaterialCommon.ush" 1935
"../../../Engine/Shaders/Private/HairStrands/HairStrandsMaterialVS.usf" 1936
"../../../Engine/Shaders/Private/HairStrands/HairStrandsMaterialGBufferPS.usf" 1937
"../../../Engine/Shaders/Private/HairStrands/HairStrandsGBufferCommon.ush" 1938
"../../../Engine/Shaders/Private/HairStrands/HairStrandsMaterialGBufferVS.usf" 1939
"../../../Engine/Shaders/Private/HairStrands/HairStrandsLightSample.usf" 1940
"../../../Engine/Shaders/Private/HairStrands/HairStrandsDeepShadowMask.usf" 1941
"../../../Engine/Shaders/Private/HairStrands/HairStrandsDeepShadowCommonStruct.ush" 1942
"../../../Engine/Shaders/Private/HairStrands/HairStrandsDebugCommon.ush" 1943
"../../../Engine/Shaders/Private/HairStrands/HairStrandsDeepShadowCommon.ush" 1944
"../../../Engine/Shaders/Private/HairStrands/HairStrandsDeepTransmittanceMask.usf" 1945
"../../../Engine/Shaders/Private/HairStrands/HairScatter.usf" 1946
"../../../Engine/Shaders/Private/HairStrands/HairScatterCompose.usf" 1947
"../../../Engine/Shaders/Private/HairStrands/HairStrandsDeepShadowPS.usf" 1948
"../../../Engine/Shaders/Private/HairStrands/HairStrandsDeepShadowVS.usf" 1949
"../../../Engine/Shaders/Private/HairStrands/HairStrandsLUT.usf" 1950
"../../../Engine/Shaders/Private/HairStrands/HairStrandsEnvironmentLighting.usf" 1951
"../../../Engine/Shaders/Private/HairStrands/HairStrandsEnvironmentLightingCommon.ush" 1952
"../../../Engine/Shaders/Private/HairStrands/HairStrandsDebugCommonStruct.ush" 1953
"../../../Engine/Shaders/Private/HairStrands/HairStrandsEnvironmentAO.usf" 1954
"../../../Engine/Shaders/Private/HairStrands/HairStrandsDeepShadowAllocation.usf" 1955
"../../../Engine/Shaders/Private/HairStrands/HairStrandsVoxelDepthInjection.usf" 1956
"../../../Engine/Shaders/Private/HairStrands/HairStrandsClusterCulling.usf" 1957
"../../../Engine/Shaders/Private/HairStrands/HairStrandsClusterCommon.ush" 1958
"../../../Engine/Shaders/Private/HairStrands/HairStrandsVisibilityPPLLDebug.usf" 1959
"../../../Engine/Shaders/Private/HairStrands/HairStrandsBsdfPlot.usf" 1960
"../../../Engine/Shaders/Private/HairStrands/HairStrandsVoxelPageRayMarching.usf" 1961
"../../../Engine/Shaders/Private/HairStrands/HairStrandsDeepShadowDebug.usf" 1962
"../../../Engine/Shaders/Private/HairStrands/HairStrandsDebug.usf" 1963
"../../../Engine/Shaders/Private/HairStrands/HairStrandsDebugPrint.usf" 1964
"../../../Engine/Shaders/Private/HairStrands/HairStrandsGBufferWrite.usf" 1965
"../../../Engine/Shaders/Private/HairStrands/HairStrandsVisibilityComposeSubPixelPS.usf" 1966
"../../../Engine/Shaders/Private/HairStrands/HairStrandsAABB.usf" 1967
"../../../Engine/Shaders/Private/GPUFastFourierTransform.usf" 1968
"../../../Engine/Shaders/Private/GPUFastFourierTransform2DCore.ush" 1969
"../../../Engine/Shaders/Private/GPUFastFourierTransformCore.ush" 1970
"../../../Engine/Shaders/Private/ShaderDrawDebug.usf" 1971
"../../../Engine/Shaders/Private/GPUBenchmark.usf" 1972
"../../../Engine/Shaders/Private/GlobalDistanceField.usf" 1973
"../../../Engine/Shaders/Private/GammaCorrection.usf" 1974
"../../../Engine/Shaders/Private/HeightFogPixelShader.usf" 1975
"../../../Engine/Shaders/Private/HeightFogVertexShader.usf" 1976
"../../../Engine/Shaders/Private/DistortAccumulatePS.usf" 1977
"../../../Engine/Shaders/Private/DistortAccumulateVS.usf" 1978
"../../../Engine/Shaders/Private/DistanceFieldVisualization.usf" 1979
"../../../Engine/Shaders/Private/DistanceFieldShadowing.usf" 1980
"../../../Engine/Shaders/Private/DistanceFieldScreenGridLighting.usf" 1981
"../../../Engine/Shaders/Private/DistanceFieldObjectCulling.usf" 1982
"../../../Engine/Shaders/Private/DistanceFieldLightingPost.usf" 1983
"../../../Engine/Shaders/Private/DitheredTransitionStencil.usf" 1984
"../../../Engine/Shaders/Private/DepthOnlyPixelShader.usf" 1985
"../../../Engine/Shaders/Private/DepthOnlyVertexShader.usf" 1986
"../../../Engine/Shaders/Private/PositionOnlyDepthVertexShader.usf" 1987
"../../../Engine/Shaders/Private/DeferredDecal.usf" 1988
"../../../Engine/Shaders/Private/DecalCommon.ush" 1989
"../../../Engine/Shaders/Private/DBufferDecalShared.ush" 1990
"../../../Engine/Shaders/Private/DebugViewModeVertexShader.usf" 1991
"../../../Engine/Shaders/Private/PostProcessPassThrough.usf" 1992
"../../../Engine/Shaders/Private/MeshDecals.usf" 1993
"../../../Engine/Shaders/Private/PostProcessLpvIndirect.usf" 1994
"../../../Engine/Shaders/Private/LPVFinalPass.ush" 1995
"../../../Engine/Shaders/Private/PostProcessAmbientOcclusion.usf" 1996
"../../../Engine/Shaders/Private/ClusteredDeferredShadingPixelShader.usf" 1997
"../../../Engine/Shaders/Private/CapsuleShadowShaders.usf" 1998
"../../../Engine/Shaders/Private/BasePassPixelShader.usf" 1999
"../../../Engine/Shaders/Private/BasePassCommon.ush" 2000
"../../../Engine/Shaders/Private/ShadingModelsMaterial.ush" 2001
"../../../Engine/Shaders/Private/ThinTranslucentCommon.ush" 2002
"../../../Engine/Shaders/Private/ForwardLightingCommon.ush" 2003
"../../../Engine/Shaders/Private/BasePassTessellationShaders.usf" 2004
"../../../Engine/Shaders/Private/BasePassVertexCommon.ush" 2005
"../../../Engine/Shaders/Private/BasePassVertexShader.usf" 2006
"../../../Engine/Shaders/Private/AtmospherePrecomputeInscatter.usf" 2007
"../../../Engine/Shaders/Private/AtmospherePrecomputeCommon.ush" 2008
"../../../Engine/Shaders/Private/AtmospherePrecompute.usf" 2009
"../../../Engine/Shaders/Private/AtmosphericFogShader.usf" 2010
"../../../Engine/Shaders/Private/AnisotropyPassShader.usf" 2011
"../../../Engine/Shaders/Private/SimpleElementVolumeTexturePreviewPixelShader.usf" 2012
"../../../Engine/Shaders/Private/SimpleElementTexture2DPreviewPixelShader.usf" 2013
"../../../Engine/Shaders/Private/SimpleElementNormalMapPixelShader.usf" 2014
"../../../Engine/Shaders/Private/meshpaintdilatepixelshader.usf" 2015
"../../../Engine/Shaders/Private/meshpaintdilatevertexshader.usf" 2016
"../../../Engine/Shaders/Private/MeshPaintPixelShader.usf" 2017
"../../../Engine/Shaders/Private/MeshPaintVertexShader.usf" 2018
"../../../Engine/Shaders/Private/Tools/VisualizeTexture.usf" 2019
"../../../Engine/Shaders/Private/ByteBuffer.usf" 2020
"../../../Engine/Shaders/Private/ResolveVertexShader.usf" 2021
"../../../Engine/Shaders/Private/ResolvePixelShader.usf" 2022
"../../../Engine/Shaders/Private/Tools/ClearUAV.usf" 2023
"../../../Engine/Shaders/Private/ClearReplacementShaders.usf" 2024
"../../../Engine/Shaders/Private/Raytracing/RayTracingInstanceCopy.usf" 2025
"../../../Engine/Shaders/Private/RenderGraphUtilities.usf" 2026
"../../../Engine/Shaders/Private/OneColorShader.usf" 2027
"../../../Engine/Shaders/Private/OculusShaders.usf" 2028
"../../../Engine/Shaders/Private/MediaShaders.usf" 2029
"../../../Engine/Shaders/Private/NullPixelShader.usf" 2030
"../../../Engine/Shaders/Private/ComputeGenerateMips.usf" 2031
"../../../Engine/Shaders/Private/CopyTextureShaders.usf" 2032
"../../../Engine/Shaders/Private/Tools/FullscreenVertexShader.usf" 2033
"../../../Engine/Shaders/Private/RayTracing/RayTracingBuiltInShaders.usf" 2034
"C:/Users/minukey/AppData/Local/UnrealEngine/4.27/DerivedDataCache/Boot.ddc" 2035
"../../../Engine/DerivedDataCache/Compressed.ddp" 2036
"C:/Users/minukey/AppData/Local/UnrealEngine/Common/DerivedDataCache/TestData/0/TestData_4kb.dat" 2037
"C:/Users/minukey/AppData/Local/UnrealEngine/Common/DerivedDataCache/TestData/1/TestData_4kb.dat" 2038
"C:/Users/minukey/AppData/Local/UnrealEngine/Common/DerivedDataCache/TestData/0/TestData_8kb.dat" 2039
"C:/Users/minukey/AppData/Local/UnrealEngine/Common/DerivedDataCache/TestData/1/TestData_8kb.dat" 2040
"C:/Users/minukey/AppData/Local/UnrealEngine/Common/DerivedDataCache/TestData/0/TestData_16kb.dat" 2041
"C:/Users/minukey/AppData/Local/UnrealEngine/Common/DerivedDataCache/TestData/1/TestData_16kb.dat" 2042
"C:/Users/minukey/AppData/Local/UnrealEngine/Common/DerivedDataCache/TestData/0/TestData_64kb.dat" 2043
"C:/Users/minukey/AppData/Local/UnrealEngine/Common/DerivedDataCache/TestData/1/TestData_64kb.dat" 2044
"C:/Users/minukey/AppData/Local/UnrealEngine/Common/DerivedDataCache/TestData/0/TestData_128kb.dat" 2045
"C:/Users/minukey/AppData/Local/UnrealEngine/Common/DerivedDataCache/TestData/1/TestData_128kb.dat" 2046
"C:/Users/minukey/AppData/Local/UnrealEngine/Common/DerivedDataCache/TestData/0/TestData_256kb.dat" 2047
"C:/Users/minukey/AppData/Local/UnrealEngine/Common/DerivedDataCache/TestData/1/TestData_256kb.dat" 2048
"../../../Engine/Content/EditorResources/S_Actor.uasset" 2049
"../../../Engine/Content/EngineResources/WhiteSquareTexture.uasset" 2050
"../../../Engine/Content/EngineResources/GradientTexture0.uasset" 2051
"../../../Engine/Content/EngineResources/Black.uasset" 2052
"../../../Engine/Content/EngineMeshes/Sphere.uasset" 2053
"C:/Users/minukey/AppData/Local/UnrealEngine/Common/DerivedDataCache/7/0/1/PHYSX_A08609EF508D460CBB6710540B03AACF_PHYSXGENERIC_572BACBB4C0F7A7E5E958FB3CA__4A6579D91A74DAE380BCF3B12203D85EE6D02801.udd" 2054
"../../../Engine/Content/EditorMaterials/MatineeGroups/MAT_Groups_Float.uasset" 2055
"../../../Engine/Content/EditorMaterials/MatineeGroups/MAT_Groups_Anim.uasset" 2056
"../../../Engine/Content/EditorMaterials/MatineeGroups/MAT_Groups_AudioMaster.uasset" 2057
"../../../Engine/Content/EditorMaterials/MatineeGroups/MAT_ColorTrack.uasset" 2058
"../../../Engine/Content/EditorMaterials/MatineeGroups/MAT_Groups_Fade.uasset" 2059
"../../../Engine/Content/EditorMaterials/MatineeGroups/MAT_Groups_Director.uasset" 2060
"../../../Engine/Content/EditorMaterials/MatineeGroups/MAT_Groups_Event.uasset" 2061
"../../../Engine/Content/EditorMaterials/MatineeGroups/MAT_Groups_Move.uasset" 2062
"../../../Engine/Content/EditorMaterials/MatineeGroups/MAT_Groups_Slomo.uasset" 2063
"../../../Engine/Content/EditorMaterials/MatineeGroups/MAT_Groups_Sound.uasset" 2064
"../../../Engine/Content/EditorMaterials/MAT_Groups_Toggle.uasset" 2065
"../../../Engine/Content/EditorMaterials/MatineeGroups/MAT_Groups_Vector.uasset" 2066
"../../../Engine/Content/EditorMaterials/MAT_Groups_Visibility.uasset" 2067
"../../../Engine/Content/EngineResources/DefaultTexture.uasset" 2068
"../../../Engine/Content/EngineResources/DefaultTextureCube.uasset" 2069
"../../../Engine/Content/EngineResources/DefaultVolumeTexture.uasset" 2070
"../../../Engine/Content/EngineResources/DefaultVolumeTexture2D.uasset" 2071
"../../../Engine/Content/EngineFonts/RobotoDistanceField.uasset" 2072
"../../../Engine/Content/EngineMaterials/DefaultTextMaterialOpaque.uasset" 2073
"../../../Engine/Content/Functions/Engine_MaterialFunctions01/Shading/PowerToRoughness.uasset" 2074
"../../../Engine/Content/Functions/Engine_MaterialFunctions01/Shading/ConvertFromDiffSpec.uasset" 2075
"../../../Engine/Content/EngineMaterials/WorldGridMaterial.uasset" 2076
"../../../Engine/Content/Functions/Engine_MaterialFunctions01/Opacity/CameraDepthFade.uasset" 2077
"../../../Engine/Content/EngineMaterials/T_Default_Material_Grid_M.uasset" 2078
"../../../Engine/Content/EngineMaterials/T_Default_Material_Grid_N.uasset" 2079
"../../../Engine/Content/EngineMaterials/DefaultDeferredDecalMaterial.uasset" 2080
"../../../Engine/Content/EngineMaterials/DefaultDiffuse.uasset" 2081
"../../../Engine/Content/EngineMaterials/DefaultLightFunctionMaterial.uasset" 2082
"../../../Engine/Content/EngineMaterials/DefaultPostProcessMaterial.uasset" 2083
"../../../Engine/Content/Functions/Engine_MaterialFunctions02/Utility/BreakOutFloat2Components.uasset" 2084
"../../../Engine/Content/EditorResources/S_Trigger.uasset" 2085
"../../../Engine/Content/EngineSky/VolumetricClouds/m_SimpleVolumetricCloud_Inst.uasset" 2086
"../../../Engine/Content/EngineSky/VolumetricClouds/m_SimpleVolumetricCloud.uasset" 2087
"../../../Engine/Content/Functions/Engine_MaterialFunctions02/Utility/MakeFloat2.uasset" 2088
"../../../Engine/Content/EngineSky/VolumetricClouds/CloudGradientTexture.uasset" 2089
"../../../Engine/Content/EngineSky/VolumetricClouds/CloudWeatherTexture.uasset" 2090
"../../../Engine/Content/EngineSky/VolumetricClouds/T_VolumeNoiseErosion32.uasset" 2091
"../../../Engine/Content/EngineSky/VolumetricClouds/T_NoiseErosion.uasset" 2092
"../../../Engine/Content/EngineSky/VolumetricClouds/T_VolumeNoiseShape64.uasset" 2093
"../../../Engine/Content/EngineSky/VolumetricClouds/T_NoiseShape64.uasset" 2094
"../../../Engine/Content/EngineMaterials/BaseFlattenMaterial.uasset" 2095
"../../../Engine/Content/EngineMaterials/BaseFlattenDiffuseMap.uasset" 2096
"../../../Engine/Content/EngineMaterials/BaseFlattenEmissiveMap.uasset" 2097
"../../../Engine/Content/EngineMaterials/BaseFlattenGrayscaleMap.uasset" 2098
"../../../Engine/Content/EngineMaterials/BaseFlattenNormalMap.uasset" 2099
"../../../Engine/Content/EngineDamageTypes/DmgTypeBP_Environmental.uasset" 2100
"../../../Engine/Content/VREditor/TransformGizmo/SM_Sequencer_Key.uasset" 2101
"../../../Engine/Content/VREditor/TransformGizmo/Main.uasset" 2102
"../../../Engine/Content/VREditor/TransformGizmo/Xray.uasset" 2103
"C:/Users/minukey/AppData/Local/UnrealEngine/Common/DerivedDataCache/6/0/4/PHYSX_A08609EF508D460CBB6710540B03AACF_PHYSXGENERIC_03B0782E43A4D3C2AFA298B72B__53332861743485F79AA0CF326F4091BA53B64675.udd" 2104
"../../../Engine/Content/EngineMaterials/Widget3DPassThrough_Translucent.uasset" 2105
"../../../Engine/Content/EngineMaterials/Widget3DPassThrough.uasset" 2106
"../../../Engine/Shaders/Public/Platform/Vulkan/VulkanCommon.ush" 2107
"../../../Engine/Shaders/Public/Platform/Vulkan/VulkanSubpassSupport.ush" 2108
"../../../Engine/Config/TVOS/TVOSEngine.ini" 2109
"C:/Users/minukey/AppData/Local/UnrealEngine/Common/DerivedDataCache/9/4/4/MATSM_0BA69734E4FD45E082FA4560DBE25454_SF_VULKAN_ES31_ANDROID_2336__BC5N_NOCCB__F61B4626FFBB679B9F313DAE57EEB067600DC8A7.udd" 2110
"C:/Users/minukey/AppData/Local/UnrealEngine/Common/DerivedDataCache/4/1/2/MATSM_0BA69734E4FD45E082FA4560DBE25454_GLSL_ES3_1_ANDROID_18786__BC5N_NOCCBN_N__D539FF3832A8406E5342969A8DFD2B95691DF4B6.udd" 2111
"../../../Engine/Content/EngineMaterials/Widget3DPassThrough_Translucent_OneSided.uasset" 2112
"C:/Users/minukey/AppData/Local/UnrealEngine/Common/DerivedDataCache/0/3/5/MATSM_0BA69734E4FD45E082FA4560DBE25454_SF_VULKAN_ES31_ANDROID_2336__BC5N_NOCCB__8D9998B96A877EF7BE840BF606E2818DAF6E5306.udd" 2113
"C:/Users/minukey/AppData/Local/UnrealEngine/Common/DerivedDataCache/9/3/1/MATSM_0BA69734E4FD45E082FA4560DBE25454_GLSL_ES3_1_ANDROID_18786__BC5N_NOCCBN_N__E42F85447CCB1946EFCF787A48AC2C9B4246A343.udd" 2114
"../../../Engine/Content/EngineMaterials/Widget3DPassThrough_Opaque.uasset" 2115
"C:/Users/minukey/AppData/Local/UnrealEngine/Common/DerivedDataCache/4/1/6/MATSM_0BA69734E4FD45E082FA4560DBE25454_SF_VULKAN_ES31_ANDROID_2336__BC5N_NOCCB__60F9F9B783C0E41B3B92F495F63B13606EF54757.udd" 2116
"C:/Users/minukey/AppData/Local/UnrealEngine/Common/DerivedDataCache/6/0/5/MATSM_0BA69734E4FD45E082FA4560DBE25454_GLSL_ES3_1_ANDROID_18786__BC5N_NOCCBN_N__D3149456CE3BD663427FCCCBD02CD9ADFA259E42.udd" 2117
"../../../Engine/Content/EngineMaterials/Widget3DPassThrough_Opaque_OneSided.uasset" 2118
"C:/Users/minukey/AppData/Local/UnrealEngine/Common/DerivedDataCache/3/7/4/MATSM_0BA69734E4FD45E082FA4560DBE25454_SF_VULKAN_ES31_ANDROID_2336__BC5N_NOCCB__F7FE8E64912312B10319E13156380365B5ED5F41.udd" 2119
"C:/Users/minukey/AppData/Local/UnrealEngine/Common/DerivedDataCache/4/1/7/MATSM_0BA69734E4FD45E082FA4560DBE25454_GLSL_ES3_1_ANDROID_18786__BC5N_NOCCBN_N__DB149B2D924294C75997515A828B4F0EE22BC2F0.udd" 2120
"../../../Engine/Content/EngineMaterials/Widget3DPassThrough_Masked.uasset" 2121
"C:/Users/minukey/AppData/Local/UnrealEngine/Common/DerivedDataCache/1/2/6/MATSM_0BA69734E4FD45E082FA4560DBE25454_SF_VULKAN_ES31_ANDROID_2336__BC5N_NOCCB__8CCBB14674F728BF596DA15DB4DA2C5AC7AAF005.udd" 2122
"C:/Users/minukey/AppData/Local/UnrealEngine/Common/DerivedDataCache/9/4/1/MATSM_0BA69734E4FD45E082FA4560DBE25454_GLSL_ES3_1_ANDROID_18786__BC5N_NOCCBN_N__F912D6F430C3466DE2B9306CB34B53E88580DDD2.udd" 2123
"../../../Engine/Content/EngineMaterials/Widget3DPassThrough_Masked_OneSided.uasset" 2124
"C:/Users/minukey/AppData/Local/UnrealEngine/Common/DerivedDataCache/5/9/5/MATSM_0BA69734E4FD45E082FA4560DBE25454_SF_VULKAN_ES31_ANDROID_2336__BC5N_NOCCB__0FB8952496DEA71B35209E9A2ADD2554D97C83DC.udd" 2125
"C:/Users/minukey/AppData/Local/UnrealEngine/Common/DerivedDataCache/1/2/5/MATSM_0BA69734E4FD45E082FA4560DBE25454_GLSL_ES3_1_ANDROID_18786__BC5N_NOCCBN_N__CEB6076220DEEF904C0C64EAD80097418C45CB96.udd" 2126
"../../../Engine/Content/VREditor/TransformGizmo/PlaneTranslationHandle.uasset" 2127
"../../../Engine/Content/VREditor/TransformGizmo/TransformGizmoMaterial.uasset" 2128
"../../../Engine/Content/VREditor/LaserPointer/VR_LaserPower_01.uasset" 2129
"../../../Engine/Content/VREditor/TransformGizmo/TranslucentTransformGizmoMaterial.uasset" 2130
"C:/Users/minukey/AppData/Local/UnrealEngine/Common/DerivedDataCache/8/1/8/PHYSX_A08609EF508D460CBB6710540B03AACF_PHYSXGENERIC_68F96D6E4F7269E4AD14B2B016__8FED5BCB456EC64F58DB3A546F4BF30E542168B3.udd" 2131
"../../../Engine/Content/VREditor/TransformGizmo/BoundingBoxCorner.uasset" 2132
"C:/Users/minukey/AppData/Local/UnrealEngine/Common/DerivedDataCache/0/6/1/PHYSX_A08609EF508D460CBB6710540B03AACF_PHYSXGENERIC_8BCFCFC24E0DF8EF018F38A90F__E23A7C42415AB6FE7099EA7BD4CC206BEB152C9A.udd" 2133
"../../../Engine/Content/VREditor/TransformGizmo/BoundingBoxEdge.uasset" 2134
"C:/Users/minukey/AppData/Local/UnrealEngine/Common/DerivedDataCache/2/5/1/PHYSX_A08609EF508D460CBB6710540B03AACF_PHYSXGENERIC_A45AC5F24F727E508B7132ADC0__95655A186CF3586FE68D571CC38616EBDD6172A6.udd" 2135
"../../../Engine/Content/EditorMeshes/Camera/SM_CraneRig_Base.uasset" 2136
"../../../Engine/Content/EditorMaterials/Camera/MI_CineMat_Rig.uasset" 2137
"../../../Engine/Content/EditorMaterials/Camera/CineMat.uasset" 2138
"C:/Users/minukey/AppData/Local/UnrealEngine/Common/DerivedDataCache/3/9/1/PHYSX_A08609EF508D460CBB6710540B03AACF_PHYSXGENERIC_C7E16BC44EBF283831F3C1844D__B01A4051ACDF9A72DDD48AEAAF8098A8CE548F66.udd" 2139
"../../../Engine/Content/EditorMeshes/Camera/SM_CraneRig_Arm.uasset" 2140
"C:/Users/minukey/AppData/Local/UnrealEngine/Common/DerivedDataCache/0/5/4/PHYSX_A08609EF508D460CBB6710540B03AACF_PHYSXGENERIC_F260EC324774DCAE6A79CD8375__FF052C20C5EDC1E7FA5D6EC71F84668A2DCF8037.udd" 2141
"../../../Engine/Content/EditorMeshes/Camera/SM_CraneRig_Mount.uasset" 2142
"C:/Users/minukey/AppData/Local/UnrealEngine/Common/DerivedDataCache/7/8/0/PHYSX_A08609EF508D460CBB6710540B03AACF_PHYSXGENERIC_52AECB5F44307B68A160C3A844__0BD99A830D04B102A043BDBA9CC6A9EC34E47B76.udd" 2143
"../../../Engine/Content/EditorMeshes/Camera/SM_CraneRig_Body.uasset" 2144
"C:/Users/minukey/AppData/Local/UnrealEngine/Common/DerivedDataCache/9/5/1/PHYSX_A08609EF508D460CBB6710540B03AACF_PHYSXGENERIC_688DE534429542F2A282749F0E__BDF62DE451586A95ED9E70354CB4971823DDFD29.udd" 2145
"../../../Engine/Content/EditorMeshes/Camera/SM_RailRig_Track.uasset" 2146
"C:/Users/minukey/AppData/Local/UnrealEngine/Common/DerivedDataCache/6/0/6/PHYSX_A08609EF508D460CBB6710540B03AACF_PHYSXGENERIC_0EAA33D84B2C00A4EF99379D61__8BF6911B6103EA9C5D825026C9BCFA73BCD12E4D.udd" 2147
"../../../Engine/Content/EditorMeshes/Camera/SM_RailRig_Mount.uasset" 2148
"C:/Users/minukey/AppData/Local/UnrealEngine/Common/DerivedDataCache/1/8/8/PHYSX_A08609EF508D460CBB6710540B03AACF_PHYSXGENERIC_EFC97AF34787426E181448A12D__E19E42EF187D95592BF20B915125C221D1EE70BE.udd" 2149
"../../../Engine/Content/ArtTools/RenderToTexture/Meshes/S_1_Unit_Plane.uasset" 2150
"C:/Users/minukey/AppData/Local/UnrealEngine/Common/DerivedDataCache/0/4/4/PHYSX_A08609EF508D460CBB6710540B03AACF_PHYSXGENERIC_ED0028A248A57D12896F708C02__DC3F74BB2E540752D808F3CA27F87D735F13830C.udd" 2151
"../../../Engine/Content/EngineDebugMaterials/M_SimpleUnlitTranslucent.uasset" 2152
"../../../Engine/Content/EngineFonts/Roboto.uasset" 2153
"../../../Engine/Content/EngineFonts/Faces/DroidSansFallback.uasset" 2154
"../../../Engine/Content/EngineFonts/Faces/RobotoBold.uasset" 2155
"../../../Engine/Content/EngineFonts/Faces/RobotoBoldItalic.uasset" 2156
"../../../Engine/Content/EngineFonts/Faces/RobotoItalic.uasset" 2157
"../../../Engine/Content/EngineFonts/Faces/RobotoLight.uasset" 2158
"../../../Engine/Content/EngineFonts/Faces/RobotoRegular.uasset" 2159
"../../../Engine/Content/EditorMaterials/ParticleSystems/PSysThumbnail_NoImage.uasset" 2160
"../../../Engine/Content/EditorMaterials/ParticleSystems/PSysThumbnail_OOD.uasset" 2161
"../../../Engine/Content/Maps/Templates/Thumbnails/Default.uasset" 2162
"../../../Engine/Content/Maps/Templates/Thumbnails/TimeOfDay.uasset" 2163
"../../../Engine/Content/Maps/Templates/Thumbnails/VR-Basic.uasset" 2164
"../../../Engine/Content/EditorLandscapeResources/DataLayer.uasset" 2165
"../../../Engine/Content/VREditor/TransformGizmo/SM_Sequencer_Node.uasset" 2166
"C:/Users/minukey/AppData/Local/UnrealEngine/Common/DerivedDataCache/6/5/8/PHYSX_A08609EF508D460CBB6710540B03AACF_PHYSXGENERIC_7878859F4A9996EB41A8A4B02F__B2234363BBE90BD869B73EE26F388821E9BDA393.udd" 2167
"../../../Engine/Content/Internationalization/icudt64l/coll/ucadata.icu" 2168
"../../../Engine/Content/Internationalization/icudt64l/coll/en.res" 2169
"../../../Engine/Content/Internationalization/icudt64l/coll/root.res" 2170
"../../../Engine/Content/Tutorial/Basics/LevelEditorAttract.uasset" 2171
"../../../Engine/Content/Tutorial/Installation/InstallingVisualStudioTutorial.uasset" 2172
"../../../Engine/Content/Tutorial/BlueprintTutorials/BlueprintEditorTutorial.uasset" 2173
"../../../Engine/Content/Tutorial/BlueprintTutorials/TutorialAssets/Blueprint_64x.uasset" 2174
"../../../Engine/Content/Tutorial/ContentIntroCurve.uasset" 2175
"../../Plugins/2D/Paper2D/Content/MaskedUnlitSpriteMaterial.uasset" 2176
"../../Plugins/2D/Paper2D/Content/DefaultSpriteMaterial.uasset" 2177
"../../Plugins/2D/Paper2D/Content/PlaceholderTextures/DummySpriteTexture.uasset" 2178
"../../Plugins/2D/Paper2D/Content/OpaqueUnlitSpriteMaterial.uasset" 2179
"C:/Users/minukey/AppData/Local/UnrealEngine/Common/DerivedDataCache/9/2/0/MATSM_0BA69734E4FD45E082FA4560DBE25454_SF_VULKAN_ES31_ANDROID_2336__BC5N_NOCCB__D776DFF099747B644AB89ECBB0A8DAAAC79779AB.udd" 2180
"C:/Users/minukey/AppData/Local/UnrealEngine/Common/DerivedDataCache/3/6/4/MATSM_0BA69734E4FD45E082FA4560DBE25454_GLSL_ES3_1_ANDROID_18786__BC5N_NOCCBN_N__24702C21451D498F7C3E0587BB1439E3AB28BC9B.udd" 2181
"../../Plugins/2D/Paper2D/Content/DefaultPaperTerrainMaterial.uasset" 2182
"../../Plugins/2D/Paper2D/Content/DummySprite.uasset" 2183
"../../Plugins/Lumin/MagicLeapPassableWorld/Content/MagicLeapARPinInfoActor.uasset" 2184
"../../../Engine/Content/ArtTools/RenderToTexture/Materials/Debug/M_Emissive_Color.uasset" 2185
"../../../Engine/Content/BasicShapes/Cylinder.uasset" 2186
"../../../Engine/Content/EngineMaterials/DefaultMaterial.uasset" 2187
"C:/Users/minukey/AppData/Local/UnrealEngine/Common/DerivedDataCache/5/8/5/PHYSX_A08609EF508D460CBB6710540B03AACF_PHYSXGENERIC_3C1AE2C048C12A663DA5BB8FAF__DBD051DFA671D0487B53E0121A47092230586975.udd" 2188
"../../../Engine/Content/EngineDebugMaterials/VertexColorMaterial.uasset" 2189
"../../../Engine/Content/EngineDebugMaterials/WireframeMaterial.uasset" 2190
"../../../Engine/Content/EngineMeshes/Cylinder.uasset" 2191
"C:/Users/minukey/AppData/Local/UnrealEngine/Common/DerivedDataCache/7/5/9/PHYSX_A08609EF508D460CBB6710540B03AACF_PHYSXGENERIC_0B92E78C4DB1EF7D0C58D2A05F__A75A33DE099F7DC6BC99385ACBA0B09DC6C1CE1E.udd" 2192
"C:/Users/minukey/AppData/Local/UnrealEngine/4.27/Saved/Config/Windows/SourceControlSettings.ini" 2193
"../../../Engine/Content/EditorResources/S_Solver.uasset" 2194
"../../../Engine/Content/EditorResources/S_Note.uasset" 2195
"../../../Engine/Content/EngineDebugMaterials/VolumeToRender.uasset" 2196
"../../../Engine/Content/EngineDebugMaterials/M_VolumeRenderSphereTracePP.uasset" 2197
"../../../Engine/Content/Functions/Engine_MaterialFunctions02/Utility/CameraDirectionVector.uasset" 2198
"../../../Engine/Content/EngineMaterials/RemoveSurfaceMaterial.uasset" 2199
"../../../Engine/Content/EngineDebugMaterials/DebugMeshMaterial.uasset" 2200
"../../../Engine/Content/EngineMaterials/EmissiveMeshMaterial.uasset" 2201
"../../../Engine/Content/EngineMaterials/DefaultWhiteGrid_Low.uasset" 2202
"../../../Engine/Content/EngineMaterials/M_InvalidLightmapSettings.uasset" 2203
"../../../Engine/Content/EngineMaterials/InvalidLightmapSettings.uasset" 2204
"../../../Engine/Content/EngineMaterials/GizmoMaterial.uasset" 2205
"../../../Engine/Content/EngineMaterials/PhAT_JointLimitMaterial.uasset" 2206
"../../../Engine/Content/Functions/Engine_MaterialFunctions02/WorldPositionOffset/CameraOffset.uasset" 2207
"../../../Engine/Content/EngineMaterials/Good64x64TilingNoiseHighFreq.uasset" 2208
"../../../Engine/Content/EngineMaterials/DefaultBokeh.uasset" 2209
"../../../Engine/Content/EngineMaterials/DefaultBloomKernel.uasset" 2210
"../../../Engine/Content/EngineMaterials/PreintegratedSkinBRDF.uasset" 2211
"../../../Engine/Content/EngineMaterials/MiniFont.uasset" 2212
"../../../Engine/Content/EngineMaterials/WeightMapPlaceholderTexture.uasset" 2213
"../../../Engine/Content/EngineMaterials/DefaultWhiteGrid.uasset" 2214
"../../../Engine/Content/EngineMaterials/BlueNoise.uasset" 2215
"../../../Engine/Content/EngineMaterials/DefaultPhysicalMaterial.uasset" 2216
"E:/Documents/SIKAT OJT/Game Project/Project/ProjectLumina/Intermediate/AssetRegistryCache/311563bb.bin" 2217
"E:/Documents/SIKAT OJT/Game Project/Project/ProjectLumina/Intermediate/AssetRegistryCache/c90e3f55.bin" 2218
"E:/Documents/SIKAT OJT/Game Project/Project/ProjectLumina/Content/DP_SampleFillBlanksTable1.uasset" 2219
"E:/Documents/SIKAT OJT/Game Project/Project/ProjectLumina/Content/DP_SampleJumbledLetters.uasset" 2220
"E:/Documents/SIKAT OJT/Game Project/Project/ProjectLumina/Content/DP_SampleProblemMatchingTable.uasset" 2221
"E:/Documents/SIKAT OJT/Game Project/Project/ProjectLumina/Content/DP_SampleMainGameplay.uasset" 2222
"E:/Documents/SIKAT OJT/Game Project/Project/ProjectLumina/Content/Assets/UI/Dialogue/BTN_DialogueSettings.uasset" 2223
"E:/Documents/SIKAT OJT/Game Project/Project/ProjectLumina/Content/GQ_Test-Investors.uasset" 2224
"E:/Documents/SIKAT OJT/Game Project/Project/ProjectLumina/Content/DP_SampleFillBlanksTable.uasset" 2225
"E:/Documents/SIKAT OJT/Game Project/Project/ProjectLumina/Content/Assets/UI/Dialogue/BTN_DialogueSettingsAlt.uasset" 2226
"E:/Documents/SIKAT OJT/Game Project/Project/ProjectLumina/Content/Assets/UI/Gameplay/JumbledLetters/BTN_JL_Slot.uasset" 2227
"E:/Documents/SIKAT OJT/Game Project/Project/ProjectLumina/Content/Assets/UI/Gameplay/JumbledLetters/JL_Letter.uasset" 2228
"E:/Documents/SIKAT OJT/Game Project/Project/ProjectLumina/Content/Assets/UI/QuestionInfo/BD_DialogueBubble.uasset" 2229
"E:/Documents/SIKAT OJT/Game Project/Project/ProjectLumina/Content/Assets/UI/QuestionInfo/BD_InfoAnswerBox.uasset" 2230
"E:/Documents/SIKAT OJT/Game Project/Project/ProjectLumina/Content/Assets/UI/QuestionInfo/Icon_LightBulb.uasset" 2231
"E:/Documents/SIKAT OJT/Game Project/Project/ProjectLumina/Content/Assets/UI/QuestionInfo/Icon_LightBulbShadow.uasset" 2232
"E:/Documents/SIKAT OJT/Game Project/Project/ProjectLumina/Content/Assets/UI/QuestionInfo/TT_QuestionInfo.uasset" 2233
"E:/Documents/SIKAT OJT/Game Project/Project/ProjectLumina/Content/Assets/UI/QuestionInfo/Info-Portrait_UnIQ-Mid.uasset" 2234
"E:/Documents/SIKAT OJT/Game Project/Project/ProjectLumina/Content/Assets/UI/SelectProgress/BTN_SelectProgressAlt.uasset" 2235
"E:/Documents/SIKAT OJT/Game Project/Project/ProjectLumina/Content/Assets/UI/SelectProgress/BTN_SelectProgress.uasset" 2236
"E:/Documents/SIKAT OJT/Game Project/Project/ProjectLumina/Content/Assets/UI/SelectProgress/TT_SelectProgress.uasset" 2237
"E:/Documents/SIKAT OJT/Game Project/Project/ProjectLumina/Content/Assets/UI/Settings/BTN_ExittoLevel.uasset" 2238
"E:/Documents/SIKAT OJT/Game Project/Project/ProjectLumina/Content/Assets/UI/Settings/BTN_ExittoLevelAlt.uasset" 2239
"E:/Documents/SIKAT OJT/Game Project/Project/ProjectLumina/Content/Blueprints/Character/BP_Character.uasset" 2240
"E:/Documents/SIKAT OJT/Game Project/Project/ProjectLumina/Content/Assets/UI/QuestionInfo/Info-Portrait_UnIQ-Egg.uasset" 2241
"E:/Documents/SIKAT OJT/Game Project/Project/ProjectLumina/Content/Blueprints/Enum/Dialogue/Enum_CharacterNames.uasset" 2242
"E:/Documents/SIKAT OJT/Game Project/Project/ProjectLumina/Content/Blueprints/Enum/UI/Enum_SetDisplaySettings.uasset" 2243
"E:/Documents/SIKAT OJT/Game Project/Project/ProjectLumina/Content/Blueprints/Enum/Enum_QuestionType.uasset" 2244
"E:/Documents/SIKAT OJT/Game Project/Project/ProjectLumina/Content/Blueprints/GameInstance/BP_GameInst.uasset" 2245
"E:/Documents/SIKAT OJT/Game Project/Project/ProjectLumina/Content/Blueprints/SaveGame/BP_SaveGame.uasset" 2246
"E:/Documents/SIKAT OJT/Game Project/Project/ProjectLumina/Content/Blueprints/Widgets/Dialogue/WBP_Conv_NPC.uasset" 2247
"E:/Documents/SIKAT OJT/Game Project/Project/ProjectLumina/Content/Blueprints/Widgets/DialogueSystem/HUD/Dialogue/HUD_Dialogue.uasset" 2248
"E:/Documents/SIKAT OJT/Game Project/Project/ProjectLumina/Content/Blueprints/Widgets/Gameplay/WG_GameplayIntro.uasset" 2249
"E:/Documents/SIKAT OJT/Game Project/Project/ProjectLumina/Content/Blueprints/Widgets/Gameplay/WG_MainGameplay.uasset" 2250
"E:/Documents/SIKAT OJT/Game Project/Project/ProjectLumina/Content/Blueprints/Widgets/Gameplay/WG_QuestionInfo.uasset" 2251
"E:/Documents/SIKAT OJT/Game Project/Project/ProjectLumina/Content/Blueprints/Widgets/Gameplay/FillBlanks/Drag/WBP_TextBox.uasset" 2252
"E:/Documents/SIKAT OJT/Game Project/Project/ProjectLumina/Content/Blueprints/Widgets/Gameplay/JumbledLetter/WG_JB-Letter.uasset" 2253
"E:/Documents/SIKAT OJT/Game Project/Project/ProjectLumina/Content/Blueprints/Widgets/Gameplay/JumbledLetter/WG_JB-Slot.uasset" 2254
"E:/Documents/SIKAT OJT/Game Project/Project/ProjectLumina/Content/Blueprints/Widgets/Gameplay/ProblemMatcing/WG_PM-Problem.uasset" 2255
"E:/Documents/SIKAT OJT/Game Project/Project/ProjectLumina/Content/Blueprints/Widgets/Gameplay/ProblemMatcing/WG_PMAnswerSlot.uasset" 2256
"E:/Documents/SIKAT OJT/Game Project/Project/ProjectLumina/Content/Blueprints/Widgets/MainMenu/UI_FileSelect.uasset" 2257
"E:/Documents/SIKAT OJT/Game Project/Project/ProjectLumina/Content/Blueprints/Widgets/MainMenu/UI_MainMenu.uasset" 2258
"E:/Documents/SIKAT OJT/Game Project/Project/ProjectLumina/Content/Blueprints/Widgets/Pause/WG_Pause.uasset" 2259
"E:/Documents/SIKAT OJT/Game Project/Project/ProjectLumina/Content/Blueprints/Widgets/PopUps/UI_DeleteSave.uasset" 2260
"E:/Documents/SIKAT OJT/Game Project/Project/ProjectLumina/Content/Blueprints/Widgets/LevelSelect/UI_LVLSelect.uasset" 2261
"E:/Documents/SIKAT OJT/Game Project/Project/ProjectLumina/Content/Blueprints/Widgets/PopUps/UI_InputName.uasset" 2262
"E:/Documents/SIKAT OJT/Game Project/Project/ProjectLumina/Content/Blueprints/Widgets/PopUps/UI_LoadGame.uasset" 2263
"E:/Documents/SIKAT OJT/Game Project/Project/ProjectLumina/Content/Blueprints/Widgets/PopUps/UI_SaveGame.uasset" 2264
"E:/Documents/SIKAT OJT/Game Project/Project/ProjectLumina/Content/Blueprints/Widgets/SelectProgress/WG_SelectProgress.uasset" 2265
"E:/Documents/SIKAT OJT/Game Project/Project/ProjectLumina/Content/Blueprints/Widgets/Settings/WG_OptionsSelection.uasset" 2266
"E:/Documents/SIKAT OJT/Game Project/Project/ProjectLumina/Content/Blueprints/Widgets/Settings/WG_Settings.uasset" 2267
"E:/Documents/SIKAT OJT/Game Project/Project/ProjectLumina/Content/Blueprints/Widgets/Settings/Display/WG_DisplaySetting.uasset" 2268
"E:/Documents/SIKAT OJT/Game Project/Project/ProjectLumina/Content/Blueprints/Widgets/LevelSelect/UI_LevelSelectPopUpButton.uasset" 2269
"E:/Documents/SIKAT OJT/Game Project/Project/ProjectLumina/Content/Blueprints/Widgets/PopUps/CharacterName/UI_InputCharName.uasset" 2270
"E:/Documents/SIKAT OJT/Game Project/Project/ProjectLumina/Content/Dialogues/Ch01/Revamp/DL_Chap1.uasset" 2271
"E:/Documents/SIKAT OJT/Game Project/Project/ProjectLumina/Content/Dialogues/Ch05/Revamp/DL_Chap5.uasset" 2272
"E:/Documents/SIKAT OJT/Game Project/Project/ProjectLumina/Content/Dialogues/Ch07/Revamp/DL_Chap7.uasset" 2273
"E:/Documents/SIKAT OJT/Game Project/Project/ProjectLumina/Content/GameplayQuestions/GQ_Test-EarlyTraction.uasset" 2274
"E:/Documents/SIKAT OJT/Game Project/Project/ProjectLumina/Content/GameplayQuestions/GQ_Test-Growth.uasset" 2275
"E:/Documents/SIKAT OJT/Game Project/Project/ProjectLumina/Content/GameplayQuestions/GQ_Test-Ideation.uasset" 2276
"E:/Documents/SIKAT OJT/Game Project/Project/ProjectLumina/Content/GameplayQuestions/GQ_Test-Investors.uasset" 2277
"E:/Documents/SIKAT OJT/Game Project/Project/ProjectLumina/Content/GameplayQuestions/GQ_Test-Pitching.uasset" 2278
"E:/Documents/SIKAT OJT/Game Project/Project/ProjectLumina/Content/GameplayQuestions/GQ_Test-Validation.uasset" 2279
"E:/Documents/SIKAT OJT/Game Project/Project/ProjectLumina/Content/Levels/DebuggingLevels/LVL_CharacterNameDebug.umap" 2280
"E:/Documents/SIKAT OJT/Game Project/Project/ProjectLumina/Content/Levels/DebuggingLevels/LVL_MainGameplayFillBlanks.umap" 2281
"E:/Documents/SIKAT OJT/Game Project/Project/ProjectLumina/Content/Levels/DebuggingLevels/LVL_FileSelectRevampDebug.umap" 2282
"E:/Documents/SIKAT OJT/Game Project/Project/ProjectLumina/Content/Levels/DebuggingLevels/LVL_MainGameplayFillBlanks_BuiltData.uasset" 2283
"E:/Documents/SIKAT OJT/Game Project/Project/ProjectLumina/Content/Levels/DebuggingLevels/LVL_MainGameplayJumbledLetters.umap" 2284
"E:/Documents/SIKAT OJT/Game Project/Project/ProjectLumina/Content/Levels/DebuggingLevels/LVL_MainGameplayProblemMatching.umap" 2285
"E:/Documents/SIKAT OJT/Game Project/Project/ProjectLumina/Content/Levels/DebuggingLevels/LVL_MainGameplayProblemMatching_BuiltData.uasset" 2286
"E:/Documents/SIKAT OJT/Game Project/Project/ProjectLumina/Content/Levels/DebuggingLevels/LVL_MainGameplayQnA.umap" 2287
"E:/Documents/SIKAT OJT/Game Project/Project/ProjectLumina/Content/Levels/DebuggingLevels/LVL_MainGameplayQuestionImplementationDebug.umap" 2288
"E:/Documents/SIKAT OJT/Game Project/Project/ProjectLumina/Content/Levels/LVL1/Revamp/LVL1_Chap1.umap" 2289
"E:/Documents/SIKAT OJT/Game Project/Project/ProjectLumina/Content/Levels/LVL2/Revamp/LVL2_Chap10-2.umap" 2290
"E:/Documents/SIKAT OJT/Game Project/Project/ProjectLumina/Content/Levels/LVL2/Revamp/LVL2_Chap10.umap" 2291
"E:/Documents/SIKAT OJT/Game Project/Project/ProjectLumina/Content/Levels/LVL2/Revamp/LVL2_Chap4.umap" 2292
"E:/Documents/SIKAT OJT/Game Project/Project/ProjectLumina/Content/Levels/LVL3/Revamp/LVL3_Chap6.umap" 2293
"E:/Documents/SIKAT OJT/Game Project/Project/ProjectLumina/Content/Levels/LVL3/Revamp/LVL3_Chap8.umap" 2294
"E:/Documents/SIKAT OJT/Game Project/Project/ProjectLumina/Content/Levels/LVL3/Revamp/LVL3_Chap9.umap" 2295
"E:/Documents/SIKAT OJT/Game Project/Project/ProjectLumina/Content/Levels/TitleScreen/LVL_TitleScreen.umap" 2296
"E:/Documents/SIKAT OJT/Game Project/Project/ProjectLumina/Content/Levels/TitleScreen/LVL_TitleScreen_BuiltData.uasset" 2297
"E:/Documents/SIKAT OJT/Game Project/Project/ProjectLumina/Content/Structure/ST_Question.uasset" 2298
"E:/Documents/SIKAT OJT/Game Project/Project/ProjectLumina/Content/Levels/DebuggingLevels/UI/LVL_QuestionInfoDebugging.umap" 2299
"../../../Engine/Content/BasicShapes/Cube.uasset" 2300
"C:/Users/minukey/AppData/Local/UnrealEngine/Common/DerivedDataCache/0/2/1/PHYSX_A08609EF508D460CBB6710540B03AACF_PHYSXGENERIC_CD2024A34BED374A71F8009AA6__BFB6D370607089A8DB025F01C0C4B749AB522E70.udd" 2301
"../../../Engine/Content/BasicShapes/Sphere.uasset" 2302
"C:/Users/minukey/AppData/Local/UnrealEngine/Common/DerivedDataCache/7/6/9/PHYSX_A08609EF508D460CBB6710540B03AACF_PHYSXGENERIC_F93A868C471D0DE82928079B96__A3316CBD49502B0F6140A0972B835EB28CB04AC2.udd" 2303
"../../../Engine/Content/BasicShapes/Cone.uasset" 2304
"C:/Users/minukey/AppData/Local/UnrealEngine/Common/DerivedDataCache/1/3/4/PHYSX_A08609EF508D460CBB6710540B03AACF_PHYSXGENERIC_2E98B72D4BA502DB719279B4BD__439CB6BB6900A41243F39A21CEBC97050A4283B5.udd" 2305
"../../../Engine/Content/BasicShapes/Plane.uasset" 2306
"C:/Users/minukey/AppData/Local/UnrealEngine/Common/DerivedDataCache/0/9/8/PHYSX_A08609EF508D460CBB6710540B03AACF_PHYSXGENERIC_8B63846543482A3CC5AED59FC7__8F1E30FD09A28CC374CD46C5C2993061BE4ADB38.udd" 2307
"../../../Engine/Content/EditorLandscapeResources/DefaultAlphaTexture.uasset" 2308
"../../../Engine/Content/EditorResources/S_Terrain.uasset" 2309
"../../../Engine/Content/EditorResources/SequenceRecorder/Countdown.uasset" 2310
"../../../Engine/Content/EditorResources/SequenceRecorder/RecordingIndicator.uasset" 2311
"../../../Engine/Content/Animation/DefaultAnimBoneCompressionSettings.uasset" 2312
"../../../Engine/Content/Animation/DefaultAnimCurveCompressionSettings.uasset" 2313
"../../../Engine/Content/Animation/DefaultRecorderBoneCompression.uasset" 2314
"../../../Engine/Content/ArtTools/RenderToTexture/Blueprints/RenderToTexture_Game.uasset" 2315
"../../../Engine/Content/ArtTools/RenderToTexture/Blueprints/PhysMesh.uasset" 2316
"../../../Engine/Content/ArtTools/RenderToTexture/Blueprints/RenderToTexture_Pawn.uasset" 2317
"../../../Engine/Content/ArtTools/RenderToTexture/Blueprints/TilingMesh.uasset" 2318
"../../../Engine/Content/ArtTools/RenderToTexture/Enums/EFloatTypes.uasset" 2319
"../../../Engine/Content/ArtTools/RenderToTexture/Enums/EIntTypes.uasset" 2320
"../../../Engine/Content/ArtTools/RenderToTexture/Blueprints/RenderToTexture_LevelBP.uasset" 2321
"../../../Engine/Content/ArtTools/RenderToTexture/Enums/RenderToTexture_Enum.uasset" 2322
"../../../Engine/Content/ArtTools/RenderToTexture/Enums/RenderToTexture_Flipbook_Enum.uasset" 2323
"../../../Engine/Content/ArtTools/RenderToTexture/Enums/RenderToTexture_Imposter_Enum.uasset" 2324
"../../../Engine/Content/ArtTools/RenderToTexture/Macros/RenderToTextureFunctionLibrary.uasset" 2325
"../../../Engine/Content/ArtTools/RenderToTexture/Macros/RenderToTextureMacros.uasset" 2326
"../../../Engine/Content/ArtTools/RenderToTexture/MaterialFunctions/BoundingSphereBased_0-1_UVW.uasset" 2327
"../../../Engine/Content/ArtTools/RenderToTexture/MaterialFunctions/Boundingsphere_DebugCircles.uasset" 2328
"../../../Engine/Content/ArtTools/RenderToTexture/MaterialFunctions/BoundingSphere_LightTransform.uasset" 2329
"../../../Engine/Content/ArtTools/RenderToTexture/MaterialFunctions/CheckerPattern.uasset" 2330
"../../../Engine/Content/ArtTools/RenderToTexture/MaterialFunctions/CustomBoundingBox_0-1_UVW.uasset" 2331
"../../../Engine/Content/ArtTools/RenderToTexture/MaterialFunctions/DiffMotionVectors.uasset" 2332
"../../../Engine/Content/ArtTools/RenderToTexture/MaterialFunctions/FlipbookWind.uasset" 2333
"../../../Engine/Content/ArtTools/RenderToTexture/MaterialFunctions/Flipbook_LocalBounds.uasset" 2334
"../../../Engine/Content/ArtTools/RenderToTexture/MaterialFunctions/FoliageZRotation.uasset" 2335
"../../../Engine/Content/ArtTools/RenderToTexture/MaterialFunctions/ImposterUVs.uasset" 2336
"../../../Engine/Content/ArtTools/RenderToTexture/MaterialFunctions/Imposter_MotionVectors.uasset" 2337
"../../../Engine/Content/ArtTools/RenderToTexture/MaterialFunctions/MarkRedOutside0-1Range.uasset" 2338
"../../../Engine/Content/ArtTools/RenderToTexture/MaterialFunctions/MF_UnwwrapUVs.uasset" 2339
"../../../Engine/Content/ArtTools/RenderToTexture/MaterialFunctions/TransformImposterNormals.uasset" 2340
"../../../Engine/Content/ArtTools/RenderToTexture/MaterialFunctions/OrthoFOV.uasset" 2341
"../../../Engine/Content/ArtTools/RenderToTexture/MaterialFunctions/UnwrapUVsForRender.uasset" 2342
"../../../Engine/Content/ArtTools/RenderToTexture/Materials/MPC_R2T.uasset" 2343
"../../../Engine/Content/ArtTools/RenderToTexture/MaterialFunctions/VolumeShadowMap.uasset" 2344
"../../../Engine/Content/ArtTools/RenderToTexture/Materials/M_50percent_Test.uasset" 2345
"../../../Engine/Content/ArtTools/RenderToTexture/Materials/M_50percent_Test_Inst.uasset" 2346
"../../../Engine/Content/ArtTools/RenderToTexture/Materials/M_BackgroundCard_01.uasset" 2347
"../../../Engine/Content/ArtTools/RenderToTexture/Materials/M_CompareUVtoLocalSpaceDensity_01_Inst.uasset" 2348
"../../../Engine/Content/ArtTools/RenderToTexture/Materials/M_CompareUVtoLocalSpaceDensity_01.uasset" 2349
"../../../Engine/Content/ArtTools/RenderToTexture/Materials/M_DebugSphereBounds_01.uasset" 2350
"../../../Engine/Content/ArtTools/RenderToTexture/Materials/M_DebugSphereBounds_01_Inst.uasset" 2351
"../../../Engine/Content/ArtTools/RenderToTexture/Materials/M_FlipBookCounter_01.uasset" 2352
"../../../Engine/Content/ArtTools/RenderToTexture/Materials/M_FlipBookCounter_01_Inst.uasset" 2353
"../../../Engine/Content/ArtTools/RenderToTexture/Materials/M_FlipbookLocalCoordinateTest_01.uasset" 2354
"../../../Engine/Content/ArtTools/RenderToTexture/Materials/M_FlipbookLocalCoordinateTest_01_Inst.uasset" 2355
"../../../Engine/Content/ArtTools/RenderToTexture/Materials/M_FlipbookPreview_01.uasset" 2356
"../../../Engine/Content/ArtTools/RenderToTexture/Materials/M_FlipbookPreview_01_Inst.uasset" 2357
"../../../Engine/Content/ArtTools/RenderToTexture/Materials/M_FlipbookUVTest_01.uasset" 2358
"../../../Engine/Content/ArtTools/RenderToTexture/Materials/M_ImposterTest_01_Inst.uasset" 2359
"../../../Engine/Content/ArtTools/RenderToTexture/Materials/M_ImposterTest_01.uasset" 2360
"../../../Engine/Content/ArtTools/RenderToTexture/Materials/M_ImposterTest_01_Inst_SingleAxis.uasset" 2361
"../../../Engine/Content/ArtTools/RenderToTexture/Materials/M_RadiusDebugTranslucent.uasset" 2362
"../../../Engine/Content/ArtTools/RenderToTexture/Materials/M_RenderCustomHeightmap_01.uasset" 2363
"../../../Engine/Content/ArtTools/RenderToTexture/Materials/M_RenderMotionVectors.uasset" 2364
"../../../Engine/Content/ArtTools/RenderToTexture/Materials/M_RenderMotionVectors_Inst.uasset" 2365
"../../../Engine/Content/ArtTools/RenderToTexture/Materials/M_RenderNormalizedDepth_01.uasset" 2366
"../../../Engine/Content/ArtTools/RenderToTexture/Materials/M_RenderNormalizedDepth_01_Inst.uasset" 2367
"../../../Engine/Content/ArtTools/RenderToTexture/Materials/M_TilingPreviewMat_01.uasset" 2368
"../../../Engine/Content/ArtTools/RenderToTexture/Materials/M_UnlitText_01.uasset" 2369
"../../../Engine/Content/ArtTools/RenderToTexture/Materials/Debug/M_2sidedLit.uasset" 2370
"../../../Engine/Content/ArtTools/RenderToTexture/Materials/Debug/M_50percent_BaseColor.uasset" 2371
"../../../Engine/Content/ArtTools/RenderToTexture/Materials/Debug/M_50percent_BaseInst.uasset" 2372
"../../../Engine/Content/ArtTools/RenderToTexture/Materials/Debug/M_50percent_D_S_R_SSS_O.uasset" 2373
"../../../Engine/Content/ArtTools/RenderToTexture/Materials/Debug/M_50percent_Test.uasset" 2374
"../../../Engine/Content/ArtTools/RenderToTexture/Materials/Debug/M_BaseColor_Constant.uasset" 2375
"../../../Engine/Content/ArtTools/RenderToTexture/Materials/Debug/M_50percent_Test_Inst.uasset" 2376
"../../../Engine/Content/ArtTools/RenderToTexture/Materials/Debug/M_Emissive_Color_0-0-127.uasset" 2377
"../../../Engine/Content/ArtTools/RenderToTexture/Materials/Debug/M_Emissive_Constant.uasset" 2378
"../../../Engine/Content/ArtTools/RenderToTexture/Materials/Debug/M_Emissive_Color_127-127-0.uasset" 2379
"../../../Engine/Content/ArtTools/RenderToTexture/Materials/Debug/M_Graph_Inputs.uasset" 2380
"../../../Engine/Content/ArtTools/RenderToTexture/Materials/Debug/M_TestFlipbookAnimation.uasset" 2381
"../../../Engine/Content/ArtTools/RenderToTexture/Materials/Debug/M_TestFlipbookAnimation_Inst.uasset" 2382
"../../../Engine/Content/ArtTools/RenderToTexture/Materials/Flipbooks/M_FlipbookLocalCoordinateTest_01.uasset" 2383
"../../../Engine/Content/ArtTools/RenderToTexture/Materials/Flipbooks/M_FlipBookCounter_01.uasset" 2384
"../../../Engine/Content/ArtTools/RenderToTexture/Materials/Flipbooks/M_FlipBookCounter_01_Inst.uasset" 2385
"../../../Engine/Content/ArtTools/RenderToTexture/Materials/Flipbooks/M_FlipbookLocalCoordinateTest_01_Inst.uasset" 2386
"../../../Engine/Content/ArtTools/RenderToTexture/Materials/Flipbooks/M_FlipbookPreview_01_Inst.uasset" 2387
"../../../Engine/Content/ArtTools/RenderToTexture/Materials/Flipbooks/M_FlipbookPreview_01.uasset" 2388
"../../../Engine/Content/ArtTools/RenderToTexture/Materials/Flipbooks/M_FlipbookPreview_01_Inst_Cubetest.uasset" 2389
"../../../Engine/Content/ArtTools/RenderToTexture/Materials/Flipbooks/M_FlipbookPreview_01_Inst_Cubetest_NoV.uasset" 2390
"../../../Engine/Content/ArtTools/RenderToTexture/Materials/Flipbooks/M_FlipbookPreview_01_Inst_Cubetest_DBL.uasset" 2391
"../../../Engine/Content/ArtTools/RenderToTexture/Materials/Flipbooks/M_FlipbookPreview_01_Inst_Cubetest_NoV_S.uasset" 2392
"../../../Engine/Content/ArtTools/RenderToTexture/Materials/Flipbooks/M_FlipbookPreview_01_Inst_Cubetest_Slow.uasset" 2393
"../../../Engine/Content/ArtTools/RenderToTexture/Materials/Flipbooks/M_RenderMotionVectors.uasset" 2394
"../../../Engine/Content/ArtTools/RenderToTexture/Materials/Flipbooks/M_RenderMotionVectors_Applied.uasset" 2395
"../../../Engine/Content/ArtTools/RenderToTexture/Materials/Flipbooks/M_RenderMotionVectors_Inst.uasset" 2396
"../../../Engine/Content/ArtTools/RenderToTexture/Materials/Flipbooks/M_RenderMotionVectors_Applied_Imposter.uasset" 2397
"../../../Engine/Content/ArtTools/RenderToTexture/Materials/Flipbooks/M_RenderMotionVectors_StartPositions.uasset" 2398
"../../../Engine/Content/ArtTools/RenderToTexture/Materials/Imposters/M_ImposterTest_01.uasset" 2399
"../../../Engine/Content/ArtTools/RenderToTexture/Materials/Imposters/M_ImposterTest_01_Inst.uasset" 2400
"../../../Engine/Content/ArtTools/RenderToTexture/Materials/Imposters/M_ImposterTest_01_Inst_SingleAxis.uasset" 2401
"../../../Engine/Content/ArtTools/RenderToTexture/Meshes/ShadowTestMesh.uasset" 2402
"../../../Engine/Content/ArtTools/RenderToTexture/Textures/127grey.uasset" 2403
"../../../Engine/Content/ArtTools/RenderToTexture/Meshes/S_1_Unit_Sphere.uasset" 2404
"../../../Engine/Content/ArtTools/RenderToTexture/Meshes/S_1_Unit_Sphere_HI.uasset" 2405
"../../../Engine/Content/ArtTools/RenderToTexture/Textures/TilingTexturePreview.uasset" 2406
"../../../Engine/Content/ArtTools/RenderToTexture/Textures/T_EV_BlankWhite_01.uasset" 2407
"../../../Engine/Content/ArtTools/RenderToTexture/Textures/FlipbookMotionVectors/Position1.uasset" 2408
"../../../Engine/Content/BufferVisualization/AmbientOcclusion.uasset" 2409
"../../../Engine/Content/BufferVisualization/Anisotropy.uasset" 2410
"../../../Engine/Content/BufferVisualization/BaseColor.uasset" 2411
"../../../Engine/Content/BufferVisualization/CustomDepth.uasset" 2412
"../../../Engine/Content/BufferVisualization/CustomDepthWorldUnits.uasset" 2413
"../../../Engine/Content/BufferVisualization/CustomStencil.uasset" 2414
"../../../Engine/Content/BufferVisualization/FinalImage.uasset" 2415
"../../../Engine/Content/BufferVisualization/LightingModel.uasset" 2416
"../../../Engine/Content/BufferVisualization/MaterialAO.uasset" 2417
"../../../Engine/Content/BufferVisualization/Metallic.uasset" 2418
"../../../Engine/Content/BufferVisualization/Opacity.uasset" 2419
"../../../Engine/Content/BufferVisualization/PostTonemapHDRColor.uasset" 2420
"../../../Engine/Content/BufferVisualization/PreTonemapHDRColor.uasset" 2421
"../../../Engine/Content/BufferVisualization/Roughness.uasset" 2422
"../../../Engine/Content/BufferVisualization/SceneColor.uasset" 2423
"../../../Engine/Content/BufferVisualization/SceneDepth.uasset" 2424
"../../../Engine/Content/BufferVisualization/SceneDepthWorldUnits.uasset" 2425
"../../../Engine/Content/BufferVisualization/SeparateTranslucencyA.uasset" 2426
"../../../Engine/Content/BufferVisualization/SeparateTranslucencyRGB.uasset" 2427
"../../../Engine/Content/BufferVisualization/Specular.uasset" 2428
"../../../Engine/Content/BufferVisualization/SubsurfaceColor.uasset" 2429
"../../../Engine/Content/BufferVisualization/Velocity.uasset" 2430
"../../../Engine/Content/BufferVisualization/WorldNormal.uasset" 2431
"../../../Engine/Content/BufferVisualization/WorldTangent.uasset" 2432
"../../../Engine/Content/BasicShapes/BasicShapeMaterial.uasset" 2433
"../../../Engine/Content/BasicShapes/Cube1.uasset" 2434
"../../../Engine/Content/Editor/Slate/Icons/AssetIcons/Cone_16x.uasset" 2435
"../../../Engine/Content/Editor/Slate/Icons/AssetIcons/Cube_16x.uasset" 2436
"../../../Engine/Content/Editor/Slate/Icons/AssetIcons/Cone_64x.uasset" 2437
"../../../Engine/Content/Editor/Slate/Icons/AssetIcons/Cylinder_16x.uasset" 2438
"../../../Engine/Content/Editor/Slate/Icons/AssetIcons/Cube_64x.uasset" 2439
"../../../Engine/Content/Editor/Slate/Icons/AssetIcons/Cylinder_64x.uasset" 2440
"../../../Engine/Content/Editor/Slate/Icons/AssetIcons/Sphere_64x.uasset" 2441
"../../../Engine/Content/Editor/Slate/Icons/AssetIcons/Sphere_16x.uasset" 2442
"../../../Engine/Content/Editor/Slate/Icons/AssetIcons/UserWidget_16x.uasset" 2443
"../../../Engine/Content/Editor/Slate/Icons/AssetIcons/WidgetBlueprint_16x.uasset" 2444
"../../../Engine/Content/EditorBlueprintResources/ActorMacros.uasset" 2445
"../../../Engine/Content/EditorBlueprintResources/StandardMacros.uasset" 2446
"../../../Engine/Content/Editor/Slate/Icons/AssetIcons/UserWidget_64x.uasset" 2447
"../../../Engine/Content/Editor/Slate/Icons/AssetIcons/WidgetBlueprint_64x.uasset" 2448
"../../../Engine/Content/EditorKismetResources/StandardMacros.uasset" 2449
"../../../Engine/Content/EditorLandscapeResources/AlphaBrushMaterial.uasset" 2450
"../../../Engine/Content/EditorLandscapeResources/AlphaBrushMaterial_Smooth.uasset" 2451
"../../../Engine/Content/EditorLandscapeResources/CircleBrushMaterial.uasset" 2452
"../../../Engine/Content/EditorLandscapeResources/CircleBrushMaterial_Linear.uasset" 2453
"../../../Engine/Content/EditorLandscapeResources/CircleBrushMaterial_Spherical.uasset" 2454
"../../../Engine/Content/EditorLandscapeResources/CircleBrushMaterial_Smooth.uasset" 2455
"../../../Engine/Content/EditorLandscapeResources/CircleBrushMaterial_Tip.uasset" 2456
"../../../Engine/Content/EditorLandscapeResources/ColorMaskBrushMaterial_MaskedRegion.uasset" 2457
"../../../Engine/Content/EditorLandscapeResources/ColorMaskBrushMaterial.uasset" 2458
"../../../Engine/Content/EditorLandscapeResources/DebugLayerColorMat.uasset" 2459
"../../../Engine/Content/EditorLandscapeResources/FlattenPlaneMesh.uasset" 2460
"../../../Engine/Content/EditorLandscapeResources/FlattenHeightMat.uasset" 2461
"../../../Engine/Content/EditorLandscapeResources/FoliageBrushSphereMaterial.uasset" 2462
"../../../Engine/Content/EditorLandscapeResources/GizmoTexture.uasset" 2463
"../../../Engine/Content/EditorLandscapeResources/LandscapeGizmoHeight_Mat.uasset" 2464
"../../../Engine/Content/EditorLandscapeResources/LandscapeDirtyMaterial.uasset" 2465
"../../../Engine/Content/EditorLandscapeResources/LandscapeGizmo_Mat.uasset" 2466
"../../../Engine/Content/EditorLandscapeResources/LandscapeGizmo_Mat_Copied.uasset" 2467
"../../../Engine/Content/EditorLandscapeResources/LandscapeGizmoHeight_UnderMat.uasset" 2468
"../../../Engine/Content/EditorLandscapeResources/LandscapeGizmoHeightLookup.uasset" 2469
"../../../Engine/Content/EditorLandscapeResources/LandscapeLightingMaterial.uasset" 2470
"../../../Engine/Content/EditorLandscapeResources/LandscapeLayerUsageMaterial.uasset" 2471
"../../../Engine/Content/EditorLandscapeResources/LandscapeThumbnailHeightmap.uasset" 2472
"../../../Engine/Content/EditorLandscapeResources/LandscapeThumbnailWeightmap.uasset" 2473
"../../../Engine/Content/EditorLandscapeResources/Landscape_Heightmap_To_RenderTarget2D.uasset" 2474
"../../../Engine/Content/EditorLandscapeResources/LayerVisMaterial.uasset" 2475
"../../../Engine/Content/EditorLandscapeResources/MaskBrushMaterial_Gizmo.uasset" 2476
"../../../Engine/Content/EditorLandscapeResources/MaskBrushMaterial.uasset" 2477
"../../../Engine/Content/EditorLandscapeResources/MaskBrushMaterial_MaskedRegion.uasset" 2478
"../../../Engine/Content/EditorLandscapeResources/PatternBrushMaterial_Smooth.uasset" 2479
"../../../Engine/Content/EditorLandscapeResources/MirrorPlaneMaterial.uasset" 2480
"../../../Engine/Content/EditorLandscapeResources/SelectBrushMaterial.uasset" 2481
"../../../Engine/Content/EditorLandscapeResources/SelectBrushMaterial_Gizmo.uasset" 2482
"../../../Engine/Content/EditorLandscapeResources/SplineEditorMesh.uasset" 2483
"../../../Engine/Content/EditorLandscapeResources/SplineEditorMeshMat.uasset" 2484
"../../../Engine/Content/EditorLandscapeResources/WhiteSquareTexture.uasset" 2485
"../../../Engine/Content/EditorLandscapeResources/SelectBrushMaterial_Selected.uasset" 2486
"../../../Engine/Content/EditorLandscapeResources/SelectBrushMaterial_SelectedRegion.uasset" 2487
"../../../Engine/Content/EditorMaterials/CASC_Curve_2.uasset" 2488
"../../../Engine/Content/EditorMaterials/Anchor.uasset" 2489
"../../../Engine/Content/EditorMaterials/AntialiasedGridFloor.uasset" 2490
"../../../Engine/Content/EditorMaterials/CompositeARGBLayer.uasset" 2491
"../../../Engine/Content/EditorMaterials/Cross.uasset" 2492
"../../../Engine/Content/EditorMaterials/Cross_Mat.uasset" 2493
"../../../Engine/Content/EditorMaterials/CASC_ModuleEnab_2.uasset" 2494
"../../../Engine/Content/EditorMaterials/CheckMaterial.uasset" 2495
"../../../Engine/Content/EditorMaterials/Frac_ElementMaterial.uasset" 2496
"../../../Engine/Content/EditorMaterials/GizmoMaterial.uasset" 2497
"../../../Engine/Content/EditorMaterials/FakeLight.uasset" 2498
"../../../Engine/Content/EditorMaterials/HelpActorMaterial.uasset" 2499
"../../../Engine/Content/EditorMaterials/GreyCheck.uasset" 2500
"../../../Engine/Content/EditorMaterials/HelpFlatColour.uasset" 2501
"../../../Engine/Content/EditorMaterials/GridMaterial.uasset" 2502
"../../../Engine/Content/EditorMaterials/LevelGridMaterial.uasset" 2503
"../../../Engine/Content/EditorMaterials/LevelGridMaterial2.uasset" 2504
"../../../Engine/Content/EditorMaterials/HelpFlatColour_Blk_Inst.uasset" 2505
"../../../Engine/Content/EditorMaterials/MakeCompositeARGBLayer.uasset" 2506
"../../../Engine/Content/EditorMaterials/MatineeCam_mat.uasset" 2507
"../../../Engine/Content/EditorMaterials/LevelTransformMaterial.uasset" 2508
"../../../Engine/Content/EditorMaterials/HelpFlatColour_W_Inst.uasset" 2509
"../../../Engine/Content/EditorMaterials/MatineeGreyGrad.uasset" 2510
"../../../Engine/Content/EditorMaterials/MAT_Groups_ParticleReplay.uasset" 2511
"../../../Engine/Content/EditorMaterials/PhAT_BoneSelectedMaterial.uasset" 2512
"../../../Engine/Content/EditorMaterials/PhAT_ElemSelectedMaterial.uasset" 2513
"../../../Engine/Content/EditorMaterials/PersonaFloorMat.uasset" 2514
"../../../Engine/Content/EditorMaterials/PhAT_NoCollisionMaterial.uasset" 2515
"../../../Engine/Content/EditorMaterials/PhAT_UnselectedMaterial.uasset" 2516
"../../../Engine/Content/EditorMaterials/PreviewShadowIndicator.uasset" 2517
"../../../Engine/Content/EditorMaterials/PreviewShadowIndicatorMaterial.uasset" 2518
"../../../Engine/Content/EditorMaterials/TargetIcon.uasset" 2519
"../../../Engine/Content/EditorMaterials/PhAT_JointLimitMaterial.uasset" 2520
"../../../Engine/Content/EditorMaterials/PersonaSky.uasset" 2521
"../../../Engine/Content/EditorMaterials/TextureGridCascaded1D.uasset" 2522
"../../../Engine/Content/EditorMaterials/TextureGridCascaded2D.uasset" 2523
"../../../Engine/Content/EditorMaterials/TargetIconSpawn.uasset" 2524
"../../../Engine/Content/EditorMaterials/ThumbnailSolid.uasset" 2525
"../../../Engine/Content/EditorMaterials/ThumbnailBack.uasset" 2526
"../../../Engine/Content/EditorMaterials/ThumbnailSolid_MATInst.uasset" 2527
"../../../Engine/Content/EditorMaterials/Tick.uasset" 2528
"../../../Engine/Content/EditorMaterials/Tick_Mat.uasset" 2529
"../../../Engine/Content/EditorMaterials/TilingAADots.uasset" 2530
"../../../Engine/Content/EditorMaterials/TilingAAGrid.uasset" 2531
"../../../Engine/Content/EditorMaterials/TilingAALineBoxFiltered.uasset" 2532
"../../../Engine/Content/EditorMaterials/TilingAALineIntegral.uasset" 2533
"../../../Engine/Content/EditorMaterials/TreeArrow_Expanded.uasset" 2534
"../../../Engine/Content/EditorMaterials/TreeArrow_Collapsed.uasset" 2535
"../../../Engine/Content/EditorMaterials/TreeArrow_ExpandedRealtimePreview.uasset" 2536
"../../../Engine/Content/EditorMaterials/WidgetGridVertexColorMaterial.uasset" 2537
"../../../Engine/Content/EditorMaterials/WidgetGridVertexColorMaterial_Ma.uasset" 2538
"../../../Engine/Content/EditorMaterials/WidgetMaterial.uasset" 2539
"../../../Engine/Content/EditorMaterials/WidgetMaterial_Current.uasset" 2540
"../../../Engine/Content/EditorMaterials/WidgetMaterial_X.uasset" 2541
"../../../Engine/Content/EditorMaterials/WidgetMaterial_Y.uasset" 2542
"../../../Engine/Content/EditorMaterials/WidgetMaterial_Z.uasset" 2543
"../../../Engine/Content/EditorMaterials/WidgetVertexColorMaterial.uasset" 2544
"../../../Engine/Content/EditorMaterials/T_1x1_Grid.uasset" 2545
"../../../Engine/Content/EditorMaterials/UnrealEdIcons.uasset" 2546
"../../../Engine/Content/EditorMaterials/AssetViewer/EpicQuadPanorama_CC+EV1.uasset" 2547
"../../../Engine/Content/EditorMaterials/AssetViewer/M_SkyBox.uasset" 2548
"../../../Engine/Content/EditorMaterials/AssetViewer/T_ClearSky.uasset" 2549
"../../../Engine/Content/EditorMaterials/Camera/MI_CineMat_CameraBody.uasset" 2550
"../../../Engine/Content/EditorMaterials/Camera/MI_CineMat_CamViewFinder.uasset" 2551
"../../../Engine/Content/EditorMaterials/Cascade/CASC_BackgroundCube_MAT.uasset" 2552
"../../../Engine/Content/EditorMaterials/Cascade/CASC_Cross.uasset" 2553
"../../../Engine/Content/EditorMaterials/Cascade/CASC_BackgroundCube_MATInst.uasset" 2554
"../../../Engine/Content/EditorMaterials/Cascade/CASC_CurveEd.uasset" 2555
"../../../Engine/Content/EditorMaterials/Cascade/CASC_CurveEd_MAT.uasset" 2556
"../../../Engine/Content/EditorMaterials/Cascade/CASC_DisabledModule.uasset" 2557
"../../../Engine/Content/EditorMaterials/Cascade/CASC_Lights.uasset" 2558
"../../../Engine/Content/EditorMaterials/Cascade/CASC_ModuleDisable.uasset" 2559
"../../../Engine/Content/EditorMaterials/Cascade/CASC_ModuleDisable_MAT.uasset" 2560
"../../../Engine/Content/EditorMaterials/Cascade/CASC_ModuleEnable.uasset" 2561
"../../../Engine/Content/EditorMaterials/Cascade/CASC_None.uasset" 2562
"../../../Engine/Content/EditorMaterials/Cascade/CASC_ModuleEnable_MAT.uasset" 2563
"../../../Engine/Content/EditorMaterials/Cascade/CASC_Normal.uasset" 2564
"../../../Engine/Content/EditorMaterials/Cascade/CASC_Point.uasset" 2565
"../../../Engine/Content/EditorMaterials/Cascade/CASC_RenderCross_MAT.uasset" 2566
"../../../Engine/Content/EditorMaterials/Cascade/CASC_RenderNone_MAT.uasset" 2567
"../../../Engine/Content/EditorMaterials/Cascade/CASC_RenderNormal_MAT.uasset" 2568
"../../../Engine/Content/EditorMaterials/Cascade/CASC_RenderLights_MAT.uasset" 2569
"../../../Engine/Content/EditorMaterials/Cascade/CASC_RenderPoint_MAT.uasset" 2570
"../../../Engine/Content/EditorMaterials/Cloth/CameraLitDoubleSided.uasset" 2571
"../../../Engine/Content/EditorMaterials/Cascade/CASC_Solo_Off.uasset" 2572
"../../../Engine/Content/EditorMaterials/Cascade/CASC_Solo_On.uasset" 2573
"../../../Engine/Content/EditorMaterials/GeometryCollection/InMaterial.uasset" 2574
"../../../Engine/Content/EditorMaterials/GeometryCollection/SelectedGeometryMaterial.uasset" 2575
"../../../Engine/Content/EditorMaterials/Matinee/MAT_EnableTrack_Mat.uasset" 2576
"../../../Engine/Content/EditorMaterials/MatineeGroups/MAT_ColorTrack_Mat.uasset" 2577
"../../../Engine/Content/EditorMaterials/MatineeGroups/MAT_Groups_Anim_Mat.uasset" 2578
"../../../Engine/Content/EditorMaterials/MatineeGroups/MAT_Groups_AudioMaster_Mat.uasset" 2579
"../../../Engine/Content/EditorMaterials/MatineeGroups/MAT_Groups_Director_Mat.uasset" 2580
"../../../Engine/Content/EditorMaterials/MatineeGroups/MAT_Groups_Event_Mat.uasset" 2581
"../../../Engine/Content/EditorMaterials/MatineeGroups/MAT_Groups_Fade_Mat.uasset" 2582
"../../../Engine/Content/EditorMaterials/MatineeGroups/MAT_Groups_Float_Mat.uasset" 2583
"../../../Engine/Content/EditorMaterials/MatineeGroups/MAT_Groups_Graph_Off_Mat.uasset" 2584
"../../../Engine/Content/EditorMaterials/MatineeGroups/MAT_Groups_Graph_Off.uasset" 2585
"../../../Engine/Content/EditorMaterials/MatineeGroups/MAT_Groups_Graph_On.uasset" 2586
"../../../Engine/Content/EditorMaterials/MatineeGroups/MAT_Groups_Left_Off.uasset" 2587
"../../../Engine/Content/EditorMaterials/MatineeGroups/MAT_Groups_Graph_On_Mat.uasset" 2588
"../../../Engine/Content/EditorMaterials/MatineeGroups/MAT_Groups_Left_Off_Mat.uasset" 2589
"../../../Engine/Content/EditorMaterials/MatineeGroups/MAT_Groups_Left_On_Mat.uasset" 2590
"../../../Engine/Content/EditorMaterials/MatineeGroups/MAT_Groups_Left_On.uasset" 2591
"../../../Engine/Content/EditorMaterials/MatineeGroups/MAT_Groups_Move_Mat.uasset" 2592
"../../../Engine/Content/EditorMaterials/MatineeGroups/MAT_Groups_Right_Off.uasset" 2593
"../../../Engine/Content/EditorMaterials/MatineeGroups/MAT_Groups_Right_Off_Mat.uasset" 2594
"../../../Engine/Content/EditorMaterials/MatineeGroups/MAT_Groups_ParticleReplay_Mat.uasset" 2595
"../../../Engine/Content/EditorMaterials/MatineeGroups/MAT_Groups_Right_On_Mat.uasset" 2596
"../../../Engine/Content/EditorMaterials/MatineeGroups/MAT_Groups_Right_On.uasset" 2597
"../../../Engine/Content/EditorMaterials/MatineeGroups/MAT_Groups_Slomo_Mat.uasset" 2598
"../../../Engine/Content/EditorMaterials/MatineeGroups/MAT_Groups_Toggle_Mat.uasset" 2599
"../../../Engine/Content/EditorMaterials/MatineeGroups/MAT_Groups_Sound_Mat.uasset" 2600
"../../../Engine/Content/EditorMaterials/MatineeGroups/MAT_Groups_Trajectory_Off_Mat.uasset" 2601
"../../../Engine/Content/EditorMaterials/MatineeGroups/MAT_Groups_Vector_Mat.uasset" 2602
"../../../Engine/Content/EditorMaterials/MatineeGroups/MAT_Groups_Trajectory_On_Mat.uasset" 2603
"../../../Engine/Content/EditorMaterials/MatineeGroups/MAT_Groups_View_Off.uasset" 2604
"../../../Engine/Content/EditorMaterials/MatineeGroups/MAT_Groups_View_On.uasset" 2605
"../../../Engine/Content/EditorMaterials/MatineeGroups/MAT_Groups_View_Off_Mat.uasset" 2606
"../../../Engine/Content/EditorMaterials/Thumbnails/FloorPlaneMaterial.uasset" 2607
"../../../Engine/Content/EditorMaterials/Thumbnails/SkySphereMaterial.uasset" 2608
"../../../Engine/Content/EditorMaterials/MatineeGroups/MAT_Groups_View_On_Mat.uasset" 2609
"../../../Engine/Content/EditorMaterials/Utilities/ImageReflectionPreview.uasset" 2610
"../../../Engine/Content/EditorMaterials/MatineeGroups/MAT_Groups_Visibility_Mat.uasset" 2611
"../../../Engine/Content/EditorMaterials/Utilities/LinearColorPicker_MAT.uasset" 2612
"../../../Engine/Content/EditorMaterials/Utilities/LinearColorPicker_MATInst.uasset" 2613
"../../../Engine/Content/EditorMeshes/AnimTreeEd_PreviewFloor.uasset" 2614
"../../../Engine/Content/EditorMeshes/EditorCube.uasset" 2615
"../../../Engine/Content/EditorMeshes/EditorCylinder.uasset" 2616
"../../../Engine/Content/EditorMeshes/ArcadeEditorSphere.uasset" 2617
"../../../Engine/Content/EditorMeshes/EditorPlane.uasset" 2618
"../../../Engine/Content/EditorMeshes/EditorSkySphere.uasset" 2619
"../../../Engine/Content/EditorMeshes/EditorSphere.uasset" 2620
"../../../Engine/Content/EditorMeshes/MatineeCam_SM.uasset" 2621
"../../../Engine/Content/EditorMeshes/Axis_Guide.uasset" 2622
"../../../Engine/Content/EditorMeshes/PlanarReflectionPlane.uasset" 2623
"../../../Engine/Content/EditorMeshes/EditorHelp.uasset" 2624
"../../../Engine/Content/EditorMeshes/PhAT_FloorBox.uasset" 2625
"../../../Engine/Content/EditorMeshes/AssetViewer/Floor_Mesh.uasset" 2626
"../../../Engine/Content/EditorMeshes/AssetViewer/Sphere_inversenormals.uasset" 2627
"../../../Engine/Content/EditorMeshes/Camera/MI_CineCam_Body.uasset" 2628
"../../../Engine/Content/EditorMeshes/Camera/MI_CineCam_ViewFinder.uasset" 2629
"../../../Engine/Content/EditorMeshes/Camera/SM_CineCam.uasset" 2630
"../../../Engine/Content/EditorMeshes/Camera/MI_CraneRig.uasset" 2631
"../../../Engine/Content/EditorMeshes/Camera/SM_CraneArm_Body.uasset" 2632
"../../../Engine/Content/EditorMeshes/Camera/MI_RailRig.uasset" 2633
"../../../Engine/Content/EditorMeshes/Cascade/BackgroundCube.uasset" 2634
"../../../Engine/Content/EditorMeshes/ColorCalibrator/M_ChromeBall.uasset" 2635
"../../../Engine/Content/EditorMeshes/ColorCalibrator/Color_checker.uasset" 2636
"../../../Engine/Content/EditorMeshes/ColorCalibrator/Color_checker_8bit.uasset" 2637
"../../../Engine/Content/EditorMeshes/ColorCalibrator/M_ClearCoat.uasset" 2638
"../../../Engine/Content/EditorMeshes/ColorCalibrator/M_ClearCoatBlack.uasset" 2639
"../../../Engine/Content/EditorMeshes/ColorCalibrator/M_ColorGrid.uasset" 2640
"../../../Engine/Content/EditorMeshes/ColorCalibrator/M_GreyBall.uasset" 2641
"../../../Engine/Content/EditorMeshes/ColorCalibrator/M_SkinBall.uasset" 2642
"../../../Engine/Content/EditorMeshes/ColorCalibrator/SM_ColorCalibrator.uasset" 2643
"../../../Engine/Content/EditorMeshes/ColorCalibrator/T_ColorGrid.uasset" 2644
"../../../Engine/Content/EditorMeshes/SkeletalMesh/DefaultSkeletalMesh.uasset" 2645
"../../../Engine/Content/EditorResources/Bad.uasset" 2646
"../../../Engine/Content/EditorMeshes/SkeletalMesh/DefaultSkeletalMesh_Skeleton.uasset" 2647
"../../../Engine/Content/EditorResources/Ai_Spawnpoint.uasset" 2648
"../../../Engine/Content/EditorResources/BadBlueprintSprite.uasset" 2649
"../../../Engine/Content/EditorResources/BSPVertex.uasset" 2650
"../../../Engine/Content/EditorResources/BadHighlight.uasset" 2651
"../../../Engine/Content/EditorResources/EmptyActor.uasset" 2652
"../../../Engine/Content/EditorResources/BadPylon.uasset" 2653
"../../../Engine/Content/EditorResources/LevelGrid1DStripes.uasset" 2654
"../../../Engine/Content/EditorResources/Console.uasset" 2655
"../../../Engine/Content/EditorResources/MatineeCam_D.uasset" 2656
"../../../Engine/Content/EditorResources/MatInstActSprite.uasset" 2657
"../../../Engine/Content/EditorResources/Goal_Waypoint.uasset" 2658
"../../../Engine/Content/EditorResources/MaterialBackdrop.uasset" 2659
"../../../Engine/Content/EditorResources/SceneManager.uasset" 2660
"../../../Engine/Content/EditorResources/PathNode.uasset" 2661
"../../../Engine/Content/EditorResources/RGBTable16x1_AssetViewer.uasset" 2662
"../../../Engine/Content/EditorResources/SmallFont.uasset" 2663
"../../../Engine/Content/EditorResources/SimplygonLogo.uasset" 2664
"../../../Engine/Content/EditorResources/S_AutoAlignToTerrain.uasset" 2665
"../../../Engine/Content/EditorResources/S_CameraShakeSource.uasset" 2666
"../../../Engine/Content/EditorResources/S_DecalActorIcon.uasset" 2667
"../../../Engine/Content/EditorResources/S_Emitter.uasset" 2668
"../../../Engine/Content/EditorResources/S_ExpoHeightFog.uasset" 2669
"../../../Engine/Content/EditorResources/S_BezierHandle.uasset" 2670
"../../../Engine/Content/EditorResources/Spawn_Point.uasset" 2671
"../../../Engine/Content/EditorResources/S_FluidFlow.uasset" 2672
"../../../Engine/Content/EditorResources/S_FluidRaindrops.uasset" 2673
"../../../Engine/Content/EditorResources/S_FluidSphere.uasset" 2674
"../../../Engine/Content/EditorResources/S_FluidSurfOsc.uasset" 2675
"../../../Engine/Content/EditorResources/S_FluidSurf.uasset" 2676
"../../../Engine/Content/EditorResources/S_FTest.uasset" 2677
"../../../Engine/Content/EditorResources/S_KBSJoint.uasset" 2678
"../../../Engine/Content/EditorResources/S_KHinge.uasset" 2679
"../../../Engine/Content/EditorResources/S_KPrismatic.uasset" 2680
"../../../Engine/Content/EditorResources/S_LevelSequence.uasset" 2681
"../../../Engine/Content/EditorResources/S_NavP.uasset" 2682
"../../../Engine/Content/EditorResources/S_ForceFeedbackComponent.uasset" 2683
"../../../Engine/Content/EditorResources/S_ForceFeedbackComponent_AutoActivate.uasset" 2684
"../../../Engine/Content/EditorResources/S_Player.uasset" 2685
"../../../Engine/Content/EditorResources/S_Pawn.uasset" 2686
"../../../Engine/Content/EditorResources/S_Pickup.uasset" 2687
"../../../Engine/Content/EditorResources/S_PortalActorIcon2.uasset" 2688
"../../../Engine/Content/EditorResources/S_RadForce.uasset" 2689
"../../../Engine/Content/EditorResources/S_ReflActorIcon.uasset" 2690
"../../../Engine/Content/EditorResources/S_PolyMarker.uasset" 2691
"../../../Engine/Content/EditorResources/S_PortalActorIcon.uasset" 2692
"../../../Engine/Content/EditorResources/S_SkyAtmosphere.uasset" 2693
"../../../Engine/Content/EditorResources/S_Route.uasset" 2694
"../../../Engine/Content/EditorResources/S_SkyLight.uasset" 2695
"../../../Engine/Content/EditorResources/S_SceneCaptureIcon.uasset" 2696
"../../../Engine/Content/EditorResources/S_TextRenderActorIcon.uasset" 2697
"../../../Engine/Content/EditorResources/S_Thruster.uasset" 2698
"../../../Engine/Content/EditorResources/S_VectorFieldVol.uasset" 2699
"../../../Engine/Content/EditorResources/S_VolumetricCloud.uasset" 2700
"../../../Engine/Content/EditorResources/S_WindDirectional.uasset" 2701
"../../../Engine/Content/EditorResources/S_Teleport.uasset" 2702
"../../../Engine/Content/EditorResources/T_EditorHelp.uasset" 2703
"../../../Engine/Content/EditorResources/TilePatine_N.uasset" 2704
"../../../Engine/Content/EditorResources/TilePatine_D.uasset" 2705
"../../../Engine/Content/EditorResources/AI/S_NavLink.uasset" 2706
"../../../Engine/Content/EditorResources/UnrealEdIcon_PhysAsset.uasset" 2707
"../../../Engine/Content/EditorResources/Waypoint.uasset" 2708
"../../../Engine/Content/EditorResources/AudioIcons/S_Ambient_Sound_Moveable.uasset" 2709
"../../../Engine/Content/EditorResources/AudioIcons/S_Ambient_Sound_Non_Loop.uasset" 2710
"../../../Engine/Content/EditorResources/AudioIcons/S_Ambient_Sound_Toggleable.uasset" 2711
"../../../Engine/Content/EditorResources/AudioIcons/S_Ambient_Sound_Simple.uasset" 2712
"../../../Engine/Content/EditorResources/AudioIcons/S_AudioComponent.uasset" 2713
"../../../Engine/Content/EditorResources/Crowd/T_Crowd_Spline.uasset" 2714
"../../../Engine/Content/EditorResources/AudioIcons/S_AudioComponent_AutoActivate.uasset" 2715
"../../../Engine/Content/EditorResources/LightIcons/SkyLight.uasset" 2716
"../../../Engine/Content/EditorResources/LightIcons/S_LightDirectional.uasset" 2717
"../../../Engine/Content/EditorResources/LightIcons/S_LightDirectionalMove.uasset" 2718
"../../../Engine/Content/EditorResources/LightIcons/S_LightError.uasset" 2719
"../../../Engine/Content/EditorResources/LightIcons/S_LightPoint.uasset" 2720
"../../../Engine/Content/EditorResources/LightIcons/S_LightPointMove.uasset" 2721
"../../../Engine/Content/EditorResources/LightIcons/S_LightSpot.uasset" 2722
"../../../Engine/Content/EditorResources/LightIcons/S_LightSpotMove.uasset" 2723
"../../../Engine/Content/EditorResources/Spline/T_Loft_Spline.uasset" 2724
"../../../Engine/Content/EditorResources/LightIcons/Light_Point_Stationary_Statics.uasset" 2725
"../../../Engine/Content/EditorResources/Spline/T_Loft_Spline_Surf.uasset" 2726
"../../../Engine/Content/EditorShapes/Materials/MI_ShapeInstance.uasset" 2727
"../../../Engine/Content/EditorShapes/Materials/M_ShapeMaster.uasset" 2728
"../../../Engine/Content/EditorShapes/Textures/T_ShapeDiffuse.uasset" 2729
"../../../Engine/Content/EditorShapes/Textures/T_ShapeNormal.uasset" 2730
"../../../Engine/Content/EditorShellMaterials/MI_BaseFlat.uasset" 2731
"../../../Engine/Content/EditorShellMaterials/M_ShellMaster.uasset" 2732
"../../../Engine/Content/EditorShellMaterials/T_Base.uasset" 2733
"../../../Engine/Content/EditorShellMaterials/T_BaseButton.uasset" 2734
"../../../Engine/Content/EditorShellMaterials/T_BaseOverlay.uasset" 2735
"../../../Engine/Content/EditorShellMaterials/ManualUVs/MI_BaseGrid_MUV.uasset" 2736
"../../../Engine/Content/EditorShellMaterials/ManualUVs/MI_BaseInterpMesh_MUV.uasset" 2737
"../../../Engine/Content/EditorShellMaterials/ManualUVs/MI_BaseMesh_MUV.uasset" 2738
"../../../Engine/Content/EditorShellMaterials/ManualUVs/MI_Shell_128_MUV.uasset" 2739
"../../../Engine/Content/EditorShellMaterials/ManualUVs/MI_Shell_256_MUV.uasset" 2740
"../../../Engine/Content/EditorShellMaterials/ManualUVs/MI_Shell_32_MUV.uasset" 2741
"../../../Engine/Content/EditorShellMaterials/SketchUp/MI_BaseGrid_WUV_SketchUp.uasset" 2742
"../../../Engine/Content/EditorShellMaterials/ManualUVs/MI_Shell_64_MUV.uasset" 2743
"../../../Engine/Content/EditorShellMaterials/SketchUp/MI_Shell_128_WUV_SketchUp.uasset" 2744
"../../../Engine/Content/EditorShellMaterials/SketchUp/MI_BaseInterpMesh_WUV_SketchUp.uasset" 2745
"../../../Engine/Content/EditorShellMaterials/SketchUp/MI_BaseMesh_WUV_SketchUp.uasset" 2746
"../../../Engine/Content/EditorShellMaterials/SketchUp/MI_Shell_256_WUV_SketchUp.uasset" 2747
"../../../Engine/Content/EditorShellMaterials/SketchUp/MI_Shell_32_WUV_SketchUp.uasset" 2748
"../../../Engine/Content/EditorShellMaterials/SketchUp/MI_Shell_64_WUV_SketchUp.uasset" 2749
"../../../Engine/Content/EditorShellMaterials/WorldUVs/MI_BaseInterpMesh_WUV.uasset" 2750
"../../../Engine/Content/EditorShellMaterials/WorldUVs/MI_BaseGrid_WUV.uasset" 2751
"../../../Engine/Content/EditorShellMaterials/WorldUVs/MI_BaseMesh_WUV.uasset" 2752
"../../../Engine/Content/EditorShellMaterials/WorldUVs/MI_Shell_128_WUV.uasset" 2753
"../../../Engine/Content/EditorShellMaterials/WorldUVs/MI_Shell_32_WUV.uasset" 2754
"../../../Engine/Content/EditorShellMaterials/WorldUVs/MI_Shell_256_WUV.uasset" 2755
"../../../Engine/Content/EditorShellMaterials/WorldUVs/MI_Shell_64_WUV.uasset" 2756
"../../../Engine/Content/EditorSounds/GamePreview/EjectFromPlayer_Cue.uasset" 2757
"../../../Engine/Content/EditorSounds/GamePreview/EjectFromPlayer.uasset" 2758
"../../../Engine/Content/EditorSounds/GamePreview/EndPlayInEditor_Cue.uasset" 2759
"../../../Engine/Content/EditorSounds/GamePreview/EndPlayInEditor.uasset" 2760
"../../../Engine/Content/EditorSounds/GamePreview/EndSimulate.uasset" 2761
"../../../Engine/Content/EditorSounds/GamePreview/EndSimulate_Cue.uasset" 2762
"../../../Engine/Content/EditorSounds/GamePreview/PossessPlayer_Cue.uasset" 2763
"../../../Engine/Content/EditorSounds/GamePreview/PossessPlayer.uasset" 2764
"../../../Engine/Content/EditorSounds/GamePreview/StartPlayInEditor_Cue.uasset" 2765
"../../../Engine/Content/EditorSounds/GamePreview/StartPlayInEditor.uasset" 2766
"../../../Engine/Content/EditorSounds/GamePreview/StartSimulate.uasset" 2767
"../../../Engine/Content/EditorSounds/Notifications/CompileFailed.uasset" 2768
"../../../Engine/Content/EditorSounds/Notifications/CompileStart_Cue.uasset" 2769
"../../../Engine/Content/EditorSounds/Notifications/CompileSuccess.uasset" 2770
"../../../Engine/Content/EditorSounds/GamePreview/StartSimulate_Cue.uasset" 2771
"../../../Engine/Content/EditorSounds/Notifications/CompileFailed_Cue.uasset" 2772
"../../../Engine/Content/EngineDebugMaterials/BoneWeightMaterial.uasset" 2773
"../../../Engine/Content/EngineDebugMaterials/CASC_Cross.uasset" 2774
"../../../Engine/Content/EditorSounds/Notifications/CompileSuccess_Cue.uasset" 2775
"../../../Engine/Content/EngineDebugMaterials/CASC_None.uasset" 2776
"../../../Engine/Content/EngineDebugMaterials/ClothMaterial.uasset" 2777
"../../../Engine/Content/EngineDebugMaterials/ClothMaterial_WF.uasset" 2778
"../../../Engine/Content/EngineDebugMaterials/DebugEditorMaterial.uasset" 2779
"../../../Engine/Content/EngineDebugMaterials/GeomMaterial.uasset" 2780
"../../../Engine/Content/EngineDebugMaterials/HeatmapGradient.uasset" 2781
"../../../Engine/Content/EngineDebugMaterials/BlackUnlitMaterial.uasset" 2782
"../../../Engine/Content/EngineDebugMaterials/LevelColorationLitMaterial.uasset" 2783
"../../../Engine/Content/EngineDebugMaterials/LevelColorationUnlitMaterial.uasset" 2784
"../../../Engine/Content/EngineDebugMaterials/DebugMeshMaterialFakeLight.uasset" 2785
"../../../Engine/Content/EngineDebugMaterials/LightmapResolutionMaterial.uasset" 2786
"../../../Engine/Content/EngineDebugMaterials/HeatmapMaterial.uasset" 2787
"../../../Engine/Content/EngineDebugMaterials/MAT_LevelColorationLitLightmapUV.uasset" 2788
"../../../Engine/Content/EngineDebugMaterials/M_SimpleOpaque.uasset" 2789
"../../../Engine/Content/EngineDebugMaterials/MaterialError.uasset" 2790
"../../../Engine/Content/EngineDebugMaterials/PhysicalMaterialMaskMaterial.uasset" 2791
"../../../Engine/Content/EngineDebugMaterials/ShadedLevelColorationLitMaterial.uasset" 2792
"../../../Engine/Content/EngineDebugMaterials/ShadedLevelColorationUnlitMateri.uasset" 2793
"../../../Engine/Content/EngineDebugMaterials/M_SimpleTranslucent.uasset" 2794
"../../../Engine/Content/EngineDebugMaterials/MaterialError_Mat.uasset" 2795
"../../../Engine/Content/EngineDebugMaterials/TangentColorMap.uasset" 2796
"../../../Engine/Content/EngineDebugMaterials/TargetIcon.uasset" 2797
"../../../Engine/Content/EngineDebugMaterials/TangentColorMaterial.uasset" 2798
"../../../Engine/Content/EngineDebugMaterials/TerrainCollisionMaterial.uasset" 2799
"../../../Engine/Content/EngineDebugMaterials/VertexColorViewMode_AlphaAsColor.uasset" 2800
"../../../Engine/Content/EngineDebugMaterials/VertexColorViewMode_BlueOnly.uasset" 2801
"../../../Engine/Content/EngineDebugMaterials/VertexColorViewMode_ColorOnly.uasset" 2802
"../../../Engine/Content/EngineDebugMaterials/VertexColorViewMode_GreenOnly.uasset" 2803
"../../../Engine/Content/EngineDebugMaterials/TexturePaint_2Tex_Color.uasset" 2804
"../../../Engine/Content/EngineDebugMaterials/T_1x1_Grid.uasset" 2805
"../../../Engine/Content/EngineDebugMaterials/VertexColorViewMode_RedOnly.uasset" 2806
"../../../Engine/Content/EngineDebugMaterials/VertexPaint_4Tex.uasset" 2807
"../../../Engine/Content/EngineDebugMaterials/VertexPaint_2Tex_Color.uasset" 2808
"../../../Engine/Content/EngineFonts/RobotoTiny.uasset" 2809
"../../../Engine/Content/EngineFonts/SmallFont.uasset" 2810
"../../../Engine/Content/EngineFonts/TinyFont.uasset" 2811
"../../../Engine/Content/EngineDebugMaterials/LightingModels/M_TextureDefinedSpecularReflecti.uasset" 2812
"../../../Engine/Content/EngineFonts/Faces/RobotoTiny.uasset" 2813
"../../../Engine/Content/EngineLightProfiles/180Degree_IES.uasset" 2814
"../../../Engine/Content/EngineLightProfiles/90Degree_IES.uasset" 2815
"../../../Engine/Content/EngineFonts/DroidSansMono.uasset" 2816
"../../../Engine/Content/EngineLightProfiles/Complex_IES.uasset" 2817
"../../../Engine/Content/EngineFonts/Faces/DroidSansMono.uasset" 2818
"../../../Engine/Content/EngineLightProfiles/Narrow10000.uasset" 2819
"../../../Engine/Content/EngineLightProfiles/Narrow1000_IES.uasset" 2820
"../../../Engine/Content/EngineLightProfiles/NarrowComplex_IES.uasset" 2821
"../../../Engine/Content/EngineMaterials/BlendFunc_DefBase.uasset" 2822
"../../../Engine/Content/EngineMaterials/BlendFunc_DefBlend.uasset" 2823
"../../../Engine/Content/EngineMaterials/BlinkingCaret.uasset" 2824
"../../../Engine/Content/EngineMaterials/AntiAliasedTextMaterialTranslucent.uasset" 2825
"../../../Engine/Content/EngineMaterials/DefaultBokeh_Low.uasset" 2826
"../../../Engine/Content/EngineMaterials/CubeMaterial.uasset" 2827
"../../../Engine/Content/EngineMaterials/DefaultCalibrationColor.uasset" 2828
"../../../Engine/Content/EngineMaterials/DefaultCubemap.uasset" 2829
"../../../Engine/Content/EngineMaterials/DefaultCalibrationGrayscale.uasset" 2830
"../../../Engine/Content/EngineMaterials/DefaultDecalMaterial.uasset" 2831
"../../../Engine/Content/EngineMaterials/DefaultDiffuse_Low.uasset" 2832
"../../../Engine/Content/EngineMaterials/DefaultDiffuse_TC_Masks.uasset" 2833
"../../../Engine/Content/EngineMaterials/DefaultNormal.uasset" 2834
"../../../Engine/Content/EngineMaterials/DefaultMaterial_B.uasset" 2835
"../../../Engine/Content/EngineMaterials/DefaultNormal_Uncompressed.uasset" 2836
"../../../Engine/Content/EngineMaterials/DefaultParticle.uasset" 2837
"../../../Engine/Content/EngineMaterials/DefaultPhysicalMaterial2.uasset" 2838
"../../../Engine/Content/EngineMaterials/DefaultTextMaterialTranslucent.uasset" 2839
"../../../Engine/Content/EngineMaterials/DefaultTextMaterialOpaque2.uasset" 2840
"../../../Engine/Content/EngineMaterials/EditorBrushMaterial.uasset" 2841
"../../../Engine/Content/EngineMaterials/DefCube_Face.uasset" 2842
"../../../Engine/Content/EngineMaterials/FlatNormal.uasset" 2843
"../../../Engine/Content/EngineMaterials/EmissiveTexturedMaterial.uasset" 2844
"../../../Engine/Content/EngineMaterials/Grid.uasset" 2845
"../../../Engine/Content/EngineMaterials/Grid_N.uasset" 2846
"../../../Engine/Content/EngineMaterials/FogVolumeMaterial.uasset" 2847
"../../../Engine/Content/EngineMaterials/Good64x64TilingNoiseHighFreq_Low.uasset" 2848
"../../../Engine/Content/EngineMaterials/HighResolutionScreenshotMaskFunction.uasset" 2849
"../../../Engine/Content/EngineMaterials/HighResScreenshot.uasset" 2850
"../../../Engine/Content/EngineMaterials/HighResScreenshotCaptureRegion.uasset" 2851
"../../../Engine/Content/EngineMaterials/HighResScreenshotMask.uasset" 2852
"../../../Engine/Content/EngineMaterials/HairColorMap.uasset" 2853
"../../../Engine/Content/EngineMaterials/LandscapeHolePhysicalMaterial.uasset" 2854
"../../../Engine/Content/EngineMaterials/InvalidLightmapSettings_Low.uasset" 2855
"../../../Engine/Content/EngineMaterials/HairDebugColor.uasset" 2856
"../../../Engine/Content/EngineMaterials/PaperDiffuse.uasset" 2857
"../../../Engine/Content/EngineMaterials/PaperNormal.uasset" 2858
"../../../Engine/Content/EngineMaterials/NewBaseFlattenMaterial.uasset" 2859
"../../../Engine/Content/EngineMaterials/PhysMat_Carboard.uasset" 2860
"../../../Engine/Content/EngineMaterials/OrientParticle.uasset" 2861
"../../../Engine/Content/EngineMaterials/PhysMat_Rubber.uasset" 2862
"../../../Engine/Content/EngineMaterials/PhysMat_Ice.uasset" 2863
"../../../Engine/Content/EngineMaterials/PhysMat_Metal.uasset" 2864
"../../../Engine/Content/EngineMaterials/PhysMat_Vehicle.uasset" 2865
"../../../Engine/Content/EngineMaterials/PhysMat_VehicleRagdoll.uasset" 2866
"../../../Engine/Content/EngineMaterials/PPM_DefaultCalibrationGrayscale.uasset" 2867
"../../../Engine/Content/EngineMaterials/PPM_DefaultCalibrationColor.uasset" 2868
"../../../Engine/Content/EngineMaterials/PPVolumeMaterial.uasset" 2869
"../../../Engine/Content/EngineMaterials/PPVolumeMaterialInstance.uasset" 2870
"../../../Engine/Content/EngineMaterials/PreintegratedSkinBRDF_Low.uasset" 2871
"../../../Engine/Content/EngineMaterials/RandomAngles.uasset" 2872
"../../../Engine/Content/EngineMaterials/RandomNormal2.uasset" 2873
"../../../Engine/Content/EngineMaterials/RandomMirrorDisc.uasset" 2874
"../../../Engine/Content/EngineMaterials/RandomVectors_WithXNeighbor.uasset" 2875
"../../../Engine/Content/EngineMaterials/ScreenMaterial.uasset" 2876
"../../../Engine/Content/EngineMaterials/SoundCue_SpeakerIcon.uasset" 2877
"../../../Engine/Content/EngineMaterials/T_DefaultTexture2_D.uasset" 2878
"../../../Engine/Content/EngineMaterials/T_Default_BaseColor.uasset" 2879
"../../../Engine/Content/EngineMaterials/T_Default_MacroVariation.uasset" 2880
"../../../Engine/Content/EngineMaterials/T_Default_Material_Grid_M_Low.uasset" 2881
"../../../Engine/Content/EngineMaterials/T_Default_Material_Grid_N_Low.uasset" 2882
"../../../Engine/Content/EngineMaterials/T_Default_Normal.uasset" 2883
"../../../Engine/Content/EngineMaterials/T_SphereShadow_RGBA_5-15-30-60deg.uasset" 2884
"../../../Engine/Content/EngineMaterials/UnlitText.uasset" 2885
"../../../Engine/Content/EngineMaterials/Widget3DCameraPassThrough_Opaque_OneSided.uasset" 2886
"../../../Engine/Content/EngineMaterials/VolumeTextureThumbnailMaterial.uasset" 2887
"../../../Engine/Content/EngineMaterials/WaterMaterial.uasset" 2888
"../../../Engine/Content/EngineMeshes/BackgroundCube.uasset" 2889
"../../../Engine/Content/EngineMaterials/WorldGridMaterial_Low.uasset" 2890
"../../../Engine/Content/EngineMeshes/BackgroundMaterial.uasset" 2891
"../../../Engine/Content/EngineMeshes/Cube.uasset" 2892
"../../../Engine/Content/EngineMeshes/Humanoid.uasset" 2893
"../../../Engine/Content/EngineMeshes/ParticleCube.uasset" 2894
"../../../Engine/Content/EngineMeshes/MaterialSphere.uasset" 2895
"../../../Engine/Content/EngineMeshes/M_Mat_UnrealTech.uasset" 2896
"../../../Engine/Content/EngineMeshes/SkeletalCube_Skeleton.uasset" 2897
"../../../Engine/Content/EngineMeshes/SM_MatPreviewMesh_01.uasset" 2898
"../../../Engine/Content/EngineMeshes/SkeletalCube.uasset" 2899
"../../../Engine/Content/EngineMeshes/T_Mat_UnrealTech_01_D.uasset" 2900
"../../../Engine/Content/EngineMeshes/SM_Projectile.uasset" 2901
"../../../Engine/Content/EngineMeshes/s_cube_1cm_flippednormals.uasset" 2902
"../../../Engine/Content/EngineResources/AICON-Green.uasset" 2903
"../../../Engine/Content/EngineProduction/ReferenceNormalMap.uasset" 2904
"../../../Engine/Content/EngineResources/AICON-Green_Low.uasset" 2905
"../../../Engine/Content/EngineResources/AICON-Red_Low.uasset" 2906
"../../../Engine/Content/EngineResources/AICON-Red.uasset" 2907
"../../../Engine/Content/EngineResources/Bad.uasset" 2908
"../../../Engine/Content/EngineResources/Black_Low.uasset" 2909
"../../../Engine/Content/EngineResources/DefaultTextureCube_Low.uasset" 2910
"../../../Engine/Content/EngineResources/DefaultMediaTexture.uasset" 2911
"../../../Engine/Content/EngineResources/DefaultTexture_Low.uasset" 2912
"../../../Engine/Content/EngineResources/GradientTexture0_Low.uasset" 2913
"../../../Engine/Content/EngineResources/Gray.uasset" 2914
"../../../Engine/Content/EngineResources/GrayDarkTextureCube.uasset" 2915
"../../../Engine/Content/EngineResources/M_StreamingPause.uasset" 2916
"../../../Engine/Content/EngineResources/StreamingPauseIcon.uasset" 2917
"../../../Engine/Content/EngineResources/GrayLightTextureCube.uasset" 2918
"../../../Engine/Content/EngineResources/GrayTextureCube.uasset" 2919
"../../../Engine/Content/EngineResources/WireframeTexture.uasset" 2920
"../../../Engine/Content/EngineResources/Cursors/SplitterHorz.uasset" 2921
"../../../Engine/Content/EngineResources/Cursors/Arrow.uasset" 2922
"../../../Engine/Content/EngineSky/BP_Sky_Sphere.uasset" 2923
"../../../Engine/Content/EngineSky/C_Sky_Cloud_Color.uasset" 2924
"../../../Engine/Content/EngineSky/C_Sky_Horizon_Color.uasset" 2925
"../../../Engine/Content/EngineSky/C_Sky_Zenith_Color.uasset" 2926
"../../../Engine/Content/EngineResources/Cursors/SplitterVert.uasset" 2927
"../../../Engine/Content/EngineSky/BP_Sky_Shere.uasset" 2928
"../../../Engine/Content/EngineSky/M_Sky_Panning_Clouds2.uasset" 2929
"../../../Engine/Content/EngineSky/M_SkyTimeOfDay.uasset" 2930
"../../../Engine/Content/EngineSky/M_Sky_Panning_Clouds.uasset" 2931
"../../../Engine/Content/EngineSky/SM_SkySphere.uasset" 2932
"../../../Engine/Content/EngineSky/T_Sky_Blue.uasset" 2933
"../../../Engine/Content/EngineSky/T_Sky_Clouds_M.uasset" 2934
"../../../Engine/Content/EngineSky/T_Sky_Stars.uasset" 2935
"../../../Engine/Content/EngineSky/VolumetricClouds/m_VolumetricClouds.uasset" 2936
"../../../Engine/Content/EngineSky/M_Sky_Panning_Clouds2_Inst.uasset" 2937
"../../../Engine/Content/EngineSky/SkyAtmosphere/SkyAtmosphere_MaterialSkyDome.uasset" 2938
"../../../Engine/Content/EngineSky/VolumetricClouds/T_NoiseShape.uasset" 2939
"../../../Engine/Content/EngineSounds/Master.uasset" 2940
"../../../Engine/Content/EngineSky/VolumetricClouds/T_VolumeNoiseShape128.uasset" 2941
"../../../Engine/Content/EngineSounds/Duck_Normal_Attack_MixMod.uasset" 2942
"../../../Engine/Content/EngineSounds/Music.uasset" 2943
"../../../Engine/Content/EngineSounds/Normal_Attack.uasset" 2944
"../../../Engine/Content/EngineSounds/SFX.uasset" 2945
"../../../Engine/Content/EngineSounds/Special_Attack_PSM.uasset" 2946
"../../../Engine/Content/EngineSounds/Voice.uasset" 2947
"../../../Engine/Content/EngineSounds/WhiteNoise.uasset" 2948
"../../../Engine/Content/EngineSounds/ReverbSettings/Alley.uasset" 2949
"../../../Engine/Content/EngineSounds/ReverbSettings/Auditorium.uasset" 2950
"../../../Engine/Content/EngineSounds/ReverbSettings/Bathroom.uasset" 2951
"../../../Engine/Content/EngineSounds/ReverbSettings/BunkerHall.uasset" 2952
"../../../Engine/Content/EngineSounds/ReverbSettings/Cave.uasset" 2953
"../../../Engine/Content/EngineSounds/ReverbSettings/CaveHall.uasset" 2954
"../../../Engine/Content/EngineSounds/ReverbSettings/City.uasset" 2955
"../../../Engine/Content/EngineSounds/ReverbSettings/ConcertHall.uasset" 2956
"../../../Engine/Content/EngineSounds/ReverbSettings/Forest.uasset" 2957
"../../../Engine/Content/EngineSounds/ReverbSettings/Default.uasset" 2958
"../../../Engine/Content/EngineSounds/ReverbSettings/Hallway.uasset" 2959
"../../../Engine/Content/EngineSounds/ReverbSettings/LargeRoom.uasset" 2960
"../../../Engine/Content/EngineSounds/ReverbSettings/LargeHall.uasset" 2961
"../../../Engine/Content/EngineSounds/ReverbSettings/MediumHall.uasset" 2962
"../../../Engine/Content/EngineSounds/ReverbSettings/MediumRoom.uasset" 2963
"../../../Engine/Content/EngineSounds/ReverbSettings/Mine.uasset" 2964
"../../../Engine/Content/EngineSounds/ReverbSettings/Mountains.uasset" 2965
"../../../Engine/Content/EngineSounds/ReverbSettings/Plain.uasset" 2966
"../../../Engine/Content/EngineSounds/ReverbSettings/ParkingLot.uasset" 2967
"../../../Engine/Content/EngineSounds/ReverbSettings/Plate.uasset" 2968
"../../../Engine/Content/EngineSounds/ReverbSettings/Quarry.uasset" 2969
"../../../Engine/Content/EngineSounds/ReverbSettings/SewerPipe.uasset" 2970
"../../../Engine/Content/EngineSounds/ReverbSettings/SmallRoom.uasset" 2971
"../../../Engine/Content/EngineSounds/ReverbSettings/StoneCorridor.uasset" 2972
"../../../Engine/Content/EngineSounds/Submixes/MasterEQEffectPreset.uasset" 2973
"../../../Engine/Content/EngineSounds/Submixes/MasterEQSubmixDefault.uasset" 2974
"../../../Engine/Content/EngineSounds/ReverbSettings/StoneRoom.uasset" 2975
"../../../Engine/Content/EngineSounds/Submixes/MasterReverbEffectPreset.uasset" 2976
"../../../Engine/Content/EngineSounds/Submixes/MasterReverbSubmixDefault.uasset" 2977
"../../../Engine/Content/EngineSounds/Submixes/MasterSubmixDefault.uasset" 2978
"../../../Engine/Content/EngineSounds/ReverbSettings/Underwater.uasset" 2979
"../../../Engine/Content/EngineVolumetrics/FalloffSphere/Materials/M_EV_FalloffSphere_Master_01.uasset" 2980
"../../../Engine/Content/EngineVolumetrics/FalloffSphere/Mesh/S_EV_FalloffSphere_Mesh_01.uasset" 2981
"../../../Engine/Content/EngineVolumetrics/FogEnvironment/Materials/M_EV_FogEnvironment_Master_01.uasset" 2982
"../../../Engine/Content/EngineVolumetrics/FogEnvironment/Mesh/S_EV_FogVolume_Cylinder_01.uasset" 2983
"../../../Engine/Content/EngineVolumetrics/FogEnvironment/Mesh/S_EV_FogEnvironment_01_Mesh.uasset" 2984
"../../../Engine/Content/EngineVolumetrics/FogEnvironment/Mesh/S_EV_FogVolume_Cube_01.uasset" 2985
"../../../Engine/Content/EngineVolumetrics/Fogsheet/T_EV_Fogsheet_FlareColors_01.uasset" 2986
"../../../Engine/Content/EngineVolumetrics/FogEnvironment/Mesh/S_EV_FogVolume_Sphere_01.uasset" 2987
"../../../Engine/Content/EngineVolumetrics/Fogsheet/Materials/M_EV_FogSheet_1sided_Master_01.uasset" 2988
"../../../Engine/Content/EngineVolumetrics/Fogsheet/Materials/M_EV_FogSheet_1sided_Master_01_N.uasset" 2989
"../../../Engine/Content/EngineVolumetrics/Fogsheet/Materials/M_EV_FogSheet_1sided_Master_Ad_2.uasset" 2990
"../../../Engine/Content/EngineVolumetrics/Fogsheet/Materials/M_EV_FogSheet_1sided_Master_Addi.uasset" 2991
"../../../Engine/Content/EngineVolumetrics/Fogsheet/Materials/M_EV_FogSheet_2sided_Master_Addi.uasset" 2992
"../../../Engine/Content/EngineVolumetrics/Fogsheet/Materials/M_EV_FogSheet_Master_01.uasset" 2993
"../../../Engine/Content/EngineVolumetrics/Fogsheet/Materials/T_EV_BlankWhite_01.uasset" 2994
"../../../Engine/Content/EngineVolumetrics/Fogsheet/Materials/T_EV_FogSheet_CloudTex_01.uasset" 2995
"../../../Engine/Content/EngineVolumetrics/Fogsheet/Materials/T_EV_FogSheet_CloudTex_02.uasset" 2996
"../../../Engine/Content/EngineVolumetrics/Fogsheet/Materials/T_EV_FogSheet_Falloff_01.uasset" 2997
"../../../Engine/Content/EngineVolumetrics/Fogsheet/Materials/T_EV_FogSheet_Falloff_02.uasset" 2998
"../../../Engine/Content/EngineVolumetrics/Fogsheet/Materials/T_EV_FogSheet_Falloff_03.uasset" 2999
"../../../Engine/Content/EngineVolumetrics/Fogsheet/Mesh/S_EV_FogSheet_01.uasset" 3000
"../../../Engine/Content/EngineVolumetrics/Fogsheet/Mesh/MI_Fogsheet_HideClose.uasset" 3001
"../../../Engine/Content/EngineVolumetrics/LightBeam/Materials/M_EV_Lightbeam_Master_1sided_01.uasset" 3002
"../../../Engine/Content/EngineVolumetrics/LightBeam/Materials/M_EV_Lightbeam_Master_01.uasset" 3003
"../../../Engine/Content/EngineVolumetrics/LightBeam/Materials/M_EV_Lightbeam_Master_01_Inst.uasset" 3004
"../../../Engine/Content/EngineVolumetrics/LightBeam/Materials/T_EV_LightBeam_Falloff_01_Graysc.uasset" 3005
"../../../Engine/Content/EngineVolumetrics/LightBeam/Materials/T_EV_LightBeam_Falloff_01.uasset" 3006
"../../../Engine/Content/EngineVolumetrics/LightBeam/Materials/T_EV_DustPanner_01.uasset" 3007
"../../../Engine/Content/EngineVolumetrics/LightBeam/Materials/T_EV_LightBeam_Falloff_02.uasset" 3008
"../../../Engine/Content/EngineVolumetrics/LightBeam/Materials/T_EV_LightBeam_Falloff_01_Skyflo.uasset" 3009
"../../../Engine/Content/EngineVolumetrics/LightBeam/Materials/T_EV_LightBeam_Falloff_03.uasset" 3010
"../../../Engine/Content/EngineVolumetrics/LightBeam/Mesh/S_EV_SimpleLightBeam_02.uasset" 3011
"../../../Engine/Content/EngineVolumetrics/LightBeam/Mesh/S_EV_SimpleLightBeam_01.uasset" 3012
"../../../Engine/Content/EngineVolumetrics/LightBeam/Mesh/S_EV_SimpleLightBeam_03.uasset" 3013
"../../../Engine/Content/EngineVolumetrics/LightBeam/Mesh/S_EV_SimpleLightBeam_03_cross.uasset" 3014
"../../../Engine/Content/Engine_MI_Shaders/MI_Shader_BaseTileEx.uasset" 3015
"../../../Engine/Content/Engine_MI_Shaders/M_ES_Phong_Masked_Master_1sided.uasset" 3016
"../../../Engine/Content/Engine_MI_Shaders/M_ES_Phong_Masked_Master_2sided.uasset" 3017
"../../../Engine/Content/Engine_MI_Shaders/M_ES_Phong_Opaque_Liquid_Master_.uasset" 3018
"../../../Engine/Content/Engine_MI_Shaders/M_ES_Phong_Opaque_Master_01.uasset" 3019
"../../../Engine/Content/Engine_MI_Shaders/M_ES_Phong_Translucent_Liquid_Ma.uasset" 3020
"../../../Engine/Content/Engine_MI_Shaders/M_ES_Phong_Translucent_Liquid__2.uasset" 3021
"../../../Engine/Content/Engine_MI_Shaders/M_ES_Unlit_Translucent_Liquid_Ma.uasset" 3022
"../../../Engine/Content/Engine_MI_Shaders/M_ES_Phong_Translucent_Master_01.uasset" 3023
"../../../Engine/Content/Engine_MI_Shaders/M_Shader_Complex.uasset" 3024
"../../../Engine/Content/Engine_MI_Shaders/M_Shader_PlanarMap.uasset" 3025
"../../../Engine/Content/Engine_MI_Shaders/M_Shader_Simple.uasset" 3026
"../../../Engine/Content/Engine_MI_Shaders/M_Shader_Medium.uasset" 3027
"../../../Engine/Content/Engine_MI_Shaders/M_Shader_SimpleMaskedTwoSided.uasset" 3028
"../../../Engine/Content/Engine_MI_Shaders/M_Shader_SimpleMasked.uasset" 3029
"../../../Engine/Content/Engine_MI_Shaders/M_Shader_SimpleTranslucent.uasset" 3030
"../../../Engine/Content/Engine_MI_Shaders/M_Shader_Simple_CustomUV.uasset" 3031
"../../../Engine/Content/Engine_MI_Shaders/T_Base_Tile_DetailNormal.uasset" 3032
"../../../Engine/Content/Engine_MI_Shaders/T_Base_Tile_Diffuse.uasset" 3033
"../../../Engine/Content/Engine_MI_Shaders/T_Base_Tile_Emmisive.uasset" 3034
"../../../Engine/Content/Engine_MI_Shaders/T_Base_Tile_Reflection.uasset" 3035
"../../../Engine/Content/Engine_MI_Shaders/T_Base_Tile_Normal.uasset" 3036
"../../../Engine/Content/Engine_MI_Shaders/T_Base_Tile_ReflectionMask.uasset" 3037
"../../../Engine/Content/Engine_MI_Shaders/T_Base_Tile_Specular.uasset" 3038
"../../../Engine/Content/Engine_MI_Shaders/T_Base_Tile_Variation.uasset" 3039
"../../../Engine/Content/Engine_MI_Shaders/T_Cubemap_01.uasset" 3040
"../../../Engine/Content/Engine_MI_Shaders/T_Cubemap_01_tex.uasset" 3041
"../../../Engine/Content/Engine_MI_Shaders/T_Emissive.uasset" 3042
"../../../Engine/Content/Engine_MI_Shaders/T_Cubemap_02_tex.uasset" 3043
"../../../Engine/Content/Engine_MI_Shaders/T_Reflection.uasset" 3044
"../../../Engine/Content/Engine_MI_Shaders/T_Specular.uasset" 3045
"../../../Engine/Content/Engine_MI_Shaders/T_Normal.uasset" 3046
"../../../Engine/Content/Engine_MI_Shaders/Instances/M_ES_Phong_Opaque_INST_01.uasset" 3047
"../../../Engine/Content/Engine_MI_Shaders/Textures/Bokeh.uasset" 3048
"../../../Engine/Content/FunctionalTesting/Blueprints/AITesting_MoveGoal.uasset" 3049
"../../../Engine/Content/Engine_MI_Shaders/Instances/M_Shader_SimpleTranslucent_Invis.uasset" 3050
"../../../Engine/Content/Functions/DistanceFields/Combiners/DistanceField_Intersection.uasset" 3051
"../../../Engine/Content/Functions/DistanceFields/Combiners/DistanceField_Union.uasset" 3052
"../../../Engine/Content/Functions/DistanceFields/Combiners/DistanceField_Subtract.uasset" 3053
"../../../Engine/Content/Functions/DistanceFields/Shapes/DistanceField_Sphere.uasset" 3054
"../../../Engine/Content/Functions/DistanceFields/Shapes/DistanceField_Cylinder.uasset" 3055
"../../../Engine/Content/Functions/DistanceFields/Shapes/DistanceField_Capsule.uasset" 3056
"../../../Engine/Content/Functions/Engine_MaterialFunctions01/Chromakeying/DespillByAvg.uasset" 3057
"../../../Engine/Content/Functions/Engine_MaterialFunctions01/AlphaBlend/World_Aligned_Blend.uasset" 3058
"../../../Engine/Content/Functions/Engine_MaterialFunctions01/AlphaBlend/WorldAlignedBlend.uasset" 3059
"../../../Engine/Content/Functions/Engine_MaterialFunctions01/Chromakeying/DespillManual.uasset" 3060
"../../../Engine/Content/Functions/Engine_MaterialFunctions01/Chromakeying/DespillByHue.uasset" 3061
"../../../Engine/Content/Functions/Engine_MaterialFunctions01/Chromakeying/DiffColorKeyer.uasset" 3062
"../../../Engine/Content/Functions/Engine_MaterialFunctions01/Coordinates/1Dto2DIndex.uasset" 3063
"../../../Engine/Content/Functions/Engine_MaterialFunctions01/Chromakeying/RGBtoHSV.uasset" 3064
"../../../Engine/Content/Functions/Engine_MaterialFunctions01/Chromakeying/DiffColorKeyerErodeSinglePass.uasset" 3065
"../../../Engine/Content/Functions/Engine_MaterialFunctions01/Coordinates/1Dto3DIndex.uasset" 3066
"../../../Engine/Content/Functions/Engine_MaterialFunctions01/Coordinates/2Dto1DIndex.uasset" 3067
"../../../Engine/Content/Functions/Engine_MaterialFunctions01/Coordinates/3Dto1DIndex.uasset" 3068
"../../../Engine/Content/Functions/Engine_MaterialFunctions01/Coordinates/DrawLine-2D.uasset" 3069
"../../../Engine/Content/Functions/Engine_MaterialFunctions01/Coordinates/LongLatToUV.uasset" 3070
"../../../Engine/Content/Functions/Engine_MaterialFunctions01/Coordinates/DrawLine-3D.uasset" 3071
"../../../Engine/Content/Functions/Engine_MaterialFunctions01/Coordinates/PixelInWorldUnits.uasset" 3072
"../../../Engine/Content/Functions/Engine_MaterialFunctions01/Coordinates/UVRemap_0-1_ToRange.uasset" 3073
"../../../Engine/Content/Functions/Engine_MaterialFunctions01/Coordinates/UVToLongLat.uasset" 3074
"../../../Engine/Content/Functions/Engine_MaterialFunctions01/Coordinates/VirtualPlaneCoordinates.uasset" 3075
"../../../Engine/Content/Functions/Engine_MaterialFunctions01/Coordinates/WorldPosition-XY.uasset" 3076
"../../../Engine/Content/Functions/Engine_MaterialFunctions01/Cubemaps/InteriorCubemap.uasset" 3077
"../../../Engine/Content/Functions/Engine_MaterialFunctions01/Coordinates/WorldUnitsInPixel.uasset" 3078
"../../../Engine/Content/Functions/Engine_MaterialFunctions01/Debug/DebugBinaryValues-Float.uasset" 3079
"../../../Engine/Content/Functions/Engine_MaterialFunctions01/Debug/DebugBinaryValues-Int.uasset" 3080
"../../../Engine/Content/Functions/Engine_MaterialFunctions01/Debug/DebugIntValues.uasset" 3081
"../../../Engine/Content/Functions/Engine_MaterialFunctions01/Debug/FunctionGraphSetup.uasset" 3082
"../../../Engine/Content/Functions/Engine_MaterialFunctions01/Debug/PlotFunctionOnGraph.uasset" 3083
"../../../Engine/Content/Functions/Engine_MaterialFunctions01/Debug/PlotFunctionOnGraph_Derivative.uasset" 3084
"../../../Engine/Content/Functions/Engine_MaterialFunctions01/Density/ExponentialDensity.uasset" 3085
"../../../Engine/Content/Functions/Engine_MaterialFunctions01/Debug/PlotFunctionOnGraph_Setup_Input.uasset" 3086
"../../../Engine/Content/Functions/Engine_MaterialFunctions01/Debug/T_Grid.uasset" 3087
"../../../Engine/Content/Functions/Engine_MaterialFunctions01/Density/RayMarchHeightMap.uasset" 3088
"../../../Engine/Content/Functions/Engine_MaterialFunctions01/Gradient/BellCurve.uasset" 3089
"../../../Engine/Content/Functions/Engine_MaterialFunctions01/Gradient/BoxMask-2D.uasset" 3090
"../../../Engine/Content/Functions/Engine_MaterialFunctions01/Gradient/GeneratedRoundRect.uasset" 3091
"../../../Engine/Content/Functions/Engine_MaterialFunctions01/Gradient/DiamondGradient.uasset" 3092
"../../../Engine/Content/Functions/Engine_MaterialFunctions01/Gradient/BoxMask-3D.uasset" 3093
"../../../Engine/Content/Functions/Engine_MaterialFunctions01/Gradient/RadialGradientExponential.uasset" 3094
"../../../Engine/Content/Functions/Engine_MaterialFunctions01/Gradient/LinearGradient.uasset" 3095
"../../../Engine/Content/Functions/Engine_MaterialFunctions01/Gradient/RadialGradient.uasset" 3096
"../../../Engine/Content/Functions/Engine_MaterialFunctions01/Gradient/SphereGradient-2D.uasset" 3097
"../../../Engine/Content/Functions/Engine_MaterialFunctions01/Gradient/SphereGradient-3D.uasset" 3098
"../../../Engine/Content/Functions/Engine_MaterialFunctions01/ImageAdjustment/BlurSampleOffsets.uasset" 3099
"../../../Engine/Content/Functions/Engine_MaterialFunctions01/ImageAdjustment/3ColorBlend.uasset" 3100
"../../../Engine/Content/Functions/Engine_MaterialFunctions01/ImageAdjustment/CheapContrast.uasset" 3101
"../../../Engine/Content/Functions/Engine_MaterialFunctions01/ImageAdjustment/ColorCorrection.uasset" 3102
"../../../Engine/Content/Functions/Engine_MaterialFunctions01/ImageAdjustment/CheapContrast_RGB.uasset" 3103
"../../../Engine/Content/Functions/Engine_MaterialFunctions01/ImageAdjustment/Contrast_Preserve_Color.uasset" 3104
"../../../Engine/Content/Functions/Engine_MaterialFunctions01/ImageAdjustment/DeriveHDRfromLDR.uasset" 3105
"../../../Engine/Content/Functions/Engine_MaterialFunctions01/ImageAdjustment/HighPassFunction.uasset" 3106
"../../../Engine/Content/Functions/Engine_MaterialFunctions01/ImageAdjustment/HighPassTexture.uasset" 3107
"../../../Engine/Content/Functions/Engine_MaterialFunctions01/ImageAdjustment/LinearTosRGB.uasset" 3108
"../../../Engine/Content/Functions/Engine_MaterialFunctions01/ImageAdjustment/Luminosity_And_Color.uasset" 3109
"../../../Engine/Content/Functions/Engine_MaterialFunctions01/ImageAdjustment/sRGBToLinear.uasset" 3110
"../../../Engine/Content/Functions/Engine_MaterialFunctions01/ImageAdjustment/SceneTextureAverage.uasset" 3111
"../../../Engine/Content/Functions/Engine_MaterialFunctions01/ImageAdjustment/UnSharpMaskFunction.uasset" 3112
"../../../Engine/Content/Functions/Engine_MaterialFunctions01/ImageAdjustment/UnSharpMaskTexture.uasset" 3113
"../../../Engine/Content/Functions/Engine_MaterialFunctions01/ImageAdjustment/SCurve.uasset" 3114
"../../../Engine/Content/Functions/Engine_MaterialFunctions01/Landscape/Landscape_Manual_UVW.uasset" 3115
"../../../Engine/Content/Functions/Engine_MaterialFunctions01/Math/BoxIntersection.uasset" 3116
"../../../Engine/Content/Functions/Engine_MaterialFunctions01/Lighting/PixelDepthOffset_Foliage.uasset" 3117
"../../../Engine/Content/Functions/Engine_MaterialFunctions01/Math/CylinderIntersection.uasset" 3118
"../../../Engine/Content/Functions/Engine_MaterialFunctions01/Math/DegreesToRadians.uasset" 3119
"../../../Engine/Content/Functions/Engine_MaterialFunctions01/Math/QuadraticFormula.uasset" 3120
"../../../Engine/Content/Functions/Engine_MaterialFunctions01/Math/RadiansToDegrees.uasset" 3121
"../../../Engine/Content/Functions/Engine_MaterialFunctions01/Math/SmoothCeil.uasset" 3122
"../../../Engine/Content/Functions/Engine_MaterialFunctions01/Opacity/AlphaOffset.uasset" 3123
"../../../Engine/Content/Functions/Engine_MaterialFunctions01/Opacity/SoftOpacity.uasset" 3124
"../../../Engine/Content/Functions/Engine_MaterialFunctions01/Reflections/DistanceLimitedReflections.uasset" 3125
"../../../Engine/Content/Functions/Engine_MaterialFunctions01/Opacity/Chroma_Key_Alpha.uasset" 3126
"../../../Engine/Content/Functions/Engine_MaterialFunctions01/Reflections/ReflectionVectorSoft.uasset" 3127
"../../../Engine/Content/Functions/Engine_MaterialFunctions01/Reflections/ViewAlignedReflection.uasset" 3128
"../../../Engine/Content/Functions/Engine_MaterialFunctions01/Reflections/WorldAlignedReflection.uasset" 3129
"../../../Engine/Content/Functions/Engine_MaterialFunctions01/Shading/AxisAlignedFresnel.uasset" 3130
"../../../Engine/Content/Functions/Engine_MaterialFunctions01/Shading/CalcLightsourceAngle.uasset" 3131
"../../../Engine/Content/Functions/Engine_MaterialFunctions01/Shading/Ellipsoid-ConeShadow-Texture.uasset" 3132
"../../../Engine/Content/Functions/Engine_MaterialFunctions01/Shading/FuzzyShading.uasset" 3133
"../../../Engine/Content/Functions/Engine_MaterialFunctions01/Shading/FuzzyShadingGrass.uasset" 3134
"../../../Engine/Content/Functions/Engine_MaterialFunctions01/Shading/MetallicShading.uasset" 3135
"../../../Engine/Content/Functions/Engine_MaterialFunctions01/Shading/Sphere-ConeShadow-Texture.uasset" 3136
"../../../Engine/Content/Functions/Engine_MaterialFunctions01/Shading/Sphere_AO.uasset" 3137
"../../../Engine/Content/Functions/Engine_MaterialFunctions01/Shading/Spherical-Cap-Intersection.uasset" 3138
"../../../Engine/Content/Functions/Engine_MaterialFunctions01/SpeedTree/SpeedTreeBillboardNormals.uasset" 3139
"../../../Engine/Content/Functions/Engine_MaterialFunctions01/Shading/TextureDefinedSpecularShape.uasset" 3140
"../../../Engine/Content/Functions/Engine_MaterialFunctions01/SpeedTree/SpeedTreeColorVariation.uasset" 3141
"../../../Engine/Content/Functions/Engine_MaterialFunctions01/Texturing/AbberatedBlur-Texture.uasset" 3142
"../../../Engine/Content/Functions/Engine_MaterialFunctions01/SpeedTree/SpeedTreeCrossfadeBillboard.uasset" 3143
"../../../Engine/Content/Functions/Engine_MaterialFunctions01/Texturing/BrickAndTileUVs.uasset" 3144
"../../../Engine/Content/Functions/Engine_MaterialFunctions01/Texturing/BitMask.uasset" 3145
"../../../Engine/Content/Functions/Engine_MaterialFunctions01/Texturing/ComputeMipLevel.uasset" 3146
"../../../Engine/Content/Functions/Engine_MaterialFunctions01/Texturing/BakedDisplacement.uasset" 3147
"../../../Engine/Content/Functions/Engine_MaterialFunctions01/Texturing/DeriveTangentBasis.uasset" 3148
"../../../Engine/Content/Functions/Engine_MaterialFunctions01/Texturing/CylindricalUVs.uasset" 3149
"../../../Engine/Content/Functions/Engine_MaterialFunctions01/Texturing/DetailTexturing.uasset" 3150
"../../../Engine/Content/Functions/Engine_MaterialFunctions01/Texturing/DistanceField.uasset" 3151
"../../../Engine/Content/Functions/Engine_MaterialFunctions01/Texturing/LocalAlignedTexture.uasset" 3152
"../../../Engine/Content/Functions/Engine_MaterialFunctions01/Texturing/FlattenNormal.uasset" 3153
"../../../Engine/Content/Functions/Engine_MaterialFunctions01/Texturing/LocalAlignedTexture_TransformedWorldSpace.uasset" 3154
"../../../Engine/Content/Functions/Engine_MaterialFunctions01/Texturing/MF_VectorDisplacement.uasset" 3155
"../../../Engine/Content/Functions/Engine_MaterialFunctions01/Texturing/MosaicUVs.uasset" 3156
"../../../Engine/Content/Functions/Engine_MaterialFunctions01/Texturing/MotionBlur-Texture.uasset" 3157
"../../../Engine/Content/Functions/Engine_MaterialFunctions01/Texturing/PackedDistanceField.uasset" 3158
"../../../Engine/Content/Functions/Engine_MaterialFunctions01/Texturing/ParallaxOcclusionMapping.uasset" 3159
"../../../Engine/Content/Functions/Engine_MaterialFunctions01/Texturing/Parallax_For_Bomb.uasset" 3160
"../../../Engine/Content/Functions/Engine_MaterialFunctions01/Texturing/PointSampledUVs.uasset" 3161
"../../../Engine/Content/Functions/Engine_MaterialFunctions01/Texturing/ScaleByCenter-Texture2D.uasset" 3162
"../../../Engine/Content/Functions/Engine_MaterialFunctions01/Texturing/ScaleUVsByCenter.uasset" 3163
"../../../Engine/Content/Functions/Engine_MaterialFunctions01/Texturing/ScaleByPosition-Texture2D.uasset" 3164
"../../../Engine/Content/Functions/Engine_MaterialFunctions01/Texturing/ScaleUVsAroundPoint.uasset" 3165
"../../../Engine/Content/Functions/Engine_MaterialFunctions01/Texturing/SkyAtmosphereImage.uasset" 3166
"../../../Engine/Content/Functions/Engine_MaterialFunctions01/Texturing/SkyboxImage.uasset" 3167
"../../../Engine/Content/Functions/Engine_MaterialFunctions01/Texturing/SlopeMask.uasset" 3168
"../../../Engine/Content/Functions/Engine_MaterialFunctions01/Texturing/SpiralBlur-Texture.uasset" 3169
"../../../Engine/Content/Functions/Engine_MaterialFunctions01/Texturing/SpiralBlur-SceneTexture.uasset" 3170
"../../../Engine/Content/Functions/Engine_MaterialFunctions01/Texturing/TangentSpaceFlow.uasset" 3171
"../../../Engine/Content/Functions/Engine_MaterialFunctions01/Texturing/TextureBomb_SingleSample.uasset" 3172
"../../../Engine/Content/Functions/Engine_MaterialFunctions01/Texturing/TangentSpaceFlowComplex.uasset" 3173
"../../../Engine/Content/Functions/Engine_MaterialFunctions01/Texturing/TextureCropping.uasset" 3174
"../../../Engine/Content/Functions/Engine_MaterialFunctions01/Texturing/TextureBomb_SingleSample_POM.uasset" 3175
"../../../Engine/Content/Functions/Engine_MaterialFunctions01/Texturing/Texture_Bombing.uasset" 3176
"../../../Engine/Content/Functions/Engine_MaterialFunctions01/Texturing/Texture_Bombing_POM.uasset" 3177
"../../../Engine/Content/Functions/Engine_MaterialFunctions01/Texturing/TriplanarCameraVector.uasset" 3178
"../../../Engine/Content/Functions/Engine_MaterialFunctions01/Texturing/VectorDisplacement.uasset" 3179
"../../../Engine/Content/Functions/Engine_MaterialFunctions01/Texturing/UVCropping.uasset" 3180
"../../../Engine/Content/Functions/Engine_MaterialFunctions01/Texturing/WorldAlignedNormal.uasset" 3181
"../../../Engine/Content/Functions/Engine_MaterialFunctions01/Texturing/WorldAlignedTexture.uasset" 3182
"../../../Engine/Content/Functions/Engine_MaterialFunctions01/Texturing/WorldAlignedNormal2.uasset" 3183
"../../../Engine/Content/Functions/Engine_MaterialFunctions01/Texturing/WorldAlignedTexture_MipBias.uasset" 3184
"../../../Engine/Content/Functions/Engine_MaterialFunctions01/Texturing/WorldSpaceFlow.uasset" 3185
"../../../Engine/Content/Functions/Engine_MaterialFunctions01/Texturing/WorldAlignedTexture_SeperateChannels.uasset" 3186
"../../../Engine/Content/Functions/Engine_MaterialFunctions01/Texturing/ZWorldSpaceFlow.uasset" 3187
"../../../Engine/Content/Functions/Engine_MaterialFunctions01/Units/Km-to-Cm.uasset" 3188
"../../../Engine/Content/Functions/Engine_MaterialFunctions01/Units/Cm-to-Km.uasset" 3189
"../../../Engine/Content/Functions/Engine_MaterialFunctions01/Vectors/Refract.uasset" 3190
"../../../Engine/Content/Functions/Engine_MaterialFunctions01/Vectors/MF_RotateVector_90.uasset" 3191
"../../../Engine/Content/Functions/Engine_MaterialFunctions01/Vectors/OctahedronToUnitVector.uasset" 3192
"../../../Engine/Content/Functions/Engine_MaterialFunctions01/Vectors/RotateVector.uasset" 3193
"../../../Engine/Content/Functions/Engine_MaterialFunctions01/Volumetrics/Henyey-Greenstein-Phase.uasset" 3194
"../../../Engine/Content/Functions/Engine_MaterialFunctions01/Vectors/UnitVectorToOctahedron.uasset" 3195
"../../../Engine/Content/Functions/Engine_MaterialFunctions01/Volumetrics/BeersLaw.uasset" 3196
"../../../Engine/Content/Functions/Engine_MaterialFunctions01/Volumetrics/SchlickPhase.uasset" 3197
"../../../Engine/Content/Functions/Engine_MaterialFunctions01/WorldPositionOffset/CanopyCreator_Branches.uasset" 3198
"../../../Engine/Content/Functions/Engine_MaterialFunctions01/WorldPositionOffset/ConstantScalebyDistance.uasset" 3199
"../../../Engine/Content/Functions/Engine_MaterialFunctions01/WorldPositionOffset/FoliageScaleFactor.uasset" 3200
"../../../Engine/Content/Functions/Engine_MaterialFunctions01/WorldPositionOffset/SimpleGrassWind.uasset" 3201
"../../../Engine/Content/Functions/Engine_MaterialFunctions01/WorldPositionOffset/SplineThicken.uasset" 3202
"../../../Engine/Content/Functions/Engine_MaterialFunctions02/3PointLevels.uasset" 3203
"../../../Engine/Content/Functions/Engine_MaterialFunctions02/CenterPivotAroundVector.uasset" 3204
"../../../Engine/Content/Functions/Engine_MaterialFunctions02/CheckOcclusion.uasset" 3205
"../../../Engine/Content/Functions/Engine_MaterialFunctions02/AlignFacingParticlesByVelocity2D.uasset" 3206
"../../../Engine/Content/Functions/Engine_MaterialFunctions02/DebugNumberPeriod.uasset" 3207
"../../../Engine/Content/Functions/Engine_MaterialFunctions02/FixRotateAboutAxisNormals.uasset" 3208
"../../../Engine/Content/Functions/Engine_MaterialFunctions02/FixRotateAboutAxisNormals2.uasset" 3209
"../../../Engine/Content/Functions/Engine_MaterialFunctions02/Fresnel.uasset" 3210
"../../../Engine/Content/Functions/Engine_MaterialFunctions02/Fresnel_Function.uasset" 3211
"../../../Engine/Content/Functions/Engine_MaterialFunctions02/HighPrecisionWorldPosTextureSampling.uasset" 3212
"../../../Engine/Content/Functions/Engine_MaterialFunctions02/Lerp_3Color.uasset" 3213
"../../../Engine/Content/Functions/Engine_MaterialFunctions02/HighQualityWorldAlignedNormals.uasset" 3214
"../../../Engine/Content/Functions/Engine_MaterialFunctions02/HueShift.uasset" 3215
"../../../Engine/Content/Functions/Engine_MaterialFunctions02/Lerp_Multiple_Float.uasset" 3216
"../../../Engine/Content/Functions/Engine_MaterialFunctions02/Lerp_Multiple.uasset" 3217
"../../../Engine/Content/Functions/Engine_MaterialFunctions02/Lerp_Multiple_Float2.uasset" 3218
"../../../Engine/Content/Functions/Engine_MaterialFunctions02/Lerp_Multiple_Float4.uasset" 3219
"../../../Engine/Content/Functions/Engine_MaterialFunctions02/Lerp_Multiple_Float3.uasset" 3220
"../../../Engine/Content/Functions/Engine_MaterialFunctions02/LumensFromLightSource.uasset" 3221
"../../../Engine/Content/Functions/Engine_MaterialFunctions02/MacroUVs.uasset" 3222
"../../../Engine/Content/Functions/Engine_MaterialFunctions02/ObjectLocalBounds.uasset" 3223
"../../../Engine/Content/Functions/Engine_MaterialFunctions02/MatLayerBlend_BreakOpacity.uasset" 3224
"../../../Engine/Content/Functions/Engine_MaterialFunctions02/ms_PivotPainter2_UnpackIntegerAsFloat.uasset" 3225
"../../../Engine/Content/Functions/Engine_MaterialFunctions02/PassThrough.uasset" 3226
"../../../Engine/Content/Functions/Engine_MaterialFunctions02/OffsetAndScaleTo1.uasset" 3227
"../../../Engine/Content/Functions/Engine_MaterialFunctions02/ObjectLocalToWorldData.uasset" 3228
"../../../Engine/Content/Functions/Engine_MaterialFunctions02/PassThrough_V4.uasset" 3229
"../../../Engine/Content/Functions/Engine_MaterialFunctions02/ProceduralRayTracedSphere.uasset" 3230
"../../../Engine/Content/Functions/Engine_MaterialFunctions02/Posterize.uasset" 3231
"../../../Engine/Content/Functions/Engine_MaterialFunctions02/SafeNormalize.uasset" 3232
"../../../Engine/Content/Functions/Engine_MaterialFunctions02/RayTracedSphere.uasset" 3233
"../../../Engine/Content/Functions/Engine_MaterialFunctions02/RandomPannerTime.uasset" 3234
"../../../Engine/Content/Functions/Engine_MaterialFunctions02/ScreenResolution.uasset" 3235
"../../../Engine/Content/Functions/Engine_MaterialFunctions02/SampleSceneDepth.uasset" 3236
"../../../Engine/Content/Functions/Engine_MaterialFunctions02/SmoothStep.uasset" 3237
"../../../Engine/Content/Functions/Engine_MaterialFunctions02/ScreenPixelCount.uasset" 3238
"../../../Engine/Content/Functions/Engine_MaterialFunctions02/SmoothThreshold.uasset" 3239
"../../../Engine/Content/Functions/Engine_MaterialFunctions02/SplineDeformation.uasset" 3240
"../../../Engine/Content/Functions/Engine_MaterialFunctions02/SplitComponents.uasset" 3241
"../../../Engine/Content/Functions/Engine_MaterialFunctions02/Step.uasset" 3242
"../../../Engine/Content/Functions/Engine_MaterialFunctions02/TangentBasis.uasset" 3243
"../../../Engine/Content/Functions/Engine_MaterialFunctions02/SteppingPannerTime.uasset" 3244
"../../../Engine/Content/Functions/Engine_MaterialFunctions02/TransformToClipSpace.uasset" 3245
"../../../Engine/Content/Functions/Engine_MaterialFunctions02/WorldAlignedNormals_HighQuality.uasset" 3246
"../../../Engine/Content/Functions/Engine_MaterialFunctions02/ExampleContent/3dParticleOpacityInstance.uasset" 3247
"../../../Engine/Content/Functions/Engine_MaterialFunctions02/ValueStep.uasset" 3248
"../../../Engine/Content/Functions/Engine_MaterialFunctions02/WorldAlignedNormals_HighQuality_optimizationAttempt.uasset" 3249
"../../../Engine/Content/Functions/Engine_MaterialFunctions02/ExampleContent/DebugNumberStrip.uasset" 3250
"../../../Engine/Content/Functions/Engine_MaterialFunctions02/ExampleContent/3dParticleOpacity_Mat.uasset" 3251
"../../../Engine/Content/Functions/Engine_MaterialFunctions02/ExampleContent/Decal.uasset" 3252
"../../../Engine/Content/Functions/Engine_MaterialFunctions02/ExampleContent/3dParticleOpacity_Particle.uasset" 3253
"../../../Engine/Content/Functions/Engine_MaterialFunctions02/ExampleContent/Gradient.uasset" 3254
"../../../Engine/Content/Functions/Engine_MaterialFunctions02/ExampleContent/GradientMap_Multi_Example.uasset" 3255
"../../../Engine/Content/Functions/Engine_MaterialFunctions02/ExampleContent/FlowMaps.uasset" 3256
"../../../Engine/Content/Functions/Engine_MaterialFunctions02/ExampleContent/Greyscale.uasset" 3257
"../../../Engine/Content/Functions/Engine_MaterialFunctions02/ExampleContent/HueShift_Inst.uasset" 3258
"../../../Engine/Content/Functions/Engine_MaterialFunctions02/ExampleContent/HueShift_Mat.uasset" 3259
"../../../Engine/Content/Functions/Engine_MaterialFunctions02/ExampleContent/Plane002AlphaMap.uasset" 3260
"../../../Engine/Content/Functions/Engine_MaterialFunctions02/ExampleContent/Plane002NormalsMap.uasset" 3261
"../../../Engine/Content/Functions/Engine_MaterialFunctions02/ExampleContent/planes.uasset" 3262
"../../../Engine/Content/Functions/Engine_MaterialFunctions02/ExampleContent/ReorientedNormalsDemo.uasset" 3263
"../../../Engine/Content/Functions/Engine_MaterialFunctions02/ExampleContent/testDynamicbranch.uasset" 3264
"../../../Engine/Content/Functions/Engine_MaterialFunctions02/ExampleContent/MacroUVs/MacroUVs.uasset" 3265
"../../../Engine/Content/Functions/Engine_MaterialFunctions02/ExampleContent/TestMatrixTransform.uasset" 3266
"../../../Engine/Content/Functions/Engine_MaterialFunctions02/ExampleContent/StaticMeshDecal.uasset" 3267
"../../../Engine/Content/Functions/Engine_MaterialFunctions02/ExampleContent/PivotPainter2/PP2_rgb_XVect_a_XExtent.uasset" 3268
"../../../Engine/Content/Functions/Engine_MaterialFunctions02/ExampleContent/PivotPainter2/SimplePivotPainterExample.uasset" 3269
"../../../Engine/Content/Functions/Engine_MaterialFunctions02/ExampleContent/PivotPainter2/SimpExPivPos.uasset" 3270
"../../../Engine/Content/Functions/Engine_MaterialFunctions02/ExampleContent/PivotPainter2/test2_rgb_PivotPos_a_ParentIndexInt_UV_2.uasset" 3271
"../../../Engine/Content/Functions/Engine_MaterialFunctions02/ExampleContent/PivotPainter2/SimplePivotPainterExampleMat.uasset" 3272
"../../../Engine/Content/Functions/Engine_MaterialFunctions02/ExampleContent/PivotPainter2/SimplePivotPainterExampleMat_Inst.uasset" 3273
"../../../Engine/Content/Functions/Engine_MaterialFunctions02/ExampleContent/TextureBasedWPO/DemoBox.uasset" 3274
"../../../Engine/Content/Functions/Engine_MaterialFunctions02/ExampleContent/TextureBasedWPO/DemoBox_Normals.uasset" 3275
"../../../Engine/Content/Functions/Engine_MaterialFunctions02/ExampleContent/TextureBasedWPO/DemoBoxMesh.uasset" 3276
"../../../Engine/Content/Functions/Engine_MaterialFunctions02/ExampleContent/TextureBasedWPO/TextureBasedWPO.uasset" 3277
"../../../Engine/Content/Functions/Engine_MaterialFunctions02/ExampleContent/Textures/CylindricalHeightMap.uasset" 3278
"../../../Engine/Content/Functions/Engine_MaterialFunctions02/ExampleContent/Textures/DebugNumberPeriod.uasset" 3279
"../../../Engine/Content/Functions/Engine_MaterialFunctions02/ExampleContent/TextureBasedWPO/TextureBasedMorphDemo.uasset" 3280
"../../../Engine/Content/Functions/Engine_MaterialFunctions02/ExampleContent/Textures/flipbook.uasset" 3281
"../../../Engine/Content/Functions/Engine_MaterialFunctions02/ExampleContent/Textures/CylindricalNormals.uasset" 3282
"../../../Engine/Content/Functions/Engine_MaterialFunctions02/ExampleContent/Textures/DepthTexture.uasset" 3283
"../../../Engine/Content/Functions/Engine_MaterialFunctions02/ExampleContent/Textures/LowResBlurredNoise.uasset" 3284
"../../../Engine/Content/Functions/Engine_MaterialFunctions02/ExampleContent/Textures/newhplaneAlphaMap.uasset" 3285
"../../../Engine/Content/Functions/Engine_MaterialFunctions02/ExampleContent/Textures/newhplaneHeightMap.uasset" 3286
"../../../Engine/Content/Functions/Engine_MaterialFunctions02/ExampleContent/Textures/newhplaneLightingMap.uasset" 3287
"../../../Engine/Content/Functions/Engine_MaterialFunctions02/ExampleContent/Textures/OffsetNoiseDistanceFields_ForNormals.uasset" 3288
"../../../Engine/Content/Functions/Engine_MaterialFunctions02/ExampleContent/Textures/newhplaneNormalsMap.uasset" 3289
"../../../Engine/Content/Functions/Engine_MaterialFunctions02/ExampleContent/Textures/SineWaveHeightMap.uasset" 3290
"../../../Engine/Content/Functions/Engine_MaterialFunctions02/ExampleContent/Textures/SineWaveWorldNormalMap.uasset" 3291
"../../../Engine/Content/Functions/Engine_MaterialFunctions02/ExampleContent/Textures/smoothNormalSphere.uasset" 3292
"../../../Engine/Content/Functions/Engine_MaterialFunctions02/ExampleContent/Textures/SphereRenderHeightMap.uasset" 3293
"../../../Engine/Content/Functions/Engine_MaterialFunctions02/ExampleContent/Textures/SphereRenderMask.uasset" 3294
"../../../Engine/Content/Functions/Engine_MaterialFunctions02/ExampleContent/Textures/SphereRenderNormalsMap.uasset" 3295
"../../../Engine/Content/Functions/Engine_MaterialFunctions02/ExampleContent/Textures/SwirlMap.uasset" 3296
"../../../Engine/Content/Functions/Engine_MaterialFunctions02/ExampleContent/Textures/testPattern1.uasset" 3297
"../../../Engine/Content/Functions/Engine_MaterialFunctions02/ExampleContent/Textures/water_d.uasset" 3298
"../../../Engine/Content/Functions/Engine_MaterialFunctions02/ExampleContent/Textures/testPattern2.uasset" 3299
"../../../Engine/Content/Functions/Engine_MaterialFunctions02/ExampleContent/Textures/water_n.uasset" 3300
"../../../Engine/Content/Functions/Engine_MaterialFunctions02/ExampleContent/Textures/WindTurblenceVectorAndGustMagnitude.uasset" 3301
"../../../Engine/Content/Functions/Engine_MaterialFunctions02/Gradients/GetGradientMapRow.uasset" 3302
"../../../Engine/Content/Functions/Engine_MaterialFunctions02/Gradients/GradientMap_Multi.uasset" 3303
"../../../Engine/Content/Functions/Engine_MaterialFunctions02/Gradients/GradientMap_Multi_TexObjSamplerType.uasset" 3304
"../../../Engine/Content/Functions/Engine_MaterialFunctions02/Gradients/RayTraceSphereFalloff.uasset" 3305
"../../../Engine/Content/Functions/Engine_MaterialFunctions02/Gradients/SmoothCurve.uasset" 3306
"../../../Engine/Content/Functions/Engine_MaterialFunctions02/Gradients/StretchGradient.uasset" 3307
"../../../Engine/Content/Functions/Engine_MaterialFunctions02/Masking/ComponentWise_SphereMask.uasset" 3308
"../../../Engine/Content/Functions/Engine_MaterialFunctions02/Masking/ThresholdWithRange.uasset" 3309
"../../../Engine/Content/Functions/Engine_MaterialFunctions02/Math/AddComponents.uasset" 3310
"../../../Engine/Content/Functions/Engine_MaterialFunctions02/Math/ArrangePointsEvenlyAroundABox.uasset" 3311
"../../../Engine/Content/Functions/Engine_MaterialFunctions02/Math/AngleBetweenVectors.uasset" 3312
"../../../Engine/Content/Functions/Engine_MaterialFunctions02/Math/CorrectPixelDepthOffsetValue.uasset" 3313
"../../../Engine/Content/Functions/Engine_MaterialFunctions02/Math/ConcatenateMatrices.uasset" 3314
"../../../Engine/Content/Functions/Engine_MaterialFunctions02/Math/CorrectPixelDepthOffset.uasset" 3315
"../../../Engine/Content/Functions/Engine_MaterialFunctions02/Math/DeleteReference4x4Matrix.uasset" 3316
"../../../Engine/Content/Functions/Engine_MaterialFunctions02/Math/DeriveNormalZ_Function.uasset" 3317
"../../../Engine/Content/Functions/Engine_MaterialFunctions02/Math/CreateThirdOrthogonalVector.uasset" 3318
"../../../Engine/Content/Functions/Engine_MaterialFunctions02/Math/DeriveZ_Function.uasset" 3319
"../../../Engine/Content/Functions/Engine_MaterialFunctions02/Math/InverseTransformMatrix.uasset" 3320
"../../../Engine/Content/Functions/Engine_MaterialFunctions02/Math/LineIntervalIntersection.uasset" 3321
"../../../Engine/Content/Functions/Engine_MaterialFunctions02/Math/MakeVectorsOrthogonal.uasset" 3322
"../../../Engine/Content/Functions/Engine_MaterialFunctions02/Math/ManualWorldToScreenUVsTransform.uasset" 3323
"../../../Engine/Content/Functions/Engine_MaterialFunctions02/Math/MultiplyAdd.uasset" 3324
"../../../Engine/Content/Functions/Engine_MaterialFunctions02/Math/Pi.uasset" 3325
"../../../Engine/Content/Functions/Engine_MaterialFunctions02/Math/ProjectVectorOntoPlane.uasset" 3326
"../../../Engine/Content/Functions/Engine_MaterialFunctions02/Math/pythagoreanTheorum.uasset" 3327
"../../../Engine/Content/Functions/Engine_MaterialFunctions02/Math/QuatAxisAngleConversions.uasset" 3328
"../../../Engine/Content/Functions/Engine_MaterialFunctions02/Math/Refract.uasset" 3329
"../../../Engine/Content/Functions/Engine_MaterialFunctions02/Math/RGBtoHSV.uasset" 3330
"../../../Engine/Content/Functions/Engine_MaterialFunctions02/Math/TimeWithSpeedVariable.uasset" 3331
"../../../Engine/Content/Functions/Engine_MaterialFunctions02/Math/Transform3x3Matrix.uasset" 3332
"../../../Engine/Content/Functions/Engine_MaterialFunctions02/Math/TransformNormals_Tangent_to_Vertex.uasset" 3333
"../../../Engine/Content/Functions/Engine_MaterialFunctions02/Math/TransformMatrix.uasset" 3334
"../../../Engine/Content/Functions/Engine_MaterialFunctions02/Math/TransformToClipSpace.uasset" 3335
"../../../Engine/Content/Functions/Engine_MaterialFunctions02/Math/TransformToZVector.uasset" 3336
"../../../Engine/Content/Functions/Engine_MaterialFunctions02/MAXScripts/MeshSequenceFlipbook_Script.uasset" 3337
"../../../Engine/Content/Functions/Engine_MaterialFunctions02/MAXScripts/MS_CanopyCreatorMeshExpansion.uasset" 3338
"../../../Engine/Content/Functions/Engine_MaterialFunctions02/MAXScripts/MS_MultiNormal_VertexColorNormals.uasset" 3339
"../../../Engine/Content/Functions/Engine_MaterialFunctions02/MAXScripts/MS_MultiNormal_UVnormals.uasset" 3340
"../../../Engine/Content/Functions/Engine_MaterialFunctions02/MAXScripts/MS_SequencePainter_Sequence.uasset" 3341
"../../../Engine/Content/Functions/Engine_MaterialFunctions02/MAXScripts/ms_StaticMeshSkeletalAnimation.uasset" 3342
"../../../Engine/Content/Functions/Engine_MaterialFunctions02/MAXScripts/MS_SequencePainter_SequenceFlipbook.uasset" 3343
"../../../Engine/Content/Functions/Engine_MaterialFunctions02/MAXScripts/ms_StaticMeshSkeletalAnimationHighQuality.uasset" 3344
"../../../Engine/Content/Functions/Engine_MaterialFunctions02/MAXScripts/MS_VertexAnimationTools_MorphTargets.uasset" 3345
"../../../Engine/Content/Functions/Engine_MaterialFunctions02/MAXScripts/MultiNormalScript_VertexColors.uasset" 3346
"../../../Engine/Content/Functions/Engine_MaterialFunctions02/MAXScripts/MultiNormalScript_UVs.uasset" 3347
"../../../Engine/Content/Functions/Engine_MaterialFunctions02/MAXScripts/TextureBasedMorphTargets.uasset" 3348
"../../../Engine/Content/Functions/Engine_MaterialFunctions02/MAXScripts/SecondVertNormalSet_Script.uasset" 3349
"../../../Engine/Content/Functions/Engine_MaterialFunctions02/Normals/DynamicNormalFromDistanceField.uasset" 3350
"../../../Engine/Content/Functions/Engine_MaterialFunctions02/Normals/UnpackVector3FromFloat.uasset" 3351
"../../../Engine/Content/Functions/Engine_MaterialFunctions02/Normals/RotateNormalWhileMasking.uasset" 3352
"../../../Engine/Content/Functions/Engine_MaterialFunctions02/Normals/UnpackNormalFromFloat.uasset" 3353
"../../../Engine/Content/Functions/Engine_MaterialFunctions02/Particles/ParticleSizeByPixelUnits.uasset" 3354
"../../../Engine/Content/Functions/Engine_MaterialFunctions02/NotInUse/WorldAlignedTextures_Complex_OptimizationAttempt.uasset" 3355
"../../../Engine/Content/Functions/Engine_MaterialFunctions02/NotInUse/WorldAlignedNormals_HighQuality_optimizationAttempt.uasset" 3356
"../../../Engine/Content/Functions/Engine_MaterialFunctions02/PivotPainter/PivotPainter_PerObjectData.uasset" 3357
"../../../Engine/Content/Functions/Engine_MaterialFunctions02/PivotPainter/PivotPainter_HierarchyData.uasset" 3358
"../../../Engine/Content/Functions/Engine_MaterialFunctions02/PivotPainter/PivotPainter_PerObjectFoliageData.uasset" 3359
"../../../Engine/Content/Functions/Engine_MaterialFunctions02/PivotPainter/PivotPainter_TreeData.uasset" 3360
"../../../Engine/Content/Functions/Engine_MaterialFunctions02/PivotPainter/ProtectFrom0.uasset" 3361
"../../../Engine/Content/Functions/Engine_MaterialFunctions02/PivotPainter/TreeAnimationSines.uasset" 3362
"../../../Engine/Content/Functions/Engine_MaterialFunctions02/PivotPainter2/Black_1x1_EXR_Texture.uasset" 3363
"../../../Engine/Content/Functions/Engine_MaterialFunctions02/PivotPainter2/2dArrayLookupByIndex.uasset" 3364
"../../../Engine/Content/Functions/Engine_MaterialFunctions02/PivotPainter2/ms_PivotPainter2_CalcuateCurrentIndex.uasset" 3365
"../../../Engine/Content/Functions/Engine_MaterialFunctions02/PivotPainter2/ms_PivotPainter2_CalculateCurrentIndex.uasset" 3366
"../../../Engine/Content/Functions/Engine_MaterialFunctions02/PivotPainter2/ms_PivotPainter2_CalculateMeshElementIndex.uasset" 3367
"../../../Engine/Content/Functions/Engine_MaterialFunctions02/PivotPainter2/ms_PivotPainter2_Decode8BitAlphaAxisExtent.uasset" 3368
"../../../Engine/Content/Functions/Engine_MaterialFunctions02/PivotPainter2/ms_PivotPainter2_DecodeAxisVector.uasset" 3369
"../../../Engine/Content/Functions/Engine_MaterialFunctions02/PivotPainter2/ms_PivotPainter2_DecodePostion.uasset" 3370
"../../../Engine/Content/Functions/Engine_MaterialFunctions02/PivotPainter2/ms_PivotPainter2_ReadParentData.uasset" 3371
"../../../Engine/Content/Functions/Engine_MaterialFunctions02/PivotPainter2/ms_PivotPainter2_ReturnParentTextureInfo.uasset" 3372
"../../../Engine/Content/Functions/Engine_MaterialFunctions02/PivotPainter2/ms_PivotPainter2_SampleLayerData.uasset" 3373
"../../../Engine/Content/Functions/Engine_MaterialFunctions02/PivotPainter2/ms_PivotPainter2_UnpackRGBVector.uasset" 3374
"../../../Engine/Content/Functions/Engine_MaterialFunctions02/PivotPainter2/PivotPainter2FoliageShader.uasset" 3375
"../../../Engine/Content/Functions/Engine_MaterialFunctions02/PivotPainter2/PivotPainter2FoliageAnimation.uasset" 3376
"../../../Engine/Content/Functions/Engine_MaterialFunctions02/StaticMeshDecals/StaticMeshDecal_Function.uasset" 3377
"../../../Engine/Content/Functions/Engine_MaterialFunctions02/SupportFiles/1x1x1_Box_Pivot_-XYZ.uasset" 3378
"../../../Engine/Content/Functions/Engine_MaterialFunctions02/SupportFiles/1x1x1BoxCenterAligned.uasset" 3379
"../../../Engine/Content/Functions/Engine_MaterialFunctions02/Texturing/3dParticleOpacity.uasset" 3380
"../../../Engine/Content/Functions/Engine_MaterialFunctions02/Texturing/3DParticleUVs.uasset" 3381
"../../../Engine/Content/Functions/Engine_MaterialFunctions02/Texturing/FlipBook.uasset" 3382
"../../../Engine/Content/Functions/Engine_MaterialFunctions02/Texturing/3DSandMayaUVCoordinates.uasset" 3383
"../../../Engine/Content/Functions/Engine_MaterialFunctions02/Texturing/CustomRotator.uasset" 3384
"../../../Engine/Content/Functions/Engine_MaterialFunctions02/Texturing/FlipBook_MotionVectors.uasset" 3385
"../../../Engine/Content/Functions/Engine_MaterialFunctions02/Texturing/FlipBook_UniformNonUniform.uasset" 3386
"../../../Engine/Content/Functions/Engine_MaterialFunctions02/Texturing/Flowmaps.uasset" 3387
"../../../Engine/Content/Functions/Engine_MaterialFunctions02/Texturing/Flowmaps_2D.uasset" 3388
"../../../Engine/Content/Functions/Engine_MaterialFunctions02/Texturing/Flowmaps_3D.uasset" 3389
"../../../Engine/Content/Functions/Engine_MaterialFunctions02/Texturing/FlowMaps_Simple.uasset" 3390
"../../../Engine/Content/Functions/Engine_MaterialFunctions02/Texturing/HeightLerp.uasset" 3391
"../../../Engine/Content/Functions/Engine_MaterialFunctions02/Texturing/FlowMaps_UV1.uasset" 3392
"../../../Engine/Content/Functions/Engine_MaterialFunctions02/Texturing/HeightLerpWithTwoHeightMaps.uasset" 3393
"../../../Engine/Content/Functions/Engine_MaterialFunctions02/Texturing/ScreenAlignedUVs.uasset" 3394
"../../../Engine/Content/Functions/Engine_MaterialFunctions02/Texturing/RaiseBlackLevelsByPercentage.uasset" 3395
"../../../Engine/Content/Functions/Engine_MaterialFunctions02/Texturing/ScreenAlignedPixelToPixelUVs.uasset" 3396
"../../../Engine/Content/Functions/Engine_MaterialFunctions02/Texturing/TangentSpaceFlowComplex.uasset" 3397
"../../../Engine/Content/Functions/Engine_MaterialFunctions02/Texturing/WorldAlignedTextures_Complex.uasset" 3398
"../../../Engine/Content/Functions/Engine_MaterialFunctions02/Texturing/WorldAlignedTextures_Complex_OptimizationAttempt.uasset" 3399
"../../../Engine/Content/Functions/Engine_MaterialFunctions02/Texturing/WorldAlignedTexture_Complex.uasset" 3400
"../../../Engine/Content/Functions/Engine_MaterialFunctions02/Texturing/WorldPosition.uasset" 3401
"../../../Engine/Content/Functions/Engine_MaterialFunctions02/Utility/AppendMany.uasset" 3402
"../../../Engine/Content/Functions/Engine_MaterialFunctions02/Utility/BlendAngleCorrectedNormals.uasset" 3403
"../../../Engine/Content/Functions/Engine_MaterialFunctions02/Texturing/WorldPositionWithScale.uasset" 3404
"../../../Engine/Content/Functions/Engine_MaterialFunctions02/Utility/Append4.uasset" 3405
"../../../Engine/Content/Functions/Engine_MaterialFunctions02/Utility/BreakFloat2Components.uasset" 3406
"../../../Engine/Content/Functions/Engine_MaterialFunctions02/Utility/BreakOutFloat3Components.uasset" 3407
"../../../Engine/Content/Functions/Engine_MaterialFunctions02/Utility/BreakOutFloat4Components.uasset" 3408
"../../../Engine/Content/Functions/Engine_MaterialFunctions02/Utility/BreakFloat3Components.uasset" 3409
"../../../Engine/Content/Functions/Engine_MaterialFunctions02/Utility/BreakFloat4Components.uasset" 3410
"../../../Engine/Content/Functions/Engine_MaterialFunctions02/Utility/BumpOffset.uasset" 3411
"../../../Engine/Content/Functions/Engine_MaterialFunctions02/Utility/BumpOffset_Advanced.uasset" 3412
"../../../Engine/Content/Functions/Engine_MaterialFunctions02/Utility/DebugFloat2Values.uasset" 3413
"../../../Engine/Content/Functions/Engine_MaterialFunctions02/Utility/CustomReflectionVector.uasset" 3414
"../../../Engine/Content/Functions/Engine_MaterialFunctions02/Utility/CameraVectorWithWPOOptions.uasset" 3415
"../../../Engine/Content/Functions/Engine_MaterialFunctions02/Utility/DebugFloat3Values.uasset" 3416
"../../../Engine/Content/Functions/Engine_MaterialFunctions02/Utility/DebugScalarValues.uasset" 3417
"../../../Engine/Content/Functions/Engine_MaterialFunctions02/Utility/DebugFloat4Values.uasset" 3418
"../../../Engine/Content/Functions/Engine_MaterialFunctions02/Utility/DebugOnOff.uasset" 3419
"../../../Engine/Content/Functions/Engine_MaterialFunctions02/Utility/DebugTimeSine.uasset" 3420
"../../../Engine/Content/Functions/Engine_MaterialFunctions02/Utility/DepthFromWorldPosition.uasset" 3421
"../../../Engine/Content/Functions/Engine_MaterialFunctions02/Utility/DitherTemporalAA.uasset" 3422
"../../../Engine/Content/Functions/Engine_MaterialFunctions02/Utility/DynamicBranch.uasset" 3423
"../../../Engine/Content/Functions/Engine_MaterialFunctions02/Utility/DynamicBranchBasedOnScalar.uasset" 3424
"../../../Engine/Content/Functions/Engine_MaterialFunctions02/Utility/FOV.uasset" 3425
"../../../Engine/Content/Functions/Engine_MaterialFunctions02/Utility/MakeFloat3.uasset" 3426
"../../../Engine/Content/Functions/Engine_MaterialFunctions02/Utility/IsFloatValid.uasset" 3427
"../../../Engine/Content/Functions/Engine_MaterialFunctions02/Utility/Round.uasset" 3428
"../../../Engine/Content/Functions/Engine_MaterialFunctions02/Utility/LinearSine.uasset" 3429
"../../../Engine/Content/Functions/Engine_MaterialFunctions02/Utility/MakeFloat4.uasset" 3430
"../../../Engine/Content/Functions/Engine_MaterialFunctions02/Utility/Sign.uasset" 3431
"../../../Engine/Content/Functions/Engine_MaterialFunctions02/Utility/SequenceSum.uasset" 3432
"../../../Engine/Content/Functions/Engine_MaterialFunctions02/Utility/SumOfAConsecutiveNumberSequence.uasset" 3433
"../../../Engine/Content/Functions/Engine_MaterialFunctions02/Utility/Swizzle.uasset" 3434
"../../../Engine/Content/Functions/Engine_MaterialFunctions02/Utility/VectorLength.uasset" 3435
"../../../Engine/Content/Functions/Engine_MaterialFunctions02/UVs/BoundingBoxBased_0-1_UVW.uasset" 3436
"../../../Engine/Content/Functions/Engine_MaterialFunctions02/Utility/Sine_Remapped.uasset" 3437
"../../../Engine/Content/Functions/Engine_MaterialFunctions02/UVs/PanTextureCoordinateChannelfrom-1toN+1.uasset" 3438
"../../../Engine/Content/Functions/Engine_MaterialFunctions02/UVs/ObjectAlignedVirtualPlaneCoordinates.uasset" 3439
"../../../Engine/Content/Functions/Engine_MaterialFunctions02/Utility/VectorToRadialValue.uasset" 3440
"../../../Engine/Content/Functions/Engine_MaterialFunctions02/UVs/PanTextureCoordinateFrom-1toN+1.uasset" 3441
"../../../Engine/Content/Functions/Engine_MaterialFunctions02/UVs/WorldPositionBehindFromDepth_experimental.uasset" 3442
"../../../Engine/Content/Functions/Engine_MaterialFunctions02/UVs/UVBrickPatterns.uasset" 3443
"../../../Engine/Content/Functions/Engine_MaterialFunctions02/UVs/WorldSpaceAlignedScreenCoordinates.uasset" 3444
"../../../Engine/Content/Functions/Engine_MaterialFunctions02/WorldPositionOffset/AdjustNormalsToCompensateForRotateAboutAxisOffset.uasset" 3445
"../../../Engine/Content/Functions/Engine_MaterialFunctions02/UVs/WorldPositionBehindTranslucency.uasset" 3446
"../../../Engine/Content/Functions/Engine_MaterialFunctions02/WorldPositionOffset/AlignMeshToTheCamera.uasset" 3447
"../../../Engine/Content/Functions/Engine_MaterialFunctions02/WorldPositionOffset/ComponentPivotLocation.uasset" 3448
"../../../Engine/Content/Functions/Engine_MaterialFunctions02/WorldPositionOffset/ComponentBasisVectors.uasset" 3449
"../../../Engine/Content/Functions/Engine_MaterialFunctions02/WorldPositionOffset/AttachMeshToTheCamera.uasset" 3450
"../../../Engine/Content/Functions/Engine_MaterialFunctions02/WorldPositionOffset/DropletParticleVertexShader.uasset" 3451
"../../../Engine/Content/Functions/Engine_MaterialFunctions02/WorldPositionOffset/GenerateASpline.uasset" 3452
"../../../Engine/Content/Functions/Engine_MaterialFunctions02/WorldPositionOffset/Gravity_WPO.uasset" 3453
"../../../Engine/Content/Functions/Engine_MaterialFunctions02/WorldPositionOffset/ObjectScale.uasset" 3454
"../../../Engine/Content/Functions/Engine_MaterialFunctions02/WorldPositionOffset/PivotAxis.uasset" 3455
"../../../Engine/Content/Functions/Engine_MaterialFunctions02/WorldPositionOffset/LocalPosition.uasset" 3456
"../../../Engine/Content/Functions/Engine_MaterialFunctions02/WorldPositionOffset/ObjectPivotPoint.uasset" 3457
"../../../Engine/Content/Functions/Engine_MaterialFunctions02/WorldPositionOffset/RotateAboutWorldAxis_cheap.uasset" 3458
"../../../Engine/Content/Functions/Engine_MaterialFunctions02/WorldPositionOffset/RotNormals.uasset" 3459
"../../../Engine/Content/Functions/Engine_MaterialFunctions02/WorldPositionOffset/SineWithNormalSupport.uasset" 3460
"../../../Engine/Content/Functions/Engine_MaterialFunctions02/WorldPositionOffset/SplineBasedModelDeformation.uasset" 3461
"../../../Engine/Content/Functions/Engine_MaterialFunctions02/WorldPositionOffset/Sprite.uasset" 3462
"../../../Engine/Content/Functions/Engine_MaterialFunctions02/WorldPositionOffset/Sprite_Capsule.uasset" 3463
"../../../Engine/Content/Functions/Engine_MaterialFunctions02/WorldPositionOffset/Sprite_Ellipsoid.uasset" 3464
"../../../Engine/Content/Functions/Engine_MaterialFunctions02/WorldPositionOffset/TextureBasedMorphTargets.uasset" 3465
"../../../Engine/Content/Functions/Engine_MaterialFunctions02/WorldPositionOffset/StaticMeshMorphTargets.uasset" 3466
"../../../Engine/Content/Functions/Engine_MaterialFunctions02/WorldPositionOffset/Sprite_TearDrop.uasset" 3467
"../../../Engine/Content/Functions/Engine_MaterialFunctions02/WorldPositionOffset/UVLayoutToWorldSpacePosition.uasset" 3468
"../../../Engine/Content/Functions/Engine_MaterialFunctions02/WorldPositionOffset/VelocityAlignedEllipsoidalSprite.uasset" 3469
"../../../Engine/Content/Functions/Engine_MaterialFunctions02/WorldPositionOffset/V2/ComponentBasisVectors.uasset" 3470
"../../../Engine/Content/Functions/Engine_MaterialFunctions02/WorldPositionOffset/Wind.uasset" 3471
"../../../Engine/Content/Functions/Engine_MaterialFunctions02/WorldPositionOffset/V2/ObjectScale.uasset" 3472
"../../../Engine/Content/Functions/Engine_MaterialFunctions03/Blends/Blend_ColorBurn.uasset" 3473
"../../../Engine/Content/Functions/Engine_MaterialFunctions03/Blends/Blend_Darken.uasset" 3474
"../../../Engine/Content/Functions/Engine_MaterialFunctions03/Blends/Blend_ColorDodge.uasset" 3475
"../../../Engine/Content/Functions/Engine_MaterialFunctions03/Blends/Blend_Difference.uasset" 3476
"../../../Engine/Content/Functions/Engine_MaterialFunctions03/Blends/Blend_HardLight.uasset" 3477
"../../../Engine/Content/Functions/Engine_MaterialFunctions03/Blends/Blend_Exclusion.uasset" 3478
"../../../Engine/Content/Functions/Engine_MaterialFunctions03/Blends/Blend_Lighten.uasset" 3479
"../../../Engine/Content/Functions/Engine_MaterialFunctions03/Blends/Blend_LinearBurn.uasset" 3480
"../../../Engine/Content/Functions/Engine_MaterialFunctions03/Blends/Blend_LinearDodge.uasset" 3481
"../../../Engine/Content/Functions/Engine_MaterialFunctions03/Blends/Blend_LinearLight.uasset" 3482
"../../../Engine/Content/Functions/Engine_MaterialFunctions03/Blends/Blend_Screen.uasset" 3483
"../../../Engine/Content/Functions/Engine_MaterialFunctions03/Blends/Blend_Overlay.uasset" 3484
"../../../Engine/Content/Functions/Engine_MaterialFunctions03/Blends/Blend_PinLight.uasset" 3485
"../../../Engine/Content/Functions/Engine_MaterialFunctions03/Blends/Blend_SoftLight.uasset" 3486
"../../../Engine/Content/Functions/Engine_MaterialFunctions03/Blends/Lerp_ScratchGrime.uasset" 3487
"../../../Engine/Content/Functions/Engine_MaterialFunctions03/Blends/Lerp_ScratchGrime2.uasset" 3488
"../../../Engine/Content/Functions/Engine_MaterialFunctions03/Blends/ScratchGrime_Blend.uasset" 3489
"../../../Engine/Content/Functions/Engine_MaterialFunctions03/ComplexMotion/Motion_4WayChaos.uasset" 3490
"../../../Engine/Content/Functions/Engine_MaterialFunctions03/ComplexMotion/Motion_4WayChaos_Normal.uasset" 3491
"../../../Engine/Content/Functions/Engine_MaterialFunctions03/Math/MultiplyVectorWithQuaternion.uasset" 3492
"../../../Engine/Content/Functions/Engine_MaterialFunctions03/Math/PackTwoNormalizedFloats.uasset" 3493
"../../../Engine/Content/Functions/Engine_MaterialFunctions03/Math/UnpackTwoNormalizedFloats.uasset" 3494
"../../../Engine/Content/Functions/Engine_MaterialFunctions03/Math/RemapValueRange.uasset" 3495
"../../../Engine/Content/Functions/Engine_MaterialFunctions03/Particles/Distance_Blend.uasset" 3496
"../../../Engine/Content/Functions/Engine_MaterialFunctions03/Particles/RandomUVs.uasset" 3497
"../../../Engine/Content/Functions/Engine_MaterialFunctions03/Procedurals/ComputeFilterWidth.uasset" 3498
"../../../Engine/Content/Functions/Engine_MaterialFunctions03/Particles/ParticleDOF.uasset" 3499
"../../../Engine/Content/Functions/Engine_MaterialFunctions03/Procedurals/Compute3DDeriv.uasset" 3500
"../../../Engine/Content/Functions/Engine_MaterialFunctions03/Procedurals/CurlFrom3DDeriv.uasset" 3501
"../../../Engine/Content/Functions/Engine_MaterialFunctions03/Procedurals/GeneratedBand.uasset" 3502
"../../../Engine/Content/Functions/Engine_MaterialFunctions03/Procedurals/GeneratedOffsetBands.uasset" 3503
"../../../Engine/Content/Functions/Engine_MaterialFunctions03/Procedurals/GradFrom3DDeriv.uasset" 3504
"../../../Engine/Content/Functions/Engine_MaterialFunctions03/Procedurals/HeightToNormalSmooth.uasset" 3505
"../../../Engine/Content/Functions/Engine_MaterialFunctions03/Procedurals/NormalFromHeightmap.uasset" 3506
"../../../Engine/Content/Functions/Engine_MaterialFunctions03/Procedurals/NormalFromFunction.uasset" 3507
"../../../Engine/Content/Functions/Engine_MaterialFunctions03/Procedurals/NormalFromHeightmapChaos.uasset" 3508
"../../../Engine/Content/Functions/Engine_MaterialFunctions03/Procedurals/ObjectSpaceFalloff.uasset" 3509
"../../../Engine/Content/Functions/Engine_MaterialFunctions03/Procedurals/PerturbNormalHQ.uasset" 3510
"../../../Engine/Content/Functions/Engine_MaterialFunctions03/Procedurals/PerturbNormalLQ.uasset" 3511
"../../../Engine/Content/Functions/Engine_MaterialFunctions03/Procedurals/Prepare3DDeriv.uasset" 3512
"../../../Engine/Content/Functions/Engine_MaterialFunctions03/Procedurals/PreparePerturbNormalHQ.uasset" 3513
"../../../Engine/Content/Functions/Engine_MaterialFunctions03/Texturing/CameraWorldBlend.uasset" 3514
"../../../Engine/Content/Functions/Engine_MaterialFunctions03/Texturing/SubUV_Function.uasset" 3515
"../../../Engine/Content/Functions/Engine_MaterialFunctions03/Texturing/SubUV_Function_MipDerivative.uasset" 3516
"../../../Engine/Content/Functions/Engine_MaterialFunctions03/Texturing/LocalSpaceSurfaceMirroring.uasset" 3517
"../../../Engine/Content/Functions/Engine_MaterialFunctions03/Texturing/TextureVariation_RotateNormals.uasset" 3518
"../../../Engine/Content/Functions/Engine_MaterialFunctions03/Texturing/TextureVariation_RotateUV.uasset" 3519
"../../../Engine/Content/Functions/Engine_MaterialFunctions03/Texturing/TextureVariation.uasset" 3520
"../../../Engine/Content/Functions/Engine_MaterialFunctions03/Texturing/WorldCoordinate3Way.uasset" 3521
"../../../Engine/Content/Functions/Engine_MaterialFunctions03/Texturing/TwoSidedTexturing.uasset" 3522
"../../../Engine/Content/Functions/GetPostProcessFunctions/GetAmbientCubemapIntensity.uasset" 3523
"../../../Engine/Content/Functions/GetPostProcessFunctions/GetAmbientCubemapTint.uasset" 3524
"../../../Engine/Content/Functions/MaterialLayerFunctions/MatLayerBlend_AddWorldPositionOffset.uasset" 3525
"../../../Engine/Content/Functions/MaterialLayerFunctions/MatLayerBlend_AO.uasset" 3526
"../../../Engine/Content/Functions/MaterialLayerFunctions/MatLayerBlend_BakedNormal.uasset" 3527
"../../../Engine/Content/Functions/MaterialLayerFunctions/MatLayerBlend_BakedNormal_SimpleAdd.uasset" 3528
"../../../Engine/Content/Functions/MaterialLayerFunctions/MatLayerBlend_BaseColorOverride.uasset" 3529
"../../../Engine/Content/Functions/MaterialLayerFunctions/MatLayerBlend_BlendAngleCorrectedNormals.uasset" 3530
"../../../Engine/Content/Functions/MaterialLayerFunctions/MatLayerBlend_BreakBaseColor.uasset" 3531
"../../../Engine/Content/Functions/MaterialLayerFunctions/MatLayerBlend_BreakNormal.uasset" 3532
"../../../Engine/Content/Functions/MaterialLayerFunctions/MatLayerBlend_Decal.uasset" 3533
"../../../Engine/Content/Functions/MaterialLayerFunctions/MatLayerBlend_Decal_UV3.uasset" 3534
"../../../Engine/Content/Functions/MaterialLayerFunctions/MatLayerBlend_Displacement.uasset" 3535
"../../../Engine/Content/Functions/MaterialLayerFunctions/MatLayerBlend_Emissive.uasset" 3536
"../../../Engine/Content/Functions/MaterialLayerFunctions/MatLayerBlend_GlobalNormal.uasset" 3537
"../../../Engine/Content/Functions/MaterialLayerFunctions/MatLayerBlend_ModulateRoughness.uasset" 3538
"../../../Engine/Content/Functions/MaterialLayerFunctions/MatLayerBlend_LightmassReplace.uasset" 3539
"../../../Engine/Content/Functions/MaterialLayerFunctions/MatLayerBlend_ModulateSpecular.uasset" 3540
"../../../Engine/Content/Functions/MaterialLayerFunctions/MatLayerBlend_NormalBlend.uasset" 3541
"../../../Engine/Content/Functions/MaterialLayerFunctions/MatLayerBlend_Multiply.uasset" 3542
"../../../Engine/Content/Functions/MaterialLayerFunctions/MatLayerBlend_MultiplyBaseColor.uasset" 3543
"../../../Engine/Content/Functions/MaterialLayerFunctions/MatLayerBlend_OverrideBaseColor.uasset" 3544
"../../../Engine/Content/Functions/MaterialLayerFunctions/MatLayerBlend_NormalFlatten.uasset" 3545
"../../../Engine/Content/Functions/MaterialLayerFunctions/MatLayerBlend_OverrideDisplacement.uasset" 3546
"../../../Engine/Content/Functions/MaterialLayerFunctions/MatLayerBlend_OverrideMask.uasset" 3547
"../../../Engine/Content/Functions/MaterialLayerFunctions/MatLayerBlend_OverrideMetalness.uasset" 3548
"../../../Engine/Content/Functions/MaterialLayerFunctions/MatLayerBlend_OverrideOpacity.uasset" 3549
"../../../Engine/Content/Functions/MaterialLayerFunctions/MatLayerBlend_OverrideOpacityMask.uasset" 3550
"../../../Engine/Content/Functions/MaterialLayerFunctions/MatLayerBlend_OverrideSubSurface.uasset" 3551
"../../../Engine/Content/Functions/MaterialLayerFunctions/MatLayerBlend_OverrideWorldPositionOffset.uasset" 3552
"../../../Engine/Content/Functions/MaterialLayerFunctions/MatLayerBlend_ReplaceNormals.uasset" 3553
"../../../Engine/Content/Functions/MaterialLayerFunctions/MatLayerBlend_Simple.uasset" 3554
"../../../Engine/Content/Functions/MaterialLayerFunctions/MatLayerBlend_RoughnessOverride.uasset" 3555
"../../../Engine/Content/Functions/MaterialLayerFunctions/MatLayerBlend_SeparateNormalandColorClamps.uasset" 3556
"../../../Engine/Content/Functions/MaterialLayerFunctions/MatLayerBlend_Stain.uasset" 3557
"../../../Engine/Content/Functions/MaterialLayerFunctions/MatLayerBlend_Standard.uasset" 3558
"../../../Engine/Content/Functions/MaterialLayerFunctions/MatLayerBlend_StandardWithMaskEdgeTint.uasset" 3559
"../../../Engine/Content/Functions/MaterialLayerFunctions/MatLayerBlend_StandardWithDisplacement.uasset" 3560
"../../../Engine/Content/Functions/MaterialLayerFunctions/MatLayerBlend_TenLayerBlend.uasset" 3561
"../../../Engine/Content/Functions/MaterialLayerFunctions/MatLayerBlend_Tint.uasset" 3562
"../../../Engine/Content/Functions/MaterialLayerFunctions/MatLayerBlend_TintAllChannels.uasset" 3563
"../../../Engine/Content/Functions/MaterialLayerFunctions/MatLayerBlend_TopNormal.uasset" 3564
"../../../Engine/Content/Functions/MaterialLayerFunctions/ML_ExampleMaterialLayer.uasset" 3565
"../../../Engine/Content/Functions/UserInterface/GetUserInterfaceUV.uasset" 3566
"../../../Engine/Content/Maps/Templates/Template_Default.umap" 3567
"../../../Engine/Content/Maps/Templates/Template_Default_BuiltData.uasset" 3568
"../../../Engine/Content/Maps/Entry.umap" 3569
"../../../Engine/Content/Maps/Entry_BuiltData.uasset" 3570
"../../../Engine/Content/Maps/Templates/TimeOfDay_Default.umap" 3571
"../../../Engine/Content/Maps/Templates/VR-Basic.umap" 3572
"../../../Engine/Content/Maps/Templates/VR-Basic_BuiltData.uasset" 3573
"../../../Engine/Content/MapTemplates/Bokeh_5Sides.uasset" 3574
"../../../Engine/Content/MapTemplates/CloudDensityShadowing.uasset" 3575
"../../../Engine/Content/MapTemplates/CloudHemisphereShadowing.uasset" 3576
"../../../Engine/Content/MapTemplates/CloudRimLighting.uasset" 3577
"../../../Engine/Content/MapTemplates/CloudShadowSample4Iterations.uasset" 3578
"../../../Engine/Content/MapTemplates/CloudShadowSample.uasset" 3579
"../../../Engine/Content/MapTemplates/CloudShadowSample4Iterations_Hem.uasset" 3580
"../../../Engine/Content/MapTemplates/daylight.uasset" 3581
"../../../Engine/Content/MapTemplates/SM_Template_Map_Floor.uasset" 3582
"../../../Engine/Content/MapTemplates/MASTER_Sky_Material.uasset" 3583
"../../../Engine/Content/MapTemplates/TEST.uasset" 3584
"../../../Engine/Content/MapTemplates/MASTER_Sky_Material_DEFAULT_MAP.uasset" 3585
"../../../Engine/Content/MapTemplates/TestCard.uasset" 3586
"../../../Engine/Content/MapTemplates/TilingNoise05.uasset" 3587
"../../../Engine/Content/MapTemplates/T_ScreenDirt02_w.uasset" 3588
"../../../Engine/Content/MapTemplates/T_Sky_Clouds_M.uasset" 3589
"../../../Engine/Content/MapTemplates/T_UDK_Sky_CloudMask03.uasset" 3590
"../../../Engine/Content/MapTemplates/lut/LUT_Afternoon.uasset" 3591
"../../../Engine/Content/MapTemplates/lut/LUT_Daytime.uasset" 3592
"../../../Engine/Content/MapTemplates/lut/LUT_Morning.uasset" 3593
"../../../Engine/Content/MapTemplates/lut/LUT_Night.uasset" 3594
"../../../Engine/Content/MapTemplates/Materials/BasicAsset01.uasset" 3595
"../../../Engine/Content/MapTemplates/Materials/BasicAsset02.uasset" 3596
"../../../Engine/Content/MapTemplates/Materials/BasicAsset03.uasset" 3597
"../../../Engine/Content/MapTemplates/Sky/DaylightAmbientCubemap.uasset" 3598
"../../../Engine/Content/MapTemplates/Materials/BasicTemplateMaterial.uasset" 3599
"../../../Engine/Content/MapTemplates/Materials/ML_ExampleMaterialLayer.uasset" 3600
"../../../Engine/Content/MapTemplates/Sky/DaylightAmbientCubemap_Mat.uasset" 3601
"../../../Engine/Content/MapTemplates/Sky/Desert_Outer_HDR.uasset" 3602
"../../../Engine/Content/MapTemplates/Sky/Desert_Outer_HDR_Mat.uasset" 3603
"../../../Engine/Content/MapTemplates/Sky/M_BlackBackground.uasset" 3604
"../../../Engine/Content/MapTemplates/Sky/M_Procedural_Sky_Afternoon.uasset" 3605
"../../../Engine/Content/MapTemplates/Sky/M_Procedural_Sky_MASTER02.uasset" 3606
"../../../Engine/Content/MapTemplates/Sky/M_Procedural_Sky_Daytime.uasset" 3607
"../../../Engine/Content/MapTemplates/Sky/M_Procedural_Sky_MASTER022.uasset" 3608
"../../../Engine/Content/MapTemplates/Sky/M_Procedural_Sky_Morning.uasset" 3609
"../../../Engine/Content/MapTemplates/Sky/M_Procedural_Sky_MASTER_UE4.uasset" 3610
"../../../Engine/Content/MapTemplates/Sky/M_Procedural_Sky_Morning_UE4.uasset" 3611
"../../../Engine/Content/MapTemplates/Sky/M_Sky_Clouds.uasset" 3612
"../../../Engine/Content/MapTemplates/Sky/M_Procedural_Sky_Night.uasset" 3613
"../../../Engine/Content/MapTemplates/Sky/SM_SkySphere.uasset" 3614
"../../../Engine/Content/MapTemplates/Sky/SunsetAmbientCubemap.uasset" 3615
"../../../Engine/Content/MapTemplates/Sky/T_Sky_Stars.uasset" 3616
"../../../Engine/Content/MapTemplates/Sky/T_UDK_Sky_CloudMask01_N.uasset" 3617
"../../../Engine/Content/MaterialTemplates/Chromakeying/MF_Chromakeyer.uasset" 3618
"../../../Engine/Content/MaterialTemplates/Chromakeying/M_ColorDifferenceKey.uasset" 3619
"../../../Engine/Content/MaterialTemplates/Gradients/Gradient_Radial.uasset" 3620
"../../../Engine/Content/MaterialTemplates/Gradients/Gradient_Linear.uasset" 3621
"../../../Engine/Content/MaterialTemplates/Gradients/Gradient_Star.uasset" 3622
"../../../Engine/Content/MaterialTemplates/LayerBlends/LayerBlend_AddEmissive.uasset" 3623
"../../../Engine/Content/MaterialTemplates/LayerBlends/LayerBlend_AddWPO.uasset" 3624
"../../../Engine/Content/MaterialTemplates/LayerBlends/LayerBlend_AmbientOcclusion.uasset" 3625
"../../../Engine/Content/MaterialTemplates/LayerBlends/LayerBlend_NormalOverlay.uasset" 3626
"../../../Engine/Content/MaterialTemplates/LayerBlends/LayerBlend_Scalar.uasset" 3627
"../../../Engine/Content/MaterialTemplates/LayerBlends/LayerBlend_Stain.uasset" 3628
"../../../Engine/Content/MaterialTemplates/LayerBlends/LayerBlend_Stain_TextureMask.uasset" 3629
"../../../Engine/Content/MaterialTemplates/LayerBlends/LayerBlend_TextureMask.uasset" 3630
"../../../Engine/Content/MaterialTemplates/LayerBlends/LayerBlend_TextureMaskMultiplied.uasset" 3631
"../../../Engine/Content/MaterialTemplates/LayerBlends/LayerBlend_VertexColor.uasset" 3632
"../../../Engine/Content/MaterialTemplates/LayerBlends/LayerBlend_Threshold.uasset" 3633
"../../../Engine/Content/MaterialTemplates/LayerBlends/T_DefaultMaskTexture.uasset" 3634
"../../../Engine/Content/MaterialTemplates/PerfTricks/M_ContrastUsingLerp.uasset" 3635
"../../../Engine/Content/MaterialTemplates/PerfTricks/MultiChannelMask.uasset" 3636
"../../../Engine/Content/MaterialTemplates/PerfTricks/M_SpecularUsingDiffuse.uasset" 3637
"../../../Engine/Content/MaterialTemplates/PerfTricks/VertexColorBlend.uasset" 3638
"../../../Engine/Content/MaterialTemplates/PerfTricks/Spherical2dReflection.uasset" 3639
"../../../Engine/Content/MaterialTemplates/PerfTricks/VertexColorModulateTransition.uasset" 3640
"../../../Engine/Content/MaterialTemplates/Textures/T_multiMask.uasset" 3641
"../../../Engine/Content/MaterialTemplates/Textures/T_Noise01.uasset" 3642
"../../../Engine/Content/MaterialTemplates/VertexAnimation/AdvancedFlag.uasset" 3643
"../../../Engine/Content/MaterialTemplates/VertexAnimation/SimpleBuldge.uasset" 3644
"../../../Engine/Content/MaterialTemplates/VertexAnimation/SimpleRotation.uasset" 3645
"../../../Engine/Content/MaterialTemplates/VertexAnimation/SimpleWave.uasset" 3646
"../../../Engine/Content/MobileResources/T_MobileControls_texture.uasset" 3647
"../../../Engine/Content/MaterialTemplates/VertexAnimation/SimpleWind.uasset" 3648
"../../../Engine/Content/MobileResources/HUD/AnalogHat.uasset" 3649
"../../../Engine/Content/MobileResources/T_MobileMenu2.uasset" 3650
"../../../Engine/Content/MobileResources/HUD/LeftVirtualJoystickOnly.uasset" 3651
"../../../Engine/Content/MobileResources/HUD/DefaultVirtualJoysticks.uasset" 3652
"../../../Engine/Content/MobileResources/HUD/MobileHUDButton2_off.uasset" 3653
"../../../Engine/Content/MobileResources/HUD/MobileHUDButton1_off.uasset" 3654
"../../../Engine/Content/MobileResources/HUD/MobileHUDButton1_on.uasset" 3655
"../../../Engine/Content/MobileResources/HUD/MobileHUDButton2_on.uasset" 3656
"../../../Engine/Content/MobileResources/HUD/MobileHUDDirectionPad.uasset" 3657
"../../../Engine/Content/MobileResources/HUD/MobileHUDButton3.uasset" 3658
"../../../Engine/Content/MobileResources/HUD/MobileHUDButtonFire.uasset" 3659
"../../../Engine/Content/MobileResources/HUD/MobileHUDDirectionPad3.uasset" 3660
"../../../Engine/Content/MobileResources/HUD/MobileHUDDirectionPad2.uasset" 3661
"../../../Engine/Content/MobileResources/HUD/MobileHUDDirectionStick.uasset" 3662
"../../../Engine/Content/MobileResources/HUD/T_Castle_ThumbstickInner.uasset" 3663
"../../../Engine/Content/MobileResources/HUD/T_Castle_ThumbstickOutter.uasset" 3664
"../../../Engine/Content/MobileResources/HUD/VirtualJoystick_Background.uasset" 3665
"../../../Engine/Content/MobileResources/HUD/VirtualJoystick_Thumb.uasset" 3666
"../../../Engine/Content/Sequencer/DefaultBurnIn.uasset" 3667
"../../../Engine/Content/Sequencer/DefaultBurnInOptions.uasset" 3668
"../../../Engine/Content/TemplateResources/MI_Template_BaseBlue.uasset" 3669
"../../../Engine/Content/StarterContent/Textures/T_ground_Moss_D.uasset" 3670
"../../../Engine/Content/TemplateResources/MI_Template_BaseBlue_Metal.uasset" 3671
"../../../Engine/Content/TemplateResources/MI_Template_BaseGray.uasset" 3672
"../../../Engine/Content/TemplateResources/MI_Template_BaseGray_02_Metal.uasset" 3673
"../../../Engine/Content/TemplateResources/MI_Template_BaseGray_02.uasset" 3674
"../../../Engine/Content/TemplateResources/MI_Template_BaseGray_03.uasset" 3675
"../../../Engine/Content/TemplateResources/MI_Template_BaseGray_03_Metal.uasset" 3676
"../../../Engine/Content/TemplateResources/MI_Template_BaseGray_Metal.uasset" 3677
"../../../Engine/Content/TemplateResources/MI_Template_BaseOrange.uasset" 3678
"../../../Engine/Content/TemplateResources/MI_Template_BaseOrange_Metal.uasset" 3679
"../../../Engine/Content/TemplateResources/M_Template_Master.uasset" 3680
"../../../Engine/Content/Tutorial/Audio/Audience.uasset" 3681
"../../../Engine/Content/Tutorial/Audio/InterestingStuff.uasset" 3682
"../../../Engine/Content/Tutorial/Audio/TutorialTest.uasset" 3683
"../../../Engine/Content/Tutorial/Audio/Zak.uasset" 3684
"../../../Engine/Content/Tutorial/Basics/LevelEditorOverview.uasset" 3685
"../../../Engine/Content/Tutorial/Basics/ContentBrowserOverview.uasset" 3686
"../../../Engine/Content/Tutorial/Basics/TutorialAssets/CameraActor_64x.uasset" 3687
"../../../Engine/Content/Tutorial/Basics/TutorialAssets/icon_tab_Levels_40x.uasset" 3688
"../../../Engine/Content/Tutorial/Basics/FeaturePacks.uasset" 3689
"../../../Engine/Content/Tutorial/Basics/ViewportsTutorial.uasset" 3690
"../../../Engine/Content/Tutorial/BlueprintTutorials/BlueprintInterfacesEditorOverview.uasset" 3691
"../../../Engine/Content/Tutorial/BlueprintTutorials/BlueprintMacroLibrariesEditorOverview.uasset" 3692
"../../../Engine/Content/Tutorial/BlueprintTutorials/ClassBlueprintsEditorOverview.uasset" 3693
"../../../Engine/Content/Tutorial/BlueprintTutorials/LevelBlueprintEditorOverview.uasset" 3694
"../../../Engine/Content/Tutorial/BlueprintTutorials/TutorialAssets/BlueprintInterface_64x.uasset" 3695
"../../../Engine/Content/Tutorial/BlueprintTutorials/TutorialAssets/BlueprintFunctionLibrary_64x.uasset" 3696
"../../../Engine/Content/Tutorial/BlueprintTutorials/TutorialAssets/BlueprintMacroLibrary_64x.uasset" 3697
"../../../Engine/Content/Tutorial/BlueprintTutorials/TutorialAssets/Tutorial_BP_MacroLib.uasset" 3698
"../../../Engine/Content/Tutorial/Code/AddingCode.uasset" 3699
"../../../Engine/Content/Tutorial/BlueprintTutorials/TutorialAssets/Tutorial_BP_Class.uasset" 3700
"../../../Engine/Content/Tutorial/BlueprintTutorials/TutorialAssets/Tutorial_BP_Interface.uasset" 3701
"../../../Engine/Content/Tutorial/Foliage/FoliageWalkThrough.uasset" 3702
"../../../Engine/Content/Tutorial/Foliage/Foliage_Settings_Tutorial.uasset" 3703
"../../../Engine/Content/Tutorial/Foliage/Foliage_Intro_Tutorial.uasset" 3704
"../../../Engine/Content/Tutorial/Foliage/Foliage_Using_The_Tool_Tutorial.uasset" 3705
"../../../Engine/Content/Tutorial/Foliage/TutorialAssets/Foliage.uasset" 3706
"../../../Engine/Content/Tutorial/Installation/InstallingXCodeTutorial.uasset" 3707
"../../../Engine/Content/Tutorial/InWorldBlueprintEditing/IWBE_Tutorial_Part2.uasset" 3708
"../../../Engine/Content/Tutorial/InWorldBlueprintEditing/IWBE_Tutorial.uasset" 3709
"../../../Engine/Content/Tutorial/InWorldBlueprintEditing/TutorialAssets/IWBE_Blutility.uasset" 3710
"../../../Engine/Content/Tutorial/InWorldBlueprintEditing/IWBE_Tutorial_Part3.uasset" 3711
"../../../Engine/Content/Tutorial/InWorldBlueprintEditing/TutorialAssets/IWBE_Bridge1.uasset" 3712
"../../../Engine/Content/Tutorial/InWorldBlueprintEditing/TutorialAssets/IWBE_Bridge2.uasset" 3713
"../../../Engine/Content/Tutorial/InWorldBlueprintEditing/TutorialAssets/NewBlueprint.uasset" 3714
"../../../Engine/Content/Tutorial/Landscape/LandscapeWalkThrough.uasset" 3715
"../../../Engine/Content/Tutorial/Landscape/Landscape_Manage_Mode.uasset" 3716
"../../../Engine/Content/Tutorial/Landscape/Landscape_Painting_Mode.uasset" 3717
"../../../Engine/Content/Tutorial/Landscape/Landscape_Sculpt_Mode.uasset" 3718
"../../../Engine/Content/Tutorial/Landscape/TutorialAssets/Landscape.uasset" 3719
"../../../Engine/Content/Tutorial/Landscape/TutorialAssets/Landscape_Material.uasset" 3720
"../../../Engine/Content/Tutorial/Mobile/InstallingiTunesTutorial.uasset" 3721
"../../../Engine/Content/Tutorial/Mobile/CreatingSigningCertAndProvisionTutorial.uasset" 3722
"../../../Engine/Content/Tutorial/Mobile/SettingUpAndroidTutorial.uasset" 3723
"../../../Engine/Content/Tutorial/Mobile/SettingUpLuminTutorial.uasset" 3724
"../../../Engine/Content/Tutorial/Mobile/TutorialAssets/android_Icon.uasset" 3725
"../../../Engine/Content/Tutorial/SubEditors/GettingSubstance.uasset" 3726
"../../../Engine/Content/Tutorial/Mobile/TutorialAssets/IOS.uasset" 3727
"../../../Engine/Content/Tutorial/SubEditors/MaterialEditorTutorial.uasset" 3728
"../../../Engine/Content/Tutorial/SubEditors/PersonaAnimBlueprintEditorWalkthrough.uasset" 3729
"../../../Engine/Content/Tutorial/SubEditors/ParticleSystemEditorTutorial.uasset" 3730
"../../../Engine/Content/Tutorial/SubEditors/PersonaAnimEditorWalkthrough.uasset" 3731
"../../../Engine/Content/Tutorial/SubEditors/SkeletalMeshEditorWalkthrough.uasset" 3732
"../../../Engine/Content/Tutorial/SubEditors/PersonaWalkthrough.uasset" 3733
"../../../Engine/Content/Tutorial/SubEditors/SkeletonModeWalkthrough.uasset" 3734
"../../../Engine/Content/Tutorial/SubEditors/StaticMeshEditorTutorial.uasset" 3735
"../../../Engine/Content/Tutorial/SubEditors/TutorialAssets/icon_Editor_Preferences_General_40x.uasset" 3736
"../../../Engine/Content/Tutorial/SubEditors/TutorialAssets/icon_ShowSkeletalMeshes_40x.uasset" 3737
"../../../Engine/Content/Tutorial/SubEditors/TutorialAssets/M_smoke_subUV_blackbody.uasset" 3738
"../../../Engine/Content/Tutorial/SubEditors/TutorialAssets/TutorialAnimationBlueprint.uasset" 3739
"../../../Engine/Content/Tutorial/SubEditors/TutorialAssets/TutorialMaterial.uasset" 3740
"../../../Engine/Content/Tutorial/SubEditors/TutorialAssets/TutorialParticleSystem.uasset" 3741
"../../../Engine/Content/Tutorial/SubEditors/TutorialAssets/T_SmokeSubUV_8X8.uasset" 3742
"../../../Engine/Content/Tutorial/SubEditors/TutorialAssets/T_SmokeSubUV_8X8_SubUV.uasset" 3743
"../../../Engine/Content/Tutorial/SubEditors/TutorialAssets/T_soft_smoke.uasset" 3744
"../../../Engine/Content/Tutorial/SubEditors/TutorialAssets/Character/NewBlendSpace1D.uasset" 3745
"../../../Engine/Content/Tutorial/SubEditors/TutorialAssets/Character/TutorialCharacter.uasset" 3746
"../../../Engine/Content/Tutorial/SubEditors/TutorialAssets/Character/TutorialTPP.uasset" 3747
"../../../Engine/Content/Tutorial/SubEditors/TutorialAssets/Character/TutorialTPP_AnimBlueprint.uasset" 3748
"../../../Engine/Content/Tutorial/SubEditors/TutorialAssets/Character/TutorialTPP_Mat.uasset" 3749
"../../../Engine/Content/Tutorial/SubEditors/TutorialAssets/Character/TutorialTPP_PhysicsAsset.uasset" 3750
"../../../Engine/Content/Tutorial/SubEditors/TutorialAssets/Character/TutorialTPP_Skeleton.uasset" 3751
"../../../Engine/Content/Tutorial/SubEditors/TutorialAssets/Character/Tutorial_Idle.uasset" 3752
"../../../Engine/Content/Tutorial/SubEditors/TutorialAssets/Character/Tutorial_Walk_Fwd.uasset" 3753
"../../../Engine/Content/VREditor/ViewportInteractionAssetContainerData.uasset" 3754
"../../../Engine/Content/VREditor/VREditorAssetContainerData.uasset" 3755
"../../../Engine/Content/VREditor/BasicMeshes/MI_Ball_01.uasset" 3756
"../../../Engine/Content/VREditor/BasicMeshes/MI_Cube_01.uasset" 3757
"../../../Engine/Content/VREditor/BasicMeshes/MI_Cube_03.uasset" 3758
"../../../Engine/Content/VREditor/BasicMeshes/MI_Cube_02.uasset" 3759
"../../../Engine/Content/VREditor/BasicMeshes/MI_Floor_01.uasset" 3760
"../../../Engine/Content/VREditor/BasicMeshes/MI_Pyramid_01.uasset" 3761
"../../../Engine/Content/VREditor/BasicMeshes/M_Floor_01.uasset" 3762
"../../../Engine/Content/VREditor/BasicMeshes/SM_Ball_01.uasset" 3763
"../../../Engine/Content/VREditor/BasicMeshes/SM_Cube_01.uasset" 3764
"../../../Engine/Content/VREditor/BasicMeshes/SM_Cube_02.uasset" 3765
"../../../Engine/Content/VREditor/BasicMeshes/SM_Cube_03.uasset" 3766
"../../../Engine/Content/VREditor/BasicMeshes/SM_Pyramid_01.uasset" 3767
"../../../Engine/Content/VREditor/BasicMeshes/SM_Room_01.uasset" 3768
"../../../Engine/Content/VREditor/BasicMeshes/T_CleanFloorGrunge_01_D.uasset" 3769
"../../../Engine/Content/VREditor/Devices/M_EngineLogo.uasset" 3770
"../../../Engine/Content/VREditor/Devices/Generic/GenericHMD.uasset" 3771
"../../../Engine/Content/VREditor/Devices/Generic/GenericHMDMaterial_Inst.uasset" 3772
"../../../Engine/Content/VREditor/Devices/Generic/GenericHMDMaterial.uasset" 3773
"../../../Engine/Content/VREditor/Devices/Oculus/OculusControllerMaterial.uasset" 3774
"../../../Engine/Content/VREditor/Devices/Oculus/OculusControllerMesh.uasset" 3775
"../../../Engine/Content/VREditor/Devices/Oculus/OculusControllerMaterial_Inst.uasset" 3776
"../../../Engine/Content/VREditor/Devices/STEM/STEMControllerDiffuse.uasset" 3777
"../../../Engine/Content/VREditor/Devices/STEM/STEMControllerMesh.uasset" 3778
"../../../Engine/Content/VREditor/Devices/STEM/STEMControllerMat.uasset" 3779
"../../../Engine/Content/VREditor/Devices/STEM/STEMControllerNormal.uasset" 3780
"../../../Engine/Content/VREditor/Devices/Vive/M_ViveControllerTrim.uasset" 3781
"../../../Engine/Content/VREditor/Devices/Vive/M_ViveControllerTrim_Inst.uasset" 3782
"../../../Engine/Content/VREditor/Devices/Vive/T_VivePreController_EM.uasset" 3783
"../../../Engine/Content/VREditor/Devices/Vive/UE4_Logo.uasset" 3784
"../../../Engine/Content/VREditor/Devices/Vive/ViveControllerDiffuse.uasset" 3785
"../../../Engine/Content/VREditor/Devices/Vive/ViveControllerMaterial.uasset" 3786
"../../../Engine/Content/VREditor/Devices/Vive/ViveControllerMesh.uasset" 3787
"../../../Engine/Content/VREditor/Devices/Vive/VivePreControllerMaterial.uasset" 3788
"../../../Engine/Content/VREditor/Devices/Vive/VivePreControllerDiffuse.uasset" 3789
"../../../Engine/Content/VREditor/Devices/Vive/VivePreControllerMaterial_Inst.uasset" 3790
"../../../Engine/Content/VREditor/Devices/Vive/VivePreControllerSpec.uasset" 3791
"../../../Engine/Content/VREditor/Devices/Vive/VivePreControllerMesh.uasset" 3792
"../../../Engine/Content/VREditor/Devices/Vive/VivePreController_MasksA.uasset" 3793
"../../../Engine/Content/VREditor/Devices/Vive/VivePreController_MasksB.uasset" 3794
"../../../Engine/Content/VREditor/Devices/Vive/VivePreController_Trimlines.uasset" 3795
"../../../Engine/Content/VREditor/FloatingText/JointSphere.uasset" 3796
"../../../Engine/Content/VREditor/FloatingText/LineMaterial.uasset" 3797
"../../../Engine/Content/VREditor/Fonts/TranslucentVRTextMaterial.uasset" 3798
"../../../Engine/Content/VREditor/FloatingText/LineSegmentCylinder.uasset" 3799
"../../../Engine/Content/VREditor/Fonts/VRTextMaterial.uasset" 3800
"../../../Engine/Content/VREditor/Fonts/VRText_RobotoLarge.uasset" 3801
"../../../Engine/Content/VREditor/LaserPointer/CursorPointer.uasset" 3802
"../../../Engine/Content/VREditor/LaserPointer/HoverMaterial.uasset" 3803
"../../../Engine/Content/VREditor/LaserPointer/LaserPointerMaterial.uasset" 3804
"../../../Engine/Content/VREditor/LaserPointer/HoverMesh.uasset" 3805
"../../../Engine/Content/VREditor/LaserPointer/LaserPointerMesh.uasset" 3806
"../../../Engine/Content/VREditor/LaserPointer/LaserPointerMaterial_Inst.uasset" 3807
"../../../Engine/Content/VREditor/LaserPointer/LaserPointerMaterialInst.uasset" 3808
"../../../Engine/Content/VREditor/LaserPointer/LaserPointerMesh_End.uasset" 3809
"../../../Engine/Content/VREditor/LaserPointer/M_LaserPointer-Core.uasset" 3810
"../../../Engine/Content/VREditor/LaserPointer/LaserPointerMesh_Start.uasset" 3811
"../../../Engine/Content/VREditor/LaserPointer/M_LaserPointer-Outer.uasset" 3812
"../../../Engine/Content/VREditor/LaserPointer/TranslucentHoverMaterial.uasset" 3813
"../../../Engine/Content/VREditor/LaserPointer/TranslucentLaserPointerMaterialInst.uasset" 3814
"../../../Engine/Content/VREditor/SnapGrid/SnapGridMaterial.uasset" 3815
"../../../Engine/Content/VREditor/SnapGrid/SnapGridPlaneMesh.uasset" 3816
"../../../Engine/Content/VREditor/Sounds/VR_click1.uasset" 3817
"../../../Engine/Content/VREditor/Sounds/VR_click1_Cue.uasset" 3818
"../../../Engine/Content/VREditor/Sounds/VR_click2_Cue.uasset" 3819
"../../../Engine/Content/VREditor/Sounds/VR_click2.uasset" 3820
"../../../Engine/Content/VREditor/Sounds/VR_click3.uasset" 3821
"../../../Engine/Content/VREditor/Sounds/VR_click3_Cue.uasset" 3822
"../../../Engine/Content/VREditor/Sounds/VR_close_Cue.uasset" 3823
"../../../Engine/Content/VREditor/Sounds/VR_close.uasset" 3824
"../../../Engine/Content/VREditor/Sounds/VR_confirm.uasset" 3825
"../../../Engine/Content/VREditor/Sounds/VR_confirm_Cue.uasset" 3826
"../../../Engine/Content/VREditor/Sounds/VR_grab.uasset" 3827
"../../../Engine/Content/VREditor/Sounds/VR_grab_Cue.uasset" 3828
"../../../Engine/Content/VREditor/Sounds/VR_negative.uasset" 3829
"../../../Engine/Content/VREditor/Sounds/VR_negative_Cue.uasset" 3830
"../../../Engine/Content/VREditor/Sounds/VR_objectRotateLoop_01_Cue.uasset" 3831
"../../../Engine/Content/VREditor/Sounds/VR_objectRotateLoop_01.uasset" 3832
"../../../Engine/Content/VREditor/Sounds/VR_objectRotateLoop_02.uasset" 3833
"../../../Engine/Content/VREditor/Sounds/VR_objectRotateLoop_02_Cue.uasset" 3834
"../../../Engine/Content/VREditor/Sounds/VR_object_grabbed_loop.uasset" 3835
"../../../Engine/Content/VREditor/Sounds/VR_object_grabbed_loop_Cue.uasset" 3836
"../../../Engine/Content/VREditor/Sounds/VR_open.uasset" 3837
"../../../Engine/Content/VREditor/Sounds/VR_open_Cue.uasset" 3838
"../../../Engine/Content/VREditor/Sounds/VR_shep_scale_down_01.uasset" 3839
"../../../Engine/Content/VREditor/Sounds/VR_shep_scale_down_01_Cue.uasset" 3840
"../../../Engine/Content/VREditor/Sounds/VR_shep_scale_down_02.uasset" 3841
"../../../Engine/Content/VREditor/Sounds/VR_shep_scale_down_02_Cue.uasset" 3842
"../../../Engine/Content/VREditor/Sounds/VR_shep_scale_down_03.uasset" 3843
"../../../Engine/Content/VREditor/Sounds/VR_shep_scale_down_03_Cue.uasset" 3844
"../../../Engine/Content/VREditor/Sounds/VR_shep_scale_down_04.uasset" 3845
"../../../Engine/Content/VREditor/Sounds/VR_shep_scale_down_04_Cue.uasset" 3846
"../../../Engine/Content/VREditor/Sounds/VR_shep_scale_up_01.uasset" 3847
"../../../Engine/Content/VREditor/Sounds/VR_shep_scale_up_01_Cue.uasset" 3848
"../../../Engine/Content/VREditor/Sounds/VR_shep_scale_up_02.uasset" 3849
"../../../Engine/Content/VREditor/Sounds/VR_shep_scale_up_02_Cue.uasset" 3850
"../../../Engine/Content/VREditor/Sounds/VR_shep_scale_up_03_Cue.uasset" 3851
"../../../Engine/Content/VREditor/Sounds/VR_shep_scale_up_03.uasset" 3852
"../../../Engine/Content/VREditor/Sounds/VR_shep_scale_up_04.uasset" 3853
"../../../Engine/Content/VREditor/Sounds/VR_shep_scale_up_04_Cue.uasset" 3854
"../../../Engine/Content/VREditor/Sounds/VR_teleport.uasset" 3855
"../../../Engine/Content/VREditor/Sounds/VR_teleport_Cue.uasset" 3856
"../../../Engine/Content/VREditor/Sounds/VR_ungrab.uasset" 3857
"../../../Engine/Content/VREditor/Sounds/VR_ungrab_Cue.uasset" 3858
"../../../Engine/Content/VREditor/Sounds/VR_WorldMoveLoop_01.uasset" 3859
"../../../Engine/Content/VREditor/Sounds/VR_WorldMoveLoop_01_Cue.uasset" 3860
"../../../Engine/Content/VREditor/Sounds/VR_WorldMoveLoop_02_Cue.uasset" 3861
"../../../Engine/Content/VREditor/Sounds/VR_WorldMoveLoop_02.uasset" 3862
"../../../Engine/Content/VREditor/Sounds/UI/Camera_Shutter.uasset" 3863
"../../../Engine/Content/VREditor/Sounds/UI/Click_on_Button.uasset" 3864
"../../../Engine/Content/VREditor/Sounds/UI/Click_on_Button_Cue.uasset" 3865
"../../../Engine/Content/VREditor/Sounds/UI/Dockable_Window_Drop.uasset" 3866
"../../../Engine/Content/VREditor/Sounds/UI/Dockable_Window_Close.uasset" 3867
"../../../Engine/Content/VREditor/Sounds/UI/Dockable_Window_Open.uasset" 3868
"../../../Engine/Content/VREditor/Sounds/UI/Drop_Item_From_ContentBrowser.uasset" 3869
"../../../Engine/Content/VREditor/Sounds/UI/Dockable_Window_Pick_Up.uasset" 3870
"../../../Engine/Content/VREditor/Sounds/UI/Enter_Play.uasset" 3871
"../../../Engine/Content/VREditor/Sounds/UI/Enter_Simulate.uasset" 3872
"../../../Engine/Content/VREditor/Sounds/UI/Flashlight_Switch.uasset" 3873
"../../../Engine/Content/VREditor/Sounds/UI/Floating_UI_Close-001.uasset" 3874
"../../../Engine/Content/VREditor/Sounds/UI/Floating_UI_Close-002.uasset" 3875
"../../../Engine/Content/VREditor/Sounds/UI/Floating_UI_Close.uasset" 3876
"../../../Engine/Content/VREditor/Sounds/UI/Floating_UI_Open-001.uasset" 3877
"../../../Engine/Content/VREditor/Sounds/UI/Floating_UI_Open-002.uasset" 3878
"../../../Engine/Content/VREditor/Sounds/UI/Floating_UI_Open.uasset" 3879
"../../../Engine/Content/VREditor/Sounds/UI/Foliage_Placed.uasset" 3880
"../../../Engine/Content/VREditor/Sounds/UI/Gizmo_Handle_Clicked.uasset" 3881
"../../../Engine/Content/VREditor/Sounds/UI/Invalid_Action.uasset" 3882
"../../../Engine/Content/VREditor/Sounds/UI/Laser_Pull.uasset" 3883
"../../../Engine/Content/VREditor/Sounds/UI/Laser_Push.uasset" 3884
"../../../Engine/Content/VREditor/Sounds/UI/Leave_Simulate.uasset" 3885
"../../../Engine/Content/VREditor/Sounds/UI/Object_PickUp.uasset" 3886
"../../../Engine/Content/VREditor/Sounds/UI/Object_Snaps_To_Another_Actor.uasset" 3887
"../../../Engine/Content/VREditor/Sounds/UI/Object_Snaps_To_Grid.uasset" 3888
"../../../Engine/Content/VREditor/Sounds/UI/Radial_Menu_FadeOut.uasset" 3889
"../../../Engine/Content/VREditor/Sounds/UI/Scaling_Down.uasset" 3890
"../../../Engine/Content/VREditor/Sounds/UI/Scaling_Up.uasset" 3891
"../../../Engine/Content/VREditor/Sounds/UI/Selection_Changes.uasset" 3892
"../../../Engine/Content/VREditor/Sounds/UI/Teleport_Committed.uasset" 3893
"../../../Engine/Content/VREditor/Sounds/UI/Teleport_Mode_Entered.uasset" 3894
"../../../Engine/Content/VREditor/Teleport/TeleportDirectionMaterial.uasset" 3895
"../../../Engine/Content/VREditor/Teleport/TeleportDirectionMaterial_Inst.uasset" 3896
"../../../Engine/Content/VREditor/Teleport/TeleportDirectionMesh.uasset" 3897
"../../../Engine/Content/VREditor/TransformGizmo/RotationHandle.uasset" 3898
"../../../Engine/Content/VREditor/TransformGizmo/RotationHandleFull.uasset" 3899
"../../../Engine/Content/VREditor/TransformGizmo/SM_Dialog_Close.uasset" 3900
"../../../Engine/Content/VREditor/TransformGizmo/RotationHandleQuarter.uasset" 3901
"../../../Engine/Content/VREditor/TransformGizmo/RotationHandleIndicator.uasset" 3902
"../../../Engine/Content/VREditor/TransformGizmo/SM_Dialog_Main.uasset" 3903
"../../../Engine/Content/VREditor/TransformGizmo/SM_Dialog_Move.uasset" 3904
"../../../Engine/Content/VREditor/TransformGizmo/StartRotationHandleIndicator.uasset" 3905
"../../../Engine/Content/VREditor/TransformGizmo/StretchingHandle.uasset" 3906
"../../../Engine/Content/VREditor/TransformGizmo/TransformGizmoFreeRotation.uasset" 3907
"../../../Engine/Content/VREditor/TransformGizmo/TransformGizmoMaterial_Inst.uasset" 3908
"../../../Engine/Content/VREditor/TransformGizmo/TranslateArrowHandle.uasset" 3909
"../../../Engine/Content/VREditor/TransformGizmo/TranslateHandleLong.uasset" 3910
"../../../Engine/Content/VREditor/TransformGizmo/TranslationHandle.uasset" 3911
"../../../Engine/Content/VREditor/TransformGizmo/TranslucentTransformGizmoMaterial_Inst.uasset" 3912
"../../../Engine/Content/VREditor/TransformGizmo/UniformScaleHandle.uasset" 3913
"../../../Engine/Content/VREditor/UI/DiscMaterial.uasset" 3914
"../../../Engine/Content/VREditor/UI/ArrowMaterial.uasset" 3915
"../../../Engine/Content/VREditor/UI/FrameMaterial.uasset" 3916
"../../../Engine/Content/VREditor/UI/DockButton.uasset" 3917
"../../../Engine/Content/VREditor/UI/KeyMaterial.uasset" 3918
"../../../Engine/Content/VREditor/UI/KeyDiskMaterial.uasset" 3919
"../../../Engine/Content/VREditor/UI/SM_ContentWindow_01.uasset" 3920
"../../../Engine/Content/VREditor/UI/M_ContentWindow.uasset" 3921
"../../../Engine/Content/VREditor/UI/SM_Radial_Disk.uasset" 3922
"../../../Engine/Content/VREditor/UI/SM_Radial_Pointer.uasset" 3923
"../../../Engine/Content/VREditor/WorldMovementGrid/GridMaterial.uasset" 3924
"../../../Engine/Content/VREditor/WorldMovementGrid/PlaneMesh.uasset" 3925
"../../../Engine/Content/VREditor/WorldMovementGrid/GridPostProcess.uasset" 3926
"../../../Engine/Content/VREditor/WorldMovementGrid/SimpleGrid.uasset" 3927
"../../Plugins/2D/Paper2D/Content/DefaultLitSpriteMaterial.uasset" 3928
"../../Plugins/2D/Paper2D/Content/OpaqueLitSpriteMaterial.uasset" 3929
"../../Plugins/2D/Paper2D/Content/DummySpriteTexture.uasset" 3930
"../../Plugins/2D/Paper2D/Content/TranslucentUnlitSpriteMaterial.uasset" 3931
"../../Plugins/2D/Paper2D/Content/MaskedLitSpriteMaterial.uasset" 3932
"../../Plugins/2D/Paper2D/Content/TranslucentLitSpriteMaterial.uasset" 3933
"../../Plugins/2D/Paper2D/Content/PlaceholderTextures/FlatNormalMap.uasset" 3934
"../../Plugins/2D/Paper2D/Content/Tutorial/Paper2D/FlipbookEditorTutorial.uasset" 3935
"../../Plugins/2D/Paper2D/Content/Tutorial/Paper2D/SpriteEditorTutorial.uasset" 3936
"../../Plugins/2D/Paper2D/Content/Tutorial/Paper2D/TutorialAssets/Paper2DFlipbook_TutorialIcon.uasset" 3937
"../../Plugins/2D/Paper2D/Content/Tutorial/Paper2D/TutorialAssets/Paper2DSprite_TutorialIcon.uasset" 3938
"../../Plugins/2D/Paper2D/Content/Tutorial/Paper2D/TutorialAssets/TutorialFlipBook.uasset" 3939
"../../Plugins/Developer/AnimationSharing/Content/AnimSharingBase.uasset" 3940
"../../Plugins/2D/Paper2D/Content/Tutorial/Paper2D/TutorialAssets/TutorialSprite.uasset" 3941
"../../Plugins/Developer/AnimationSharing/Content/AnimSharingBlue.uasset" 3942
"../../Plugins/Developer/AnimationSharing/Content/AnimSharingGreen.uasset" 3943
"../../Plugins/Developer/AnimationSharing/Content/AnimSharingRed.uasset" 3944
"../../Plugins/Enterprise/DatasmithContent/Content/Blueprints/FBXImporter/Animation/ImportedSequencesHelper.uasset" 3945
"../../Plugins/Enterprise/DatasmithContent/Content/Datasmith/AreaLightsTable.uasset" 3946
"../../Plugins/Enterprise/DatasmithContent/Content/Datasmith/AreaLightsStruct.uasset" 3947
"../../Plugins/Enterprise/DatasmithContent/Content/Blueprints/FBXImporter/UI/AnimationSampleUI.uasset" 3948
"../../Plugins/Enterprise/DatasmithContent/Content/Datasmith/DatasmithActor.uasset" 3949
"../../Plugins/Enterprise/DatasmithContent/Content/Datasmith/DatasmithAreaLight.uasset" 3950
"../../Plugins/Enterprise/DatasmithContent/Content/Datasmith/DatasmithArealightMesh.uasset" 3951
"../../Plugins/Enterprise/DatasmithContent/Content/Datasmith/DatasmithLayer.uasset" 3952
"../../Plugins/Enterprise/DatasmithContent/Content/Datasmith/DatasmithSelector.uasset" 3953
"../../Plugins/Enterprise/DatasmithContent/Content/Materials/C4DMaster.uasset" 3954
"../../Plugins/Enterprise/DatasmithContent/Content/Materials/AliasMaster.uasset" 3955
"../../Plugins/Enterprise/DatasmithContent/Content/Materials/Arealight.uasset" 3956
"../../Plugins/Enterprise/DatasmithContent/Content/Materials/C4DMasterUV.uasset" 3957
"../../Plugins/Enterprise/DatasmithContent/Content/Materials/CE_BaseMaster.uasset" 3958
"../../Plugins/Enterprise/DatasmithContent/Content/Materials/CE_OpacityMaster.uasset" 3959
"../../Plugins/Enterprise/DatasmithContent/Content/Materials/CE_OpacitySimpleMaster.uasset" 3960
"../../Plugins/Enterprise/DatasmithContent/Content/Materials/CE_OpaqueMaster.uasset" 3961
"../../Plugins/Enterprise/DatasmithContent/Content/Materials/CroppedUVMapping.uasset" 3962
"../../Plugins/Enterprise/DatasmithContent/Content/Materials/CropUV.uasset" 3963
"../../Plugins/Enterprise/DatasmithContent/Content/Materials/Datasmith_Color.uasset" 3964
"../../Plugins/Enterprise/DatasmithContent/Content/Materials/Datasmith_Material.uasset" 3965
"../../Plugins/Enterprise/DatasmithContent/Content/Materials/ExtractColor.uasset" 3966
"../../Plugins/Enterprise/DatasmithContent/Content/Materials/HSVtoRGB.uasset" 3967
"../../Plugins/Enterprise/DatasmithContent/Content/Materials/IFC_ColorMaster.uasset" 3968
"../../Plugins/Enterprise/DatasmithContent/Content/Materials/MirrorUVTiling.uasset" 3969
"../../Plugins/Enterprise/DatasmithContent/Content/Materials/RevitMaster.uasset" 3970
"../../Plugins/Enterprise/DatasmithContent/Content/Materials/M_DatasmithDecal.uasset" 3971
"../../Plugins/Enterprise/DatasmithContent/Content/Materials/RGBtoHSV.uasset" 3972
"../../Plugins/Enterprise/DatasmithContent/Content/Materials/SketchUpMaster.uasset" 3973
"../../Plugins/Enterprise/DatasmithContent/Content/Materials/TileMirrorAxis.uasset" 3974
"../../Plugins/Enterprise/DatasmithContent/Content/Materials/UVEdit.uasset" 3975
"../../Plugins/Enterprise/DatasmithContent/Content/Materials/FBXImporter/DeltaGenBase.uasset" 3976
"../../Plugins/Enterprise/DatasmithContent/Content/Materials/FBXImporter/DeltaGenMaster.uasset" 3977
"../../Plugins/Enterprise/DatasmithContent/Content/Materials/FBXImporter/DeltaGenMasterAbsorb.uasset" 3978
"../../Plugins/Enterprise/DatasmithContent/Content/Materials/FBXImporter/DeltaGenMasterClearCoat.uasset" 3979
"../../Plugins/Enterprise/DatasmithContent/Content/Materials/FBXImporter/DeltaGenMasterTransparent.uasset" 3980
"../../Plugins/Enterprise/DatasmithContent/Content/Materials/FBXImporter/DeltaGenUVEdit.uasset" 3981
"../../Plugins/Enterprise/DatasmithContent/Content/Materials/FBXImporter/VREDBase.uasset" 3982
"../../Plugins/Enterprise/DatasmithContent/Content/Materials/FBXImporter/VREDMaster.uasset" 3983
"../../Plugins/Enterprise/DatasmithContent/Content/Materials/FBXImporter/VREDMasterAbsorb.uasset" 3984
"../../Plugins/Enterprise/DatasmithContent/Content/Materials/FBXImporter/VREDMasterClearCoat.uasset" 3985
"../../Plugins/Enterprise/DatasmithContent/Content/Materials/FBXImporter/VREDMasterTransparent.uasset" 3986
"../../Plugins/Enterprise/DatasmithContent/Content/Materials/FBXImporter/VREDUVEdit.uasset" 3987
"../../Plugins/Enterprise/DatasmithContent/Content/Materials/FBXImporter/VRED/BrushedMetal.uasset" 3988
"../../Plugins/Enterprise/DatasmithContent/Content/Materials/FBXImporter/VRED/Chrome.uasset" 3989
"../../Plugins/Enterprise/DatasmithContent/Content/Materials/FBXImporter/VRED/CellularFlakes.uasset" 3990
"../../Plugins/Enterprise/DatasmithContent/Content/Materials/FBXImporter/VRED/Glass.uasset" 3991
"../../Plugins/Enterprise/DatasmithContent/Content/Materials/FBXImporter/VRED/Phong.uasset" 3992
"../../Plugins/Enterprise/DatasmithContent/Content/Materials/FBXImporter/VRED/MetallicCarpaint.uasset" 3993
"../../Plugins/Enterprise/DatasmithContent/Content/Materials/FBXImporter/VRED/PlanarMapping.uasset" 3994
"../../Plugins/Enterprise/DatasmithContent/Content/Materials/FBXImporter/VRED/Plastic.uasset" 3995
"../../Plugins/Enterprise/DatasmithContent/Content/Materials/FBXImporter/VRED/ProcessNormal.uasset" 3996
"../../Plugins/Enterprise/DatasmithContent/Content/Materials/FBXImporter/VRED/RemapDistribution.uasset" 3997
"../../Plugins/Enterprise/DatasmithContent/Content/Materials/FBXImporter/VRED/TriplanarMapping.uasset" 3998
"../../Plugins/Enterprise/DatasmithContent/Content/Materials/FBXImporter/VRED/UnicolorCarpaint.uasset" 3999
"../../Plugins/Enterprise/DatasmithContent/Content/Materials/FBXImporter/VRED/SimplifiedFlakes.uasset" 4000
"../../Plugins/Enterprise/DatasmithContent/Content/Materials/FBXImporter/VRED/UVMapping.uasset" 4001
"../../Plugins/Enterprise/DatasmithContent/Content/Materials/StdDecal/BP_DecalTestPOM.uasset" 4002
"../../Plugins/Enterprise/DatasmithContent/Content/Materials/FBXImporter/VRED/VREDRepeatMode.uasset" 4003
"../../Plugins/Enterprise/DatasmithContent/Content/Materials/FBXImporter/VRED/VREDTextureRead.uasset" 4004
"../../Plugins/Enterprise/DatasmithContent/Content/Materials/StdDecal/M_StdDecal.uasset" 4005
"../../Plugins/Enterprise/DatasmithContent/Content/Materials/StdDecal/M_StdDecal_OPP.uasset" 4006
"../../Plugins/Enterprise/DatasmithContent/Content/Materials/StdDecal/MFAttr_Decal.uasset" 4007
"../../Plugins/Enterprise/DatasmithContent/Content/Materials/StdDecal/M_StdDecal_OPP_POM.uasset" 4008
"../../Plugins/Enterprise/DatasmithContent/Content/Materials/StdEmissive/MFAttr_Emissive.uasset" 4009
"../../Plugins/Enterprise/DatasmithContent/Content/Materials/StdDecal/M_StdDecal_POM.uasset" 4010
"../../Plugins/Enterprise/DatasmithContent/Content/Materials/StdEmissive/M_StdEmissive.uasset" 4011
"../../Plugins/Enterprise/DatasmithContent/Content/Materials/StdOpaque/MFAttr_StdOpaque.uasset" 4012
"../../Plugins/Enterprise/DatasmithContent/Content/Materials/StdOpaque/M_StdOpaque.uasset" 4013
"../../Plugins/Enterprise/DatasmithContent/Content/Materials/StdOpaque/M_StdOpaque_POM.uasset" 4014
"../../Plugins/Enterprise/DatasmithContent/Content/Materials/StdSSS/MFAttr_SSS.uasset" 4015
"../../Plugins/Enterprise/DatasmithContent/Content/Materials/StdSSS/M_StdSSS.uasset" 4016
"../../Plugins/Enterprise/DatasmithContent/Content/Materials/StdSSS/M_StdSSSFabric.uasset" 4017
"../../Plugins/Enterprise/DatasmithContent/Content/Materials/StdTranslucent/MFAttr_FrostedGlass.uasset" 4018
"../../Plugins/Enterprise/DatasmithContent/Content/Materials/StdTranslucent/MFAttr_StdTranslucent.uasset" 4019
"../../Plugins/Enterprise/DatasmithContent/Content/Materials/StdTranslucent/M_StdTranslucentFrostedGlass.uasset" 4020
"../../Plugins/Enterprise/DatasmithContent/Content/Materials/StdTranslucent/M_StdTranslucent.uasset" 4021
"../../Plugins/Enterprise/DatasmithContent/Content/Materials/_common/MaterialFunctions/MF_Imperfections.uasset" 4022
"../../Plugins/Enterprise/DatasmithContent/Content/Materials/_common/MaterialFunctions/MF_ReadyPosedCharMask.uasset" 4023
"../../Plugins/Enterprise/DatasmithContent/Content/Materials/_common/MaterialFunctions/MF_RotateV2.uasset" 4024
"../../Plugins/Enterprise/DatasmithContent/Content/Materials/_common/MaterialFunctions/MF_Triplanar_Mask.uasset" 4025
"../../Plugins/Enterprise/DatasmithContent/Content/Materials/_common/MaterialFunctions/MF_TransUVs.uasset" 4026
"../../Plugins/Enterprise/DatasmithContent/Content/Materials/_common/MaterialFunctions/MF_TriplanerProj.uasset" 4027
"../../Plugins/Enterprise/DatasmithContent/Content/Materials/_common/MaterialFunctions/MF_ViewTrace_InternalTan.uasset" 4028
"../../Plugins/Enterprise/DatasmithContent/Content/Materials/_common/MaterialFunctions/MF_ViewTrace_DerivedTan.uasset" 4029
"../../Plugins/Enterprise/DatasmithContent/Content/Materials/_common/MaterialFunctions/BaseModules/MF_BaseColor.uasset" 4030
"../../Plugins/Enterprise/DatasmithContent/Content/Materials/_common/MaterialFunctions/BaseModules/MF_Emissive.uasset" 4031
"../../Plugins/Enterprise/DatasmithContent/Content/Materials/_common/MaterialFunctions/BaseModules/MF_Metallic.uasset" 4032
"../../Plugins/Enterprise/DatasmithContent/Content/Materials/_common/MaterialFunctions/BaseModules/MF_Normals.uasset" 4033
"../../Plugins/Enterprise/DatasmithContent/Content/Materials/_common/MaterialFunctions/BaseModules/MF_ParallaxOcc.uasset" 4034
"../../Plugins/Enterprise/DatasmithContent/Content/Materials/_common/MaterialFunctions/BaseModules/MF_Roughness.uasset" 4035
"../../Plugins/Enterprise/DatasmithContent/Content/Materials/_common/MaterialFunctions/BaseModules/MF_TransformUVs.uasset" 4036
"../../Plugins/Enterprise/DatasmithContent/Content/Materials/_common/MaterialFunctions/RayTracing/MF_RTSwitch.uasset" 4037
"../../Plugins/Enterprise/DatasmithContent/Content/Materials/_common/Textures/T_GenericBrickGlass_M.uasset" 4038
"../../Plugins/Enterprise/DatasmithContent/Content/Materials/_common/Textures/T_GenericBrickGlass_N.uasset" 4039
"../../Plugins/Enterprise/DatasmithContent/Content/Materials/_common/Textures/T_GenericHalfGray_R.uasset" 4040
"../../Plugins/Enterprise/DatasmithContent/Content/Materials/_common/Textures/T_Generic_BC.uasset" 4041
"../../Plugins/Enterprise/DatasmithContent/Content/Materials/_common/Textures/T_Generic_H.uasset" 4042
"../../Plugins/Enterprise/DatasmithContent/Content/Materials/_common/Textures/T_Generic_E.uasset" 4043
"../../Plugins/Enterprise/DatasmithContent/Content/Materials/_common/Textures/T_Generic_M.uasset" 4044
"../../Plugins/Enterprise/DatasmithContent/Content/Materials/_common/Textures/T_Generic_MT.uasset" 4045
"../../Plugins/Enterprise/DatasmithContent/Content/Materials/_common/Textures/T_Generic_N.uasset" 4046
"../../Plugins/Enterprise/DatasmithContent/Content/Materials/_common/Textures/T_Generic_R.uasset" 4047
"../../Plugins/Enterprise/DatasmithContent/Content/Materials/_common/Textures/T_Imperfections_FingerPrints_Mask2.uasset" 4048
"../../Plugins/Enterprise/DatasmithContent/Content/Materials/_common/Textures/T_Imperfections_Dust_01_Mask.uasset" 4049
"../../Plugins/Enterprise/DatasmithContent/Content/Materials/_common/Textures/T_Imperfections_Stains_Mask.uasset" 4050
"../../Plugins/Enterprise/DatasmithContent/Content/Materials/_common/Textures/T_Imperfections_Wipe_Mask.uasset" 4051
"../../Plugins/Enterprise/DatasmithContent/Content/Materials/_common/Textures/T_Noise01_N.uasset" 4052
"../../Plugins/Enterprise/DatasmithContent/Content/Materials/_common/Textures/T_None_BC.uasset" 4053
"../../Plugins/Enterprise/DatasmithContent/Content/Meshes/cylinder.uasset" 4054
"../../Plugins/Enterprise/DatasmithContent/Content/Meshes/sphere.uasset" 4055
"../../Plugins/Enterprise/DatasmithContent/Content/Meshes/disc.uasset" 4056
"../../Plugins/Enterprise/DatasmithContent/Content/Meshes/square.uasset" 4057
"../../Plugins/Enterprise/DatasmithContent/Content/Textures/S_LightArea.uasset" 4058
"../../Plugins/Media/MediaCompositing/Content/DefaultMediaPlaneMaterial.uasset" 4059
"../../Plugins/Media/MediaCompositing/Content/DefaultMediaPlaneTexture.uasset" 4060
"C:/Users/minukey/AppData/Local/UnrealEngine/Common/DerivedDataCache/8/4/8/GSM_FA8C9A216A2C4639A783EB2DF8CE267E_SF_VULKAN_ES31_ANDROID_2336__BC5N_NOCCBN___53683B1B0EFD941CC3CE6C34EFA976E52A407504.udd" 4061
"C:/Users/minukey/AppData/Local/UnrealEngine/Common/DerivedDataCache/8/8/2/GSM_FA8C9A216A2C4639A783EB2DF8CE267E_SF_VULKAN_ES31_ANDROID_2336__BC5N_NOCCBN___BDA608D02A22A3C652944DF8B8145CF26CBD6E3D.udd" 4062
"C:/Users/minukey/AppData/Local/UnrealEngine/Common/DerivedDataCache/9/5/4/GSM_FA8C9A216A2C4639A783EB2DF8CE267E_SF_VULKAN_ES31_ANDROID_2336__BC5N_NOCCBN___C511B14C67169E21B9FD6DACD427C4B6BA09534F.udd" 4063
"C:/Users/minukey/AppData/Local/UnrealEngine/Common/DerivedDataCache/2/0/1/GSM_FA8C9A216A2C4639A783EB2DF8CE267E_SF_VULKAN_ES31_ANDROID_2336__BC5N_NOCCBN___D50B50460E83CBD2248893E89420179F7DE1102B.udd" 4064
"C:/Users/minukey/AppData/Local/UnrealEngine/Common/DerivedDataCache/1/7/1/GSM_FA8C9A216A2C4639A783EB2DF8CE267E_SF_VULKAN_ES31_ANDROID_2336__BC5N_NOCCBN___9991A228A13D61CB0E6A2839FAFC2E31F58BD068.udd" 4065
"C:/Users/minukey/AppData/Local/UnrealEngine/Common/DerivedDataCache/3/4/4/GSM_FA8C9A216A2C4639A783EB2DF8CE267E_SF_VULKAN_ES31_ANDROID_2336__BC5N_NOCCBN___1C0965B152E8A546E29D7CE8EB14AAC4C95571F7.udd" 4066
"C:/Users/minukey/AppData/Local/UnrealEngine/Common/DerivedDataCache/1/5/2/GSM_FA8C9A216A2C4639A783EB2DF8CE267E_SF_VULKAN_ES31_ANDROID_2336__BC5N_NOCCBN___C27923CE7D27E8BE787B472979CC0AF2B671BB8D.udd" 4067
"C:/Users/minukey/AppData/Local/UnrealEngine/Common/DerivedDataCache/1/5/0/GSM_FA8C9A216A2C4639A783EB2DF8CE267E_SF_VULKAN_ES31_ANDROID_2336__BC5N_NOCCBN___1147F1FA50530CAA73F8747E1D4CEE4E107413EE.udd" 4068
"C:/Users/minukey/AppData/Local/UnrealEngine/Common/DerivedDataCache/2/4/0/GSM_FA8C9A216A2C4639A783EB2DF8CE267E_SF_VULKAN_ES31_ANDROID_2336__BC5N_NOCCBN___D7C4A530350E4000C78B76097FCFBFA070E77A79.udd" 4069
"C:/Users/minukey/AppData/Local/UnrealEngine/Common/DerivedDataCache/7/8/6/GSM_FA8C9A216A2C4639A783EB2DF8CE267E_SF_VULKAN_ES31_ANDROID_2336__BC5N_NOCCBN___F647CC560B0C3987B74ADE378009E6C7F9A2C8DF.udd" 4070
"C:/Users/minukey/AppData/Local/UnrealEngine/Common/DerivedDataCache/2/3/5/GSM_FA8C9A216A2C4639A783EB2DF8CE267E_SF_VULKAN_ES31_ANDROID_2336__BC5N_NOCCBN___5FF6440DDE344095EE9C48394AF440FD0BBAABAF.udd" 4071
"C:/Users/minukey/AppData/Local/UnrealEngine/Common/DerivedDataCache/7/5/7/GSM_FA8C9A216A2C4639A783EB2DF8CE267E_SF_VULKAN_ES31_ANDROID_2336__BC5N_NOCCBN___92B86D72C48C1852AA16B82362A9F9494E274A13.udd" 4072
"C:/Users/minukey/AppData/Local/UnrealEngine/Common/DerivedDataCache/7/7/8/GSM_FA8C9A216A2C4639A783EB2DF8CE267E_SF_VULKAN_ES31_ANDROID_2336__BC5N_NOCCBN___A841744E64F7FDD14D335D4CA1F4D751FACED783.udd" 4073
"C:/Users/minukey/AppData/Local/UnrealEngine/Common/DerivedDataCache/1/7/5/GSM_FA8C9A216A2C4639A783EB2DF8CE267E_SF_VULKAN_ES31_ANDROID_2336__BC5N_NOCCBN___5DC520196F0C6EF3ED84D2B6AB745B9004C85A95.udd" 4074
"C:/Users/minukey/AppData/Local/UnrealEngine/Common/DerivedDataCache/9/9/6/GSM_FA8C9A216A2C4639A783EB2DF8CE267E_SF_VULKAN_ES31_ANDROID_2336__BC5N_NOCCBN___29EC37EF8EEAD4FB8369BBFBBB52FDA4F64B3FCC.udd" 4075
"C:/Users/minukey/AppData/Local/UnrealEngine/Common/DerivedDataCache/2/5/4/GSM_FA8C9A216A2C4639A783EB2DF8CE267E_SF_VULKAN_ES31_ANDROID_2336__BC5N_NOCCBN___E50ABFDA028D31815B7ED465ED02C0CBB7AE41C9.udd" 4076
"C:/Users/minukey/AppData/Local/UnrealEngine/Common/DerivedDataCache/9/7/7/GSM_FA8C9A216A2C4639A783EB2DF8CE267E_SF_VULKAN_ES31_ANDROID_2336__BC5N_NOCCBN___48D998C1B2CE80387B9CDA69D7B2ED22422CCD6E.udd" 4077
"C:/Users/minukey/AppData/Local/UnrealEngine/Common/DerivedDataCache/7/0/7/GSM_FA8C9A216A2C4639A783EB2DF8CE267E_SF_VULKAN_ES31_ANDROID_2336__BC5N_NOCCBN___6BD0E7AE47CD632F4CB0E19D8E1AE15A03C61B02.udd" 4078
"C:/Users/minukey/AppData/Local/UnrealEngine/Common/DerivedDataCache/8/6/3/GSM_FA8C9A216A2C4639A783EB2DF8CE267E_SF_VULKAN_ES31_ANDROID_2336__BC5N_NOCCBN___FF35D6DDC6F618CF8761FF535E46C3646AD78D31.udd" 4079
"C:/Users/minukey/AppData/Local/UnrealEngine/Common/DerivedDataCache/6/5/0/GSM_FA8C9A216A2C4639A783EB2DF8CE267E_SF_VULKAN_ES31_ANDROID_2336__BC5N_NOCCBN___6BE672050B6409FA5440C29C429D5F008E09DA4C.udd" 4080
"C:/Users/minukey/AppData/Local/UnrealEngine/Common/DerivedDataCache/1/4/9/GSM_FA8C9A216A2C4639A783EB2DF8CE267E_SF_VULKAN_ES31_ANDROID_2336__BC5N_NOCCBN___A802DCB40E327587D367D544E389D6E2A8DC66C0.udd" 4081
"C:/Users/minukey/AppData/Local/UnrealEngine/Common/DerivedDataCache/1/5/2/GSM_FA8C9A216A2C4639A783EB2DF8CE267E_SF_VULKAN_ES31_ANDROID_2336__BC5N_NOCCBN___3DB8AF4CDEA4BAC4B442D31515E0492350F3A033.udd" 4082
"C:/Users/minukey/AppData/Local/UnrealEngine/Common/DerivedDataCache/5/0/8/GSM_FA8C9A216A2C4639A783EB2DF8CE267E_SF_VULKAN_ES31_ANDROID_2336__BC5N_NOCCBN___BE7346599CE0107DB9B82AAE0F367ECCCD0EE071.udd" 4083
"C:/Users/minukey/AppData/Local/UnrealEngine/Common/DerivedDataCache/6/4/6/GSM_FA8C9A216A2C4639A783EB2DF8CE267E_SF_VULKAN_ES31_ANDROID_2336__BC5N_NOCCBN___FE6236EADE54249C32DB487BCB1060FACFD0CFA1.udd" 4084
"C:/Users/minukey/AppData/Local/UnrealEngine/Common/DerivedDataCache/8/0/6/GSM_FA8C9A216A2C4639A783EB2DF8CE267E_SF_VULKAN_ES31_ANDROID_2336__BC5N_NOCCBN___A694B985B6341D2E0B9DBD00850C4D35EB161228.udd" 4085
"C:/Users/minukey/AppData/Local/UnrealEngine/Common/DerivedDataCache/6/7/2/GSM_FA8C9A216A2C4639A783EB2DF8CE267E_SF_VULKAN_ES31_ANDROID_2336__BC5N_NOCCBN___E3A339ED9C6D6B12CF2B2E4C861C90412D27E223.udd" 4086
"C:/Users/minukey/AppData/Local/UnrealEngine/Common/DerivedDataCache/4/8/1/GSM_FA8C9A216A2C4639A783EB2DF8CE267E_SF_VULKAN_ES31_ANDROID_2336__BC5N_NOCCBN___ED863447E6489CA1237B4012F1DADFB33F1F617A.udd" 4087
"C:/Users/minukey/AppData/Local/UnrealEngine/Common/DerivedDataCache/4/9/2/GSM_FA8C9A216A2C4639A783EB2DF8CE267E_SF_VULKAN_ES31_ANDROID_2336__BC5N_NOCCBN___BA32EE64C3EFBC36671712140724C977D6125CA8.udd" 4088
"C:/Users/minukey/AppData/Local/UnrealEngine/Common/DerivedDataCache/4/6/8/GSM_FA8C9A216A2C4639A783EB2DF8CE267E_SF_VULKAN_ES31_ANDROID_2336__BC5N_NOCCBN___480D12A61CF82F7E08280AE81D5B6F3962EC62E4.udd" 4089
"C:/Users/minukey/AppData/Local/UnrealEngine/Common/DerivedDataCache/7/4/4/GSM_FA8C9A216A2C4639A783EB2DF8CE267E_SF_VULKAN_ES31_ANDROID_2336__BC5N_NOCCBN___E8EDE8C6BA24210816A002992A64352A3F7B91F3.udd" 4090
"C:/Users/minukey/AppData/Local/UnrealEngine/Common/DerivedDataCache/6/3/5/GSM_FA8C9A216A2C4639A783EB2DF8CE267E_SF_VULKAN_ES31_ANDROID_2336__BC5N_NOCCBN___F9461F136D7C53F2BB64656638675A7D322D69B8.udd" 4091
"C:/Users/minukey/AppData/Local/UnrealEngine/Common/DerivedDataCache/3/4/9/GSM_FA8C9A216A2C4639A783EB2DF8CE267E_SF_VULKAN_ES31_ANDROID_2336__BC5N_NOCCBN___19730050AB071B86260B4AF4696C92AFA59B6138.udd" 4092
"C:/Users/minukey/AppData/Local/UnrealEngine/Common/DerivedDataCache/4/8/8/GSM_FA8C9A216A2C4639A783EB2DF8CE267E_SF_VULKAN_ES31_ANDROID_2336__BC5N_NOCCBN___BC8EA30687FCACBFD77599BDAADE4C708FB15EDF.udd" 4093
"C:/Users/minukey/AppData/Local/UnrealEngine/Common/DerivedDataCache/2/3/6/GSM_FA8C9A216A2C4639A783EB2DF8CE267E_SF_VULKAN_ES31_ANDROID_2336__BC5N_NOCCBN___7C9C8A64B70FD82098B392FE0DE7A36172FDAF50.udd" 4094
"C:/Users/minukey/AppData/Local/UnrealEngine/Common/DerivedDataCache/2/9/3/GSM_FA8C9A216A2C4639A783EB2DF8CE267E_SF_VULKAN_ES31_ANDROID_2336__BC5N_NOCCBN___9B2992B07B9527C96CF5959E6CA2AF02EF7D5B33.udd" 4095
"C:/Users/minukey/AppData/Local/UnrealEngine/Common/DerivedDataCache/0/3/2/GSM_FA8C9A216A2C4639A783EB2DF8CE267E_SF_VULKAN_ES31_ANDROID_2336__BC5N_NOCCBN___D6F2D83718B92214683D98CDFF80B4D97210CFD7.udd" 4096
"C:/Users/minukey/AppData/Local/UnrealEngine/Common/DerivedDataCache/0/7/9/GSM_FA8C9A216A2C4639A783EB2DF8CE267E_SF_VULKAN_ES31_ANDROID_2336__BC5N_NOCCBN___F48F52A4DA356E598E017E7E4108D98C985A3CD4.udd" 4097
"C:/Users/minukey/AppData/Local/UnrealEngine/Common/DerivedDataCache/4/0/3/GSM_FA8C9A216A2C4639A783EB2DF8CE267E_SF_VULKAN_ES31_ANDROID_2336__BC5N_NOCCBN___5C39403B4C1A8B0B935D0C505400F7AB8F8724C2.udd" 4098
"C:/Users/minukey/AppData/Local/UnrealEngine/Common/DerivedDataCache/3/8/2/GSM_FA8C9A216A2C4639A783EB2DF8CE267E_SF_VULKAN_ES31_ANDROID_2336__BC5N_NOCCBN___AF73AC51863FA2CF883E0BDB923B6D3CCEC1B9E9.udd" 4099
"C:/Users/minukey/AppData/Local/UnrealEngine/Common/DerivedDataCache/9/8/2/GSM_FA8C9A216A2C4639A783EB2DF8CE267E_SF_VULKAN_ES31_ANDROID_2336__BC5N_NOCCBN___931743A415DE39DF4258A5963161F141CB82AE47.udd" 4100
"C:/Users/minukey/AppData/Local/UnrealEngine/Common/DerivedDataCache/8/6/2/GSM_FA8C9A216A2C4639A783EB2DF8CE267E_SF_VULKAN_ES31_ANDROID_2336__BC5N_NOCCBN___BA4CE7810B89B3F2F7FB253F212212A978D2F63F.udd" 4101
"C:/Users/minukey/AppData/Local/UnrealEngine/Common/DerivedDataCache/4/4/4/GSM_FA8C9A216A2C4639A783EB2DF8CE267E_SF_VULKAN_ES31_ANDROID_2336__BC5N_NOCCBN___9D03D2A507E71DBAD70F72AC3CED861D68D1E5DD.udd" 4102
"C:/Users/minukey/AppData/Local/UnrealEngine/Common/DerivedDataCache/7/5/7/GSM_FA8C9A216A2C4639A783EB2DF8CE267E_SF_VULKAN_ES31_ANDROID_2336__BC5N_NOCCBN___7B272A0694EF850CB0BACE68B3A0C7FAE0A9C3E9.udd" 4103
"C:/Users/minukey/AppData/Local/UnrealEngine/Common/DerivedDataCache/0/5/2/GSM_FA8C9A216A2C4639A783EB2DF8CE267E_SF_VULKAN_ES31_ANDROID_2336__BC5N_NOCCBN___B343DD514D681D21A4F9FD8BB4C9BEF735AD0F30.udd" 4104
"C:/Users/minukey/AppData/Local/UnrealEngine/Common/DerivedDataCache/9/7/0/GSM_FA8C9A216A2C4639A783EB2DF8CE267E_SF_VULKAN_ES31_ANDROID_2336__BC5N_NOCCBN___23D76443300411F197AEEE5167716244FF5EC5BF.udd" 4105
"C:/Users/minukey/AppData/Local/UnrealEngine/Common/DerivedDataCache/0/3/9/GSM_FA8C9A216A2C4639A783EB2DF8CE267E_SF_VULKAN_ES31_ANDROID_2336__BC5N_NOCCBN___5A2CEF657B1EBDEF652BA29DE718B678BDA2C4CF.udd" 4106
"C:/Users/minukey/AppData/Local/UnrealEngine/Common/DerivedDataCache/3/8/2/GSM_FA8C9A216A2C4639A783EB2DF8CE267E_SF_VULKAN_ES31_ANDROID_2336__BC5N_NOCCBN___5836E5C79F15A47893C06B6841B3EA9F2A65357C.udd" 4107
"C:/Users/minukey/AppData/Local/UnrealEngine/Common/DerivedDataCache/8/4/5/GSM_FA8C9A216A2C4639A783EB2DF8CE267E_SF_VULKAN_ES31_ANDROID_2336__BC5N_NOCCBN___BACE75F3BD185D436E20F55FF9C10A0444B0563F.udd" 4108
"C:/Users/minukey/AppData/Local/UnrealEngine/Common/DerivedDataCache/5/4/0/GSM_FA8C9A216A2C4639A783EB2DF8CE267E_SF_VULKAN_ES31_ANDROID_2336__BC5N_NOCCBN___100B6E8FC32EE8C8A17C7D55ABCC66D81BD6A143.udd" 4109
"C:/Users/minukey/AppData/Local/UnrealEngine/Common/DerivedDataCache/3/3/8/GSM_FA8C9A216A2C4639A783EB2DF8CE267E_SF_VULKAN_ES31_ANDROID_2336__BC5N_NOCCBN___82EC70B21FA1D3B5329B624BB3ECC502B619708D.udd" 4110
"C:/Users/minukey/AppData/Local/UnrealEngine/Common/DerivedDataCache/3/6/7/GSM_FA8C9A216A2C4639A783EB2DF8CE267E_SF_VULKAN_ES31_ANDROID_2336__BC5N_NOCCBN___DE3250E9C2596AE848C572F9966F8FC52FF89F41.udd" 4111
"C:/Users/minukey/AppData/Local/UnrealEngine/Common/DerivedDataCache/7/1/7/GSM_FA8C9A216A2C4639A783EB2DF8CE267E_SF_VULKAN_ES31_ANDROID_2336__BC5N_NOCCBN___5443B0341A205C013CAD7A3A68F527067CE7D364.udd" 4112
"C:/Users/minukey/AppData/Local/UnrealEngine/Common/DerivedDataCache/0/3/6/GSM_FA8C9A216A2C4639A783EB2DF8CE267E_SF_VULKAN_ES31_ANDROID_2336__BC5N_NOCCBN___7771C71DEC7C6087A2DAD03801760120F2AE0A20.udd" 4113
"C:/Users/minukey/AppData/Local/UnrealEngine/Common/DerivedDataCache/0/1/3/GSM_FA8C9A216A2C4639A783EB2DF8CE267E_SF_VULKAN_ES31_ANDROID_2336__BC5N_NOCCBN___DFA46728BAD0D285E92E1624D0818A237B3A3445.udd" 4114
"C:/Users/minukey/AppData/Local/UnrealEngine/Common/DerivedDataCache/9/7/4/GSM_FA8C9A216A2C4639A783EB2DF8CE267E_SF_VULKAN_ES31_ANDROID_2336__BC5N_NOCCBN___7EB8EC474B7FB9147A72F036EDF66A7B3ED0112E.udd" 4115
"C:/Users/minukey/AppData/Local/UnrealEngine/Common/DerivedDataCache/6/9/2/GSM_FA8C9A216A2C4639A783EB2DF8CE267E_SF_VULKAN_ES31_ANDROID_2336__BC5N_NOCCBN___C4990467477C498B22238EAB7EBCC0B343C29CE8.udd" 4116
"C:/Users/minukey/AppData/Local/UnrealEngine/Common/DerivedDataCache/6/2/7/GSM_FA8C9A216A2C4639A783EB2DF8CE267E_SF_VULKAN_ES31_ANDROID_2336__BC5N_NOCCBN___D60C02C6310980D71B3E7D7449745AD31722CAD2.udd" 4117
"C:/Users/minukey/AppData/Local/UnrealEngine/Common/DerivedDataCache/4/4/7/GSM_FA8C9A216A2C4639A783EB2DF8CE267E_SF_VULKAN_ES31_ANDROID_2336__BC5N_NOCCBN___B52640E1DC2546330145A1A865E0D37223B39369.udd" 4118
"C:/Users/minukey/AppData/Local/UnrealEngine/Common/DerivedDataCache/5/5/8/GSM_FA8C9A216A2C4639A783EB2DF8CE267E_SF_VULKAN_ES31_ANDROID_2336__BC5N_NOCCBN___F6720CBEE3D30BFDAE7491ABEF0301D781DB488D.udd" 4119
"C:/Users/minukey/AppData/Local/UnrealEngine/Common/DerivedDataCache/8/2/4/GSM_FA8C9A216A2C4639A783EB2DF8CE267E_SF_VULKAN_ES31_ANDROID_2336__BC5N_NOCCBN___F83FB705FF6EB3FE537F0F5796955D0A850E3AF4.udd" 4120
"C:/Users/minukey/AppData/Local/UnrealEngine/Common/DerivedDataCache/4/2/6/GSM_FA8C9A216A2C4639A783EB2DF8CE267E_SF_VULKAN_ES31_ANDROID_2336__BC5N_NOCCBN___4F931F6A76A6FB18C7FA545E0D213179EEC9E679.udd" 4121
"C:/Users/minukey/AppData/Local/UnrealEngine/Common/DerivedDataCache/1/7/8/GSM_FA8C9A216A2C4639A783EB2DF8CE267E_SF_VULKAN_ES31_ANDROID_2336__BC5N_NOCCBN___841565EABBD15582A003CC0BBD46F3DF723E7350.udd" 4122
"C:/Users/minukey/AppData/Local/UnrealEngine/Common/DerivedDataCache/3/1/0/GSM_FA8C9A216A2C4639A783EB2DF8CE267E_SF_VULKAN_ES31_ANDROID_2336__BC5N_NOCCBN___04B8FD8B49D36AE8BF8DEFC80C9DB597481B14D0.udd" 4123
"C:/Users/minukey/AppData/Local/UnrealEngine/Common/DerivedDataCache/5/8/9/GSM_FA8C9A216A2C4639A783EB2DF8CE267E_SF_VULKAN_ES31_ANDROID_2336__BC5N_NOCCBN___7FBC9D3D044A477C8E1ABCA604C9C8C2AE8C6E1F.udd" 4124
"C:/Users/minukey/AppData/Local/UnrealEngine/Common/DerivedDataCache/2/6/4/GSM_FA8C9A216A2C4639A783EB2DF8CE267E_SF_VULKAN_ES31_ANDROID_2336__BC5N_NOCCBN___4C16FA2B7659D66C041BA3B7590E2F639E9DB530.udd" 4125
"C:/Users/minukey/AppData/Local/UnrealEngine/Common/DerivedDataCache/3/4/2/GSM_FA8C9A216A2C4639A783EB2DF8CE267E_GLSL_ES3_1_ANDROID_18786__BC5N_NOCCBN_NOI__445646B6D62064E0F3170776EFE09F7FD1ABA620.udd" 4126
"C:/Users/minukey/AppData/Local/UnrealEngine/Common/DerivedDataCache/8/6/4/GSM_FA8C9A216A2C4639A783EB2DF8CE267E_GLSL_ES3_1_ANDROID_18786__BC5N_NOCCBN_NOI__16D5C200D3B54627FD3DB87454F85EB6EB643287.udd" 4127
"C:/Users/minukey/AppData/Local/UnrealEngine/Common/DerivedDataCache/3/8/2/GSM_FA8C9A216A2C4639A783EB2DF8CE267E_GLSL_ES3_1_ANDROID_18786__BC5N_NOCCBN_NOI__99F089DA169822F303EEE3C783F17BE076818823.udd" 4128
"C:/Users/minukey/AppData/Local/UnrealEngine/Common/DerivedDataCache/0/5/2/GSM_FA8C9A216A2C4639A783EB2DF8CE267E_GLSL_ES3_1_ANDROID_18786__BC5N_NOCCBN_NOI__83C6C0AA39357437961DFF5EB3DEA576191804B3.udd" 4129
"C:/Users/minukey/AppData/Local/UnrealEngine/Common/DerivedDataCache/9/7/6/GSM_FA8C9A216A2C4639A783EB2DF8CE267E_GLSL_ES3_1_ANDROID_18786__BC5N_NOCCBN_NOI__312B15F9DFDA2FB49B6EB52E490C8B76D76D8A84.udd" 4130
"C:/Users/minukey/AppData/Local/UnrealEngine/Common/DerivedDataCache/5/1/5/GSM_FA8C9A216A2C4639A783EB2DF8CE267E_GLSL_ES3_1_ANDROID_18786__BC5N_NOCCBN_NOI__02EAF10E6EBF4D1B3C59621A5D78431484C616C0.udd" 4131
"C:/Users/minukey/AppData/Local/UnrealEngine/Common/DerivedDataCache/5/6/5/GSM_FA8C9A216A2C4639A783EB2DF8CE267E_GLSL_ES3_1_ANDROID_18786__BC5N_NOCCBN_NOI__5F2C36C4EE9F6E608460C5219AA50D4A8E4B1BD4.udd" 4132
"C:/Users/minukey/AppData/Local/UnrealEngine/Common/DerivedDataCache/7/1/3/GSM_FA8C9A216A2C4639A783EB2DF8CE267E_GLSL_ES3_1_ANDROID_18786__BC5N_NOCCBN_NOI__BAFF4D8D64A85CC1EAF00AD83417CF785640E05C.udd" 4133
"C:/Users/minukey/AppData/Local/UnrealEngine/Common/DerivedDataCache/9/4/4/GSM_FA8C9A216A2C4639A783EB2DF8CE267E_GLSL_ES3_1_ANDROID_18786__BC5N_NOCCBN_NOI__5C10AEC76814D131736084787C32B4DDF3A95EC6.udd" 4134
"C:/Users/minukey/AppData/Local/UnrealEngine/Common/DerivedDataCache/0/5/6/GSM_FA8C9A216A2C4639A783EB2DF8CE267E_GLSL_ES3_1_ANDROID_18786__BC5N_NOCCBN_NOI__D3EEA6B9E457BE0098C72C89FB4309B2BF68ED27.udd" 4135
"C:/Users/minukey/AppData/Local/UnrealEngine/Common/DerivedDataCache/3/9/1/GSM_FA8C9A216A2C4639A783EB2DF8CE267E_GLSL_ES3_1_ANDROID_18786__BC5N_NOCCBN_NOI__F8A03F64C4FC8FACC7E7918C658176A9888599BF.udd" 4136
"C:/Users/minukey/AppData/Local/UnrealEngine/Common/DerivedDataCache/1/1/0/GSM_FA8C9A216A2C4639A783EB2DF8CE267E_GLSL_ES3_1_ANDROID_18786__BC5N_NOCCBN_NOI__B61315D5F9AB2D9AF740D19A816FEB61186D373B.udd" 4137
"C:/Users/minukey/AppData/Local/UnrealEngine/Common/DerivedDataCache/5/1/4/GSM_FA8C9A216A2C4639A783EB2DF8CE267E_GLSL_ES3_1_ANDROID_18786__BC5N_NOCCBN_NOI__CFB42D20B2B8D4EEBAC856586A9B6AE0862019F1.udd" 4138
"C:/Users/minukey/AppData/Local/UnrealEngine/Common/DerivedDataCache/9/5/6/GSM_FA8C9A216A2C4639A783EB2DF8CE267E_GLSL_ES3_1_ANDROID_18786__BC5N_NOCCBN_NOI__7EAB5938DBADD282091DE54CFCFCDB4B4FF85631.udd" 4139
"C:/Users/minukey/AppData/Local/UnrealEngine/Common/DerivedDataCache/0/6/7/GSM_FA8C9A216A2C4639A783EB2DF8CE267E_GLSL_ES3_1_ANDROID_18786__BC5N_NOCCBN_NOI__08F1EBA6A08109B7E9DFC69879E9A82F5422971E.udd" 4140
"C:/Users/minukey/AppData/Local/UnrealEngine/Common/DerivedDataCache/0/5/7/GSM_FA8C9A216A2C4639A783EB2DF8CE267E_GLSL_ES3_1_ANDROID_18786__BC5N_NOCCBN_NOI__083F89405B4BBF4D7045ABC3A14808A48CB5C18C.udd" 4141
"C:/Users/minukey/AppData/Local/UnrealEngine/Common/DerivedDataCache/9/4/2/GSM_FA8C9A216A2C4639A783EB2DF8CE267E_GLSL_ES3_1_ANDROID_18786__BC5N_NOCCBN_NOI__E8DCB2D7134E4EBCA36338470596DF661BB4790C.udd" 4142
"C:/Users/minukey/AppData/Local/UnrealEngine/Common/DerivedDataCache/0/6/6/GSM_FA8C9A216A2C4639A783EB2DF8CE267E_GLSL_ES3_1_ANDROID_18786__BC5N_NOCCBN_NOI__07BF511FF05B880A5A9E073DF740D0D063B51D83.udd" 4143
"C:/Users/minukey/AppData/Local/UnrealEngine/Common/DerivedDataCache/9/2/6/GSM_FA8C9A216A2C4639A783EB2DF8CE267E_GLSL_ES3_1_ANDROID_18786__BC5N_NOCCBN_NOI__5C4B51906C18C10983CA8B1F40199B062BBC192D.udd" 4144
"C:/Users/minukey/AppData/Local/UnrealEngine/Common/DerivedDataCache/5/4/7/GSM_FA8C9A216A2C4639A783EB2DF8CE267E_GLSL_ES3_1_ANDROID_18786__BC5N_NOCCBN_NOI__69EEFFFA7BAD91B38D59C31446E709F296AFCA9D.udd" 4145
"C:/Users/minukey/AppData/Local/UnrealEngine/Common/DerivedDataCache/3/7/0/GSM_FA8C9A216A2C4639A783EB2DF8CE267E_GLSL_ES3_1_ANDROID_18786__BC5N_NOCCBN_NOI__745E62BA022B279120275665CE3824929558F12C.udd" 4146
"C:/Users/minukey/AppData/Local/UnrealEngine/Common/DerivedDataCache/9/6/2/GSM_FA8C9A216A2C4639A783EB2DF8CE267E_GLSL_ES3_1_ANDROID_18786__BC5N_NOCCBN_NOI__9E955CD8E4695DA35944707A2E2C85559044652D.udd" 4147
"C:/Users/minukey/AppData/Local/UnrealEngine/Common/DerivedDataCache/2/3/7/GSM_FA8C9A216A2C4639A783EB2DF8CE267E_GLSL_ES3_1_ANDROID_18786__BC5N_NOCCBN_NOI__D44E020D5FBAEDDF50467034B6B1303256E1C80D.udd" 4148
"C:/Users/minukey/AppData/Local/UnrealEngine/Common/DerivedDataCache/5/8/3/GSM_FA8C9A216A2C4639A783EB2DF8CE267E_GLSL_ES3_1_ANDROID_18786__BC5N_NOCCBN_NOI__DB7844526861A8BF1DAC2454C2E933949CF3D4E0.udd" 4149
"C:/Users/minukey/AppData/Local/UnrealEngine/Common/DerivedDataCache/9/7/1/GSM_FA8C9A216A2C4639A783EB2DF8CE267E_GLSL_ES3_1_ANDROID_18786__BC5N_NOCCBN_NOI__9CF8DBB444A24E192B81ACACD67FE57CF7861F20.udd" 4150
"C:/Users/minukey/AppData/Local/UnrealEngine/Common/DerivedDataCache/0/5/9/GSM_FA8C9A216A2C4639A783EB2DF8CE267E_GLSL_ES3_1_ANDROID_18786__BC5N_NOCCBN_NOI__A2A300F86AE351CE8228164D9A84561A3BB68A01.udd" 4151
"C:/Users/minukey/AppData/Local/UnrealEngine/Common/DerivedDataCache/8/3/3/GSM_FA8C9A216A2C4639A783EB2DF8CE267E_GLSL_ES3_1_ANDROID_18786__BC5N_NOCCBN_NOI__9FF3E8CB2D5AA12D35E2B805EB40BAB64A6E67B8.udd" 4152
"C:/Users/minukey/AppData/Local/UnrealEngine/Common/DerivedDataCache/7/5/2/GSM_FA8C9A216A2C4639A783EB2DF8CE267E_GLSL_ES3_1_ANDROID_18786__BC5N_NOCCBN_NOI__6B52B6161090EE2E466A605CF38AF69467BFA8D7.udd" 4153
"C:/Users/minukey/AppData/Local/UnrealEngine/Common/DerivedDataCache/9/1/0/GSM_FA8C9A216A2C4639A783EB2DF8CE267E_GLSL_ES3_1_ANDROID_18786__BC5N_NOCCBN_NOI__6FFC6F5EBBEABADEB4071DD52A571223BD3180B1.udd" 4154
"C:/Users/minukey/AppData/Local/UnrealEngine/Common/DerivedDataCache/7/1/7/GSM_FA8C9A216A2C4639A783EB2DF8CE267E_GLSL_ES3_1_ANDROID_18786__BC5N_NOCCBN_NOI__3FDB54B815FA41559ACAA673DFD736E14D09E16E.udd" 4155
"C:/Users/minukey/AppData/Local/UnrealEngine/Common/DerivedDataCache/7/9/7/GSM_FA8C9A216A2C4639A783EB2DF8CE267E_GLSL_ES3_1_ANDROID_18786__BC5N_NOCCBN_NOI__E976AA4CD1918D5195C5F5907C4D68FAB4BC1334.udd" 4156
"C:/Users/minukey/AppData/Local/UnrealEngine/Common/DerivedDataCache/0/8/3/GSM_FA8C9A216A2C4639A783EB2DF8CE267E_GLSL_ES3_1_ANDROID_18786__BC5N_NOCCBN_NOI__5B11C6A139CE5927F25A16CA075457C7A910AF69.udd" 4157
"C:/Users/minukey/AppData/Local/UnrealEngine/Common/DerivedDataCache/7/5/7/GSM_FA8C9A216A2C4639A783EB2DF8CE267E_GLSL_ES3_1_ANDROID_18786__BC5N_NOCCBN_NOI__7EC1B8A5B5168B086855D0CF2B87408CA454E77E.udd" 4158
"C:/Users/minukey/AppData/Local/UnrealEngine/Common/DerivedDataCache/0/9/6/GSM_FA8C9A216A2C4639A783EB2DF8CE267E_GLSL_ES3_1_ANDROID_18786__BC5N_NOCCBN_NOI__1C5FCE4DB7C4B7F08BFA7D0BC9E770EA595E1185.udd" 4159
"C:/Users/minukey/AppData/Local/UnrealEngine/Common/DerivedDataCache/1/3/2/GSM_FA8C9A216A2C4639A783EB2DF8CE267E_GLSL_ES3_1_ANDROID_18786__BC5N_NOCCBN_NOI__400E7A4357B43595553AA1ED0DDAA720842E9F9B.udd" 4160
"C:/Users/minukey/AppData/Local/UnrealEngine/Common/DerivedDataCache/7/2/7/GSM_FA8C9A216A2C4639A783EB2DF8CE267E_GLSL_ES3_1_ANDROID_18786__BC5N_NOCCBN_NOI__474E24863C179EFE8D95A4DE7406BA64D891612A.udd" 4161
"C:/Users/minukey/AppData/Local/UnrealEngine/Common/DerivedDataCache/3/6/2/GSM_FA8C9A216A2C4639A783EB2DF8CE267E_GLSL_ES3_1_ANDROID_18786__BC5N_NOCCBN_NOI__1FBA992B1A6478FAD17B5C1908183CCFFA4B1511.udd" 4162
"C:/Users/minukey/AppData/Local/UnrealEngine/Common/DerivedDataCache/7/2/1/GSM_FA8C9A216A2C4639A783EB2DF8CE267E_GLSL_ES3_1_ANDROID_18786__BC5N_NOCCBN_NOI__A8C9447DC8FA5636412D07588655F5A0F456D7D4.udd" 4163
"C:/Users/minukey/AppData/Local/UnrealEngine/Common/DerivedDataCache/3/3/8/GSM_FA8C9A216A2C4639A783EB2DF8CE267E_GLSL_ES3_1_ANDROID_18786__BC5N_NOCCBN_NOI__524F145DB422B3C12D7DA5DEDA7D8DE0E345E611.udd" 4164
"C:/Users/minukey/AppData/Local/UnrealEngine/Common/DerivedDataCache/5/5/5/GSM_FA8C9A216A2C4639A783EB2DF8CE267E_GLSL_ES3_1_ANDROID_18786__BC5N_NOCCBN_NOI__04A4532BE3881682D9922AEC75434A58B23CA389.udd" 4165
"C:/Users/minukey/AppData/Local/UnrealEngine/Common/DerivedDataCache/1/6/7/GSM_FA8C9A216A2C4639A783EB2DF8CE267E_GLSL_ES3_1_ANDROID_18786__BC5N_NOCCBN_NOI__654463DE615E3ABDC6A1D762316E11C7093024E5.udd" 4166
"C:/Users/minukey/AppData/Local/UnrealEngine/Common/DerivedDataCache/1/7/3/GSM_FA8C9A216A2C4639A783EB2DF8CE267E_GLSL_ES3_1_ANDROID_18786__BC5N_NOCCBN_NOI__E86D47608DB5D7E8CA4D52C404A64B5456F70AB2.udd" 4167
"C:/Users/minukey/AppData/Local/UnrealEngine/Common/DerivedDataCache/0/9/5/GSM_FA8C9A216A2C4639A783EB2DF8CE267E_GLSL_ES3_1_ANDROID_18786__BC5N_NOCCBN_NOI__54D1867472CFBE8CB931DE38F4132C6C702EF379.udd" 4168
"C:/Users/minukey/AppData/Local/UnrealEngine/Common/DerivedDataCache/4/1/6/GSM_FA8C9A216A2C4639A783EB2DF8CE267E_GLSL_ES3_1_ANDROID_18786__BC5N_NOCCBN_NOI__81AA09AEA263DCD811D341226FA65D4FC696FBB8.udd" 4169
"C:/Users/minukey/AppData/Local/UnrealEngine/Common/DerivedDataCache/2/1/3/GSM_FA8C9A216A2C4639A783EB2DF8CE267E_GLSL_ES3_1_ANDROID_18786__BC5N_NOCCBN_NOI__232FEE15E93D1C259FFA8EF132D00F9B3EC85759.udd" 4170
"C:/Users/minukey/AppData/Local/UnrealEngine/Common/DerivedDataCache/7/8/3/GSM_FA8C9A216A2C4639A783EB2DF8CE267E_GLSL_ES3_1_ANDROID_18786__BC5N_NOCCBN_NOI__2D8D8684F0FE9BB79400D1A0639F9C1C49A5EF30.udd" 4171
"C:/Users/minukey/AppData/Local/UnrealEngine/Common/DerivedDataCache/9/4/6/GSM_FA8C9A216A2C4639A783EB2DF8CE267E_GLSL_ES3_1_ANDROID_18786__BC5N_NOCCBN_NOI__562773F7DDC3BD58A0B8DBF19DAC63CD41DFC9F5.udd" 4172
"C:/Users/minukey/AppData/Local/UnrealEngine/Common/DerivedDataCache/6/3/5/GSM_FA8C9A216A2C4639A783EB2DF8CE267E_GLSL_ES3_1_ANDROID_18786__BC5N_NOCCBN_NOI__BC27878AF3A7C5C8C62FAE09906F22C4FF073C06.udd" 4173
"C:/Users/minukey/AppData/Local/UnrealEngine/Common/DerivedDataCache/4/3/4/GSM_FA8C9A216A2C4639A783EB2DF8CE267E_GLSL_ES3_1_ANDROID_18786__BC5N_NOCCBN_NOI__FAA03EB871B55F6D60489816695428AB73D8D02D.udd" 4174
"C:/Users/minukey/AppData/Local/UnrealEngine/Common/DerivedDataCache/0/7/7/GSM_FA8C9A216A2C4639A783EB2DF8CE267E_GLSL_ES3_1_ANDROID_18786__BC5N_NOCCBN_NOI__851FA6DAFCA060777D04652396ADB6B9E9406E4B.udd" 4175
"C:/Users/minukey/AppData/Local/UnrealEngine/Common/DerivedDataCache/6/5/8/GSM_FA8C9A216A2C4639A783EB2DF8CE267E_GLSL_ES3_1_ANDROID_18786__BC5N_NOCCBN_NOI__03205EF84BC2BE67DE9D35CBC9A44E902D1E1431.udd" 4176
"C:/Users/minukey/AppData/Local/UnrealEngine/Common/DerivedDataCache/5/6/9/GSM_FA8C9A216A2C4639A783EB2DF8CE267E_GLSL_ES3_1_ANDROID_18786__BC5N_NOCCBN_NOI__7B3FAD08454BE09B5FA2AC299B1B9561754157AC.udd" 4177
"C:/Users/minukey/AppData/Local/UnrealEngine/Common/DerivedDataCache/5/1/2/GSM_FA8C9A216A2C4639A783EB2DF8CE267E_GLSL_ES3_1_ANDROID_18786__BC5N_NOCCBN_NOI__4F66EF0EB29801ECB80094FFF4239FDE45C483B3.udd" 4178
"C:/Users/minukey/AppData/Local/UnrealEngine/Common/DerivedDataCache/3/2/1/GSM_FA8C9A216A2C4639A783EB2DF8CE267E_GLSL_ES3_1_ANDROID_18786__BC5N_NOCCBN_NOI__E14708CDA7B77C556BD37332F171E0EBFD23A6AB.udd" 4179
"C:/Users/minukey/AppData/Local/UnrealEngine/Common/DerivedDataCache/0/3/6/GSM_FA8C9A216A2C4639A783EB2DF8CE267E_GLSL_ES3_1_ANDROID_18786__BC5N_NOCCBN_NOI__123761A6B14E1F722A9AFE201AFA306EA5CE42C3.udd" 4180
"C:/Users/minukey/AppData/Local/UnrealEngine/Common/DerivedDataCache/5/9/5/GSM_FA8C9A216A2C4639A783EB2DF8CE267E_GLSL_ES3_1_ANDROID_18786__BC5N_NOCCBN_NOI__8C1E2322C255EACB36CBF61871EE2855E41E99CC.udd" 4181
"C:/Users/minukey/AppData/Local/UnrealEngine/Common/DerivedDataCache/8/5/2/GSM_FA8C9A216A2C4639A783EB2DF8CE267E_GLSL_ES3_1_ANDROID_18786__BC5N_NOCCBN_NOI__FEA632AA074273E875722D24A6BFAD5150BB4DEB.udd" 4182
"C:/Users/minukey/AppData/Local/UnrealEngine/Common/DerivedDataCache/0/0/0/GSM_FA8C9A216A2C4639A783EB2DF8CE267E_GLSL_ES3_1_ANDROID_18786__BC5N_NOCCBN_NOI__DF99CB846A31B934AFD76EBB75E5CEC5B6B9888E.udd" 4183
"C:/Users/minukey/AppData/Local/UnrealEngine/Common/DerivedDataCache/7/4/6/GSM_FA8C9A216A2C4639A783EB2DF8CE267E_GLSL_ES3_1_ANDROID_18786__BC5N_NOCCBN_NOI__7CB80525DC394207D4C77A5E4056DD25C417ECF1.udd" 4184
"C:/Users/minukey/AppData/Local/UnrealEngine/Common/DerivedDataCache/2/7/0/GSM_FA8C9A216A2C4639A783EB2DF8CE267E_GLSL_ES3_1_ANDROID_18786__BC5N_NOCCBN_NOI__4621E50EBBF94DC4FBBA1942D6C068F9E09F4E45.udd" 4185
"C:/Users/minukey/AppData/Local/UnrealEngine/Common/DerivedDataCache/6/3/1/GSM_FA8C9A216A2C4639A783EB2DF8CE267E_GLSL_ES3_1_ANDROID_18786__BC5N_NOCCBN_NOI__A05C8CBD404ACEA666C782EDEEA4907C8C244CBE.udd" 4186
"C:/Users/minukey/AppData/Local/UnrealEngine/Common/DerivedDataCache/8/7/2/GSM_FA8C9A216A2C4639A783EB2DF8CE267E_GLSL_ES3_1_ANDROID_18786__BC5N_NOCCBN_NOI__FCB5201DD80B0FA48BCBE55AC48250831C0E9489.udd" 4187
"C:/Users/minukey/AppData/Local/UnrealEngine/Common/DerivedDataCache/1/5/4/GSM_FA8C9A216A2C4639A783EB2DF8CE267E_GLSL_ES3_1_ANDROID_18786__BC5N_NOCCBN_NOI__465CB0169EECAC352781994A55AFBFF15F01F9E6.udd" 4188
"C:/Users/minukey/AppData/Local/UnrealEngine/Common/DerivedDataCache/0/3/0/GSM_FA8C9A216A2C4639A783EB2DF8CE267E_GLSL_ES3_1_ANDROID_18786__BC5N_NOCCBN_NOI__DC4B8A67F59CC1E367E2DBD9DAB56FCAABCE5574.udd" 4189
"C:/Users/minukey/AppData/Local/UnrealEngine/Common/DerivedDataCache/7/1/8/GSM_FA8C9A216A2C4639A783EB2DF8CE267E_GLSL_ES3_1_ANDROID_18786__BC5N_NOCCBN_NOI__979FF5A395AF3AD2B192C1715F53AC8992090700.udd" 4190
"C:/Users/minukey/AppData/Local/UnrealEngine/Common/DerivedDataCache/3/0/7/TEXTURE_E01F4250BECD420DA9CE63B5EECEC2C2_ASTC_RGBAUTO_38_C9C0042E4646BBBD22018__82DF878665909CD916EDAD836D9DC361793DC4F5.udd" 4191
"C:/Users/minukey/AppData/Local/UnrealEngine/Common/DerivedDataCache/3/3/1/TEXTURE_E01F4250BECD420DA9CE63B5EECEC2C2_AUTODXT_C9C0042E4646BBBD22018DAA900D0__94C0BC0D1642D6F4AEF2E65891EB8496E4F83A06.udd" 4192
"C:/Users/minukey/AppData/Local/UnrealEngine/Common/DerivedDataCache/9/8/9/TEXTURE_E01F4250BECD420DA9CE63B5EECEC2C2_AUTOETC2_C9C0042E4646BBBD22018DAA900D__7FCCC6F87483C5A6F0A9CDDE2E7E72DDED1BF77D.udd" 4193
"C:/Users/minukey/AppData/Local/UnrealEngine/Common/DerivedDataCache/1/6/9/MATSM_0BA69734E4FD45E082FA4560DBE25454_SF_VULKAN_ES31_ANDROID_2336__BC5N_NOCCB__5846276AA23A5E55D08CBDE94A94F4BBB4B0CCA3.udd" 4194
"C:/Users/minukey/AppData/Local/UnrealEngine/Common/DerivedDataCache/5/6/3/TEXTURE_E01F4250BECD420DA9CE63B5EECEC2C2_ASTC_RGBAUTO_38_15D5625046A6732E4965F__57875A7B391EA4FE9666255327784185E68D5576.udd" 4195
"C:/Users/minukey/AppData/Local/UnrealEngine/Common/DerivedDataCache/2/6/9/MATSM_0BA69734E4FD45E082FA4560DBE25454_GLSL_ES3_1_ANDROID_18786__BC5N_NOCCBN_N__C0B1B36C84A7B902063B9317D8F483A8AF691138.udd" 4196
"C:/Users/minukey/AppData/Local/UnrealEngine/Common/DerivedDataCache/3/0/5/TEXTURE_E01F4250BECD420DA9CE63B5EECEC2C2_AUTOETC2_15D5625046A6732E4965F592550E__CCE60D9F60F0C352DBEB0563CFC3AAB74BBE0AD9.udd" 4197
"C:/Users/minukey/AppData/Local/UnrealEngine/Common/DerivedDataCache/5/9/2/TEXTURE_E01F4250BECD420DA9CE63B5EECEC2C2_AUTODXT_15D5625046A6732E4965F592550E2__561F60802644EDE45C42F164245B04E70DC841C5.udd" 4198
"C:/Users/minukey/AppData/Local/UnrealEngine/Common/DerivedDataCache/5/3/3/MATSM_0BA69734E4FD45E082FA4560DBE25454_SF_VULKAN_ES31_ANDROID_2336__BC5N_NOCCB__A9DD0C72ABFF44878AFF253ECB8984603AD28204.udd" 4199
"C:/Users/minukey/AppData/Local/UnrealEngine/Common/DerivedDataCache/8/5/6/MATSM_0BA69734E4FD45E082FA4560DBE25454_GLSL_ES3_1_ANDROID_18786__BC5N_NOCCBN_N__2887F90F7375576B948977BF74C7D98D52B6CF21.udd" 4200
"C:/Users/minukey/AppData/Local/UnrealEngine/Common/DerivedDataCache/4/6/2/TEXTURE_E01F4250BECD420DA9CE63B5EECEC2C2_ASTC_RGBAUTO_38_95D01D314436990422EF3__3392D8431417489FD65956D26BA3BB117C2848CE.udd" 4201
"C:/Users/minukey/AppData/Local/UnrealEngine/Common/DerivedDataCache/1/0/5/TEXTURE_E01F4250BECD420DA9CE63B5EECEC2C2_ASTC_RGBAUTO_38_95D01D314436990422EF3__093E9E3D9639530FB9196DFBA70EBC31F8F0636C.udd" 4202
"C:/Users/minukey/AppData/Local/UnrealEngine/Common/DerivedDataCache/5/1/5/MATSM_0BA69734E4FD45E082FA4560DBE25454_SF_VULKAN_ES31_ANDROID_2336__BC5N_NOCCB__6EE5564F1237E8AFC2F73B7BE19FA224062FBFF6.udd" 4203
"C:/Users/minukey/AppData/Local/UnrealEngine/Common/DerivedDataCache/5/9/2/TEXTURE_E01F4250BECD420DA9CE63B5EECEC2C2_AUTODXT_95D01D314436990422EF30A4E4FA2__C74651519C2077FD9B522C194052BA930CE70C6D.udd" 4204
"C:/Users/minukey/AppData/Local/UnrealEngine/Common/DerivedDataCache/7/0/6/MATSM_0BA69734E4FD45E082FA4560DBE25454_GLSL_ES3_1_ANDROID_18786__BC5N_NOCCBN_N__944223589C259F8FB660EBD4F5169C77E9ACAF2A.udd" 4205
"C:/Users/minukey/AppData/Local/UnrealEngine/Common/DerivedDataCache/1/3/4/TEXTURE_E01F4250BECD420DA9CE63B5EECEC2C2_AUTODXT_95D01D314436990422EF30A4E4FA2__55AE1A3B545F6B58B7BEE24A893C03EC2C624C8F.udd" 4206
"C:/Users/minukey/AppData/Local/UnrealEngine/Common/DerivedDataCache/7/5/0/TEXTURE_E01F4250BECD420DA9CE63B5EECEC2C2_AUTOETC2_95D01D314436990422EF30A4E4FA__E39D110CEEA435DE46F084DEC3CFA72AA3A64572.udd" 4207
"C:/Users/minukey/AppData/Local/UnrealEngine/Common/DerivedDataCache/0/5/7/MATSM_0BA69734E4FD45E082FA4560DBE25454_SF_VULKAN_ES31_ANDROID_2336__BC5N_NOCCB__B8E6C84D99AF404A8C7B897DAF706325E941E62A.udd" 4208
"C:/Users/minukey/AppData/Local/UnrealEngine/Common/DerivedDataCache/2/8/0/TEXTURE_E01F4250BECD420DA9CE63B5EECEC2C2_AUTOETC2_95D01D314436990422EF30A4E4FA__3944C32899E41B77207EB16E57445BD8236DB449.udd" 4209
"C:/Users/minukey/AppData/Local/UnrealEngine/Common/DerivedDataCache/6/9/3/MATSM_0BA69734E4FD45E082FA4560DBE25454_GLSL_ES3_1_ANDROID_18786__BC5N_NOCCBN_N__851F0943811E840BA03E865365084D5F656E4B76.udd" 4210
"C:/Users/minukey/AppData/Local/UnrealEngine/Common/DerivedDataCache/3/9/4/TEXTURE_E01F4250BECD420DA9CE63B5EECEC2C2_AUTODXT_9C1DAB104F24275869390EB70CEE4__02362F71E6274DC75F7B486EF9121587902AFF7D.udd" 4211
"C:/Users/minukey/AppData/Local/UnrealEngine/Common/DerivedDataCache/9/9/2/TEXTURE_E01F4250BECD420DA9CE63B5EECEC2C2_ASTC_RGBAUTO_38_9C1DAB104F24275869390__3D8E8F4E72D9AB61650DD0B6984D98D178ED85F0.udd" 4212
"C:/Users/minukey/AppData/Local/UnrealEngine/Common/DerivedDataCache/1/0/2/MATSM_0BA69734E4FD45E082FA4560DBE25454_SF_VULKAN_ES31_ANDROID_2336__BC5N_NOCCB__58F919AA6BBEBDFA76CC8DB35B699DA1AA71ABE5.udd" 4213
"C:/Users/minukey/AppData/Local/UnrealEngine/Common/DerivedDataCache/5/3/9/MATSM_0BA69734E4FD45E082FA4560DBE25454_GLSL_ES3_1_ANDROID_18786__BC5N_NOCCBN_N__C876DFD7D0C8577975694A5F5674BD1DCE76E588.udd" 4214
"C:/Users/minukey/AppData/Local/UnrealEngine/Common/DerivedDataCache/8/6/2/TEXTURE_E01F4250BECD420DA9CE63B5EECEC2C2_AUTOETC2_9C1DAB104F24275869390EB70CEE__2E932CFC5F2B5E3C9D5EA4009D3AD72AF9C485A0.udd" 4215
"C:/Users/minukey/AppData/Local/UnrealEngine/Common/DerivedDataCache/8/7/6/MATSM_0BA69734E4FD45E082FA4560DBE25454_SF_VULKAN_ES31_ANDROID_2336__BC5N_NOCCB__74CC26B08D2E4AA5760C2E4AB22EEEA94640EFB9.udd" 4216
"C:/Users/minukey/AppData/Local/UnrealEngine/Common/DerivedDataCache/7/4/8/TEXTURE_E01F4250BECD420DA9CE63B5EECEC2C2_ASTC_RGBAUTO_38_5075C5404C9665C57F66B__9F0FEF7A38CA28C7E596426AE8F7E433F98F7909.udd" 4217
"C:/Users/minukey/AppData/Local/UnrealEngine/Common/DerivedDataCache/3/7/3/MATSM_0BA69734E4FD45E082FA4560DBE25454_GLSL_ES3_1_ANDROID_18786__BC5N_NOCCBN_N__9922AA0CB034EC3A043CC87D5108027BDFBE1683.udd" 4218
"C:/Users/minukey/AppData/Local/UnrealEngine/Common/DerivedDataCache/6/8/3/TEXTURE_E01F4250BECD420DA9CE63B5EECEC2C2_ASTC_RGBAUTO_38_5075C5404C9665C57F66B__86FC2E4D2C6CE05C039006819C697AC4D6A31F40.udd" 4219
"C:/Users/minukey/AppData/Local/UnrealEngine/Common/DerivedDataCache/6/1/1/TEXTURE_E01F4250BECD420DA9CE63B5EECEC2C2_ASTC_RGBAUTO_38_5075C5404C9665C57F66B__EA58B23C803EC0C8A817DD9FDF25866E0940A88B.udd" 4220
"C:/Users/minukey/AppData/Local/UnrealEngine/Common/DerivedDataCache/5/2/1/TEXTURE_E01F4250BECD420DA9CE63B5EECEC2C2_ASTC_RGBAUTO_38_5075C5404C9665C57F66B__481F4FCC316A03BB163C160003F8D8D454FCAFB3.udd" 4221
"C:/Users/minukey/AppData/Local/UnrealEngine/Common/DerivedDataCache/9/5/5/MATSM_0BA69734E4FD45E082FA4560DBE25454_SF_VULKAN_ES31_ANDROID_2336__BC5N_NOCCB__461C977748880F93156284629E8F25C609FEBA54.udd" 4222
"C:/Users/minukey/AppData/Local/UnrealEngine/Common/DerivedDataCache/1/7/8/TEXTURE_E01F4250BECD420DA9CE63B5EECEC2C2_AUTODXT_5075C5404C9665C57F66B49F2C5D8__7A1BA1F82C0C9DFE1F7F4C6833B921921735AFFF.udd" 4223
"C:/Users/minukey/AppData/Local/UnrealEngine/Common/DerivedDataCache/6/1/8/MATSM_0BA69734E4FD45E082FA4560DBE25454_GLSL_ES3_1_ANDROID_18786__BC5N_NOCCBN_N__F7A5B40454A200BD3CC9C181D37358D81367BB98.udd" 4224
"C:/Users/minukey/AppData/Local/UnrealEngine/Common/DerivedDataCache/5/3/3/TEXTURE_E01F4250BECD420DA9CE63B5EECEC2C2_AUTODXT_5075C5404C9665C57F66B49F2C5D8__001EA3F80280A2C9EB05E90A8643865BE077DAB6.udd" 4225
"C:/Users/minukey/AppData/Local/UnrealEngine/Common/DerivedDataCache/3/7/4/TEXTURE_E01F4250BECD420DA9CE63B5EECEC2C2_AUTODXT_5075C5404C9665C57F66B49F2C5D8__2145EBDBF210932A2DCD8ADA7C88300EF6D894C7.udd" 4226
"C:/Users/minukey/AppData/Local/UnrealEngine/Common/DerivedDataCache/2/3/6/MATSM_0BA69734E4FD45E082FA4560DBE25454_SF_VULKAN_ES31_ANDROID_2336__BC5N_NOCCB__60B7969AD1D7A044D54B51DCC81E66832DEF3D1E.udd" 4227
"C:/Users/minukey/AppData/Local/UnrealEngine/Common/DerivedDataCache/1/3/5/TEXTURE_E01F4250BECD420DA9CE63B5EECEC2C2_AUTODXT_5075C5404C9665C57F66B49F2C5D8__2BFBD7F56215C7A3FE9E491F45642A623CA81FB8.udd" 4228
"C:/Users/minukey/AppData/Local/UnrealEngine/Common/DerivedDataCache/1/7/2/MATSM_0BA69734E4FD45E082FA4560DBE25454_GLSL_ES3_1_ANDROID_18786__BC5N_NOCCBN_N__1179E2FE2F558E0076A2A1F4BACE0B78895BE6D0.udd" 4229
"C:/Users/minukey/AppData/Local/UnrealEngine/Common/DerivedDataCache/3/5/4/TEXTURE_E01F4250BECD420DA9CE63B5EECEC2C2_ASTC_RGBAUTO_38_95D01D314436990422EF3__0B8FFB708EC53F348EEBA150193447F73E62BBC0.udd" 4230
"C:/Users/minukey/AppData/Local/UnrealEngine/Common/DerivedDataCache/2/4/0/TEXTURE_E01F4250BECD420DA9CE63B5EECEC2C2_AUTOETC2_5075C5404C9665C57F66B49F2C5D__1E74EA7ABF35854450B35802D2EAD4761E742389.udd" 4231
"C:/Users/minukey/AppData/Local/UnrealEngine/Common/DerivedDataCache/2/8/9/MATSM_0BA69734E4FD45E082FA4560DBE25454_SF_VULKAN_ES31_ANDROID_2336__BC5N_NOCCB__55E2D2E4D99C7DAA4824B91161B0D4F5C8DF2735.udd" 4232
"C:/Users/minukey/AppData/Local/UnrealEngine/Common/DerivedDataCache/3/0/8/TEXTURE_E01F4250BECD420DA9CE63B5EECEC2C2_AUTODXT_95D01D314436990422EF30A4E4FA2__0EF8AC020FFCA83E1E290544D1A8E1B784A96D0A.udd" 4233
"C:/Users/minukey/AppData/Local/UnrealEngine/Common/DerivedDataCache/6/7/8/TEXTURE_E01F4250BECD420DA9CE63B5EECEC2C2_AUTOETC2_5075C5404C9665C57F66B49F2C5D__5DA684046D584C8E52DE92CBD7F402D8EA77D030.udd" 4234
"C:/Users/minukey/AppData/Local/UnrealEngine/Common/DerivedDataCache/2/2/8/TEXTURE_E01F4250BECD420DA9CE63B5EECEC2C2_AUTOETC2_5075C5404C9665C57F66B49F2C5D__ECD68947810BF9DE05AD8A549E5AB902929AC178.udd" 4235
"C:/Users/minukey/AppData/Local/UnrealEngine/Common/DerivedDataCache/0/7/1/MATSM_0BA69734E4FD45E082FA4560DBE25454_GLSL_ES3_1_ANDROID_18786__BC5N_NOCCBN_N__0EB0617203BA6B52BEE4B2671A03F9D679D5DE15.udd" 4236
"C:/Users/minukey/AppData/Local/UnrealEngine/Common/DerivedDataCache/8/0/3/TEXTURE_E01F4250BECD420DA9CE63B5EECEC2C2_AUTOETC2_5075C5404C9665C57F66B49F2C5D__7962E9ECE8BC14857F4EFE436866BFC764C294BC.udd" 4237
"C:/Users/minukey/AppData/Local/UnrealEngine/Common/DerivedDataCache/9/1/7/TEXTURE_E01F4250BECD420DA9CE63B5EECEC2C2_AUTOETC2_95D01D314436990422EF30A4E4FA__1166DC2972B89762CE0D59AB777EA559DF7BFFB0.udd" 4238
"C:/Users/minukey/AppData/Local/UnrealEngine/Common/DerivedDataCache/6/1/0/MATSM_0BA69734E4FD45E082FA4560DBE25454_SF_VULKAN_ES31_ANDROID_2336__BC5N_NOCCB__7844892E0CCB706DBCB305E9001A36C8A9BA4698.udd" 4239
"C:/Users/minukey/AppData/Local/UnrealEngine/Common/DerivedDataCache/3/9/1/MATSM_0BA69734E4FD45E082FA4560DBE25454_GLSL_ES3_1_ANDROID_18786__BC5N_NOCCBN_N__17F7FBE7FB59EDAF2A3E25DA353491A6DD73B076.udd" 4240
"C:/Users/minukey/AppData/Local/UnrealEngine/Common/DerivedDataCache/0/7/0/MATSM_0BA69734E4FD45E082FA4560DBE25454_SF_VULKAN_ES31_ANDROID_2336__BC5N_NOCCB__C73BD0413390732EB1E6F30C901AED98B60F6EB8.udd" 4241
"C:/Users/minukey/AppData/Local/UnrealEngine/Common/DerivedDataCache/9/0/4/MATSM_0BA69734E4FD45E082FA4560DBE25454_GLSL_ES3_1_ANDROID_18786__BC5N_NOCCBN_N__D901CCA447240FC7F1A9BFCA1670AF1651235E8E.udd" 4242
"C:/Users/minukey/AppData/Local/UnrealEngine/Common/DerivedDataCache/7/6/3/MATSM_0BA69734E4FD45E082FA4560DBE25454_SF_VULKAN_ES31_ANDROID_2336__BC5N_NOCCB__FB783008CF0909F4FE5291ECAD072649DA6E1DE9.udd" 4243
"C:/Users/minukey/AppData/Local/UnrealEngine/Common/DerivedDataCache/9/4/8/TEXTURE_E01F4250BECD420DA9CE63B5EECEC2C2_AUTODXT_584A79B6465982423406428F0D776__CAB650080FA3CA7285F5B1388CD36FAB42E84B5B.udd" 4244
"C:/Users/minukey/AppData/Local/UnrealEngine/Common/DerivedDataCache/4/9/0/MATSM_0BA69734E4FD45E082FA4560DBE25454_GLSL_ES3_1_ANDROID_18786__BC5N_NOCCBN_N__B70084A27A9B84EC23127B972B9275ABC934C0FB.udd" 4245
"C:/Users/minukey/AppData/Local/UnrealEngine/Common/DerivedDataCache/6/3/3/TEXTURE_E01F4250BECD420DA9CE63B5EECEC2C2_AUTODXT_584A79B6465982423406428F0D776__0500578D08AD366BEB8B09B5071E3A1AAB06BBD9.udd" 4246
"C:/Users/minukey/AppData/Local/UnrealEngine/Common/DerivedDataCache/1/6/1/TEXTURE_E01F4250BECD420DA9CE63B5EECEC2C2_ASTC_RGBAUTO_38_584A79B64659824234064__B777D1EEADF2BA02388E17303BDB04336AE85DDB.udd" 4247
"C:/Users/minukey/AppData/Local/UnrealEngine/Common/DerivedDataCache/9/7/2/TEXTURE_E01F4250BECD420DA9CE63B5EECEC2C2_ASTC_RGBAUTO_38_584A79B64659824234064__CCD0DDF5569CC39C49EE5F027CD747D5DF8E876F.udd" 4248
"C:/Users/minukey/AppData/Local/UnrealEngine/Common/DerivedDataCache/1/7/4/TEXTURE_E01F4250BECD420DA9CE63B5EECEC2C2_AUTOETC2_584A79B6465982423406428F0D77__AAB3434CC6B2C922BE82C2EAB0BB7DFD014F9780.udd" 4249
"C:/Users/minukey/AppData/Local/UnrealEngine/Common/DerivedDataCache/9/1/4/TEXTURE_E01F4250BECD420DA9CE63B5EECEC2C2_AUTOETC2_584A79B6465982423406428F0D77__DB0F4ED9919FC7DEDBEFA0CA0AFF1A39665CB5C9.udd" 4250
"C:/Users/minukey/AppData/Local/UnrealEngine/Common/DerivedDataCache/5/3/6/TEXTURE_E01F4250BECD420DA9CE63B5EECEC2C2_ASTC_RGBAUTO_38_7BC0404946D77A8C093A1__735BAEC2B0F21E776349547A77D5DCA2F2E62A37.udd" 4251
"C:/Users/minukey/AppData/Local/UnrealEngine/Common/DerivedDataCache/8/3/0/TEXTURE_E01F4250BECD420DA9CE63B5EECEC2C2_AUTODXT_7BC0404946D77A8C093A10AE0677E__A515293F8EAF90191A58C7E19585F416D69BCFCA.udd" 4252
"C:/Users/minukey/AppData/Local/UnrealEngine/Common/DerivedDataCache/8/1/0/TEXTURE_E01F4250BECD420DA9CE63B5EECEC2C2_ASTC_RGBAUTO_38_7BC0404946D77A8C093A1__C0E52936EF5D4C67BA12C2264BD3D9E70FBBAAA5.udd" 4253
"C:/Users/minukey/AppData/Local/UnrealEngine/Common/DerivedDataCache/1/3/5/TEXTURE_E01F4250BECD420DA9CE63B5EECEC2C2_AUTODXT_7BC0404946D77A8C093A10AE0677E__64C963A6616D59B39535F59D31F6D66978B3FD1C.udd" 4254
"C:/Users/minukey/AppData/Local/UnrealEngine/Common/DerivedDataCache/1/2/2/MATSM_0BA69734E4FD45E082FA4560DBE25454_SF_VULKAN_ES31_ANDROID_2336__BC5N_NOCCB__87787CAC8D9C23E2A7E88D797CFC3B53DA93E3D8.udd" 4255
"C:/Users/minukey/AppData/Local/UnrealEngine/Common/DerivedDataCache/8/9/7/TEXTURE_E01F4250BECD420DA9CE63B5EECEC2C2_ASTC_RGBAUTO_38_55809E694EE7DB292235C__36146734F22AECEB30F09A065F7CEB1DD1B2A26E.udd" 4256
"C:/Users/minukey/AppData/Local/UnrealEngine/Common/DerivedDataCache/2/9/5/TEXTURE_E01F4250BECD420DA9CE63B5EECEC2C2_AUTOETC2_7BC0404946D77A8C093A10AE0677__BF4828B440F6EAEF9AFD54B5BA9E5CD14D5006FA.udd" 4257
"C:/Users/minukey/AppData/Local/UnrealEngine/Common/DerivedDataCache/8/7/2/MATSM_0BA69734E4FD45E082FA4560DBE25454_GLSL_ES3_1_ANDROID_18786__BC5N_NOCCBN_N__7B81D4985078FD38DE23399BD77A63049ECF0626.udd" 4258
"C:/Users/minukey/AppData/Local/UnrealEngine/Common/DerivedDataCache/5/8/8/TEXTURE_E01F4250BECD420DA9CE63B5EECEC2C2_ASTC_RGBAUTO_38_55809E694EE7DB292235C__6A10069D9AA67D517625D5517AC919FEA7FF9FAD.udd" 4259
"C:/Users/minukey/AppData/Local/UnrealEngine/Common/DerivedDataCache/0/1/9/TEXTURE_E01F4250BECD420DA9CE63B5EECEC2C2_ASTC_RGBAUTO_38_55809E694EE7DB292235C__2E332428DBD39ED1B50A1FCED8C72584E00DBE3C.udd" 4260
"C:/Users/minukey/AppData/Local/UnrealEngine/Common/DerivedDataCache/3/7/4/MATSM_0BA69734E4FD45E082FA4560DBE25454_SF_VULKAN_ES31_ANDROID_2336__BC5N_NOCCB__B0B3875BCFF5B58ED8A18D9F2A2E006538C6C5A1.udd" 4261
"C:/Users/minukey/AppData/Local/UnrealEngine/Common/DerivedDataCache/3/1/1/TEXTURE_E01F4250BECD420DA9CE63B5EECEC2C2_AUTODXT_55809E694EE7DB292235CC917A5C5__873B47668CE73A8BB3CD4848FE851377AF48FB8A.udd" 4262
"C:/Users/minukey/AppData/Local/UnrealEngine/Common/DerivedDataCache/2/4/5/MATSM_0BA69734E4FD45E082FA4560DBE25454_GLSL_ES3_1_ANDROID_18786__BC5N_NOCCBN_N__EA5FA4E31657D3955C50116444F0103E1C2730E5.udd" 4263
"C:/Users/minukey/AppData/Local/UnrealEngine/Common/DerivedDataCache/0/7/6/TEXTURE_E01F4250BECD420DA9CE63B5EECEC2C2_AUTODXT_55809E694EE7DB292235CC917A5C5__B68BB8007A113A7381C897A11341D77F617C8D29.udd" 4264
"C:/Users/minukey/AppData/Local/UnrealEngine/Common/DerivedDataCache/1/2/8/TEXTURE_E01F4250BECD420DA9CE63B5EECEC2C2_AUTODXT_55809E694EE7DB292235CC917A5C5__97DBC6DCA5FDBA9554BEF6BE27117CA1303532B4.udd" 4265
"C:/Users/minukey/AppData/Local/UnrealEngine/Common/DerivedDataCache/3/2/5/TEXTURE_E01F4250BECD420DA9CE63B5EECEC2C2_AUTOETC2_55809E694EE7DB292235CC917A5C__42EC3DC7B1E5845880AAF09757C131B2BFF32953.udd" 4266
"C:/Users/minukey/AppData/Local/UnrealEngine/Common/DerivedDataCache/0/6/7/TEXTURE_E01F4250BECD420DA9CE63B5EECEC2C2_AUTOETC2_7BC0404946D77A8C093A10AE0677__81352DB3DA7AB03E97682076B8CB29AA4C4B26ED.udd" 4267
"C:/Users/minukey/AppData/Local/UnrealEngine/Common/DerivedDataCache/1/9/6/TEXTURE_E01F4250BECD420DA9CE63B5EECEC2C2_AUTOETC2_55809E694EE7DB292235CC917A5C__53CBD6A493AC09FE3CDAE26B4160BDAC492A99CE.udd" 4268
"C:/Users/minukey/AppData/Local/UnrealEngine/Common/DerivedDataCache/8/7/8/TEXTURE_E01F4250BECD420DA9CE63B5EECEC2C2_AUTOETC2_55809E694EE7DB292235CC917A5C__9271CB2974A7208BC63746066329A533BFFCF10F.udd" 4269
"C:/Users/minukey/AppData/Local/UnrealEngine/Common/DerivedDataCache/2/1/9/MATSM_0BA69734E4FD45E082FA4560DBE25454_SF_VULKAN_ES31_ANDROID_2336__BC5N_NOCCB__61B1DE52614837FEB71A78A00507BC48BB520982.udd" 4270
"C:/Users/minukey/AppData/Local/UnrealEngine/Common/DerivedDataCache/6/6/1/MATSM_0BA69734E4FD45E082FA4560DBE25454_GLSL_ES3_1_ANDROID_18786__BC5N_NOCCBN_N__A247AFE52A4524DC83EC8B0D98C8D737A5BCE855.udd" 4271
"C:/Users/minukey/AppData/Local/UnrealEngine/Common/DerivedDataCache/8/7/6/TEXTURE_E01F4250BECD420DA9CE63B5EECEC2C2_ASTC_RGBAUTO_38_FCC2E3624ECEAC189015C__BAC1917F0F558F83061D796A28DA63CE2A022A83.udd" 4272
"C:/Users/minukey/AppData/Local/UnrealEngine/Common/DerivedDataCache/7/8/4/TEXTURE_E01F4250BECD420DA9CE63B5EECEC2C2_AUTODXT_FCC2E3624ECEAC189015CEAD2B2D9__B3565684A38FABE8BA595120C1EAF74AD9230317.udd" 4273
"C:/Users/minukey/AppData/Local/UnrealEngine/Common/DerivedDataCache/1/7/7/TEXTURE_E01F4250BECD420DA9CE63B5EECEC2C2_ASTC_RGBAUTO_38_FCC2E3624ECEAC189015C__FC86272A229FCB5DB1F4248B9459E9E769B213FD.udd" 4274
"C:/Users/minukey/AppData/Local/UnrealEngine/Common/DerivedDataCache/8/1/8/TEXTURE_E01F4250BECD420DA9CE63B5EECEC2C2_ASTC_RGBAUTO_38_FCC2E3624ECEAC189015C__92C800774DB49F3AA94BEF2E9E9F782BFDE46EDA.udd" 4275
"C:/Users/minukey/AppData/Local/UnrealEngine/Common/DerivedDataCache/3/9/1/MATSM_0BA69734E4FD45E082FA4560DBE25454_SF_VULKAN_ES31_ANDROID_2336__BC5N_NOCCB__50D3041EE49F9FD3A85C5248AD175A2A24F5F179.udd" 4276
"C:/Users/minukey/AppData/Local/UnrealEngine/Common/DerivedDataCache/3/0/2/TEXTURE_E01F4250BECD420DA9CE63B5EECEC2C2_ASTC_RGBAUTO_38_FCC2E3624ECEAC189015C__E44279B35B7539FF9AE8A100AB435B6DB675DBE9.udd" 4277
"C:/Users/minukey/AppData/Local/UnrealEngine/Common/DerivedDataCache/8/1/3/TEXTURE_E01F4250BECD420DA9CE63B5EECEC2C2_AUTODXT_FCC2E3624ECEAC189015CEAD2B2D9__E14AD8C38044EA26BD0D92EF3AA223390EB281F4.udd" 4278
"C:/Users/minukey/AppData/Local/UnrealEngine/Common/DerivedDataCache/4/9/7/MATSM_0BA69734E4FD45E082FA4560DBE25454_GLSL_ES3_1_ANDROID_18786__BC5N_NOCCBN_N__D6CF9618344622CA501D5B08DF2F1C1EBEF0150C.udd" 4279
"C:/Users/minukey/AppData/Local/UnrealEngine/Common/DerivedDataCache/0/3/2/TEXTURE_E01F4250BECD420DA9CE63B5EECEC2C2_AUTODXT_FCC2E3624ECEAC189015CEAD2B2D9__A963363E85F4AC1DCCE602EC25A21D22BDB04778.udd" 4280
"C:/Users/minukey/AppData/Local/UnrealEngine/Common/DerivedDataCache/3/6/6/TEXTURE_E01F4250BECD420DA9CE63B5EECEC2C2_AUTOETC2_FCC2E3624ECEAC189015CEAD2B2D__91B5FDD77BFDA8BC742A16D0B655CFB0229EB4BE.udd" 4281
"C:/Users/minukey/AppData/Local/UnrealEngine/Common/DerivedDataCache/2/4/1/TEXTURE_E01F4250BECD420DA9CE63B5EECEC2C2_AUTODXT_FCC2E3624ECEAC189015CEAD2B2D9__A83D796D1AE2D036B16A7AB33A041FEC5D776C82.udd" 4282
"C:/Users/minukey/AppData/Local/UnrealEngine/Common/DerivedDataCache/8/7/4/MATSM_0BA69734E4FD45E082FA4560DBE25454_SF_VULKAN_ES31_ANDROID_2336__BC5N_NOCCB__81D52869CEA95636FF0C40E77F6873DF7B211EF0.udd" 4283
"C:/Users/minukey/AppData/Local/UnrealEngine/Common/DerivedDataCache/5/0/2/TEXTURE_E01F4250BECD420DA9CE63B5EECEC2C2_AUTOETC2_FCC2E3624ECEAC189015CEAD2B2D__636F25600D1ED97BD0B01BBA7DCE998EC91A18CA.udd" 4284
"C:/Users/minukey/AppData/Local/UnrealEngine/Common/DerivedDataCache/7/7/0/TEXTURE_E01F4250BECD420DA9CE63B5EECEC2C2_AUTOETC2_FCC2E3624ECEAC189015CEAD2B2D__FBCB777C14C1CE8BF01ABBFA2C3FE444319D862E.udd" 4285
"C:/Users/minukey/AppData/Local/UnrealEngine/Common/DerivedDataCache/2/7/1/MATSM_0BA69734E4FD45E082FA4560DBE25454_GLSL_ES3_1_ANDROID_18786__BC5N_NOCCBN_N__880C303E2944594C8FE67BDF3680E0C63A1CB89B.udd" 4286
"C:/Users/minukey/AppData/Local/UnrealEngine/Common/DerivedDataCache/0/2/6/TEXTURE_E01F4250BECD420DA9CE63B5EECEC2C2_AUTOETC2_FCC2E3624ECEAC189015CEAD2B2D__7A66EAC584AFAC5805246EA7FC56D7F95D75C99F.udd" 4287
"C:/Users/minukey/AppData/Local/UnrealEngine/Common/DerivedDataCache/1/2/7/MATSM_0BA69734E4FD45E082FA4560DBE25454_SF_VULKAN_ES31_ANDROID_2336__BC5N_NOCCB__617768962F1C0D8F3CDCF6D1FA34A31B888FA5EC.udd" 4288
"C:/Users/minukey/AppData/Local/UnrealEngine/Common/DerivedDataCache/8/0/6/MATSM_0BA69734E4FD45E082FA4560DBE25454_GLSL_ES3_1_ANDROID_18786__BC5N_NOCCBN_N__2FC928D88F2ADC389607C0FACD09E7ADB41B3096.udd" 4289
"C:/Users/minukey/AppData/Local/UnrealEngine/Common/DerivedDataCache/7/5/1/TEXTURE_E01F4250BECD420DA9CE63B5EECEC2C2_G8_687091CC4AA2E8FC0F9056A1BE61186C_0__F73D10C66FAB3A0C55816247838BEAEA3C865026.udd" 4290
"C:/Users/minukey/AppData/Local/UnrealEngine/Common/DerivedDataCache/9/6/0/TEXTURE_E01F4250BECD420DA9CE63B5EECEC2C2_ASTC_RGBAUTO_38_687091CC4AA2E8FC0F905__F8E12D4A90211FE98542CC9F73096E733D95ED74.udd" 4291
"C:/Users/minukey/AppData/Local/UnrealEngine/Common/DerivedDataCache/5/8/3/MATSM_0BA69734E4FD45E082FA4560DBE25454_SF_VULKAN_ES31_ANDROID_2336__BC5N_NOCCB__2ACD23D2A243B99B802F8629BB5B451969A56C88.udd" 4292
"C:/Users/minukey/AppData/Local/UnrealEngine/Common/DerivedDataCache/5/7/0/TEXTURE_E01F4250BECD420DA9CE63B5EECEC2C2_AUTODXT_687091CC4AA2E8FC0F9056A1BE611__4E32752C3E8798EB5FCAF9FEFDDC5A2BC0CDB23B.udd" 4293
"C:/Users/minukey/AppData/Local/UnrealEngine/Common/DerivedDataCache/6/9/3/TEXTURE_E01F4250BECD420DA9CE63B5EECEC2C2_AUTOETC2_687091CC4AA2E8FC0F9056A1BE61__7E611AD8B8D634DA67FF2BD3D88AA27CD3985588.udd" 4294
"C:/Users/minukey/AppData/Local/UnrealEngine/Common/DerivedDataCache/9/2/2/MATSM_0BA69734E4FD45E082FA4560DBE25454_GLSL_ES3_1_ANDROID_18786__BC5N_NOCCBN_N__118C87EE0B9CC3D1274EA7C1947B8383497C770B.udd" 4295
"C:/Users/minukey/AppData/Local/UnrealEngine/Common/DerivedDataCache/3/3/8/TEXTURE_E01F4250BECD420DA9CE63B5EECEC2C2_AUTODXT_687091CC4AA2E8FC0F9056A1BE611__D6292BEFA739EEDF67C429B16CC54D43CF4EC8AC.udd" 4296
"C:/Users/minukey/AppData/Local/UnrealEngine/Common/DerivedDataCache/0/1/7/TEXTURE_E01F4250BECD420DA9CE63B5EECEC2C2_ASTC_RGBAUTO_38_687091CC4AA2E8FC0F905__E0888BA6DAD39EA4473F52EE3A67015112675E42.udd" 4297
"C:/Users/minukey/AppData/Local/UnrealEngine/Common/DerivedDataCache/3/1/9/TEXTURE_E01F4250BECD420DA9CE63B5EECEC2C2_AUTOETC2_687091CC4AA2E8FC0F9056A1BE61__B9ABE14CEC08349682E0BDB6DBC8AB47A36E2BA4.udd" 4298
"C:/Users/minukey/AppData/Local/UnrealEngine/Common/DerivedDataCache/6/8/1/TEXTURE_E01F4250BECD420DA9CE63B5EECEC2C2_ASTC_RGBAUTO_38_3B16F09D4AF7B83324391__071B9133BAE49127AE31A57DA42C0194BC315C16.udd" 4299
"C:/Users/minukey/AppData/Local/UnrealEngine/Common/DerivedDataCache/9/4/5/MATSM_0BA69734E4FD45E082FA4560DBE25454_SF_VULKAN_ES31_ANDROID_2336__BC5N_NOCCB__E40DC4AF9F6EBC970A1A07331D3F2B09727E3B47.udd" 4300
"C:/Users/minukey/AppData/Local/UnrealEngine/Common/DerivedDataCache/5/7/5/TEXTURE_E01F4250BECD420DA9CE63B5EECEC2C2_ASTC_RGBAUTO_38_3B16F09D4AF7B83324391__E861AF2A0BEE15FD83512903D6967D3A0630381B.udd" 4301
"C:/Users/minukey/AppData/Local/UnrealEngine/Common/DerivedDataCache/0/3/3/TEXTURE_E01F4250BECD420DA9CE63B5EECEC2C2_ASTC_RGBAUTO_38_3B16F09D4AF7B83324391__7C907ACC89CD00A1BB53810A5A2C9CD2B2008144.udd" 4302
"C:/Users/minukey/AppData/Local/UnrealEngine/Common/DerivedDataCache/5/8/5/TEXTURE_E01F4250BECD420DA9CE63B5EECEC2C2_ASTC_RGBAUTO_38_3B16F09D4AF7B83324391__15B1DFB5D214515E27052BD6B6786113320D303D.udd" 4303
"C:/Users/minukey/AppData/Local/UnrealEngine/Common/DerivedDataCache/8/1/5/TEXTURE_E01F4250BECD420DA9CE63B5EECEC2C2_AUTODXT_3B16F09D4AF7B8332439188587050__925BC72CC751F4F3ED1E93CFBA96302993319843.udd" 4304
"C:/Users/minukey/AppData/Local/UnrealEngine/Common/DerivedDataCache/5/4/3/TEXTURE_E01F4250BECD420DA9CE63B5EECEC2C2_ASTC_RGBAUTO_38_3B16F09D4AF7B83324391__42B9F2641E06D86515533D47F2F73680EFF7482D.udd" 4305
"C:/Users/minukey/AppData/Local/UnrealEngine/Common/DerivedDataCache/1/7/8/MATSM_0BA69734E4FD45E082FA4560DBE25454_GLSL_ES3_1_ANDROID_18786__BC5N_NOCCBN_N__64291D0B739F23451AD38E163A5CC1F8246EB3C5.udd" 4306
"C:/Users/minukey/AppData/Local/UnrealEngine/Common/DerivedDataCache/1/7/2/TEXTURE_E01F4250BECD420DA9CE63B5EECEC2C2_ASTC_RGBAUTO_38_3B16F09D4AF7B83324391__B1C89B034D28F7ACB9D8D9692EE13150C2F72EFB.udd" 4307
"C:/Users/minukey/AppData/Local/UnrealEngine/Common/DerivedDataCache/1/0/7/MATSM_0BA69734E4FD45E082FA4560DBE25454_SF_VULKAN_ES31_ANDROID_2336__BC5N_NOCCB__730B3D3835D2E8AFDE8735553E6024459E5C4EC8.udd" 4308
"C:/Users/minukey/AppData/Local/UnrealEngine/Common/DerivedDataCache/1/7/8/TEXTURE_E01F4250BECD420DA9CE63B5EECEC2C2_AUTODXT_3B16F09D4AF7B8332439188587050__B244028BD5833EC94FD24E655A267E2B7E940542.udd" 4309
"C:/Users/minukey/AppData/Local/UnrealEngine/Common/DerivedDataCache/0/3/9/TEXTURE_E01F4250BECD420DA9CE63B5EECEC2C2_ASTC_RGBAUTO_38_3B16F09D4AF7B83324391__D21CC1E4D030B1DC31080A0CD3C141BA683B1FF9.udd" 4310
"C:/Users/minukey/AppData/Local/UnrealEngine/Common/DerivedDataCache/5/3/3/MATSM_0BA69734E4FD45E082FA4560DBE25454_GLSL_ES3_1_ANDROID_18786__BC5N_NOCCBN_N__DCC7CBEDBFEF5CFF47F7FD6EB7D2C15D16424C34.udd" 4311
"C:/Users/minukey/AppData/Local/UnrealEngine/Common/DerivedDataCache/8/3/8/TEXTURE_E01F4250BECD420DA9CE63B5EECEC2C2_AUTODXT_3B16F09D4AF7B8332439188587050__3667366A3F5EE086AD389B34AE1F643857813D14.udd" 4312
"C:/Users/minukey/AppData/Local/UnrealEngine/Common/DerivedDataCache/4/0/9/MATSM_0BA69734E4FD45E082FA4560DBE25454_SF_VULKAN_ES31_ANDROID_2336__BC5N_NOCCB__47394B7F13DDC6A7613CC995DC65D6DF512B4D9D.udd" 4313
"C:/Users/minukey/AppData/Local/UnrealEngine/Common/DerivedDataCache/1/4/3/TEXTURE_E01F4250BECD420DA9CE63B5EECEC2C2_AUTOETC2_3B16F09D4AF7B833243918858705__026B8644C2A2F8919E1896E1625A5451891F3D12.udd" 4314
"C:/Users/minukey/AppData/Local/UnrealEngine/Common/DerivedDataCache/6/0/7/TEXTURE_E01F4250BECD420DA9CE63B5EECEC2C2_AUTODXT_3B16F09D4AF7B8332439188587050__E6883D70FAA1A86057B61B75DA7D55ADFC810FFA.udd" 4315
"C:/Users/minukey/AppData/Local/UnrealEngine/Common/DerivedDataCache/8/8/9/TEXTURE_E01F4250BECD420DA9CE63B5EECEC2C2_AUTOETC2_3B16F09D4AF7B833243918858705__B8C6B7657C347CFC376C687B208E78C1AE697EBB.udd" 4316
"C:/Users/minukey/AppData/Local/UnrealEngine/Common/DerivedDataCache/5/0/4/MATSM_0BA69734E4FD45E082FA4560DBE25454_GLSL_ES3_1_ANDROID_18786__BC5N_NOCCBN_N__7EB2C0ACE9136E4C466A3DBF072E6A85A72F4F9C.udd" 4317
"C:/Users/minukey/AppData/Local/UnrealEngine/Common/DerivedDataCache/5/4/0/TEXTURE_E01F4250BECD420DA9CE63B5EECEC2C2_AUTOETC2_3B16F09D4AF7B833243918858705__3B2CD0FBB5CF8EB2BA38179B8925304700D11EDE.udd" 4318
"C:/Users/minukey/AppData/Local/UnrealEngine/Common/DerivedDataCache/8/2/4/MATSM_0BA69734E4FD45E082FA4560DBE25454_SF_VULKAN_ES31_ANDROID_2336__BC5N_NOCCB__FCC26380D0E6AB394ED9267A7A6441116A1DE3FA.udd" 4319
"C:/Users/minukey/AppData/Local/UnrealEngine/Common/DerivedDataCache/0/1/8/TEXTURE_E01F4250BECD420DA9CE63B5EECEC2C2_AUTODXT_3B16F09D4AF7B8332439188587050__C456E03A6F46C6F0DD0967DF74A56A18122BED1E.udd" 4320
"C:/Users/minukey/AppData/Local/UnrealEngine/Common/DerivedDataCache/5/3/5/TEXTURE_E01F4250BECD420DA9CE63B5EECEC2C2_AUTODXT_3B16F09D4AF7B8332439188587050__B05432B8DE734404F5ADA592F148BFCC7C4B0DE6.udd" 4321
"C:/Users/minukey/AppData/Local/UnrealEngine/Common/DerivedDataCache/6/3/5/TEXTURE_E01F4250BECD420DA9CE63B5EECEC2C2_AUTOETC2_3B16F09D4AF7B833243918858705__0EC06FFF32D34A7926EFB8FD8A827F53640410B9.udd" 4322
"C:/Users/minukey/AppData/Local/UnrealEngine/Common/DerivedDataCache/6/9/9/MATSM_0BA69734E4FD45E082FA4560DBE25454_GLSL_ES3_1_ANDROID_18786__BC5N_NOCCBN_N__852CDB895931C27D6412495C38E737B7C696477E.udd" 4323
"C:/Users/minukey/AppData/Local/UnrealEngine/Common/DerivedDataCache/8/4/0/TEXTURE_E01F4250BECD420DA9CE63B5EECEC2C2_AUTODXT_3B16F09D4AF7B8332439188587050__A5D61892168D730AC977C3B542E47B1EAEA479AA.udd" 4324
"C:/Users/minukey/AppData/Local/UnrealEngine/Common/DerivedDataCache/9/0/7/TEXTURE_E01F4250BECD420DA9CE63B5EECEC2C2_AUTOETC2_3B16F09D4AF7B833243918858705__A0F7EF7472CB283A2E26F79CD9A436D5438DA901.udd" 4325
"C:/Users/minukey/AppData/Local/UnrealEngine/Common/DerivedDataCache/5/5/8/MATSM_0BA69734E4FD45E082FA4560DBE25454_SF_VULKAN_ES31_ANDROID_2336__BC5N_NOCCB__779DF0A759C42A498EAD54EA04577600704EF86B.udd" 4326
"C:/Users/minukey/AppData/Local/UnrealEngine/Common/DerivedDataCache/5/8/3/TEXTURE_E01F4250BECD420DA9CE63B5EECEC2C2_BGRA8_549D4D01446E3576FA369DAB6247F89__4751E641C0852C3CA944F38B8A4FD51D3144262B.udd" 4327
"C:/Users/minukey/AppData/Local/UnrealEngine/Common/DerivedDataCache/9/3/6/TEXTURE_E01F4250BECD420DA9CE63B5EECEC2C2_AUTOETC2_3B16F09D4AF7B833243918858705__9F23F2EC8A53444FCA425D4544EEB0E13D01B961.udd" 4328
"C:/Users/minukey/AppData/Local/UnrealEngine/Common/DerivedDataCache/3/2/1/TEXTURE_E01F4250BECD420DA9CE63B5EECEC2C2_AUTOETC2_3B16F09D4AF7B833243918858705__A671D997856852B979D86177B9BD1DF75DFB0F5E.udd" 4329
"C:/Users/minukey/AppData/Local/UnrealEngine/Common/DerivedDataCache/4/7/0/MATSM_0BA69734E4FD45E082FA4560DBE25454_GLSL_ES3_1_ANDROID_18786__BC5N_NOCCBN_N__B5E8E7E1FDFC85A3B17519577F18025CD011886E.udd" 4330
"C:/Users/minukey/AppData/Local/UnrealEngine/Common/DerivedDataCache/9/8/8/TEXTURE_E01F4250BECD420DA9CE63B5EECEC2C2_AUTOETC2_549D4D01446E3576FA369DAB6247__80580B24DFCAA2D5BD89836951D1F9F1396D8E08.udd" 4331
"C:/Users/minukey/AppData/Local/UnrealEngine/Common/DerivedDataCache/2/3/9/TEXTURE_E01F4250BECD420DA9CE63B5EECEC2C2_AUTODXT_549D4D01446E3576FA369DAB6247F__4E792AE02F1F75A4D9A672C3994BC942A8B599DB.udd" 4332
"C:/Users/minukey/AppData/Local/UnrealEngine/Common/DerivedDataCache/0/5/1/TEXTURE_E01F4250BECD420DA9CE63B5EECEC2C2_ASTC_RGBAUTO_38_BBD2EE3E427A2DD5B983C__9F6CC55F69896EC8021F137DDC3BE5D2E74497A4.udd" 4333
"C:/Users/minukey/AppData/Local/UnrealEngine/Common/DerivedDataCache/8/9/5/TEXTURE_E01F4250BECD420DA9CE63B5EECEC2C2_ASTC_RGBAUTO_38_BBD2EE3E427A2DD5B983C__A8B95D81AB18E51A4F933CC35BA87E3BBB918BF5.udd" 4334
"C:/Users/minukey/AppData/Local/UnrealEngine/Common/DerivedDataCache/7/6/2/TEXTURE_E01F4250BECD420DA9CE63B5EECEC2C2_ASTC_RGBAUTO_38_BBD2EE3E427A2DD5B983C__2CCE1B3A22845DEA88F1F56B5C9ACAED2E8A0324.udd" 4335
"C:/Users/minukey/AppData/Local/UnrealEngine/Common/DerivedDataCache/9/4/4/TEXTURE_E01F4250BECD420DA9CE63B5EECEC2C2_ASTC_RGBAUTO_38_BBD2EE3E427A2DD5B983C__D275B83B301643BEE831DA6A152EA68E4AF6DF67.udd" 4336
"C:/Users/minukey/AppData/Local/UnrealEngine/Common/DerivedDataCache/3/0/6/TEXTURE_E01F4250BECD420DA9CE63B5EECEC2C2_AUTODXT_BBD2EE3E427A2DD5B983C98A7EC36__E8946DEEE902783E9BD9104AB16D6CF16B4BCB78.udd" 4337
"C:/Users/minukey/AppData/Local/UnrealEngine/Common/DerivedDataCache/7/9/7/MATSM_0BA69734E4FD45E082FA4560DBE25454_SF_VULKAN_ES31_ANDROID_2336__BC5N_NOCCB__504447402F612FA303ECEC3D4F183B58E136BB09.udd" 4338
"C:/Users/minukey/AppData/Local/UnrealEngine/Common/DerivedDataCache/0/2/2/TEXTURE_E01F4250BECD420DA9CE63B5EECEC2C2_AUTODXT_BBD2EE3E427A2DD5B983C98A7EC36__49D118D6EF06F414DBEE8A27EB43DA1A0ED19DB1.udd" 4339
"C:/Users/minukey/AppData/Local/UnrealEngine/Common/DerivedDataCache/2/6/6/MATSM_0BA69734E4FD45E082FA4560DBE25454_GLSL_ES3_1_ANDROID_18786__BC5N_NOCCBN_N__515162D48223D99028B8D23D4F22F4810C5B9B61.udd" 4340
"C:/Users/minukey/AppData/Local/UnrealEngine/Common/DerivedDataCache/4/6/8/TEXTURE_E01F4250BECD420DA9CE63B5EECEC2C2_ASTC_RGBAUTO_38_BBD2EE3E427A2DD5B983C__01DF4FC7DB55A81A031A2069F3E6D90675805046.udd" 4341
"C:/Users/minukey/AppData/Local/UnrealEngine/Common/DerivedDataCache/7/2/3/TEXTURE_E01F4250BECD420DA9CE63B5EECEC2C2_AUTODXT_BBD2EE3E427A2DD5B983C98A7EC36__B061F08F9C7BE1A5B82F80566E6A8FE6F2850343.udd" 4342
"C:/Users/minukey/AppData/Local/UnrealEngine/Common/DerivedDataCache/9/9/8/TEXTURE_E01F4250BECD420DA9CE63B5EECEC2C2_AUTOETC2_BBD2EE3E427A2DD5B983C98A7EC3__45CD3B21C232CA889B6E193C1A12197A438BFA29.udd" 4343
"C:/Users/minukey/AppData/Local/UnrealEngine/Common/DerivedDataCache/7/2/6/TEXTURE_E01F4250BECD420DA9CE63B5EECEC2C2_AUTODXT_BBD2EE3E427A2DD5B983C98A7EC36__7C2E60A79F1DD405DA706E2940B6D9D3AEB75C8C.udd" 4344
"C:/Users/minukey/AppData/Local/UnrealEngine/Common/DerivedDataCache/3/2/1/TEXTURE_E01F4250BECD420DA9CE63B5EECEC2C2_AUTODXT_BBD2EE3E427A2DD5B983C98A7EC36__CD08AE5FE07C049C15C4876A8EDED307344B3421.udd" 4345
"C:/Users/minukey/AppData/Local/UnrealEngine/Common/DerivedDataCache/9/2/4/TEXTURE_E01F4250BECD420DA9CE63B5EECEC2C2_BGRA8_4F611E214CDAFE9FB5DEC79A6ADB63B__F4BBDDDC6F472EFF3FD2CA9178CA7A5F87961C13.udd" 4346
"C:/Users/minukey/AppData/Local/UnrealEngine/Common/DerivedDataCache/8/2/7/TEXTURE_E01F4250BECD420DA9CE63B5EECEC2C2_AUTOETC2_BBD2EE3E427A2DD5B983C98A7EC3__1306A7DA532FE0AEE8E9B1BB0DF474D96A9B1CEC.udd" 4347
"C:/Users/minukey/AppData/Local/UnrealEngine/Common/DerivedDataCache/6/7/6/TEXTURE_E01F4250BECD420DA9CE63B5EECEC2C2_AUTOETC2_BBD2EE3E427A2DD5B983C98A7EC3__E3F03FBAA63F97FD44646760554A627126173EFF.udd" 4348
"C:/Users/minukey/AppData/Local/UnrealEngine/Common/DerivedDataCache/3/2/7/TEXTURE_E01F4250BECD420DA9CE63B5EECEC2C2_AUTODXT_4F611E214CDAFE9FB5DEC79A6ADB6__E87A3B2C114F5929079CE131D16E6F85FED3763B.udd" 4349
"C:/Users/minukey/AppData/Local/UnrealEngine/Common/DerivedDataCache/1/4/6/TEXTURE_E01F4250BECD420DA9CE63B5EECEC2C2_AUTOETC2_BBD2EE3E427A2DD5B983C98A7EC3__71C03EFCF00507B8F426831D4314A4C1A793FD62.udd" 4350
"C:/Users/minukey/AppData/Local/UnrealEngine/Common/DerivedDataCache/2/1/8/TEXTURE_E01F4250BECD420DA9CE63B5EECEC2C2_AUTOETC2_4F611E214CDAFE9FB5DEC79A6ADB__9E0B636EAE979D835E9C711F2A3DA5EA947C9A21.udd" 4351
"C:/Users/minukey/AppData/Local/UnrealEngine/Common/DerivedDataCache/1/3/0/TEXTURE_E01F4250BECD420DA9CE63B5EECEC2C2_AUTOETC2_BBD2EE3E427A2DD5B983C98A7EC3__2D670EF9D1331564435914B792E5A7CB3CE97401.udd" 4352
"C:/Users/minukey/AppData/Local/UnrealEngine/Common/DerivedDataCache/6/3/3/TEXTURE_E01F4250BECD420DA9CE63B5EECEC2C2_AUTODXT_BA88D6B4499BA1EDF9AB3BB060014__48C5B20D96D8F153E1194D4702E7D71B5DCA3699.udd" 4353
"C:/Users/minukey/AppData/Local/UnrealEngine/Common/DerivedDataCache/2/0/9/TEXTURE_E01F4250BECD420DA9CE63B5EECEC2C2_ASTC_RGBAUTO_38_BA88D6B4499BA1EDF9AB3__30F6F72C4C49C3B25CB821BD8862604F9062C22D.udd" 4354
"C:/Users/minukey/AppData/Local/UnrealEngine/Common/DerivedDataCache/1/3/4/TEXTURE_E01F4250BECD420DA9CE63B5EECEC2C2_AUTOETC2_BA88D6B4499BA1EDF9AB3BB06001__14C59BDB5D171A70920A0929B839729EBE4E3F50.udd" 4355
"C:/Users/minukey/AppData/Local/UnrealEngine/Common/DerivedDataCache/3/1/6/TEXTURE_E01F4250BECD420DA9CE63B5EECEC2C2_AUTODXT_CA5FE12146F29E8987EB3BB216EB0__D5E12358DF82A7E1F965E85AEF83523D76B977EB.udd" 4356
"C:/Users/minukey/AppData/Local/UnrealEngine/Common/DerivedDataCache/9/4/7/TEXTURE_E01F4250BECD420DA9CE63B5EECEC2C2_ASTC_RGBAUTO_38_CA5FE12146F29E8987EB3__A62D960D965EEB86D6C636A1DF8718B0DCB29CB1.udd" 4357
"C:/Users/minukey/AppData/Local/UnrealEngine/Common/DerivedDataCache/5/5/4/TEXTURE_E01F4250BECD420DA9CE63B5EECEC2C2_AUTOETC2_CA5FE12146F29E8987EB3BB216EB__49658145D3F23FCF9403E827F68CA6CCD178EEB7.udd" 4358
"C:/Users/minukey/AppData/Local/UnrealEngine/Common/DerivedDataCache/7/5/1/TEXTURE_E01F4250BECD420DA9CE63B5EECEC2C2_AUTODXT_B21C1AFF42ACD5ADC8C382B3A090A__B93F5823D6C16D55AD3BDC5FC331527F7C547F6D.udd" 4359
"C:/Users/minukey/AppData/Local/UnrealEngine/Common/DerivedDataCache/0/4/4/TEXTURE_E01F4250BECD420DA9CE63B5EECEC2C2_ASTC_RGBAUTO_38_B21C1AFF42ACD5ADC8C38__31128724B456F05BDDEDF5FB3F2C78E41BBECAF8.udd" 4360
"C:/Users/minukey/AppData/Local/UnrealEngine/Common/DerivedDataCache/7/1/9/TEXTURE_E01F4250BECD420DA9CE63B5EECEC2C2_AUTODXT_B21C1AFF42ACD5ADC8C382B3A090A__8B9A91650089858D5AC20AA6B3F59EB5838F7DDA.udd" 4361
"C:/Users/minukey/AppData/Local/UnrealEngine/Common/DerivedDataCache/5/9/0/TEXTURE_E01F4250BECD420DA9CE63B5EECEC2C2_AUTODXT_B21C1AFF42ACD5ADC8C382B3A090A__B3826A48B86C4668D8B4E55D26DB0D9562F9A17A.udd" 4362
"C:/Users/minukey/AppData/Local/UnrealEngine/Common/DerivedDataCache/8/3/6/TEXTURE_E01F4250BECD420DA9CE63B5EECEC2C2_AUTODXT_B21C1AFF42ACD5ADC8C382B3A090A__8416C0CC94E6E03278038B721EBE3E2B6CEF6F78.udd" 4363
"C:/Users/minukey/AppData/Local/UnrealEngine/Common/DerivedDataCache/1/6/8/TEXTURE_E01F4250BECD420DA9CE63B5EECEC2C2_ASTC_RGBAUTO_38_B21C1AFF42ACD5ADC8C38__129390D8DC70DA81331C20C16EF3E42E6D6AD800.udd" 4364
"C:/Users/minukey/AppData/Local/UnrealEngine/Common/DerivedDataCache/9/6/2/TEXTURE_E01F4250BECD420DA9CE63B5EECEC2C2_AUTODXT_B21C1AFF42ACD5ADC8C382B3A090A__BD610DB0386AC5B178248CD2EA64341CD82A64BC.udd" 4365
"C:/Users/minukey/AppData/Local/UnrealEngine/Common/DerivedDataCache/9/0/3/TEXTURE_E01F4250BECD420DA9CE63B5EECEC2C2_ASTC_RGBAUTO_38_B21C1AFF42ACD5ADC8C38__00C30D8B18BF3C592DAA321B6AE9B42CC82078CE.udd" 4366
"C:/Users/minukey/AppData/Local/UnrealEngine/Common/DerivedDataCache/0/9/7/TEXTURE_E01F4250BECD420DA9CE63B5EECEC2C2_AUTOETC2_B21C1AFF42ACD5ADC8C382B3A090__43B04C41BC161D35635BD724A82425456C33148B.udd" 4367
"C:/Users/minukey/AppData/Local/UnrealEngine/Common/DerivedDataCache/7/8/4/TEXTURE_E01F4250BECD420DA9CE63B5EECEC2C2_AUTOETC2_B21C1AFF42ACD5ADC8C382B3A090__23C4A1C5AA5E8C99D8CBD346D9C620F0338F9A56.udd" 4368
"C:/Users/minukey/AppData/Local/UnrealEngine/Common/DerivedDataCache/6/2/9/TEXTURE_E01F4250BECD420DA9CE63B5EECEC2C2_ASTC_RGBAUTO_38_B21C1AFF42ACD5ADC8C38__622EE99FDFC84860520570037AEFEBEEA4ACE245.udd" 4369
"C:/Users/minukey/AppData/Local/UnrealEngine/Common/DerivedDataCache/1/8/1/TEXTURE_E01F4250BECD420DA9CE63B5EECEC2C2_AUTOETC2_B21C1AFF42ACD5ADC8C382B3A090__703110AEB2434B2576C34A94D722545554A3BD31.udd" 4370
"C:/Users/minukey/AppData/Local/UnrealEngine/Common/DerivedDataCache/3/4/6/TEXTURE_E01F4250BECD420DA9CE63B5EECEC2C2_AUTOETC2_B21C1AFF42ACD5ADC8C382B3A090__B26D9DA4CA20E8E8F5A375E22988F7961B159116.udd" 4371
"C:/Users/minukey/AppData/Local/UnrealEngine/Common/DerivedDataCache/2/4/4/TEXTURE_E01F4250BECD420DA9CE63B5EECEC2C2_ASTC_RGBAUTO_38_B21C1AFF42ACD5ADC8C38__A994078737D864713308C474C4391D4DDEC21258.udd" 4372
"C:/Users/minukey/AppData/Local/UnrealEngine/Common/DerivedDataCache/6/6/6/TEXTURE_E01F4250BECD420DA9CE63B5EECEC2C2_ASTC_NORMALRG_38_565E0359430950FA252A__F17CD80454BA29797A1EA10279B89146FA08C3BB.udd" 4373
"C:/Users/minukey/AppData/Local/UnrealEngine/Common/DerivedDataCache/0/8/9/TEXTURE_E01F4250BECD420DA9CE63B5EECEC2C2_AUTOETC2_B21C1AFF42ACD5ADC8C382B3A090__E7EC6724F8A6E53EDEFA6FA76F25BAE6EA397021.udd" 4374
"C:/Users/minukey/AppData/Local/UnrealEngine/Common/DerivedDataCache/6/4/3/TEXTURE_E01F4250BECD420DA9CE63B5EECEC2C2_DXT5_565E0359430950FA252A118AF8521636__60B3A577C8F8FC1BA185C0834BEC2E37CE23513F.udd" 4375
"C:/Users/minukey/AppData/Local/UnrealEngine/Common/DerivedDataCache/4/5/8/TEXTURE_E01F4250BECD420DA9CE63B5EECEC2C2_ASTC_NORMALRG_38_565E0359430950FA252A__9BB35754046BEC21864A80D8ADA046A403316C49.udd" 4376
"C:/Users/minukey/AppData/Local/UnrealEngine/Common/DerivedDataCache/2/8/0/TEXTURE_E01F4250BECD420DA9CE63B5EECEC2C2_ASTC_NORMALRG_38_565E0359430950FA252A__928643EDCF12BDC899CDE08064BEB1E3CC4CDBEC.udd" 4377
"C:/Users/minukey/AppData/Local/UnrealEngine/Common/DerivedDataCache/3/2/7/TEXTURE_E01F4250BECD420DA9CE63B5EECEC2C2_ETC2_RGB_565E0359430950FA252A118AF852__D33C17C9B73117C8A30DCE0DD44CC4950469461F.udd" 4378
"C:/Users/minukey/AppData/Local/UnrealEngine/Common/DerivedDataCache/6/8/7/TEXTURE_E01F4250BECD420DA9CE63B5EECEC2C2_DXT5_565E0359430950FA252A118AF8521636__88089BDAC0410787919C0B6DF5FD04133F973799.udd" 4379
"C:/Users/minukey/AppData/Local/UnrealEngine/Common/DerivedDataCache/0/8/0/TEXTURE_E01F4250BECD420DA9CE63B5EECEC2C2_ETC2_RGB_565E0359430950FA252A118AF852__F213F46BF5C8838E4CFA71EE011A0E843072F347.udd" 4380
"C:/Users/minukey/AppData/Local/UnrealEngine/Common/DerivedDataCache/4/3/6/TEXTURE_E01F4250BECD420DA9CE63B5EECEC2C2_DXT5_565E0359430950FA252A118AF8521636__79677DBDD82EB86F8CCD6334E62162615BC727CD.udd" 4381
"C:/Users/minukey/AppData/Local/UnrealEngine/Common/DerivedDataCache/9/8/2/TEXTURE_E01F4250BECD420DA9CE63B5EECEC2C2_ETC2_RGB_565E0359430950FA252A118AF852__20863D91035A01D18746B465457442DD726EC953.udd" 4382
"C:/Users/minukey/AppData/Local/UnrealEngine/Common/DerivedDataCache/9/9/3/TEXTURE_E01F4250BECD420DA9CE63B5EECEC2C2_ASTC_RGBAUTO_38_FDD461EC4EDF5F99C6597__9117B548F23E9709899131DC72FEB4CF789C7525.udd" 4383
"C:/Users/minukey/AppData/Local/UnrealEngine/Common/DerivedDataCache/2/6/2/TEXTURE_E01F4250BECD420DA9CE63B5EECEC2C2_ASTC_RGBAUTO_38_FDD461EC4EDF5F99C6597__794E98438930793A0CA4BF40B8BED5CF131863E5.udd" 4384
"C:/Users/minukey/AppData/Local/UnrealEngine/Common/DerivedDataCache/3/7/4/TEXTURE_E01F4250BECD420DA9CE63B5EECEC2C2_AUTODXT_FDD461EC4EDF5F99C659709B7A42E__133EC4D513CB65BF1B4B144D998253B05C4F364B.udd" 4385
"C:/Users/minukey/AppData/Local/UnrealEngine/Common/DerivedDataCache/4/6/8/TEXTURE_E01F4250BECD420DA9CE63B5EECEC2C2_ASTC_RGBAUTO_38_FDD461EC4EDF5F99C6597__235CD4E2FE7CC3647DF7EAB0255A8F575392993D.udd" 4386
"C:/Users/minukey/AppData/Local/UnrealEngine/Common/DerivedDataCache/6/1/4/TEXTURE_E01F4250BECD420DA9CE63B5EECEC2C2_ASTC_RGBAUTO_38_FDD461EC4EDF5F99C6597__3687DA6A47F72A335A56F7378A193204006CCA97.udd" 4387
"C:/Users/minukey/AppData/Local/UnrealEngine/Common/DerivedDataCache/8/8/0/TEXTURE_E01F4250BECD420DA9CE63B5EECEC2C2_AUTOETC2_FDD461EC4EDF5F99C659709B7A42__0C11C9625579DFBD37DC755F84D9646C8EA5BBDC.udd" 4388
"C:/Users/minukey/AppData/Local/UnrealEngine/Common/DerivedDataCache/9/2/5/TEXTURE_E01F4250BECD420DA9CE63B5EECEC2C2_AUTODXT_FDD461EC4EDF5F99C659709B7A42E__9F1DE8E692AF2B89D30639AA09969AF1BB8F9B45.udd" 4389
"C:/Users/minukey/AppData/Local/UnrealEngine/Common/DerivedDataCache/6/1/3/TEXTURE_E01F4250BECD420DA9CE63B5EECEC2C2_AUTOETC2_FDD461EC4EDF5F99C659709B7A42__426ED69CA70BDB59CE8DBDC12CDB82C7298A0769.udd" 4390
"C:/Users/minukey/AppData/Local/UnrealEngine/Common/DerivedDataCache/0/6/6/TEXTURE_E01F4250BECD420DA9CE63B5EECEC2C2_AUTODXT_FDD461EC4EDF5F99C659709B7A42E__A91E7BFCF3C202A3253FF2EB7375CC79DF80D12E.udd" 4391
"C:/Users/minukey/AppData/Local/UnrealEngine/Common/DerivedDataCache/9/8/2/TEXTURE_E01F4250BECD420DA9CE63B5EECEC2C2_AUTOETC2_FDD461EC4EDF5F99C659709B7A42__E75A3B142933FD2735119AFC3B19D890AC24F243.udd" 4392
"C:/Users/minukey/AppData/Local/UnrealEngine/Common/DerivedDataCache/4/0/1/TEXTURE_E01F4250BECD420DA9CE63B5EECEC2C2_AUTOETC2_FDD461EC4EDF5F99C659709B7A42__9DDFE3DDB0E5B0F90798483B3FFFD85FB5BA40BB.udd" 4393
"C:/Users/minukey/AppData/Local/UnrealEngine/Common/DerivedDataCache/0/9/4/TEXTURE_E01F4250BECD420DA9CE63B5EECEC2C2_ASTC_RGBAUTO_38_32D5A3494FF185CA18E75__45E5ABE040A6F68A297FFBC13150688EB82F0713.udd" 4394
"C:/Users/minukey/AppData/Local/UnrealEngine/Common/DerivedDataCache/1/8/1/TEXTURE_E01F4250BECD420DA9CE63B5EECEC2C2_AUTODXT_32D5A3494FF185CA18E7558A2ACF5__68BF211600BC5C74DC2DDDF949E214E97B210CBE.udd" 4395
"C:/Users/minukey/AppData/Local/UnrealEngine/Common/DerivedDataCache/1/6/6/TEXTURE_E01F4250BECD420DA9CE63B5EECEC2C2_AUTOETC2_32D5A3494FF185CA18E7558A2ACF__AEA1B72A69F3DE563FA5F1D0A0D3DB94B27B8A01.udd" 4396
"C:/Users/minukey/AppData/Local/UnrealEngine/Common/DerivedDataCache/7/5/2/TEXTURE_E01F4250BECD420DA9CE63B5EECEC2C2_ASTC_RGB_38_C349D2FA2A30FC1134357D327__58B8E158588900125272B759992130BF3A701FEF.udd" 4397
"C:/Users/minukey/AppData/Local/UnrealEngine/Common/DerivedDataCache/3/0/3/TEXTURE_E01F4250BECD420DA9CE63B5EECEC2C2_DXT1_C349D2FA2A30FC1134357D3272F2DC90__1B3C9C746B5CB6A6E2B96949E638645DEDFF0405.udd" 4398
"E:/Documents/SIKAT OJT/Game Project/Project/ProjectLumina/Content/Blueprints/Enum/Dialogue/Enum_VisualFX.uasset" 4399
"E:/Documents/SIKAT OJT/Game Project/Project/ProjectLumina/Content/Blueprints/Enum/Dialogue/Enum_ChoicesAmount.uasset" 4400
"E:/Documents/SIKAT OJT/Game Project/Project/ProjectLumina/Content/Blueprints/Enum/Dialogue/Enum_CharacterSettings.uasset" 4401
"E:/Documents/SIKAT OJT/Game Project/Project/ProjectLumina/Content/Blueprints/Enum/Enum_PortraitEffect.uasset" 4402
"E:/Documents/SIKAT OJT/Game Project/Project/ProjectLumina/Content/Structure/Dialogue/S_Dialogue.uasset" 4403
"E:/Documents/SIKAT OJT/Game Project/Project/ProjectLumina/Content/EmptySoundCue.uasset" 4404
"E:/Documents/SIKAT OJT/Game Project/Project/ProjectLumina/Content/Assets/Backgrounds/Backgrounds/BG_Workshop.uasset" 4405
"E:/Documents/SIKAT OJT/Game Project/Project/ProjectLumina/Content/Assets/Backgrounds/Backgrounds/BG_Scaling.uasset" 4406
"E:/Documents/SIKAT OJT/Game Project/Project/ProjectLumina/Content/Dialogues/Ch09/Revamp/DL_Chap9-GO.uasset" 4407
"E:/Documents/SIKAT OJT/Game Project/Project/ProjectLumina/Content/Assets/Backgrounds/Backgrounds/BG_Conference.uasset" 4408
"E:/Documents/SIKAT OJT/Game Project/Project/ProjectLumina/Content/Dialogues/Ch010/Revamp/DL_Chap10-GO.uasset" 4409
"E:/Documents/SIKAT OJT/Game Project/Project/ProjectLumina/Content/Dialogues/Ch010/Revamp/DL_Chap10-GO-2.uasset" 4410
"E:/Documents/SIKAT OJT/Game Project/Project/ProjectLumina/Content/Blueprints/Enum/Enum_UnIQForm.uasset" 4411
"E:/Documents/SIKAT OJT/Game Project/Project/ProjectLumina/Content/Blueprints/Enum/Enum_SavedSlotPicked.uasset" 4412
"E:/Documents/SIKAT OJT/Game Project/Project/ProjectLumina/Content/Blueprints/Enum/Enum_CurrentChapterFinished.uasset" 4413
"C:/Users/minukey/AppData/Local/UnrealEngine/Common/DerivedDataCache/2/6/9/TEXTURE_E01F4250BECD420DA9CE63B5EECEC2C2_ETC2_RGB_C349D2FA2A30FC1134357D3272F2__160C59073BFED39133B68C745FF837E4F0813302.udd" 4414
"C:/Users/minukey/AppData/Local/UnrealEngine/Common/DerivedDataCache/4/7/9/TEXTURE_E01F4250BECD420DA9CE63B5EECEC2C2_ASTC_RGB_38_15564967414184874DBCB89C4__BE1740AE325A62DB2CE5540D1446BA073986C4E1.udd" 4415
"C:/Users/minukey/AppData/Local/UnrealEngine/Common/DerivedDataCache/7/5/3/TEXTURE_E01F4250BECD420DA9CE63B5EECEC2C2_ASTC_RGB_38_15564967414184874DBCB89C4__785FB463098103253B884C54807FEB5FFA06B7B1.udd" 4416
"C:/Users/minukey/AppData/Local/UnrealEngine/Common/DerivedDataCache/5/7/6/TEXTURE_E01F4250BECD420DA9CE63B5EECEC2C2_DXT1_15564967414184874DBCB89C44D5959C__5690EBE2A7E6E40DA5BC796ABCA86AD50AA941A6.udd" 4417
"C:/Users/minukey/AppData/Local/UnrealEngine/Common/DerivedDataCache/9/4/1/TEXTURE_E01F4250BECD420DA9CE63B5EECEC2C2_DXT1_15564967414184874DBCB89C44D5959C__A2985CE934AE01140E29C6DE402F43225726A50F.udd" 4418
"C:/Users/minukey/AppData/Local/UnrealEngine/Common/DerivedDataCache/1/5/0/TEXTURE_E01F4250BECD420DA9CE63B5EECEC2C2_ETC2_RGB_15564967414184874DBCB89C44D5__DD7AABA636B28657FE361F738719A8EB05BE6C75.udd" 4419
"C:/Users/minukey/AppData/Local/UnrealEngine/Common/DerivedDataCache/9/6/6/TEXTURE_E01F4250BECD420DA9CE63B5EECEC2C2_ETC2_RGB_15564967414184874DBCB89C44D5__619E667D972625C4180684E8DECBE4DEC8A43DB9.udd" 4420
"C:/Users/minukey/AppData/Local/UnrealEngine/Common/DerivedDataCache/4/2/5/TEXTURE_E01F4250BECD420DA9CE63B5EECEC2C2_AUTODXT_FDD461EC4EDF5F99C659709B7A42E__23E9109D155A5458EABF7067BEBFA7EC30E4A146.udd" 4421
"E:/Documents/SIKAT OJT/Game Project/Project/ProjectLumina/Content/Blueprints/Enum/Enum_Framerate.uasset" 4422
"E:/Documents/SIKAT OJT/Game Project/Project/ProjectLumina/Content/Blueprints/Sound/SM_MasterMix.uasset" 4423
"E:/Documents/SIKAT OJT/Game Project/Project/ProjectLumina/Content/Blueprints/Enum/Enum_GameMode.uasset" 4424
"E:/Documents/SIKAT OJT/Game Project/Project/ProjectLumina/Content/Blueprints/Sound/SC_Music.uasset" 4425
"E:/Documents/SIKAT OJT/Game Project/Project/ProjectLumina/Content/Blueprints/Sound/SC_Master.uasset" 4426
"E:/Documents/SIKAT OJT/Game Project/Project/ProjectLumina/Content/Blueprints/Sound/SC_SFX.uasset" 4427
"C:/Users/minukey/AppData/Local/UnrealEngine/Common/DerivedDataCache/3/3/9/TEXTURE_E01F4250BECD420DA9CE63B5EECEC2C2_ASTC_RGBAUTO_38_6A6029554EC6CEDCFFC9E__6082AD17E64B3F7BC62F198398A5CBF3196CC7FF.udd" 4428
"C:/Users/minukey/AppData/Local/UnrealEngine/Common/DerivedDataCache/4/9/8/TEXTURE_E01F4250BECD420DA9CE63B5EECEC2C2_AUTODXT_6A6029554EC6CEDCFFC9E0836D465__C8C7587E1F4031DEBFC572C84805070989BD4A26.udd" 4429
"C:/Users/minukey/AppData/Local/UnrealEngine/Common/DerivedDataCache/6/7/8/TEXTURE_E01F4250BECD420DA9CE63B5EECEC2C2_ASTC_RGBAUTO_38_C55865344733442FBAD7D__123624A8790BCFFC5963964F80AFA6584B0D65C7.udd" 4430
"C:/Users/minukey/AppData/Local/UnrealEngine/Common/DerivedDataCache/5/6/9/TEXTURE_E01F4250BECD420DA9CE63B5EECEC2C2_AUTOETC2_6A6029554EC6CEDCFFC9E0836D46__10B293D438913151373760C1E089D54F0FB9905E.udd" 4431
"C:/Users/minukey/AppData/Local/UnrealEngine/Common/DerivedDataCache/9/8/4/TEXTURE_E01F4250BECD420DA9CE63B5EECEC2C2_AUTOETC2_C55865344733442FBAD7D29E0B65__7107926C8244CF58BD86F67B8DF026890169DAF7.udd" 4432
"C:/Users/minukey/AppData/Local/UnrealEngine/Common/DerivedDataCache/1/2/2/TEXTURE_E01F4250BECD420DA9CE63B5EECEC2C2_AUTODXT_C55865344733442FBAD7D29E0B657__ACD23AE10F4E55D9CCE44B5A48408BFE7ED89FCA.udd" 4433
"C:/Users/minukey/AppData/Local/UnrealEngine/Common/DerivedDataCache/3/1/1/TEXTURE_E01F4250BECD420DA9CE63B5EECEC2C2_ASTC_RGBAUTO_38_74A80EB64112E46096AE1__22CD9DD3B4663091E1A7D1A7A16C4DC33B497C28.udd" 4434
"C:/Users/minukey/AppData/Local/UnrealEngine/Common/DerivedDataCache/8/8/9/TEXTURE_E01F4250BECD420DA9CE63B5EECEC2C2_AUTODXT_74A80EB64112E46096AE17A812C2E__6E29C6E7917FE2E0FA48C5B9BFC2462F6097AA9F.udd" 4435
"E:/Documents/SIKAT OJT/Game Project/Project/ProjectLumina/Content/Assets/UI/Icons/GameOverTip/Icon_UniQMid.uasset" 4436
"C:/Users/minukey/AppData/Local/UnrealEngine/Common/DerivedDataCache/5/2/9/TEXTURE_E01F4250BECD420DA9CE63B5EECEC2C2_ASTC_RGBAUTO_38_025102BB43BBEAC3F0757__0AFCFF8FB9F51C9EC49C69B0C2989A8FF8C6F6CD.udd" 4437
"C:/Users/minukey/AppData/Local/UnrealEngine/Common/DerivedDataCache/4/3/0/TEXTURE_E01F4250BECD420DA9CE63B5EECEC2C2_AUTOETC2_74A80EB64112E46096AE17A812C2__95B5C6F585AFEBC106B4D928A0960D36FB8764E0.udd" 4438
"E:/Documents/SIKAT OJT/Game Project/Project/ProjectLumina/Content/Assets/UI/Icons/GameOverTip/Icon_UnIQ-Egg.uasset" 4439
"E:/Documents/SIKAT OJT/Game Project/Project/ProjectLumina/Content/Assets/Fonts/PassionOne-Regular.uasset" 4440
"E:/Documents/SIKAT OJT/Game Project/Project/ProjectLumina/Content/Assets/Fonts/PassionOne-Regular_Font.uasset" 4441
"C:/Users/minukey/AppData/Local/UnrealEngine/Common/DerivedDataCache/7/4/9/TEXTURE_E01F4250BECD420DA9CE63B5EECEC2C2_AUTODXT_025102BB43BBEAC3F075788919382__8C295E77224EDC3DCCD77CAE02A86A3DD77F6929.udd" 4442
"C:/Users/minukey/AppData/Local/UnrealEngine/Common/DerivedDataCache/6/6/2/TEXTURE_E01F4250BECD420DA9CE63B5EECEC2C2_AUTOETC2_025102BB43BBEAC3F07578891938__D5BF4F8FDE63CBF551C60A863501E652E4F9790F.udd" 4443
"E:/Documents/SIKAT OJT/Game Project/Project/ProjectLumina/Content/Assets/UI/GameOver/GameOverTipBox.uasset" 4444
"C:/Users/minukey/AppData/Local/UnrealEngine/Common/DerivedDataCache/3/9/2/TEXTURE_E01F4250BECD420DA9CE63B5EECEC2C2_AUTODXT_A6C0C4B74D09BE1A7E2C31B7CA775__2D187CA85E175F3B14970078FE1B81514AFB20BC.udd" 4445
"E:/Documents/SIKAT OJT/Game Project/Project/ProjectLumina/Content/Assets/UI/GameOver/GameOverBox.uasset" 4446
"C:/Users/minukey/AppData/Local/UnrealEngine/Common/DerivedDataCache/9/2/9/TEXTURE_E01F4250BECD420DA9CE63B5EECEC2C2_ASTC_RGBAUTO_38_A6C0C4B74D09BE1A7E2C3__4FAB5E7972BC437782EA8761BAD3B0BDAE068A58.udd" 4447
"C:/Users/minukey/AppData/Local/UnrealEngine/Common/DerivedDataCache/9/9/6/TEXTURE_E01F4250BECD420DA9CE63B5EECEC2C2_AUTOETC2_A6C0C4B74D09BE1A7E2C31B7CA77__44B0A9D6EAB7C1257CCF0CAEB2120B7F38A44060.udd" 4448
"C:/Users/minukey/AppData/Local/UnrealEngine/Common/DerivedDataCache/0/0/3/TEXTURE_E01F4250BECD420DA9CE63B5EECEC2C2_ASTC_RGBAUTO_38_E55F8197440DD2855E7F4__5E033B6DD40C0921444D3D1D19ABD7E7C5119F1B.udd" 4449
"C:/Users/minukey/AppData/Local/UnrealEngine/Common/DerivedDataCache/8/5/3/TEXTURE_E01F4250BECD420DA9CE63B5EECEC2C2_AUTOETC2_E55F8197440DD2855E7F4D9816C8__9A9F4A3C6554A5C91C28CFC1A53900C3016D667E.udd" 4450
"C:/Users/minukey/AppData/Local/UnrealEngine/Common/DerivedDataCache/5/6/0/TEXTURE_E01F4250BECD420DA9CE63B5EECEC2C2_AUTODXT_E55F8197440DD2855E7F4D9816C88__D6457B6305DCEB7E8C96642F4BC933A67D6B497D.udd" 4451
"E:/Documents/SIKAT OJT/Game Project/Project/ProjectLumina/Content/Blueprints/Widgets/GameOver/UI_GameOver.uasset" 4452
"C:/Users/minukey/AppData/Local/UnrealEngine/Common/DerivedDataCache/8/6/2/TEXTURE_E01F4250BECD420DA9CE63B5EECEC2C2_ASTC_RGBAUTO_38_33CBEF834D7D60ED9D58E__887AA739727771E05B8D4E79A593004B793E9487.udd" 4453
"C:/Users/minukey/AppData/Local/UnrealEngine/Common/DerivedDataCache/7/0/1/TEXTURE_E01F4250BECD420DA9CE63B5EECEC2C2_AUTODXT_33CBEF834D7D60ED9D58E5940B7B2__0065C37D8BC39BCCC5B4771841DCEB1535555354.udd" 4454
"C:/Users/minukey/AppData/Local/UnrealEngine/Common/DerivedDataCache/6/7/6/TEXTURE_E01F4250BECD420DA9CE63B5EECEC2C2_AUTOETC2_33CBEF834D7D60ED9D58E5940B7B__1C5D58E282073845A55DCFE18A7A9FC57FF7D5BB.udd" 4455
"C:/Users/minukey/AppData/Local/UnrealEngine/Common/DerivedDataCache/0/1/8/TEXTURE_E01F4250BECD420DA9CE63B5EECEC2C2_ASTC_RGBAUTO_38_3CAC1F094FB87A98E53D7__3477F8AC76141B1E80A8D5985EFC8DF43CDC2A63.udd" 4456
"C:/Users/minukey/AppData/Local/UnrealEngine/Common/DerivedDataCache/9/9/5/TEXTURE_E01F4250BECD420DA9CE63B5EECEC2C2_AUTOETC2_3CAC1F094FB87A98E53D7D8A2464__EAC82FB9B1FD47CE50AA60F47E604C28247E5C7F.udd" 4457
"C:/Users/minukey/AppData/Local/UnrealEngine/Common/DerivedDataCache/4/2/2/TEXTURE_E01F4250BECD420DA9CE63B5EECEC2C2_AUTODXT_3CAC1F094FB87A98E53D7D8A24643__CAC363BA6CCD8719BDFB956CEFD71EC3890C5A55.udd" 4458
"C:/Users/minukey/AppData/Local/UnrealEngine/Common/DerivedDataCache/9/5/7/TEXTURE_E01F4250BECD420DA9CE63B5EECEC2C2_AUTODXT_E38B68B34F759D23C6E5CD925E4D1__ABC1169D29B338015F3C84BAA38358C065290C12.udd" 4459
"C:/Users/minukey/AppData/Local/UnrealEngine/Common/DerivedDataCache/9/8/3/TEXTURE_E01F4250BECD420DA9CE63B5EECEC2C2_ASTC_RGBAUTO_38_E38B68B34F759D23C6E5C__51D91D9780F3F0271D926CA52F3FD1ED5D84556F.udd" 4460
"C:/Users/minukey/AppData/Local/UnrealEngine/Common/DerivedDataCache/0/4/2/TEXTURE_E01F4250BECD420DA9CE63B5EECEC2C2_AUTOETC2_E38B68B34F759D23C6E5CD925E4D__E489F20FA2EED8135E0E71CECE5C81C49C0F6315.udd" 4461
"C:/Users/minukey/AppData/Local/UnrealEngine/Common/DerivedDataCache/6/6/6/TEXTURE_E01F4250BECD420DA9CE63B5EECEC2C2_ASTC_RGBAUTO_38_7D98C11E41884B4A67A49__2762B8C5DC98B88F26D62B54FD204F3A5EC46D2C.udd" 4462
"C:/Users/minukey/AppData/Local/UnrealEngine/Common/DerivedDataCache/6/9/9/TEXTURE_E01F4250BECD420DA9CE63B5EECEC2C2_AUTODXT_7D98C11E41884B4A67A497A07B028__1F956B7F7FF26C0C43A0E5D71907AD26E4D50677.udd" 4463
"C:/Users/minukey/AppData/Local/UnrealEngine/Common/DerivedDataCache/4/0/7/TEXTURE_E01F4250BECD420DA9CE63B5EECEC2C2_ASTC_RGBAUTO_38_264ABDF14257816FFA947__47F466D17C2815D9035F3172048D4A33A0545C72.udd" 4464
"C:/Users/minukey/AppData/Local/UnrealEngine/Common/DerivedDataCache/3/2/6/TEXTURE_E01F4250BECD420DA9CE63B5EECEC2C2_AUTOETC2_7D98C11E41884B4A67A497A07B02__28AF3ABC10CD3F8961D3B2BB21FAB819499A6E16.udd" 4465
"E:/Documents/SIKAT OJT/Game Project/Project/ProjectLumina/Content/Assets/UI/Tutorial/Contents/Story/Dialogue/Content_Dialogue.uasset" 4466
"C:/Users/minukey/AppData/Local/UnrealEngine/Common/DerivedDataCache/0/7/5/TEXTURE_E01F4250BECD420DA9CE63B5EECEC2C2_AUTOETC2_264ABDF14257816FFA9477A6F6A1__1040C5AAEAA3C3D42272B786B2A0EADB893B3E81.udd" 4467
"C:/Users/minukey/AppData/Local/UnrealEngine/Common/DerivedDataCache/7/6/5/TEXTURE_E01F4250BECD420DA9CE63B5EECEC2C2_AUTODXT_264ABDF14257816FFA9477A6F6A19__F5C60CF3E9C9342232FC1256975C34C9332452AC.udd" 4468
"E:/Documents/SIKAT OJT/Game Project/Project/ProjectLumina/Content/Assets/UI/Tutorial/TT_TutorialScreenTitle.uasset" 4469
"E:/Documents/SIKAT OJT/Game Project/Project/ProjectLumina/Content/Assets/UI/Buttons/BTN_BackPressed.uasset" 4470
"E:/Documents/SIKAT OJT/Game Project/Project/ProjectLumina/Content/Assets/UI/Buttons/BTN_Back.uasset" 4471
"E:/Documents/SIKAT OJT/Game Project/Project/ProjectLumina/Content/Assets/Audio/FX/button.uasset" 4472
"E:/Documents/SIKAT OJT/Game Project/Project/ProjectLumina/Content/Blueprints/Widgets/Tutorial/Screens/Story/WG_Story-Dialogues.uasset" 4473
"E:/Documents/SIKAT OJT/Game Project/Project/ProjectLumina/Content/Assets/UI/Tutorial/Contents/Story/Choices/Content_Choices.uasset" 4474
"E:/Documents/SIKAT OJT/Game Project/Project/ProjectLumina/Content/Blueprints/Widgets/Tutorial/Screens/Story/WG_Story-Choices.uasset" 4475
"E:/Documents/SIKAT OJT/Game Project/Project/ProjectLumina/Content/Assets/UI/Tutorial/Contents/Story/Chapter_Selection/Content_ChapterSelection2.uasset" 4476
"C:/Users/minukey/AppData/Local/UnrealEngine/Common/DerivedDataCache/6/8/0/TEXTURE_E01F4250BECD420DA9CE63B5EECEC2C2_ASTC_RGBAUTO_38_CBF5B13548AB62E6A9ADA__E5E75D788D391975BB175B8B1EA712A35B0D5B52.udd" 4477
"C:/Users/minukey/AppData/Local/UnrealEngine/Common/DerivedDataCache/2/1/2/TEXTURE_E01F4250BECD420DA9CE63B5EECEC2C2_AUTODXT_CBF5B13548AB62E6A9ADA387D1FEB__304F214737FDAC7ACD65838C0E8E4984E87508FB.udd" 4478
"C:/Users/minukey/AppData/Local/UnrealEngine/Common/DerivedDataCache/9/9/3/TEXTURE_E01F4250BECD420DA9CE63B5EECEC2C2_ASTC_RGBAUTO_38_3D7D3365419CADDBF5E53__5784A991F4FDC1543DE343306231435D8CB8F476.udd" 4479
"C:/Users/minukey/AppData/Local/UnrealEngine/Common/DerivedDataCache/5/1/7/TEXTURE_E01F4250BECD420DA9CE63B5EECEC2C2_AUTOETC2_CBF5B13548AB62E6A9ADA387D1FE__AC6D0C459BEFF2ADFEC361DA4A169FAF9C60B790.udd" 4480
"E:/Documents/SIKAT OJT/Game Project/Project/ProjectLumina/Content/Blueprints/Widgets/Tutorial/WG_TutorialSelection.uasset" 4481
"E:/Documents/SIKAT OJT/Game Project/Project/ProjectLumina/Content/Assets/UI/Gameplay/ProblemMatching/Border_AnswerSlot.uasset" 4482
"E:/Documents/SIKAT OJT/Game Project/Project/ProjectLumina/Content/Assets/UI/Gameplay/ProblemMatching/Border_AnswerSlotPressed.uasset" 4483
"E:/Documents/SIKAT OJT/Game Project/Project/ProjectLumina/Content/Assets/UI/LevelSelect/LVLSelect_Border.uasset" 4484
"E:/Documents/SIKAT OJT/Game Project/Project/ProjectLumina/Content/Assets/UI/Tutorial/Selection/TT_How_to_Play.uasset" 4485
"E:/Documents/SIKAT OJT/Game Project/Project/ProjectLumina/Content/Blueprints/Enum/Enum_Menus.uasset" 4486
"E:/Documents/SIKAT OJT/Game Project/Project/ProjectLumina/Content/Assets/UI/Dialogue/DialogueChoice.uasset" 4487
"E:/Documents/SIKAT OJT/Game Project/Project/ProjectLumina/Content/Assets/UI/Dialogue/DialogueChoicePressed.uasset" 4488
"E:/Documents/SIKAT OJT/Game Project/Project/ProjectLumina/Content/Assets/UI/Icons/TitleScreen/Icon_Info.uasset" 4489
"E:/Documents/SIKAT OJT/Game Project/Project/ProjectLumina/Content/Assets/UI/Icons/TitleScreen/Icon_Options.uasset" 4490
"E:/Documents/SIKAT OJT/Game Project/Project/ProjectLumina/Content/Assets/UI/Icons/TitleScreen/Icon_Play.uasset" 4491
"C:/Users/minukey/AppData/Local/UnrealEngine/Common/DerivedDataCache/2/4/6/TEXTURE_E01F4250BECD420DA9CE63B5EECEC2C2_AUTOETC2_3D7D3365419CADDBF5E531B12CF1__6C741DCCFE796F18B6AE9379DF9A0E9AD7C824C7.udd" 4492
"C:/Users/minukey/AppData/Local/UnrealEngine/Common/DerivedDataCache/8/9/6/TEXTURE_E01F4250BECD420DA9CE63B5EECEC2C2_ASTC_RGBAUTO_38_1EC0B18B47E7595995258__0E196B90F9B32BC1EA5E05C7BC357C4B6965E09A.udd" 4493
"E:/Documents/SIKAT OJT/Game Project/Project/ProjectLumina/Content/Assets/UI/Tutorial/Contents/Story/Chapter_Selection/Content_ChapterSelection1.uasset" 4494
"E:/Documents/SIKAT OJT/Game Project/Project/ProjectLumina/Content/Assets/UI/Tutorial/Buttons/BTN_SwitchPagesPressed.uasset" 4495
"E:/Documents/SIKAT OJT/Game Project/Project/ProjectLumina/Content/Assets/UI/Tutorial/Buttons/BTN_SwitchPages.uasset" 4496
"E:/Documents/SIKAT OJT/Game Project/Project/ProjectLumina/Content/Blueprints/Widgets/Tutorial/Screens/Story/WG_Story-ChapterSelection.uasset" 4497
"E:/Documents/SIKAT OJT/Game Project/Project/ProjectLumina/Content/Assets/Audio/FX/loadgame.uasset" 4498
"E:/Documents/SIKAT OJT/Game Project/Project/ProjectLumina/Content/Assets/Backgrounds/Chap10/EVBG_Pitching.uasset" 4499
"E:/Documents/SIKAT OJT/Game Project/Project/ProjectLumina/Content/Assets/Sprites/Hikari/SideWalking/Hikari_SideWalking.uasset" 4500
"E:/Documents/SIKAT OJT/Game Project/Project/ProjectLumina/Content/Assets/Sprites/Hikari/SideWalking/Hikari_SideWalking000_Sprite.uasset" 4501
"E:/Documents/SIKAT OJT/Game Project/Project/ProjectLumina/Content/Assets/Sprites/Hikari/SideWalking/Hikari_SideWalking000.uasset" 4502
"E:/Documents/SIKAT OJT/Game Project/Project/ProjectLumina/Content/Assets/Sprites/Hikari/SideWalking/Hikari_SideWalking001_Sprite.uasset" 4503
"E:/Documents/SIKAT OJT/Game Project/Project/ProjectLumina/Content/Assets/Sprites/Hikari/SideWalking/Hikari_SideWalking001.uasset" 4504
"E:/Documents/SIKAT OJT/Game Project/Project/ProjectLumina/Content/Assets/Sprites/Hikari/SideWalking/Hikari_SideWalking002_Sprite.uasset" 4505
"E:/Documents/SIKAT OJT/Game Project/Project/ProjectLumina/Content/Assets/Sprites/Hikari/SideWalking/Hikari_SideWalking002.uasset" 4506
"E:/Documents/SIKAT OJT/Game Project/Project/ProjectLumina/Content/Assets/Sprites/Hikari/SideWalking/Hikari_SideWalking003_Sprite.uasset" 4507
"E:/Documents/SIKAT OJT/Game Project/Project/ProjectLumina/Content/Assets/Sprites/Hikari/SideWalking/Hikari_SideWalking003.uasset" 4508
"E:/Documents/SIKAT OJT/Game Project/Project/ProjectLumina/Content/Assets/UI/HUD/HUD_MoneyCounter.uasset" 4509
"E:/Documents/SIKAT OJT/Game Project/Project/ProjectLumina/Content/Assets/UI/Icons/AddSave/UI_AddSave.uasset" 4510
"E:/Documents/SIKAT OJT/Game Project/Project/ProjectLumina/Content/Assets/UI/SaveLoad/Border_SaveLoad.uasset" 4511
"E:/Documents/SIKAT OJT/Game Project/Project/ProjectLumina/Content/Assets/UI/SaveLoad/BTN_SaveChoice.uasset" 4512
"E:/Documents/SIKAT OJT/Game Project/Project/ProjectLumina/Content/Assets/UI/SaveLoad/BTN_SaveChoicePressed.uasset" 4513
"C:/Users/minukey/AppData/Local/UnrealEngine/Common/DerivedDataCache/1/8/1/TEXTURE_E01F4250BECD420DA9CE63B5EECEC2C2_AUTODXT_1EC0B18B47E75959952584B5D8D9E__3EA3341DA58B6366A1FC2BB5C1C5BE40696AB514.udd" 4514
"C:/Users/minukey/AppData/Local/UnrealEngine/Common/DerivedDataCache/9/0/5/TEXTURE_E01F4250BECD420DA9CE63B5EECEC2C2_AUTODXT_3D7D3365419CADDBF5E531B12CF16__35D0A1124916E7D55DC21F3C6068A85BDA69CB14.udd" 4515
"E:/Documents/SIKAT OJT/Game Project/Project/ProjectLumina/Content/Assets/UI/Settings/BTN_Close.uasset" 4516
"E:/Documents/SIKAT OJT/Game Project/Project/ProjectLumina/Content/Assets/UI/Settings/BTN_ClosePressed.uasset" 4517
"C:/Users/minukey/AppData/Local/UnrealEngine/Common/DerivedDataCache/7/4/7/TEXTURE_E01F4250BECD420DA9CE63B5EECEC2C2_ASTC_RGBAUTO_38_C45F0F7D439FAD52041B1__98C84BB9749704ABD8B21BE7B9943536564F029B.udd" 4518
"C:/Users/minukey/AppData/Local/UnrealEngine/Common/DerivedDataCache/7/8/2/TEXTURE_E01F4250BECD420DA9CE63B5EECEC2C2_AUTOETC2_1EC0B18B47E75959952584B5D8D9__320C02ED15FDDEF448CCBE62507097F43075B7E0.udd" 4519
"E:/Documents/SIKAT OJT/Game Project/Project/ProjectLumina/Content/Assets/UI/Tutorial/Contents/Progression/Money_and_Requirements/Content_MoneyAndRequirements2.uasset" 4520
"E:/Documents/SIKAT OJT/Game Project/Project/ProjectLumina/Content/Assets/UI/Tutorial/Contents/Progression/Money_and_Requirements/Content_MoneyAndRequirements1.uasset" 4521
"C:/Users/minukey/AppData/Local/UnrealEngine/Common/DerivedDataCache/3/0/9/TEXTURE_E01F4250BECD420DA9CE63B5EECEC2C2_AUTODXT_C45F0F7D439FAD52041B1EBC5A8A1__8A6869110C4A8E76BA36C58F343EEE1AB2516488.udd" 4522
"E:/Documents/SIKAT OJT/Game Project/Project/ProjectLumina/Content/Blueprints/Widgets/Tutorial/Screens/Progression/WG_Progression.uasset" 4523
"E:/Documents/SIKAT OJT/Game Project/Project/ProjectLumina/Content/Assets/UI/Tutorial/Contents/Gameplay/Time_and_Score/Content_TimeAndScore.uasset" 4524
"E:/Documents/SIKAT OJT/Game Project/Project/ProjectLumina/Content/Blueprints/Widgets/Tutorial/Screens/Gameplay/WG_Gameplay-TimerAndScore.uasset" 4525
"E:/Documents/SIKAT OJT/Game Project/Project/ProjectLumina/Content/Assets/UI/Tutorial/Contents/Gameplay/Main_Gameplay_Overview/Concept_MainGameplayOverview.uasset" 4526
"E:/Documents/SIKAT OJT/Game Project/Project/ProjectLumina/Content/Blueprints/Widgets/Tutorial/Screens/Gameplay/WG_Gameplay-Overview.uasset" 4527
"E:/Documents/SIKAT OJT/Game Project/Project/ProjectLumina/Content/Assets/Audio/FX/fail.uasset" 4528
"E:/Documents/SIKAT OJT/Game Project/Project/ProjectLumina/Content/Assets/UI/Tutorial/Contents/Gameplay/Multiple_Choice/Content_MultipleChoice.uasset" 4529
"E:/Documents/SIKAT OJT/Game Project/Project/ProjectLumina/Content/Blueprints/Widgets/PopUps/UI_QuitGame.uasset" 4530
"E:/Documents/SIKAT OJT/Game Project/Project/ProjectLumina/Content/Assets/Fonts/Digitalt-04no_Font.uasset" 4531
"E:/Documents/SIKAT OJT/Game Project/Project/ProjectLumina/Content/Assets/Fonts/Digitalt-04no.uasset" 4532
"E:/Documents/SIKAT OJT/Game Project/Project/ProjectLumina/Content/Assets/Fonts/LilitaOne-rvwl9_Font.uasset" 4533
"E:/Documents/SIKAT OJT/Game Project/Project/ProjectLumina/Content/Assets/Fonts/LilitaOne-rvwl9.uasset" 4534
"E:/Documents/SIKAT OJT/Game Project/Project/ProjectLumina/Content/Assets/Placeholders/UI/PauseMenu/PH_Powerup1.uasset" 4535
"E:/Documents/SIKAT OJT/Game Project/Project/ProjectLumina/Content/Assets/Placeholders/UI/PauseMenu/PH_Powerup2.uasset" 4536
"E:/Documents/SIKAT OJT/Game Project/Project/ProjectLumina/Content/Assets/Placeholders/UI/PauseMenu/PH_Powerup3.uasset" 4537
"E:/Documents/SIKAT OJT/Game Project/Project/ProjectLumina/Content/Assets/UI/PauseMenu/BTN_PauseNo.uasset" 4538
"E:/Documents/SIKAT OJT/Game Project/Project/ProjectLumina/Content/Assets/UI/PauseMenu/BTN_PauseNo_Pressed.uasset" 4539
"E:/Documents/SIKAT OJT/Game Project/Project/ProjectLumina/Content/Assets/UI/PauseMenu/BTN_PauseYes.uasset" 4540
"E:/Documents/SIKAT OJT/Game Project/Project/ProjectLumina/Content/Assets/UI/PauseMenu/BTN_PauseYesPressed.uasset" 4541
"E:/Documents/SIKAT OJT/Game Project/Project/ProjectLumina/Content/Assets/UI/PauseMenu/BTN_Quit.uasset" 4542
"E:/Documents/SIKAT OJT/Game Project/Project/ProjectLumina/Content/Assets/UI/PauseMenu/BTN_QuitPressed.uasset" 4543
"E:/Documents/SIKAT OJT/Game Project/Project/ProjectLumina/Content/Assets/UI/PauseMenu/BTN_Restart.uasset" 4544
"E:/Documents/SIKAT OJT/Game Project/Project/ProjectLumina/Content/Assets/UI/PauseMenu/BTN_Restart_Pressed.uasset" 4545
"E:/Documents/SIKAT OJT/Game Project/Project/ProjectLumina/Content/Assets/UI/PauseMenu/BTN_Resume.uasset" 4546
"E:/Documents/SIKAT OJT/Game Project/Project/ProjectLumina/Content/Assets/UI/PauseMenu/BTN_Resume_Pressed.uasset" 4547
"E:/Documents/SIKAT OJT/Game Project/Project/ProjectLumina/Content/Assets/UI/PauseMenu/BTN_Settings.uasset" 4548
"E:/Documents/SIKAT OJT/Game Project/Project/ProjectLumina/Content/Assets/UI/PauseMenu/BTN_Settings_Pressed.uasset" 4549
"E:/Documents/SIKAT OJT/Game Project/Project/ProjectLumina/Content/Assets/UI/PauseMenu/Icon_Questions.uasset" 4550
"E:/Documents/SIKAT OJT/Game Project/Project/ProjectLumina/Content/Assets/UI/PauseMenu/Icon_Time.uasset" 4551
"E:/Documents/SIKAT OJT/Game Project/Project/ProjectLumina/Content/Assets/UI/PauseMenu/Pause_BoxShape.uasset" 4552
"E:/Documents/SIKAT OJT/Game Project/Project/ProjectLumina/Content/Assets/UI/PauseMenu/Pause_LineShape.uasset" 4553
"E:/Documents/SIKAT OJT/Game Project/Project/ProjectLumina/Content/Blueprints/Enum/Enum_GameplayOutroState.uasset" 4554
"E:/Documents/SIKAT OJT/Game Project/Project/ProjectLumina/Content/Blueprints/Enum/Enum_PauseState.uasset" 4555
"C:/Users/minukey/AppData/Local/UnrealEngine/Common/DerivedDataCache/6/0/4/TEXTURE_E01F4250BECD420DA9CE63B5EECEC2C2_ASTC_RGBAUTO_38_19CAABDD49CC766A17FB1__15D7E74B27940613A00C8929C564F863260871B4.udd" 4556
"C:/Users/minukey/AppData/Local/UnrealEngine/Common/DerivedDataCache/1/9/6/TEXTURE_E01F4250BECD420DA9CE63B5EECEC2C2_AUTOETC2_C45F0F7D439FAD52041B1EBC5A8A__A67DC2D30AE823B67E59785704C14A0D2996E4DC.udd" 4557
"E:/Documents/SIKAT OJT/Game Project/Project/ProjectLumina/Content/Blueprints/Widgets/DialogueSystem/HUD/Choices/HUD_ChoiceBTN.uasset" 4558
"E:/Documents/SIKAT OJT/Game Project/Project/ProjectLumina/Content/Assets/UI/Gameplay/Answers/BTN_MutipleQAnswer.uasset" 4559
"E:/Documents/SIKAT OJT/Game Project/Project/ProjectLumina/Content/Assets/UI/Gameplay/Answers/BTN_MutipleQAnswerPressed.uasset" 4560
"E:/Documents/SIKAT OJT/Game Project/Project/ProjectLumina/Content/Blueprints/Enum/Dialogue/Enum_DialogueState.uasset" 4561
"E:/Documents/SIKAT OJT/Game Project/Project/ProjectLumina/Content/Assets/UI/Dialogue/Dialogue_TextBox.uasset" 4562
"E:/Documents/SIKAT OJT/Game Project/Project/ProjectLumina/Content/Assets/UI/Buttons/BTN_HideUI.uasset" 4563
"E:/Documents/SIKAT OJT/Game Project/Project/ProjectLumina/Content/Assets/UI/Buttons/BTN_HideUIPressed.uasset" 4564
"E:/Documents/SIKAT OJT/Game Project/Project/ProjectLumina/Content/Blueprints/Widgets/DialogueSystem/HUD/Choices/HUD_ChoicesGridPanel.uasset" 4565
"E:/Documents/SIKAT OJT/Game Project/Project/ProjectLumina/Content/Assets/Backgrounds/Backgrounds/BG_ForestExt.uasset" 4566
"E:/Documents/SIKAT OJT/Game Project/Project/ProjectLumina/Content/Assets/Backgrounds/Chap4/EVBG_SparkFest.uasset" 4567
"C:/Users/minukey/AppData/Local/UnrealEngine/Common/DerivedDataCache/6/0/6/TEXTURE_E01F4250BECD420DA9CE63B5EECEC2C2_AUTOETC2_19CAABDD49CC766A17FB1E8856DC__21CE4D6AD4E0A3BA8129E093FE353972A441FEE0.udd" 4568
"E:/Documents/SIKAT OJT/Game Project/Project/ProjectLumina/Content/Assets/Backgrounds/Chap1/Events/EVBG_Kitchen.uasset" 4569
"E:/Documents/SIKAT OJT/Game Project/Project/ProjectLumina/Content/Assets/Backgrounds/Chap2/Events/EVBG_Farewell.uasset" 4570
"E:/Documents/SIKAT OJT/Game Project/Project/ProjectLumina/Content/Assets/Backgrounds/Chap3/EVBG_Forest.uasset" 4571
"E:/Documents/SIKAT OJT/Game Project/Project/ProjectLumina/Content/Assets/Backgrounds/Chap6/EVBG_Bench.uasset" 4572
"E:/Documents/SIKAT OJT/Game Project/Project/ProjectLumina/Content/Assets/Backgrounds/Chap8/EVGB_UnIQEvolve.uasset" 4573
"E:/Documents/SIKAT OJT/Game Project/Project/ProjectLumina/Content/Assets/Placeholders/Cutscenes/EVGB_Cutscene8.uasset" 4574
"E:/Documents/SIKAT OJT/Game Project/Project/ProjectLumina/Content/Assets/Sprites/Hikari/Portrait_HikariSad.uasset" 4575
"C:/Users/minukey/AppData/Local/UnrealEngine/Common/DerivedDataCache/0/5/6/TEXTURE_E01F4250BECD420DA9CE63B5EECEC2C2_AUTODXT_19CAABDD49CC766A17FB1E8856DC6__EB7AE375B231AFC69005550D22B5D53E58A5BF35.udd" 4576
"E:/Documents/SIKAT OJT/Game Project/Project/ProjectLumina/Content/Assets/UI/Dialogue/Dialogue_NametagCenter.uasset" 4577
"E:/Documents/SIKAT OJT/Game Project/Project/ProjectLumina/Content/Assets/UI/Dialogue/Dialogue_NametagLeftSide.uasset" 4578
"E:/Documents/SIKAT OJT/Game Project/Project/ProjectLumina/Content/Assets/UI/Dialogue/Dialogue_NametagRightSide.uasset" 4579
"E:/Documents/SIKAT OJT/Game Project/Project/ProjectLumina/Content/Assets/Sprites/Hikari/Portrait_HikariNeutral.uasset" 4580
"E:/Documents/SIKAT OJT/Game Project/Project/ProjectLumina/Content/Assets/UI/Dialogue/TT_TheEnd.uasset" 4581
"E:/Documents/SIKAT OJT/Game Project/Project/ProjectLumina/Content/Assets/UI/Gameplay/Intro/IntroBox.uasset" 4582
"C:/Users/minukey/AppData/Local/UnrealEngine/Common/DerivedDataCache/0/5/5/TEXTURE_E01F4250BECD420DA9CE63B5EECEC2C2_ASTC_RGBAUTO_38_B66344594F456CC16C09D__5B3725CC0AFD7E970CBE6FB34BEC3E32556F9B2A.udd" 4583
"E:/Documents/SIKAT OJT/Game Project/Project/ProjectLumina/Content/Assets/UI/Dialogue/DialogueState/ICON_SelectingDialogueChoiceState.uasset" 4584
"E:/Documents/SIKAT OJT/Game Project/Project/ProjectLumina/Content/Assets/UI/Dialogue/DialogueState/ICON_SelectingDialogueChoiceStateAlt.uasset" 4585
"E:/Documents/SIKAT OJT/Game Project/Project/ProjectLumina/Content/Assets/UI/Dialogue/NextDialogueIndicator.uasset" 4586
"E:/Documents/SIKAT OJT/Game Project/Project/ProjectLumina/Content/Blueprints/Widgets/DialogueSystem/HUD/Log/HUD_LogData.uasset" 4587
"C:/Users/minukey/AppData/Local/UnrealEngine/Common/DerivedDataCache/0/8/4/TEXTURE_E01F4250BECD420DA9CE63B5EECEC2C2_AUTODXT_B66344594F456CC16C09D5B8609F2__32F491C30CECBAD325F0BD1E75BBDD9F62A0B978.udd" 4588
"E:/Documents/SIKAT OJT/Game Project/Project/ProjectLumina/Content/Blueprints/Widgets/DialogueSystem/HUD/Log/HUD_LogMain.uasset" 4589
"E:/Documents/SIKAT OJT/Game Project/Project/ProjectLumina/Content/Blueprints/Widgets/DialogueSystem/HUD/Log/HUD_LogGridPanel.uasset" 4590
"E:/Documents/SIKAT OJT/Game Project/Project/ProjectLumina/Content/Assets/UI/LevelSelect/TitleText/TT_Load.uasset" 4591
"C:/Users/minukey/AppData/Local/UnrealEngine/Common/DerivedDataCache/5/3/8/TEXTURE_E01F4250BECD420DA9CE63B5EECEC2C2_AUTOETC2_B66344594F456CC16C09D5B8609F__7219C9F2E55483CC1F3A7BCCC49C4497456CF8D3.udd" 4592
"E:/Documents/SIKAT OJT/Game Project/Project/ProjectLumina/Content/TopDownBP/Blueprints/TopDownCharacter.uasset" 4593
"E:/Documents/SIKAT OJT/Game Project/Project/ProjectLumina/Content/Mannequin/Animations/ThirdPerson_AnimBP.uasset" 4594
"E:/Documents/SIKAT OJT/Game Project/Project/ProjectLumina/Content/Mannequin/Animations/ThirdPerson_Jump.uasset" 4595
"E:/Documents/SIKAT OJT/Game Project/Project/ProjectLumina/Content/Mannequin/Character/Mesh/UE4_Mannequin_Skeleton.uasset" 4596
"E:/Documents/SIKAT OJT/Game Project/Project/ProjectLumina/Content/Mannequin/Animations/ThirdPersonJump_Loop.uasset" 4597
"E:/Documents/SIKAT OJT/Game Project/Project/ProjectLumina/Content/Mannequin/Animations/ThirdPersonJump_Start.uasset" 4598
"E:/Documents/SIKAT OJT/Game Project/Project/ProjectLumina/Content/Mannequin/Animations/ThirdPerson_IdleRun_2D.uasset" 4599
"E:/Documents/SIKAT OJT/Game Project/Project/ProjectLumina/Content/Mannequin/Animations/ThirdPersonIdle.uasset" 4600
"E:/Documents/SIKAT OJT/Game Project/Project/ProjectLumina/Content/Mannequin/Animations/ThirdPersonRun.uasset" 4601
"E:/Documents/SIKAT OJT/Game Project/Project/ProjectLumina/Content/Mannequin/Animations/ThirdPersonWalk.uasset" 4602
"C:/Users/minukey/AppData/Local/UnrealEngine/Common/DerivedDataCache/1/6/5/TEXTURE_E01F4250BECD420DA9CE63B5EECEC2C2_ASTC_RGBAUTO_38_601F70EA4FF7739F97A14__BA73C3C88C585BB64D51BBE851AA977D16617EC0.udd" 4603
"C:/Users/minukey/AppData/Local/UnrealEngine/Common/DerivedDataCache/7/6/3/TEXTURE_E01F4250BECD420DA9CE63B5EECEC2C2_AUTODXT_601F70EA4FF7739F97A14D9AD9973__26EA428AE362321C384EE4BCB37D44992E550B5C.udd" 4604
"E:/Documents/SIKAT OJT/Game Project/Project/ProjectLumina/Content/TopDownBP/Blueprints/M_Cursor_Decal.uasset" 4605
"E:/Documents/SIKAT OJT/Game Project/Project/ProjectLumina/Content/Mannequin/Character/Mesh/SK_Mannequin.uasset" 4606
"E:/Documents/SIKAT OJT/Game Project/Project/ProjectLumina/Content/Mannequin/Character/Materials/M_Male_Body.uasset" 4607
"E:/Documents/SIKAT OJT/Game Project/Project/ProjectLumina/Content/Mannequin/Character/Materials/MaterialLayers/ML_GlossyBlack_Latex_UE4.uasset" 4608
"E:/Documents/SIKAT OJT/Game Project/Project/ProjectLumina/Content/Mannequin/Character/Materials/MaterialLayers/T_ML_Rubber_Blue_01_D.uasset" 4609
"E:/Documents/SIKAT OJT/Game Project/Project/ProjectLumina/Content/Mannequin/Character/Materials/MaterialLayers/T_ML_Rubber_Blue_01_N.uasset" 4610
"E:/Documents/SIKAT OJT/Game Project/Project/ProjectLumina/Content/Mannequin/Character/Materials/MaterialLayers/ML_Plastic_Shiny_Beige.uasset" 4611
"E:/Documents/SIKAT OJT/Game Project/Project/ProjectLumina/Content/Mannequin/Character/Materials/MaterialLayers/ML_Plastic_Shiny_Beige_LOGO.uasset" 4612
"E:/Documents/SIKAT OJT/Game Project/Project/ProjectLumina/Content/Mannequin/Character/Textures/T_UE4Logo_Mask.uasset" 4613
"E:/Documents/SIKAT OJT/Game Project/Project/ProjectLumina/Content/Mannequin/Character/Materials/MaterialLayers/ML_SoftMetal_UE4.uasset" 4614
"E:/Documents/SIKAT OJT/Game Project/Project/ProjectLumina/Content/Mannequin/Character/Materials/MaterialLayers/T_ML_Aluminum01.uasset" 4615
"C:/Users/minukey/AppData/Local/UnrealEngine/Common/DerivedDataCache/2/8/8/TEXTURE_E01F4250BECD420DA9CE63B5EECEC2C2_AUTOETC2_601F70EA4FF7739F97A14D9AD997__6036117CEBCCA01D50B78C9866D3D8479607C0A7.udd" 4616
"E:/Documents/SIKAT OJT/Game Project/Project/ProjectLumina/Content/Mannequin/Character/Materials/MaterialLayers/T_ML_Aluminum01_N.uasset" 4617
"E:/Documents/SIKAT OJT/Game Project/Project/ProjectLumina/Content/Mannequin/Character/Textures/T_Male_Mask.uasset" 4618
"C:/Users/minukey/AppData/Local/UnrealEngine/Common/DerivedDataCache/0/9/7/TEXTURE_E01F4250BECD420DA9CE63B5EECEC2C2_BGRA8_447B239F47FE19E11A7289B649F999D__AB08CC086F7D3ED8A3DB5C8F400987FECDB6E6EC.udd" 4619
"E:/Documents/SIKAT OJT/Game Project/Project/ProjectLumina/Content/Mannequin/Character/Textures/T_Male_N.uasset" 4620
"E:/Documents/SIKAT OJT/Game Project/Project/ProjectLumina/Content/Mannequin/Character/Materials/M_UE4Man_ChestLogo.uasset" 4621
"E:/Documents/SIKAT OJT/Game Project/Project/ProjectLumina/Content/Mannequin/Character/Textures/T_UE4Logo_N.uasset" 4622
"E:/Documents/SIKAT OJT/Game Project/Project/ProjectLumina/Content/Mannequin/Character/Mesh/SK_Mannequin_PhysicsAsset.uasset" 4623
"C:/Users/minukey/AppData/Local/UnrealEngine/Common/DerivedDataCache/1/8/6/TEXTURE_E01F4250BECD420DA9CE63B5EECEC2C2_BGRA8_AF6366B64A01526567CBBF906F90B55__41322049D21C3DB5599404C42E2E109604D1A68B.udd" 4624
"E:/Documents/SIKAT OJT/Game Project/Project/ProjectLumina/Content/Assets/Audio/FX/correctgameplay.uasset" 4625
"E:/Documents/SIKAT OJT/Game Project/Project/ProjectLumina/Content/Assets/Audio/FX/countscore.uasset" 4626
"E:/Documents/SIKAT OJT/Game Project/Project/ProjectLumina/Content/Assets/Audio/UI/lowtimer.uasset" 4627
"E:/Documents/SIKAT OJT/Game Project/Project/ProjectLumina/Content/Assets/Placeholders/Background/PH_CityBackground.uasset" 4628
"E:/Documents/SIKAT OJT/Game Project/Project/ProjectLumina/Content/Assets/UI/Buttons/BTN_Pause.uasset" 4629
"E:/Documents/SIKAT OJT/Game Project/Project/ProjectLumina/Content/Assets/UI/Buttons/BTN_PausePressed.uasset" 4630
"C:/Users/minukey/AppData/Local/UnrealEngine/Common/DerivedDataCache/0/8/3/TEXTURE_E01F4250BECD420DA9CE63B5EECEC2C2_BGRA8_0D65ED9E4ABC24D20EC304A1FD58B3F__14C8C5D65F0ECCDF2F80E1FC28EAF7B8EFD80123.udd" 4631
"E:/Documents/SIKAT OJT/Game Project/Project/ProjectLumina/Content/Assets/UI/Buttons/BTN_Skip.uasset" 4632
"E:/Documents/SIKAT OJT/Game Project/Project/ProjectLumina/Content/Assets/UI/Buttons/BTN_SkipPressed.uasset" 4633
"E:/Documents/SIKAT OJT/Game Project/Project/ProjectLumina/Content/Assets/UI/Gameplay/FillBlanks/BTN_Submit.uasset" 4634
"E:/Documents/SIKAT OJT/Game Project/Project/ProjectLumina/Content/Assets/UI/Gameplay/FillBlanks/BTN_SubmitPressed.uasset" 4635
"E:/Documents/SIKAT OJT/Game Project/Project/ProjectLumina/Content/Assets/UI/Gameplay/Indicator/UI_IndicatorBorder.uasset" 4636
"E:/Documents/SIKAT OJT/Game Project/Project/ProjectLumina/Content/Assets/UI/Gameplay/PH_AnswerBox.uasset" 4637
"E:/Documents/SIKAT OJT/Game Project/Project/ProjectLumina/Content/Assets/UI/Gameplay/PH_AnswerBox_2.uasset" 4638
"E:/Documents/SIKAT OJT/Game Project/Project/ProjectLumina/Content/Assets/UI/Gameplay/PH_AnswerBoxPressed.uasset" 4639
"E:/Documents/SIKAT OJT/Game Project/Project/ProjectLumina/Content/Assets/UI/Gameplay/PH_AnswerBoxPressed_2.uasset" 4640
"C:/Users/minukey/AppData/Local/UnrealEngine/Common/DerivedDataCache/8/2/4/TEXTURE_E01F4250BECD420DA9CE63B5EECEC2C2_BGRA8_A1F3FADD4A40C09FC4A858887AE6E7B__94E1551FB1C5BADE464ECA8B409CACED5E3541C1.udd" 4641
"E:/Documents/SIKAT OJT/Game Project/Project/ProjectLumina/Content/Assets/UI/Gameplay/Restart/BTN_Restart.uasset" 4642
"E:/Documents/SIKAT OJT/Game Project/Project/ProjectLumina/Content/Assets/UI/Gameplay/Restart/BTN_RestartPressed.uasset" 4643
"E:/Documents/SIKAT OJT/Game Project/Project/ProjectLumina/Content/Assets/UI/Gameplay/Timer/TimerClock.uasset" 4644
"E:/Documents/SIKAT OJT/Game Project/Project/ProjectLumina/Content/Assets/UI/Gameplay/Timer/TimerClockBase.uasset" 4645
"E:/Documents/SIKAT OJT/Game Project/Project/ProjectLumina/Content/Assets/UI/HUD/HUD_MoneyCounterAlt.uasset" 4646
"E:/Documents/SIKAT OJT/Game Project/Project/ProjectLumina/Content/Assets/UI/Settings/Settings_FPSButton.uasset" 4647
"E:/Documents/SIKAT OJT/Game Project/Project/ProjectLumina/Content/Assets/UI/Settings/Settings_FPSButtonSelected.uasset" 4648
"E:/Documents/SIKAT OJT/Game Project/Project/ProjectLumina/Content/Blueprints/Widgets/Gameplay/DP_ItemSelect.uasset" 4649
"E:/Documents/SIKAT OJT/Game Project/Project/ProjectLumina/Content/Assets/Fonts/PassionOne-Bold_Font.uasset" 4650
"E:/Documents/SIKAT OJT/Game Project/Project/ProjectLumina/Content/Assets/Fonts/PassionOne-Bold.uasset" 4651
"E:/Documents/SIKAT OJT/Game Project/Project/ProjectLumina/Content/Assets/UI/Gameplay/ItemSelect/ItemSelectButton.uasset" 4652
"E:/Documents/SIKAT OJT/Game Project/Project/ProjectLumina/Content/Assets/UI/Gameplay/ItemSelect/ItemSelectButtonPressed.uasset" 4653
"E:/Documents/SIKAT OJT/Game Project/Project/ProjectLumina/Content/Assets/UI/Gameplay/ItemSelect/SkipButton.uasset" 4654
"E:/Documents/SIKAT OJT/Game Project/Project/ProjectLumina/Content/Assets/UI/Gameplay/ItemsSlot.uasset" 4655
"C:/Users/minukey/AppData/Local/UnrealEngine/Common/DerivedDataCache/9/6/3/TEXTURE_E01F4250BECD420DA9CE63B5EECEC2C2_ASTC_RGBAUTO_38_9F0B908B4B86123274715__1B4D3E2858C3A37C26B9C1D02F5944FE4285D0C7.udd" 4656
"C:/Users/minukey/AppData/Local/UnrealEngine/Common/DerivedDataCache/5/5/3/TEXTURE_E01F4250BECD420DA9CE63B5EECEC2C2_AUTODXT_9F0B908B4B861232747151ACC4E81__7253C7FA80207708DB4D8AA2D5F1726FFD71DF9D.udd" 4657
"E:/Documents/SIKAT OJT/Game Project/Project/ProjectLumina/Content/Blueprints/Widgets/Gameplay/ProblemMatcing/WG_PM-DraggableButton.uasset" 4658
"E:/Documents/SIKAT OJT/Game Project/Project/ProjectLumina/Content/Blueprints/Widgets/Gameplay/ProblemMatcing/BP_PM-DragOperation.uasset" 4659
"E:/Documents/SIKAT OJT/Game Project/Project/ProjectLumina/Content/Blueprints/Widgets/Gameplay/ProblemMatcing/WG_PM-DragVisual.uasset" 4660
"E:/Documents/SIKAT OJT/Game Project/Project/ProjectLumina/Content/References/ConceptGameplay_FillBlanks.uasset" 4661
"C:/Users/minukey/AppData/Local/UnrealEngine/Common/DerivedDataCache/2/8/1/TEXTURE_E01F4250BECD420DA9CE63B5EECEC2C2_AUTOETC2_9F0B908B4B861232747151ACC4E8__3EC4EBB3B43945D05BE7F8EA2D72E42AF4DCA5A0.udd" 4662
"E:/Documents/SIKAT OJT/Game Project/Project/ProjectLumina/Content/Blueprints/Widgets/Gameplay/FillBlanks/Drag/WBP_DraggableButton.uasset" 4663
"E:/Documents/SIKAT OJT/Game Project/Project/ProjectLumina/Content/Blueprints/Widgets/Gameplay/FillBlanks/Drag/BP_DragOperation.uasset" 4664
"E:/Documents/SIKAT OJT/Game Project/Project/ProjectLumina/Content/Blueprints/Widgets/Gameplay/FillBlanks/Drag/WBP_DragVisual.uasset" 4665
"E:/Documents/SIKAT OJT/Game Project/Project/ProjectLumina/Content/Assets/UI/Gameplay/FillBlanks/DragItem_BorderNoShadow.uasset" 4666
"E:/Documents/SIKAT OJT/Game Project/Project/ProjectLumina/Content/Assets/UI/Gameplay/FillBlanks/DragItem_Border.uasset" 4667
"E:/Documents/SIKAT OJT/Game Project/Project/ProjectLumina/Content/Assets/UI/Gameplay/Icon/ICON_PMQuestionNum.uasset" 4668
"E:/Documents/SIKAT OJT/Game Project/Project/ProjectLumina/Content/Assets/UI/Gameplay/ProblemMatching/Border_Problem.uasset" 4669
"E:/Documents/SIKAT OJT/Game Project/Project/ProjectLumina/Content/Assets/UI/Gameplay/Indicator/UI_IndicatorBorderAlt.uasset" 4670
"E:/Documents/SIKAT OJT/Game Project/Project/ProjectLumina/Content/Blueprints/Widgets/Gameplay/ProblemMatcing/WG_PM-Answer.uasset" 4671
"E:/Documents/SIKAT OJT/Game Project/Project/ProjectLumina/Content/Assets/UI/Gameplay/Icon/ICON_PMQuestionNumPressed.uasset" 4672
"E:/Documents/SIKAT OJT/Game Project/Project/ProjectLumina/Content/Blueprints/Widgets/Gameplay/WG_GameplayResult.uasset" 4673
"E:/Documents/SIKAT OJT/Game Project/Project/ProjectLumina/Content/Assets/Audio/FX/correct.uasset" 4674
"E:/Documents/SIKAT OJT/Game Project/Project/ProjectLumina/Content/Assets/Audio/Music/Alba_MacKanna__Pixabay_/complete.uasset" 4675
"E:/Documents/SIKAT OJT/Game Project/Project/ProjectLumina/Content/Assets/Audio/Music/XtremeFreddy/afterfail.uasset" 4676
"E:/Documents/SIKAT OJT/Game Project/Project/ProjectLumina/Content/Assets/UI/Gameplay/Intro/Icons/ICON_EarlyTraction.uasset" 4677
"E:/Documents/SIKAT OJT/Game Project/Project/ProjectLumina/Content/Assets/UI/Gameplay/Intro/Icons/ICON_Growth.uasset" 4678
"E:/Documents/SIKAT OJT/Game Project/Project/ProjectLumina/Content/Assets/UI/Gameplay/Intro/Icons/ICON_Ideation.uasset" 4679
"E:/Documents/SIKAT OJT/Game Project/Project/ProjectLumina/Content/Assets/UI/Gameplay/Intro/Icons/ICON_Investors.uasset" 4680
"E:/Documents/SIKAT OJT/Game Project/Project/ProjectLumina/Content/Assets/UI/Gameplay/Intro/Icons/ICON_Pitching.uasset" 4681
"E:/Documents/SIKAT OJT/Game Project/Project/ProjectLumina/Content/Assets/UI/Gameplay/Intro/Icons/ICON_Validation.uasset" 4682
"E:/Documents/SIKAT OJT/Game Project/Project/ProjectLumina/Content/Assets/UI/HUD/UI_RequirementCounter.uasset" 4683
"E:/Documents/SIKAT OJT/Game Project/Project/ProjectLumina/Content/Assets/UI/Gameplay/Intro/NPC_PortraitPlaceholder.uasset" 4684
"E:/Documents/SIKAT OJT/Game Project/Project/ProjectLumina/Content/Blueprints/Widgets/Transitions/UI_Transition.uasset" 4685
"E:/Documents/SIKAT OJT/Game Project/Project/ProjectLumina/Content/Assets/Audio/FX/nextdialogue.uasset" 4686
"E:/Documents/SIKAT OJT/Game Project/Project/ProjectLumina/Content/Assets/UI/Buttons/BTN_Decrease.uasset" 4687
"E:/Documents/SIKAT OJT/Game Project/Project/ProjectLumina/Content/Assets/UI/Buttons/BTN_DecreasePressed.uasset" 4688
"E:/Documents/SIKAT OJT/Game Project/Project/ProjectLumina/Content/Assets/UI/Buttons/BTN_Increase.uasset" 4689
"E:/Documents/SIKAT OJT/Game Project/Project/ProjectLumina/Content/Assets/UI/Buttons/BTN_IncreasePressed.uasset" 4690
"E:/Documents/SIKAT OJT/Game Project/Project/ProjectLumina/Content/Assets/UI/Settings/SettingsBTN_Info.uasset" 4691
"E:/Documents/SIKAT OJT/Game Project/Project/ProjectLumina/Content/Assets/UI/Settings/SettingsBTN_InfoPressed.uasset" 4692
"E:/Documents/SIKAT OJT/Game Project/Project/ProjectLumina/Content/Assets/UI/Settings/SettingsBTN_Tutorial.uasset" 4693
"E:/Documents/SIKAT OJT/Game Project/Project/ProjectLumina/Content/Assets/UI/Settings/SettingsBTN_TutorialPressed.uasset" 4694
"E:/Documents/SIKAT OJT/Game Project/Project/ProjectLumina/Content/Assets/UI/Settings/SettingsNormalBarImage.uasset" 4695
"E:/Documents/SIKAT OJT/Game Project/Project/ProjectLumina/Content/Assets/UI/Settings/SettingsNormalThumbImage.uasset" 4696
"E:/Documents/SIKAT OJT/Game Project/Project/ProjectLumina/Content/Assets/UI/Settings/SettingsWindowBorder.uasset" 4697
"E:/Documents/SIKAT OJT/Game Project/Project/ProjectLumina/Content/Blueprints/Widgets/PopUps/UI_QuitToLevelSelect.uasset" 4698
"E:/Documents/SIKAT OJT/Game Project/Project/ProjectLumina/Content/Blueprints/Widgets/Tutorial/WG_GameplayTutorials.uasset" 4699
"E:/Documents/SIKAT OJT/Game Project/Project/ProjectLumina/Content/Assets/UI/Buttons/BTN_TutorialCategory.uasset" 4700
"E:/Documents/SIKAT OJT/Game Project/Project/ProjectLumina/Content/Assets/UI/Buttons/BTN_TutorialCategoryPressed.uasset" 4701
"E:/Documents/SIKAT OJT/Game Project/Project/ProjectLumina/Content/Blueprints/Widgets/Tutorial/WG_TutorialItem.uasset" 4702
"E:/Documents/SIKAT OJT/Game Project/Project/ProjectLumina/Content/Blueprints/Widgets/Tutorial/Screens/Gameplay/WG_Gameplay-Enumeration.uasset" 4703
"E:/Documents/SIKAT OJT/Game Project/Project/ProjectLumina/Content/Assets/UI/Tutorial/Contents/Gameplay/Enumeration/Content_Enumeration1.uasset" 4704
"E:/Documents/SIKAT OJT/Game Project/Project/ProjectLumina/Content/Assets/UI/Tutorial/Contents/Gameplay/Enumeration/Content_Enumeration2.uasset" 4705
"E:/Documents/SIKAT OJT/Game Project/Project/ProjectLumina/Content/Blueprints/Widgets/Tutorial/Screens/Gameplay/WG_Gameplay-FillBlanks.uasset" 4706
"E:/Documents/SIKAT OJT/Game Project/Project/ProjectLumina/Content/Assets/UI/Tutorial/Contents/Gameplay/Fill_in_the_Blanks/Content_FillBlanks1.uasset" 4707
"E:/Documents/SIKAT OJT/Game Project/Project/ProjectLumina/Content/Assets/UI/Tutorial/Contents/Gameplay/Fill_in_the_Blanks/Content_FillBlanks2.uasset" 4708
"E:/Documents/SIKAT OJT/Game Project/Project/ProjectLumina/Content/Assets/UI/Tutorial/Contents/Gameplay/Fill_in_the_Blanks/Content_FillBlanks3.uasset" 4709
"E:/Documents/SIKAT OJT/Game Project/Project/ProjectLumina/Content/Assets/UI/Tutorial/Contents/Gameplay/Fill_in_the_Blanks/Content_FillBlanks4.uasset" 4710
"E:/Documents/SIKAT OJT/Game Project/Project/ProjectLumina/Content/Blueprints/Widgets/Tutorial/Screens/Gameplay/WG_Gameplay-MatchingProblem.uasset" 4711
"E:/Documents/SIKAT OJT/Game Project/Project/ProjectLumina/Content/Assets/UI/Tutorial/Contents/Gameplay/MatchingProblem/Content_MatchingProblem1.uasset" 4712
"E:/Documents/SIKAT OJT/Game Project/Project/ProjectLumina/Content/Assets/UI/Tutorial/Contents/Gameplay/MatchingProblem/Content_MatchingProblem2.uasset" 4713
"E:/Documents/SIKAT OJT/Game Project/Project/ProjectLumina/Content/Assets/UI/Tutorial/Contents/Gameplay/MatchingProblem/Content_MatchingProblem3.uasset" 4714
"E:/Documents/SIKAT OJT/Game Project/Project/ProjectLumina/Content/Assets/UI/Tutorial/Contents/Gameplay/MatchingProblem/Content_MatchingProblem4.uasset" 4715
"E:/Documents/SIKAT OJT/Game Project/Project/ProjectLumina/Content/Blueprints/Widgets/Tutorial/Screens/Gameplay/WG_Gameplay-MultpleChoice.uasset" 4716
"E:/Documents/SIKAT OJT/Game Project/Project/ProjectLumina/Content/Blueprints/Widgets/Tutorial/WG_ProgressionTutorials.uasset" 4717
"E:/Documents/SIKAT OJT/Game Project/Project/ProjectLumina/Content/Blueprints/Widgets/Tutorial/WG_StoryTutorials.uasset" 4718
"E:/Documents/SIKAT OJT/Game Project/Project/ProjectLumina/Content/Assets/UI/Settings/BD_Options.uasset" 4719
"E:/Documents/SIKAT OJT/Game Project/Project/ProjectLumina/Content/Assets/UI/Settings/TT_Options.uasset" 4720
"E:/Documents/SIKAT OJT/Game Project/Project/ProjectLumina/Content/Blueprints/Widgets/Settings/Audio/WG_AudioSetting.uasset" 4721
"E:/Documents/SIKAT OJT/Game Project/Project/ProjectLumina/Content/Blueprints/Widgets/Settings/Dialogue/WG_DialogueSetting.uasset" 4722
"E:/Documents/SIKAT OJT/Game Project/Project/ProjectLumina/Content/Assets/UI/Settings/BTN_Options.uasset" 4723
"E:/Documents/SIKAT OJT/Game Project/Project/ProjectLumina/Content/Assets/UI/Settings/BTN_OptionsAlt.uasset" 4724
"E:/Documents/SIKAT OJT/Game Project/Project/ProjectLumina/Content/Assets/UI/Settings/IMG_ArrowDown.uasset" 4725
"E:/Documents/SIKAT OJT/Game Project/Project/ProjectLumina/Content/Assets/UI/Settings/SwitchOff.uasset" 4726
"E:/Documents/SIKAT OJT/Game Project/Project/ProjectLumina/Content/Assets/UI/Settings/SwitchOn.uasset" 4727
"E:/Documents/SIKAT OJT/Game Project/Project/ProjectLumina/Content/Blueprints/Widgets/Settings/Display/Framerate/WG_FramerateSelection.uasset" 4728
"E:/Documents/SIKAT OJT/Game Project/Project/ProjectLumina/Content/Blueprints/Widgets/Settings/Display/Framerate/BTN_Framerate.uasset" 4729
"E:/Documents/SIKAT OJT/Game Project/Project/ProjectLumina/Content/Assets/UI/Settings/BTN/BD_SelectionBot.uasset" 4730
"E:/Documents/SIKAT OJT/Game Project/Project/ProjectLumina/Content/Assets/UI/Settings/BTN/BD_SelectionBotAlt.uasset" 4731
"E:/Documents/SIKAT OJT/Game Project/Project/ProjectLumina/Content/Assets/UI/Settings/BTN/BD_SelectionMid.uasset" 4732
"E:/Documents/SIKAT OJT/Game Project/Project/ProjectLumina/Content/Assets/UI/Settings/BTN/BD_SelectionMidAlt.uasset" 4733
"E:/Documents/SIKAT OJT/Game Project/Project/ProjectLumina/Content/Assets/UI/Settings/BTN/BD_SelectionTop.uasset" 4734
"E:/Documents/SIKAT OJT/Game Project/Project/ProjectLumina/Content/Assets/UI/Settings/BTN/BD_SelectionTopAlt.uasset" 4735
"E:/Documents/SIKAT OJT/Game Project/Project/ProjectLumina/Content/Blueprints/Widgets/Settings/Display/Resolution/WG_ResolutionSelection.uasset" 4736
"E:/Documents/SIKAT OJT/Game Project/Project/ProjectLumina/Content/Blueprints/Widgets/Settings/Display/Resolution/BTN_Resolution.uasset" 4737
"E:/Documents/SIKAT OJT/Game Project/Project/ProjectLumina/Content/Blueprints/Widgets/Settings/Display/ScreenMode/WG_ScreenModeSelection.uasset" 4738
"E:/Documents/SIKAT OJT/Game Project/Project/ProjectLumina/Content/Blueprints/Widgets/Settings/Display/ScreenMode/BTN_ScreenMode.uasset" 4739
"E:/Documents/SIKAT OJT/Game Project/Project/ProjectLumina/Content/Assets/UI/LevelSelect/TitleText/TT_Save.uasset" 4740
"E:/Documents/SIKAT OJT/Game Project/Project/ProjectLumina/Content/Assets/Audio/FX/countdown.uasset" 4741
"E:/Documents/SIKAT OJT/Game Project/Project/ProjectLumina/Content/Assets/Audio/Music/SondangSirait419__Pixabay_/Quiz_Game.uasset" 4742
"E:/Documents/SIKAT OJT/Game Project/Project/ProjectLumina/Content/Assets/Audio/Ambience/freesound_community__Pixabay_/Light.uasset" 4743
"E:/Documents/SIKAT OJT/Game Project/Project/ProjectLumina/Content/Assets/UI/Dialogue/Dialouge_TextBoxAlt.uasset" 4744
"E:/Documents/SIKAT OJT/Game Project/Project/ProjectLumina/Content/Blueprints/Widgets/PopUps/UI_SelectGameMode.uasset" 4745
"E:/Documents/SIKAT OJT/Game Project/Project/ProjectLumina/Content/Assets/UI/Icons/ICON_QuickPlay.uasset" 4746
"E:/Documents/SIKAT OJT/Game Project/Project/ProjectLumina/Content/Assets/UI/Icons/ICON_StoryPlay.uasset" 4747
"E:/Documents/SIKAT OJT/Game Project/Project/ProjectLumina/Content/Blueprints/Widgets/TitleScreen/UI_TitleScreen.uasset" 4748
"E:/Documents/SIKAT OJT/Game Project/Project/ProjectLumina/Content/Assets/Fonts/PelisseBold_Font.uasset" 4749
"E:/Documents/SIKAT OJT/Game Project/Project/ProjectLumina/Content/Assets/Fonts/PelisseBold.uasset" 4750
"E:/Documents/SIKAT OJT/Game Project/Project/ProjectLumina/Content/Assets/Fonts/PelisseItalic_Font.uasset" 4751
"E:/Documents/SIKAT OJT/Game Project/Project/ProjectLumina/Content/Assets/Fonts/PelisseItalic.uasset" 4752
"C:/Users/minukey/AppData/Local/UnrealEngine/Common/DerivedDataCache/7/6/8/MATSM_0BA69734E4FD45E082FA4560DBE25454_SF_VULKAN_ES31_ANDROID_2336__BC5N_NOCCB__BAEDA228CDCF9C43378D46B3D21923956931C1F2.udd" 4753
"C:/Users/minukey/AppData/Local/UnrealEngine/Common/DerivedDataCache/2/6/4/MATSM_0BA69734E4FD45E082FA4560DBE25454_GLSL_ES3_1_ANDROID_18786__BC5N_NOCCBN_N__C27AC841B91D35452414BF88338BDCCEAEEF9372.udd" 4754
"E:/Documents/SIKAT OJT/Game Project/Project/ProjectLumina/Content/Blueprints/Widgets/Border/UI_Border.uasset" 4755
"E:/Documents/SIKAT OJT/Game Project/Project/ProjectLumina/Content/Blueprints/BPI/BPI_GameModeRef.uasset" 4756
"E:/Documents/SIKAT OJT/Game Project/Project/ProjectLumina/Content/Blueprints/GameMode/BP_HUDBorder.uasset" 4757
"E:/Documents/SIKAT OJT/Game Project/Project/ProjectLumina/Content/Assets/Backgrounds/Backgrounds/BG_Traction.uasset" 4758
"E:/Documents/SIKAT OJT/Game Project/Project/ProjectLumina/Content/Blueprints/GameMode/BP_GameMode.uasset" 4759
"E:/Documents/SIKAT OJT/Game Project/Project/ProjectLumina/Content/Assets/Backgrounds/Backgrounds/BG_Proofside.uasset" 4760
"E:/Documents/SIKAT OJT/Game Project/Project/ProjectLumina/Content/Assets/Audio/Music/freesound_community__Pixabay_/Peoples.uasset" 4761
"E:/Documents/SIKAT OJT/Game Project/Project/ProjectLumina/Content/Assets/Audio/Music/Bell_Kalengar__itchio_/Lounge/WAV_Moments.uasset" 4762
"E:/Documents/SIKAT OJT/Game Project/Project/ProjectLumina/Content/Levels/LVL2/Revamp/LVL2_Chap10-GO.umap" 4763
"E:/Documents/SIKAT OJT/Game Project/Project/ProjectLumina/Content/Blueprints/Widgets/MainMenu/UI_TitleScreenBorder.uasset" 4764
"E:/Documents/SIKAT OJT/Game Project/Project/ProjectLumina/Content/Assets/UI/TitleScreen/HIkariWalk/Render_00007.uasset" 4765
"../../../Engine/Plugins/2D/Paper2D/Content/TranslucentUnlitSpriteMaterial.uasset" 4766
"E:/Documents/SIKAT OJT/Game Project/Project/ProjectLumina/Content/Assets/UI/TitleScreen/HIkariWalk/Render_00007_Sprite.uasset" 4767
"E:/Documents/SIKAT OJT/Game Project/Project/ProjectLumina/Content/Assets/UI/TitleScreen/HIkariWalk/Render_00006.uasset" 4768
"E:/Documents/SIKAT OJT/Game Project/Project/ProjectLumina/Content/Assets/UI/TitleScreen/HIkariWalk/Render_00006_Sprite.uasset" 4769
"E:/Documents/SIKAT OJT/Game Project/Project/ProjectLumina/Content/Assets/UI/TitleScreen/HIkariWalk/Render_00005.uasset" 4770
"E:/Documents/SIKAT OJT/Game Project/Project/ProjectLumina/Content/Assets/UI/TitleScreen/HIkariWalk/Render_00005_Sprite.uasset" 4771
"E:/Documents/SIKAT OJT/Game Project/Project/ProjectLumina/Content/Assets/UI/TitleScreen/HIkariWalk/Render_00004.uasset" 4772
"E:/Documents/SIKAT OJT/Game Project/Project/ProjectLumina/Content/Assets/UI/TitleScreen/HIkariWalk/Render_00004_Sprite.uasset" 4773
"E:/Documents/SIKAT OJT/Game Project/Project/ProjectLumina/Content/Assets/UI/TitleScreen/HIkariWalk/Render_00003.uasset" 4774
"E:/Documents/SIKAT OJT/Game Project/Project/ProjectLumina/Content/Assets/UI/TitleScreen/HIkariWalk/Render_00003_Sprite.uasset" 4775
"E:/Documents/SIKAT OJT/Game Project/Project/ProjectLumina/Content/Assets/UI/TitleScreen/HIkariWalk/Render_00002.uasset" 4776
"E:/Documents/SIKAT OJT/Game Project/Project/ProjectLumina/Content/Assets/UI/TitleScreen/HIkariWalk/Render_00002_Sprite.uasset" 4777
"E:/Documents/SIKAT OJT/Game Project/Project/ProjectLumina/Content/Assets/UI/TitleScreen/HIkariWalk/Render_00001.uasset" 4778
"E:/Documents/SIKAT OJT/Game Project/Project/ProjectLumina/Content/Assets/UI/TitleScreen/HIkariWalk/Render_00001_Sprite.uasset" 4779
"E:/Documents/SIKAT OJT/Game Project/Project/ProjectLumina/Content/Assets/UI/TitleScreen/HIkariWalk/Render_00000.uasset" 4780
"E:/Documents/SIKAT OJT/Game Project/Project/ProjectLumina/Content/Assets/UI/TitleScreen/HIkariWalk/Render_00000_Sprite.uasset" 4781
"C:/Users/minukey/AppData/Local/UnrealEngine/Common/DerivedDataCache/8/1/4/MATSM_0BA69734E4FD45E082FA4560DBE25454_SF_VULKAN_ES31_ANDROID_2336__BC5N_NOCCB__685C540A6477074D10CC3F877F0CEB3BCF576A4D.udd" 4782
"C:/Users/minukey/AppData/Local/UnrealEngine/Common/DerivedDataCache/6/1/0/MATSM_0BA69734E4FD45E082FA4560DBE25454_GLSL_ES3_1_ANDROID_18786__BC5N_NOCCBN_N__F9A04351A4365CABC2B02F8E5F2E91C79B7D9180.udd" 4783
"E:/Documents/SIKAT OJT/Game Project/Project/ProjectLumina/Content/Assets/UI/TitleScreen/HIkariWalk/Hikari_Run.uasset" 4784
"E:/Documents/SIKAT OJT/Game Project/Project/ProjectLumina/Content/Assets/UI/TitleScreen/TitleScreenTransparent.uasset" 4785
"E:/Documents/SIKAT OJT/Game Project/Project/ProjectLumina/Content/Assets/UI/TitleScreen/TitleScreenBG2.uasset" 4786
"E:/Documents/SIKAT OJT/Game Project/Project/ProjectLumina/Content/Assets/UI/TitleScreen/TitleScreenBG.uasset" 4787
"E:/Documents/SIKAT OJT/Game Project/Project/ProjectLumina/Content/Assets/UI/TitleScreen/TitleScreenBackgroundFinished.uasset" 4788
"E:/Documents/SIKAT OJT/Game Project/Project/ProjectLumina/Content/Assets/UI/TitleScreen/LightRay.uasset" 4789
"E:/Documents/SIKAT OJT/Game Project/Project/ProjectLumina/Content/Assets/UI/TitleScreen/CloudTitle.uasset" 4790
"E:/Documents/SIKAT OJT/Game Project/Project/ProjectLumina/Content/Assets/UI/TitleLogo/TitleLogo2.uasset" 4791
"E:/Documents/SIKAT OJT/Game Project/Project/ProjectLumina/Content/Assets/UI/TitleScreen/UniQWalk/a_9.uasset" 4792
"E:/Documents/SIKAT OJT/Game Project/Project/ProjectLumina/Content/Assets/UI/TitleScreen/UniQWalk/a_9_Sprite.uasset" 4793
"E:/Documents/SIKAT OJT/Game Project/Project/ProjectLumina/Content/Assets/UI/TitleScreen/UniQWalk/a_8.uasset" 4794
"E:/Documents/SIKAT OJT/Game Project/Project/ProjectLumina/Content/Assets/UI/TitleScreen/UniQWalk/a_8_Sprite.uasset" 4795
"E:/Documents/SIKAT OJT/Game Project/Project/ProjectLumina/Content/Assets/UI/TitleScreen/UniQWalk/a_7.uasset" 4796
"E:/Documents/SIKAT OJT/Game Project/Project/ProjectLumina/Content/Assets/UI/TitleScreen/UniQWalk/a_7_Sprite.uasset" 4797
"E:/Documents/SIKAT OJT/Game Project/Project/ProjectLumina/Content/Assets/UI/TitleScreen/UniQWalk/a_6.uasset" 4798
"E:/Documents/SIKAT OJT/Game Project/Project/ProjectLumina/Content/Assets/UI/TitleScreen/UniQWalk/a_6_Sprite.uasset" 4799
"E:/Documents/SIKAT OJT/Game Project/Project/ProjectLumina/Content/Assets/UI/TitleScreen/UniQWalk/a_5.uasset" 4800
"E:/Documents/SIKAT OJT/Game Project/Project/ProjectLumina/Content/Assets/UI/TitleScreen/UniQWalk/a_5_Sprite.uasset" 4801
"E:/Documents/SIKAT OJT/Game Project/Project/ProjectLumina/Content/Assets/UI/TitleScreen/UniQWalk/a_4.uasset" 4802
"E:/Documents/SIKAT OJT/Game Project/Project/ProjectLumina/Content/Assets/UI/TitleScreen/UniQWalk/a_4_Sprite.uasset" 4803
"E:/Documents/SIKAT OJT/Game Project/Project/ProjectLumina/Content/Assets/UI/TitleScreen/UniQWalk/a_3.uasset" 4804
"E:/Documents/SIKAT OJT/Game Project/Project/ProjectLumina/Content/Assets/UI/TitleScreen/UniQWalk/a_3_Sprite.uasset" 4805
"E:/Documents/SIKAT OJT/Game Project/Project/ProjectLumina/Content/Assets/UI/TitleScreen/UniQWalk/a_2.uasset" 4806
"E:/Documents/SIKAT OJT/Game Project/Project/ProjectLumina/Content/Assets/UI/TitleScreen/UniQWalk/a_2_Sprite.uasset" 4807
"E:/Documents/SIKAT OJT/Game Project/Project/ProjectLumina/Content/Assets/UI/TitleScreen/UniQWalk/a_1.uasset" 4808
"E:/Documents/SIKAT OJT/Game Project/Project/ProjectLumina/Content/Assets/UI/TitleScreen/UniQWalk/a_1_Sprite.uasset" 4809
"E:/Documents/SIKAT OJT/Game Project/Project/ProjectLumina/Content/Assets/UI/TitleScreen/UniQWalk/a_0.uasset" 4810
"E:/Documents/SIKAT OJT/Game Project/Project/ProjectLumina/Content/Assets/UI/TitleScreen/UniQWalk/a_0_Sprite.uasset" 4811
"E:/Documents/SIKAT OJT/Game Project/Project/ProjectLumina/Content/Assets/UI/TitleScreen/UniQWalk/PF_UniQWalk.uasset" 4812
"E:/Documents/SIKAT OJT/Game Project/Project/ProjectLumina/Content/Assets/Audio/Music/FulminisIctus__itchio_/BG/Shenanigans_.uasset" 4813
"E:/Documents/SIKAT OJT/Game Project/Project/ProjectLumina/Content/Blueprints/Widgets/MainMenu/UI_TitleScreen.uasset" 4814
"E:/Documents/SIKAT OJT/Game Project/Project/ProjectLumina/Content/Assets/UI/SplashScreen/SIKATLogoInitial.uasset" 4815
"E:/Documents/SIKAT OJT/Game Project/Project/ProjectLumina/Content/Assets/UI/SplashScreen/SIKATLogoAlt.uasset" 4816
"E:/Documents/SIKAT OJT/Game Project/Project/ProjectLumina/Content/Assets/UI/SplashScreen/BackgroundInitial.uasset" 4817
"E:/Documents/SIKAT OJT/Game Project/Project/ProjectLumina/Content/Assets/Material/MT_RoundedBorderCorner.uasset" 4818
"E:/Documents/SIKAT OJT/Game Project/Project/ProjectLumina/Content/Blueprints/Widgets/MainMenu/UI_SplashScreen.uasset" 4819
"E:/Documents/SIKAT OJT/Game Project/Project/ProjectLumina/Content/Blueprints/GameMode/BP_TitleScreen.uasset" 4820
"E:/Documents/SIKAT OJT/Game Project/Project/ProjectLumina/Content/TopDownBP/Maps/TopDownExampleMap_BuiltData.uasset" 4821
"C:/Users/minukey/AppData/Local/UnrealEngine/Common/DerivedDataCache/5/6/3/PHYSX_A08609EF508D460CBB6710540B03AACF_PHYSXGENERIC_C6F7EA2A495BE03C3BAF42B257494BE6__1_0_0_0_3_13315_0.udd" 4822
"E:/Documents/SIKAT OJT/Game Project/Project/ProjectLumina/Content/TopDownBP/Blueprints/TopDownController.uasset" 4823
"C:/Users/minukey/AppData/Local/UnrealEngine/Common/DerivedDataCache/5/1/8/PHYSX_A08609EF508D460CBB6710540B03AACF_PHYSXGENERIC_877145D1422EE3EA54EABAB94BD216AE__1_0_0_0_3_13315_0.udd" 4824
"E:/Documents/SIKAT OJT/Game Project/Project/ProjectLumina/Content/TopDownBP/Blueprints/TopDownGameMode.uasset" 4825
"E:/Documents/SIKAT OJT/Game Project/Project/ProjectLumina/Content/Geometry/Meshes/CubeMaterial.uasset" 4826
"E:/Documents/SIKAT OJT/Game Project/Project/ProjectLumina/Content/Geometry/Meshes/1M_Cube_Chamfer.uasset" 4827
"C:/Users/minukey/AppData/Local/UnrealEngine/Common/DerivedDataCache/7/7/9/PHYSX_A08609EF508D460CBB6710540B03AACF_PHYSXGENERIC_6C14CC144C153FD7E97FE88477D954B5__1_0_0_0_3_13315_0.udd" 4828
"E:/Documents/SIKAT OJT/Game Project/Project/ProjectLumina/Content/Geometry/Meshes/1M_Cube.uasset" 4829
"C:/Users/minukey/AppData/Local/UnrealEngine/Common/DerivedDataCache/5/5/5/PHYSX_A08609EF508D460CBB6710540B03AACF_PHYSXGENERIC_8B2471EE4EADD31BE60A44A5464F8409__1_0_0_0_3_13315_0.udd" 4830
"E:/Documents/SIKAT OJT/Game Project/Project/ProjectLumina/Content/TopDownBP/Maps/TopDownExampleMap.umap" 4831
"E:/Documents/SIKAT OJT/Game Project/Project/ProjectLumina/Content/SideScrollerBP/Maps/SideScrollerExampleMap_BuiltData.uasset" 4832
"E:/Documents/SIKAT OJT/Game Project/Project/ProjectLumina/Content/SideScrollerBP/Blueprints/SideScrollerCharacter.uasset" 4833
"E:/Documents/SIKAT OJT/Game Project/Project/ProjectLumina/Content/Geometry/Meshes/TemplateFloor.uasset" 4834
"E:/Documents/SIKAT OJT/Game Project/Project/ProjectLumina/Content/SideScrollerBP/Maps/SideScrollerExampleMap.umap" 4835
"E:/Documents/SIKAT OJT/Game Project/Project/ProjectLumina/Content/GQ_Test-Validation.uasset" 4836
"C:/Users/minukey/AppData/Local/UnrealEngine/Common/DerivedDataCache/4/6/4/PHYSX_A08609EF508D460CBB6710540B03AACF_PHYSXGENERIC_C06F4805469AF1F43951FC9D9A__33B32374D3D3130F47052560CEA95EC1ED4D5EF4.udd" 4837
"C:/Users/minukey/AppData/Local/UnrealEngine/Common/DerivedDataCache/7/0/8/PHYSX_A08609EF508D460CBB6710540B03AACF_PHYSXGENERIC_86B743CE46BEC7BF68209087B8__7E0C776050A65B8376DE127E6AF261077B4E38B1.udd" 4838
"E:/Documents/SIKAT OJT/Game Project/Project/ProjectLumina/Content/Levels/QuickPlayLVLS/LVL_QP_Validation.umap" 4839
"E:/Documents/SIKAT OJT/Game Project/Project/ProjectLumina/Content/GQ_Test-Pitching.uasset" 4840
"E:/Documents/SIKAT OJT/Game Project/Project/ProjectLumina/Content/Levels/TitleScreen/LVL_TitleScreenOpened.umap" 4841
"E:/Documents/SIKAT OJT/Game Project/Project/ProjectLumina/Content/Levels/QuickPlayLVLS/LVL_QP_Pitching.umap" 4842
"E:/Documents/SIKAT OJT/Game Project/Project/ProjectLumina/Content/Assets/Backgrounds/Backgrounds/BG_SparkFest.uasset" 4843
"E:/Documents/SIKAT OJT/Game Project/Project/ProjectLumina/Content/Levels/QuickPlayLVLS/LVL_QP_Investors.umap" 4844
"C:/Users/minukey/AppData/Local/UnrealEngine/Common/DerivedDataCache/7/4/3/PHYSX_A08609EF508D460CBB6710540B03AACF_PHYSXGENERIC_34A25E5548124AFFC36EF6B3A275B7B0__1_0_0_0_2_13315_0.udd" 4845
"C:/Users/minukey/AppData/Local/UnrealEngine/Common/DerivedDataCache/8/5/9/PHYSX_A08609EF508D460CBB6710540B03AACF_PHYSXGENERIC_5881C3E842BD146BF59E6EA110C27806__1_0_0_0_2_13315_0.udd" 4846
"C:/Users/minukey/AppData/Local/UnrealEngine/Common/DerivedDataCache/4/6/9/PHYSX_A08609EF508D460CBB6710540B03AACF_PHYSXGENERIC_FC7FAA1E496B587AAED4ECB6D8A45CA4__1_0_0_0_2_13315_0.udd" 4847
"E:/Documents/SIKAT OJT/Game Project/Project/ProjectLumina/Content/GQ_Test-Growth.uasset" 4848
"E:/Documents/SIKAT OJT/Game Project/Project/ProjectLumina/Content/Levels/QuickPlayLVLS/LVL_QP_Ideation.umap" 4849
"E:/Documents/SIKAT OJT/Game Project/Project/ProjectLumina/Content/GQ_Test-EarlyTraction.uasset" 4850
"E:/Documents/SIKAT OJT/Game Project/Project/ProjectLumina/Content/Levels/QuickPlayLVLS/LVL_QP_Growth.umap" 4851
"C:/Users/minukey/AppData/Local/UnrealEngine/Common/DerivedDataCache/1/9/7/PHYSX_A08609EF508D460CBB6710540B03AACF_PHYSXGENERIC_185D6B4F4AD6DB147B0D89866C__9D65D791E2299D3103EF09D2EC7C2B88CF859263.udd" 4852
"E:/Documents/SIKAT OJT/Game Project/Project/ProjectLumina/Content/Assets/Sprites/Hikari/Portrait_HikariThinking.uasset" 4853
"E:/Documents/SIKAT OJT/Game Project/Project/ProjectLumina/Content/Levels/QuickPlayLVLS/LVL_QP_EarlyTraction.umap" 4854
"C:/Users/minukey/AppData/Local/UnrealEngine/Common/DerivedDataCache/3/4/9/PHYSX_A08609EF508D460CBB6710540B03AACF_PHYSXGENERIC_913921004A4CFC2194E0E5B936DA71D2__1_0_0_0_2_13315_0.udd" 4855
"C:/Users/minukey/AppData/Local/UnrealEngine/Common/DerivedDataCache/4/9/2/PHYSX_A08609EF508D460CBB6710540B03AACF_PHYSXGENERIC_CD8D3EE4459669B17719328E36A9ED6B__1_0_0_0_2_13315_0.udd" 4856
"E:/Documents/SIKAT OJT/Game Project/Project/ProjectLumina/Content/Assets/Sprites/Hikari/Portrait_HikariLaughing.uasset" 4857
"E:/Documents/SIKAT OJT/Game Project/Project/ProjectLumina/Content/Assets/Sprites/Hikari/Portrait_HikariConfused.uasset" 4858
"E:/Documents/SIKAT OJT/Game Project/Project/ProjectLumina/Content/Assets/Sprites/UniQ-Mid/UniQ-Mid.uasset" 4859
"E:/Documents/SIKAT OJT/Game Project/Project/ProjectLumina/Content/Assets/Sprites/UnIQ-Unicorn/Portrait_UnIQ-Unicorn.uasset" 4860
"E:/Documents/SIKAT OJT/Game Project/Project/ProjectLumina/Content/Assets/Sprites/Mother/Portrait_Mother.uasset" 4861
"E:/Documents/SIKAT OJT/Game Project/Project/ProjectLumina/Content/Assets/Audio/Music/Alex_Coldfire__Itchio_/Peaceful_Sky.uasset" 4862
"E:/Documents/SIKAT OJT/Game Project/Project/ProjectLumina/Content/Assets/Audio/Music/Bell_Kalengar__itchio_/Emotional/WAV_Roadtrip.uasset" 4863
"E:/Documents/SIKAT OJT/Game Project/Project/ProjectLumina/Content/Assets/Backgrounds/Chap1/BG_Garage.uasset" 4864
"E:/Documents/SIKAT OJT/Game Project/Project/ProjectLumina/Content/Assets/Backgrounds/Chap11/EVBG_Goodbye.uasset" 4865
"E:/Documents/SIKAT OJT/Game Project/Project/ProjectLumina/Content/Assets/Backgrounds/Backgrounds/BG_Silicone.uasset" 4866
"E:/Documents/SIKAT OJT/Game Project/Project/ProjectLumina/Content/Assets/Audio/Music/FulminisIctus__itchio_/BG/Time_for_Rest.uasset" 4867
"E:/Documents/SIKAT OJT/Game Project/Project/ProjectLumina/Content/Assets/Audio/Music/Chajamakesmusic__itchio_/regrowth_wip.uasset" 4868
"E:/Documents/SIKAT OJT/Game Project/Project/ProjectLumina/Content/Assets/Audio/Music/lolurio__itchio_/Sweet_Memories.uasset" 4869
"E:/Documents/SIKAT OJT/Game Project/Project/ProjectLumina/Content/Dialogues/Chap011/Revamp/DL_Chap11.uasset" 4870
"E:/Documents/SIKAT OJT/Game Project/Project/ProjectLumina/Content/Assets/Audio/Ambience/freesound_community__Pixabay_/Peoples.uasset" 4871
"E:/Documents/SIKAT OJT/Game Project/Project/ProjectLumina/Content/Levels/LVL4/Revamp/LVL4_Chap11.umap" 4872
"E:/Documents/SIKAT OJT/Game Project/Project/ProjectLumina/Content/Assets/Audio/Music/Bell_Kalengar__itchio_/Lounge/WAV_Window_View.uasset" 4873
"E:/Documents/SIKAT OJT/Game Project/Project/ProjectLumina/Content/Blueprints/Enum/Enum_CurrentEmotionPlayer.uasset" 4874
"E:/Documents/SIKAT OJT/Game Project/Project/ProjectLumina/Content/Blueprints/Enum/Enum_CurrentEmotionNPC.uasset" 4875
"E:/Documents/SIKAT OJT/Game Project/Project/ProjectLumina/Content/Blueprints/Conversation/S_Conversation.uasset" 4876
"E:/Documents/SIKAT OJT/Game Project/Project/ProjectLumina/Content/Levels/LVL4/LVL4_StoryScene.umap" 4877
"E:/Documents/SIKAT OJT/Game Project/Project/ProjectLumina/Content/Assets/Placeholders/Sprites/Character/Edgeworth/Edgeworth_Thinking.uasset" 4878
"E:/Documents/SIKAT OJT/Game Project/Project/ProjectLumina/Content/Assets/Placeholders/Sprites/Character/Edgeworth/Edgeworth_Shouting.uasset" 4879
"E:/Documents/SIKAT OJT/Game Project/Project/ProjectLumina/Content/Assets/Placeholders/Sprites/Character/Edgeworth/Edgeworth_Sad.uasset" 4880
"E:/Documents/SIKAT OJT/Game Project/Project/ProjectLumina/Content/Assets/Placeholders/Sprites/Character/Edgeworth/Edgeworth_Happy.uasset" 4881
"E:/Documents/SIKAT OJT/Game Project/Project/ProjectLumina/Content/Assets/Placeholders/Sprites/Character/Edgeworth/Edgeworth_Neutral.uasset" 4882
"E:/Documents/SIKAT OJT/Game Project/Project/ProjectLumina/Content/Assets/Placeholders/Sprites/Character/Edgeworth/Edgeworth_Goofy.uasset" 4883
"E:/Documents/SIKAT OJT/Game Project/Project/ProjectLumina/Content/Assets/Placeholders/Sprites/Character/Edgeworth/Edgeworth_Angry.uasset" 4884
"E:/Documents/SIKAT OJT/Game Project/Project/ProjectLumina/Content/Dialogues/DL_DialogueGameplayTest.uasset" 4885
"E:/Documents/SIKAT OJT/Game Project/Project/ProjectLumina/Content/Dialogues/DL_DialogueGameplayTestOutro.uasset" 4886
"E:/Documents/SIKAT OJT/Game Project/Project/ProjectLumina/Content/Blueprints/Widgets/Dialogue/WBP_Conv_Answer.uasset" 4887
"E:/Documents/SIKAT OJT/Game Project/Project/ProjectLumina/Content/Blueprints/Widgets/Dialogue/WBP_Conv_Player.uasset" 4888
"E:/Documents/SIKAT OJT/Game Project/Project/ProjectLumina/Content/Blueprints/Enum/Enum_PlayerSpeaking.uasset" 4889
"E:/Documents/SIKAT OJT/Game Project/Project/ProjectLumina/Content/Assets/UI/Dialogue/Dialogue_Nametag.uasset" 4890
"E:/Documents/SIKAT OJT/Game Project/Project/ProjectLumina/Content/Blueprints/Widgets/Dialogue/WBP_Conv_Main.uasset" 4891
"E:/Documents/SIKAT OJT/Game Project/Project/ProjectLumina/Content/Blueprints/Conversation/BPC_Conversant.uasset" 4892
"E:/Documents/SIKAT OJT/Game Project/Project/ProjectLumina/Content/Blueprints/Conversation/GameplayTesterOutro.uasset" 4893
"E:/Documents/SIKAT OJT/Game Project/Project/ProjectLumina/Content/Blueprints/Conversation/GameplayTester.uasset" 4894
"E:/Documents/SIKAT OJT/Game Project/Project/ProjectLumina/Content/Assets/Material/MAT_GenericGlow.uasset" 4895
"E:/Documents/SIKAT OJT/Game Project/Project/ProjectLumina/Content/Dialogues/Chap011/DL_Ch11.uasset" 4896
"E:/Documents/SIKAT OJT/Game Project/Project/ProjectLumina/Content/Levels/LVL4/LVL4_StoryQuest1.umap" 4897
"E:/Documents/SIKAT OJT/Game Project/Project/ProjectLumina/Content/Dialogues/Chap011/BP_DL-Ch11.uasset" 4898
"E:/Documents/SIKAT OJT/Game Project/Project/ProjectLumina/Content/Assets/Backgrounds/Chap3/EVGB_Forest.uasset" 4899
"E:/Documents/SIKAT OJT/Game Project/Project/ProjectLumina/Content/Assets/Audio/Music/FulminisIctus__itchio_/BG/Relax.uasset" 4900
"E:/Documents/SIKAT OJT/Game Project/Project/ProjectLumina/Content/Dialogues/Ch09/Revamp/DL_Chap9.uasset" 4901
"E:/Documents/SIKAT OJT/Game Project/Project/ProjectLumina/Content/Levels/LVL3/Revamp/LVL3_Chap9-GO.umap" 4902
"E:/Documents/SIKAT OJT/Game Project/Project/ProjectLumina/Content/Assets/Sprites/Guard/Portrait_Guard.uasset" 4903
"E:/Documents/SIKAT OJT/Game Project/Project/ProjectLumina/Content/Dialogues/Ch09/Revamp/DL_Chap9-2.uasset" 4904
"E:/Documents/SIKAT OJT/Game Project/Project/ProjectLumina/Content/Blueprints/Enum/Enum_ObtainMoney.uasset" 4905
"E:/Documents/SIKAT OJT/Game Project/Project/ProjectLumina/Content/Levels/LVL4/LVL4_Ch11.umap" 4906
"E:/Documents/SIKAT OJT/Game Project/Project/ProjectLumina/Content/Blueprints/Widgets/PopUps/UI_ObtainMoney.uasset" 4907
"E:/Documents/SIKAT OJT/Game Project/Project/ProjectLumina/Content/Blueprints/Widgets/PopUps/ChooseInvestor/UI_RegistrationFee.uasset" 4908
"E:/Documents/SIKAT OJT/Game Project/Project/ProjectLumina/Content/Assets/UI/PopUps/PopUps_Terms_and_Conditions.uasset" 4909
"E:/Documents/SIKAT OJT/Game Project/Project/ProjectLumina/Content/Blueprints/Widgets/PopUps/UI_TermsAndConditions.uasset" 4910
"E:/Documents/SIKAT OJT/Game Project/Project/ProjectLumina/Content/Levels/LVL3/Revamp/LVL3_Chap9-2.umap" 4911
"E:/Documents/SIKAT OJT/Game Project/Project/ProjectLumina/Content/Assets/Audio/Ambience/freesound_community__Pixabay_/Paper.uasset" 4912
"E:/Documents/SIKAT OJT/Game Project/Project/ProjectLumina/Content/GameplayQuestions/Test/GQ_ValidationTest.uasset" 4913
"E:/Documents/SIKAT OJT/Game Project/Project/ProjectLumina/Content/Dialogues/Ch08/Revamp/DL_Chap8.uasset" 4914
"E:/Documents/SIKAT OJT/Game Project/Project/ProjectLumina/Content/Assets/Sprites/UnIQ-Egg/Portrait_UnIQ-Egg-Neutral.uasset" 4915
"E:/Documents/SIKAT OJT/Game Project/Project/ProjectLumina/Content/Assets/Audio/Music/Bell_Kalengar__itchio_/Comedy/WAV_Chaotic_Periods.uasset" 4916
"E:/Documents/SIKAT OJT/Game Project/Project/ProjectLumina/Content/Assets/Backgrounds/Backgrounds/BG_SIKAT.uasset" 4917
"E:/Documents/SIKAT OJT/Game Project/Project/ProjectLumina/Content/Dialogues/Ch08/Revamp/DL_Chap8-2.uasset" 4918
"E:/Documents/SIKAT OJT/Game Project/Project/ProjectLumina/Content/Levels/LVL3/Revamp/LVL3_Chap8-2.umap" 4919
"E:/Documents/SIKAT OJT/Game Project/Project/ProjectLumina/Content/Assets/Sprites/Officer/Portrait_Officer.uasset" 4920
"E:/Documents/SIKAT OJT/Game Project/Project/ProjectLumina/Content/Levels/LVL3/Revamp/LVL3_Chap7.umap" 4921
"E:/Documents/SIKAT OJT/Game Project/Project/ProjectLumina/Content/Assets/Sprites/UnIQ-Egg/Portrait_UnIQ-Egg-Exclamation.uasset" 4922
"E:/Documents/SIKAT OJT/Game Project/Project/ProjectLumina/Content/Assets/Audio/Music/Bell_Kalengar__itchio_/Lounge/WAV_Everyday_Life.uasset" 4923
"E:/Documents/SIKAT OJT/Game Project/Project/ProjectLumina/Content/Dialogues/Ch06/Revamp/DL_Chap6.uasset" 4924
"E:/Documents/SIKAT OJT/Game Project/Project/ProjectLumina/Content/Assets/Audio/Music/freesound_community__Pixabay_/3D_Printer.uasset" 4925
"E:/Documents/SIKAT OJT/Game Project/Project/ProjectLumina/Content/Assets/Audio/Music/Bell_Kalengar__itchio_/Comedy/WAV_The_Art_of_Courtship_Requires_Many_Save_Slots.uasset" 4926
"E:/Documents/SIKAT OJT/Game Project/Project/ProjectLumina/Content/Dialogues/Ch06/Revamp/DL_Chap6-2.uasset" 4927
"E:/Documents/SIKAT OJT/Game Project/Project/ProjectLumina/Content/Levels/LVL3/Revamp/LVL3_Chap6-2.umap" 4928
"E:/Documents/SIKAT OJT/Game Project/Project/ProjectLumina/Content/Assets/Sprites/UnIQ-Egg/Portrait_UnIQ-Egg-Question.uasset" 4929
"E:/Documents/SIKAT OJT/Game Project/Project/ProjectLumina/Content/Assets/Backgrounds/Backgrounds/BG_SIKATROPOLIS.uasset" 4930
"E:/Documents/SIKAT OJT/Game Project/Project/ProjectLumina/Content/Assets/Backgrounds/Backgrounds/BG_Fablab.uasset" 4931
"E:/Documents/SIKAT OJT/Game Project/Project/ProjectLumina/Content/Levels/LVL3/Revamp/LVL3_Chap5.umap" 4932
"E:/Documents/SIKAT OJT/Game Project/Project/ProjectLumina/Content/Dialogues/Ch09/DL_Ch9_GO.uasset" 4933
"E:/Documents/SIKAT OJT/Game Project/Project/ProjectLumina/Content/Dialogues/Ch09/BP_DL-Ch9_GO.uasset" 4934
"E:/Documents/SIKAT OJT/Game Project/Project/ProjectLumina/Content/Levels/LVL3/LVL3_Ch9_GO.umap" 4935
"E:/Documents/SIKAT OJT/Game Project/Project/ProjectLumina/Content/Assets/Backgrounds/Chap9/BGPH_MCWarehouse.uasset" 4936
"E:/Documents/SIKAT OJT/Game Project/Project/ProjectLumina/Content/Dialogues/Ch09/DL_Ch9_2.uasset" 4937
"E:/Documents/SIKAT OJT/Game Project/Project/ProjectLumina/Content/Dialogues/Ch09/BP_DL-Ch9_2.uasset" 4938
"E:/Documents/SIKAT OJT/Game Project/Project/ProjectLumina/Content/Levels/LVL3/LVL3_Ch9_2.umap" 4939
"E:/Documents/SIKAT OJT/Game Project/Project/ProjectLumina/Content/Dialogues/Ch09/DL_Ch9.uasset" 4940
"E:/Documents/SIKAT OJT/Game Project/Project/ProjectLumina/Content/Dialogues/Ch09/BP_DL-Ch9.uasset" 4941
"E:/Documents/SIKAT OJT/Game Project/Project/ProjectLumina/Content/Levels/LVL3/LVL3_Ch9.umap" 4942
"E:/Documents/SIKAT OJT/Game Project/Project/ProjectLumina/Content/Dialogues/Ch08/DL_Ch8_2.uasset" 4943
"E:/Documents/SIKAT OJT/Game Project/Project/ProjectLumina/Content/Dialogues/Ch08/BP_DL-Ch8_2.uasset" 4944
"E:/Documents/SIKAT OJT/Game Project/Project/ProjectLumina/Content/Levels/LVL3/LVL3_Ch8_2.umap" 4945
"E:/Documents/SIKAT OJT/Game Project/Project/ProjectLumina/Content/Levels/LVL3/LVL3_Ch8_BuiltData.uasset" 4946
"E:/Documents/SIKAT OJT/Game Project/Project/ProjectLumina/Content/Dialogues/Ch08/DL_Ch8.uasset" 4947
"E:/Documents/SIKAT OJT/Game Project/Project/ProjectLumina/Content/Dialogues/Ch08/BP_DL-Ch8.uasset" 4948
"E:/Documents/SIKAT OJT/Game Project/Project/ProjectLumina/Content/Levels/LVL3/LVL3_Ch8.umap" 4949
"E:/Documents/SIKAT OJT/Game Project/Project/ProjectLumina/Content/Dialogues/Ch07/DL_Ch7.uasset" 4950
"E:/Documents/SIKAT OJT/Game Project/Project/ProjectLumina/Content/Dialogues/Ch07/BP_DL-Ch7.uasset" 4951
"E:/Documents/SIKAT OJT/Game Project/Project/ProjectLumina/Content/Levels/LVL3/LVL3_Ch7.umap" 4952
"E:/Documents/SIKAT OJT/Game Project/Project/ProjectLumina/Content/Assets/Audio/Music/Bell_Kalengar__itchio_/Lounge/WAV_Sidewalk.uasset" 4953
"E:/Documents/SIKAT OJT/Game Project/Project/ProjectLumina/Content/Dialogues/Ch06/DL_Ch6_2.uasset" 4954
"E:/Documents/SIKAT OJT/Game Project/Project/ProjectLumina/Content/Dialogues/Ch06/BP_DL-Ch6_2.uasset" 4955
"E:/Documents/SIKAT OJT/Game Project/Project/ProjectLumina/Content/Assets/IllustrationEvents/Chap6/EVGB_Bench.uasset" 4956
"E:/Documents/SIKAT OJT/Game Project/Project/ProjectLumina/Content/Levels/LVL3/LVL3_Ch6_2.umap" 4957
"E:/Documents/SIKAT OJT/Game Project/Project/ProjectLumina/Content/Dialogues/Ch06/DL_Ch6.uasset" 4958
"E:/Documents/SIKAT OJT/Game Project/Project/ProjectLumina/Content/Dialogues/Ch06/BP_DL-Ch6.uasset" 4959
"E:/Documents/SIKAT OJT/Game Project/Project/ProjectLumina/Content/Levels/LVL3/LVL3_Ch6.umap" 4960
"E:/Documents/SIKAT OJT/Game Project/Project/ProjectLumina/Content/Dialogues/Ch05/DL_Ch5.uasset" 4961
"E:/Documents/SIKAT OJT/Game Project/Project/ProjectLumina/Content/Dialogues/Ch05/BP_DL-Ch5.uasset" 4962
"E:/Documents/SIKAT OJT/Game Project/Project/ProjectLumina/Content/Levels/LVL3/LVL3_Ch5.umap" 4963
"E:/Documents/SIKAT OJT/Game Project/Project/ProjectLumina/Content/Assets/Audio/Music/FulminisIctus__itchio_/Magical_Main.uasset" 4964
"E:/Documents/SIKAT OJT/Game Project/Project/ProjectLumina/Content/Assets/Audio/Music/freesound_community__Pixabay_/Fireworks.uasset" 4965
"E:/Documents/SIKAT OJT/Game Project/Project/ProjectLumina/Content/Dialogues/Ch04/Revamp/DL_Chap4.uasset" 4966
"E:/Documents/SIKAT OJT/Game Project/Project/ProjectLumina/Content/Assets/Audio/Music/FulminisIctus__itchio_/BG/Magical_Main.uasset" 4967
"E:/Documents/SIKAT OJT/Game Project/Project/ProjectLumina/Content/Assets/Audio/Music/FulminisIctus__itchio_/BG/Idle_Chatter.uasset" 4968
"E:/Documents/SIKAT OJT/Game Project/Project/ProjectLumina/Content/GameplayQuestions/Test/GQ_IdeationTest.uasset" 4969
"E:/Documents/SIKAT OJT/Game Project/Project/ProjectLumina/Content/Assets/Audio/Music/Bell_Kalengar__itchio_/Investigation/WAV_Reasoning.uasset" 4970
"E:/Documents/SIKAT OJT/Game Project/Project/ProjectLumina/Content/Dialogues/Ch04/Revamp/DL_Chap4-2.uasset" 4971
"E:/Documents/SIKAT OJT/Game Project/Project/ProjectLumina/Content/Levels/LVL2/Revamp/LVL2_Chap4-2.umap" 4972
"E:/Documents/SIKAT OJT/Game Project/Project/ProjectLumina/Content/Dialogues/Ch010/Revamp/DL_Chap10.uasset" 4973
"E:/Documents/SIKAT OJT/Game Project/Project/ProjectLumina/Content/Assets/Sprites/Hikari/Portrait_HikariSuit.uasset" 4974
"E:/Documents/SIKAT OJT/Game Project/Project/ProjectLumina/Content/Assets/Backgrounds/Backgrounds/BG_SparkFestv2.uasset" 4975
"E:/Documents/SIKAT OJT/Game Project/Project/ProjectLumina/Content/Dialogues/Ch010/Revamp/DL_Chap10-3.uasset" 4976
"E:/Documents/SIKAT OJT/Game Project/Project/ProjectLumina/Content/Blueprints/Enum/Enum_InvestorSelected.uasset" 4977
"E:/Documents/SIKAT OJT/Game Project/Project/ProjectLumina/Content/Assets/UI/PopUps/InvestorPopUp/PP_InvestorDialogue.uasset" 4978
"E:/Documents/SIKAT OJT/Game Project/Project/ProjectLumina/Content/Assets/Sprites/Investors/Portrait_Investor3.uasset" 4979
"E:/Documents/SIKAT OJT/Game Project/Project/ProjectLumina/Content/Assets/Sprites/Investors/Portrait_Investor2.uasset" 4980
"E:/Documents/SIKAT OJT/Game Project/Project/ProjectLumina/Content/Assets/Sprites/Investors/Portrait_Investor1.uasset" 4981
"E:/Documents/SIKAT OJT/Game Project/Project/ProjectLumina/Content/Blueprints/Widgets/PopUps/ChooseInvestor/UI_ChooseInvestor.uasset" 4982
"E:/Documents/SIKAT OJT/Game Project/Project/ProjectLumina/Content/Blueprints/Widgets/PopUps/ChooseInvestor/UI_InvestorInfo.uasset" 4983
"E:/Documents/SIKAT OJT/Game Project/Project/ProjectLumina/Content/Levels/LVL2/Revamp/LVL2_Chap10-3.umap" 4984
"E:/Documents/SIKAT OJT/Game Project/Project/ProjectLumina/Content/Dialogues/Ch010/Revamp/DL_Chap10-2.uasset" 4985
"E:/Documents/SIKAT OJT/Game Project/Project/ProjectLumina/Content/Dialogues/Ch04/DL_Ch4.uasset" 4986
"E:/Documents/SIKAT OJT/Game Project/Project/ProjectLumina/Content/Dialogues/Ch04/BP_DL-Ch4.uasset" 4987
"E:/Documents/SIKAT OJT/Game Project/Project/ProjectLumina/Content/Assets/Audio/Music/FulminisIctus__itchio_/BG/Severed.uasset" 4988
"E:/Documents/SIKAT OJT/Game Project/Project/ProjectLumina/Content/Levels/LVL2/LVL2_Ch4_Game.umap" 4989
"E:/Documents/SIKAT OJT/Game Project/Project/ProjectLumina/Content/Levels/LVL2/LVL2_Ch4.umap" 4990
"E:/Documents/SIKAT OJT/Game Project/Project/ProjectLumina/Content/Dialogues/Ch04/DL_Ch4-2.uasset" 4991
"E:/Documents/SIKAT OJT/Game Project/Project/ProjectLumina/Content/Dialogues/Ch04/BP_DL-Ch4-2.uasset" 4992
"E:/Documents/SIKAT OJT/Game Project/Project/ProjectLumina/Content/Levels/LVL2/LVL2_Ch4-2.umap" 4993
"E:/Documents/SIKAT OJT/Game Project/Project/ProjectLumina/Content/Dialogues/Ch010/DL_Ch10_GO_2.uasset" 4994
"E:/Documents/SIKAT OJT/Game Project/Project/ProjectLumina/Content/Dialogues/Ch010/DL_Ch10_GO.uasset" 4995
"E:/Documents/SIKAT OJT/Game Project/Project/ProjectLumina/Content/Dialogues/Ch4/BP_DL-Ch4.uasset" 4996
"E:/Documents/SIKAT OJT/Game Project/Project/ProjectLumina/Content/Dialogues/Ch010/BP_DL-Ch10_GO.uasset" 4997
"E:/Documents/SIKAT OJT/Game Project/Project/ProjectLumina/Content/Levels/LVL2/LVL2_Ch10_GO.umap" 4998
"E:/Documents/SIKAT OJT/Game Project/Project/ProjectLumina/Content/Dialogues/Ch010/DL_Ch10_3.uasset" 4999
"E:/Documents/SIKAT OJT/Game Project/Project/ProjectLumina/Content/Assets/Audio/Music/Bell_Kalengar__itchio_/Investigation/WAV_Intuition.uasset" 5000
"E:/Documents/SIKAT OJT/Game Project/Project/ProjectLumina/Content/Dialogues/Ch010/BP_DL-Ch10_3.uasset" 5001
"E:/Documents/SIKAT OJT/Game Project/Project/ProjectLumina/Content/Levels/LVL2/LVL2_Ch10_3.umap" 5002
"E:/Documents/SIKAT OJT/Game Project/Project/ProjectLumina/Content/Dialogues/Ch010/DL_Ch10_2.uasset" 5003
"E:/Documents/SIKAT OJT/Game Project/Project/ProjectLumina/Content/Dialogues/Ch010/BP_DL-Ch10_2.uasset" 5004
"E:/Documents/SIKAT OJT/Game Project/Project/ProjectLumina/Content/Levels/LVL2/LVL2_Ch10_2.umap" 5005
"E:/Documents/SIKAT OJT/Game Project/Project/ProjectLumina/Content/Dialogues/Ch010/DL_Ch10.uasset" 5006
"E:/Documents/SIKAT OJT/Game Project/Project/ProjectLumina/Content/Dialogues/Ch010/BP_DL-Ch10.uasset" 5007
"E:/Documents/SIKAT OJT/Game Project/Project/ProjectLumina/Content/Levels/LVL2/LVL2_Ch10.umap" 5008
"E:/Documents/SIKAT OJT/Game Project/Project/ProjectLumina/Content/Assets/Backgrounds/Backgrounds/BG_Forest.uasset" 5009
"E:/Documents/SIKAT OJT/Game Project/Project/ProjectLumina/Content/Assets/Audio/Music/FulminisIctus__itchio_/AMBIANCE/Birds_+_Crickets.uasset" 5010
"E:/Documents/SIKAT OJT/Game Project/Project/ProjectLumina/Content/Dialogues/Ch03/Revamp/DL_Chap3.uasset" 5011
"E:/Documents/SIKAT OJT/Game Project/Project/ProjectLumina/Content/Levels/LVL1/Revamp/LVL1_Chap3.umap" 5012
"E:/Documents/SIKAT OJT/Game Project/Project/ProjectLumina/Content/Assets/Audio/Music/FulminisIctus__itchio_/Time_for_Rest.uasset" 5013
"E:/Documents/SIKAT OJT/Game Project/Project/ProjectLumina/Content/Assets/Audio/Music/Bell_Kalengar__itchio_/Emotional/WAV_Falling_Leaves.uasset" 5014
"E:/Documents/SIKAT OJT/Game Project/Project/ProjectLumina/Content/Assets/Backgrounds/Chap1/BG_Dining.uasset" 5015
"E:/Documents/SIKAT OJT/Game Project/Project/ProjectLumina/Content/Dialogues/Ch02/Revamp/DL_Chap2.uasset" 5016
"E:/Documents/SIKAT OJT/Game Project/Project/ProjectLumina/Content/Levels/LVL1/Revamp/LVL1_Chap2.umap" 5017
"E:/Documents/SIKAT OJT/Game Project/Project/ProjectLumina/Content/Assets/Audio/Music/Bell_Kalengar__itchio_/Comedy/WAV_Cooking_Time_.uasset" 5018
"E:/Documents/SIKAT OJT/Game Project/Project/ProjectLumina/Content/Assets/Audio/Music/FulminisIctus__itchio_/BG/Doll_Dance.uasset" 5019
"E:/Documents/SIKAT OJT/Game Project/Project/ProjectLumina/Content/Dialogues/Ch03/DL_Ch3.uasset" 5020
"E:/Documents/SIKAT OJT/Game Project/Project/ProjectLumina/Content/Dialogues/Ch03/BP_DL-Ch3.uasset" 5021
"E:/Documents/SIKAT OJT/Game Project/Project/ProjectLumina/Content/Levels/LVL1/LVL1_Ch3.umap" 5022
"E:/Documents/SIKAT OJT/Game Project/Project/ProjectLumina/Content/Dialogues/Ch02/DL_Ch2.uasset" 5023
"E:/Documents/SIKAT OJT/Game Project/Project/ProjectLumina/Content/Dialogues/Ch02/BP_DL-Ch2.uasset" 5024
"E:/Documents/SIKAT OJT/Game Project/Project/ProjectLumina/Content/Levels/LVL1/LVL1_Ch2.umap" 5025
"E:/Documents/SIKAT OJT/Game Project/Project/ProjectLumina/Content/Dialogues/Ch01/DL_Ch1.uasset" 5026
"E:/Documents/SIKAT OJT/Game Project/Project/ProjectLumina/Content/Assets/Backgrounds/Backgrounds/BG_Garage.uasset" 5027
"E:/Documents/SIKAT OJT/Game Project/Project/ProjectLumina/Content/Assets/IllustrationEvents/Chap2/Chap2_Illustration.uasset" 5028
"E:/Documents/SIKAT OJT/Game Project/Project/ProjectLumina/Content/Dialogues/Ch01/BP_DL-Ch1.uasset" 5029
"E:/Documents/SIKAT OJT/Game Project/Project/ProjectLumina/Content/Levels/LVL1/LVL1_Ch1.umap" 5030
"E:/Documents/SIKAT OJT/Game Project/Project/ProjectLumina/Content/Levels/LoadGame/LVL_DialogueLoadGame.umap" 5031
"E:/Documents/SIKAT OJT/Game Project/Project/ProjectLumina/Content/Blueprints/Widgets/QuickPlay/Texts/UI_TXT_Name.uasset" 5032
"E:/Documents/SIKAT OJT/Game Project/Project/ProjectLumina/Content/Blueprints/Widgets/QuickPlay/Texts/UI_TXT_Score.uasset" 5033
"E:/Documents/SIKAT OJT/Game Project/Project/ProjectLumina/Content/Blueprints/Enum/Enum_QPSelected.uasset" 5034
"E:/Documents/SIKAT OJT/Game Project/Project/ProjectLumina/Content/Assets/UI/QuickPlay/TT_Scores.uasset" 5035
"E:/Documents/SIKAT OJT/Game Project/Project/ProjectLumina/Content/Blueprints/Widgets/QuickPlay/UI_QuickPlaySubMenu.uasset" 5036
"E:/Documents/SIKAT OJT/Game Project/Project/ProjectLumina/Content/Blueprints/Enum/Enum_LevelPressed.uasset" 5037
"E:/Documents/SIKAT OJT/Game Project/Project/ProjectLumina/Content/Blueprints/Widgets/PopUps/UI_PlayRandom.uasset" 5038
"E:/Documents/SIKAT OJT/Game Project/Project/ProjectLumina/Content/Assets/UI/LevelSelect/PopUp/Buttons/PopUpButtonPressed.uasset" 5039
"E:/Documents/SIKAT OJT/Game Project/Project/ProjectLumina/Content/Assets/UI/LevelSelect/PopUp/Buttons/LVLSelect_PopUpButton.uasset" 5040
"E:/Documents/SIKAT OJT/Game Project/Project/ProjectLumina/Content/Assets/UI/LevelSelect/PopUp/LevelSelectStoryIndicatorComplete.uasset" 5041
"E:/Documents/SIKAT OJT/Game Project/Project/ProjectLumina/Content/Assets/UI/LevelSelect/PopUp/LevelSelectStoryIndicator.uasset" 5042
"E:/Documents/SIKAT OJT/Game Project/Project/ProjectLumina/Content/Assets/UI/LevelSelect/PopUp/LevelSelectIndicatorBorderCompleted.uasset" 5043
"E:/Documents/SIKAT OJT/Game Project/Project/ProjectLumina/Content/Assets/UI/LevelSelect/PopUp/LevelSelectIndicatorBorder.uasset" 5044
"E:/Documents/SIKAT OJT/Game Project/Project/ProjectLumina/Content/Assets/UI/Icons/Unlocked/ICN_Unlocked.uasset" 5045
"E:/Documents/SIKAT OJT/Game Project/Project/ProjectLumina/Content/Structure/ST_LevelData.uasset" 5046
"E:/Documents/SIKAT OJT/Game Project/Project/ProjectLumina/Content/Structure/LevelSelect/DT_Level3ButtonData.uasset" 5047
"E:/Documents/SIKAT OJT/Game Project/Project/ProjectLumina/Content/Structure/LevelSelect/DT_Level4ButtonData.uasset" 5048
"E:/Documents/SIKAT OJT/Game Project/Project/ProjectLumina/Content/Structure/LevelSelect/DT_Level1ButtonData.uasset" 5049
"E:/Documents/SIKAT OJT/Game Project/Project/ProjectLumina/Content/Structure/LevelSelect/DT_Level2ButtonData.uasset" 5050
"E:/Documents/SIKAT OJT/Game Project/Project/ProjectLumina/Content/Blueprints/Widgets/QuickPlay/UI_QuickPlay.uasset" 5051
"E:/Documents/SIKAT OJT/Game Project/Project/ProjectLumina/Content/Assets/Placeholders/Background/PH_Background.uasset" 5052
"E:/Documents/SIKAT OJT/Game Project/Project/ProjectLumina/Content/Assets/UI/Buttons/BTN_Home.uasset" 5053
"E:/Documents/SIKAT OJT/Game Project/Project/ProjectLumina/Content/Assets/UI/Buttons/BTN_HomePressed.uasset" 5054
"E:/Documents/SIKAT OJT/Game Project/Project/ProjectLumina/Content/Assets/UI/Gameplay/Intro/Icons/ICON_Random.uasset" 5055
"E:/Documents/SIKAT OJT/Game Project/Project/ProjectLumina/Content/Assets/UI/LevelSelect/BTN_Luminavale.uasset" 5056
"E:/Documents/SIKAT OJT/Game Project/Project/ProjectLumina/Content/Assets/UI/LevelSelect/Island_City.uasset" 5057
"E:/Documents/SIKAT OJT/Game Project/Project/ProjectLumina/Content/Assets/UI/LevelSelect/Island_CityHovered.uasset" 5058
"E:/Documents/SIKAT OJT/Game Project/Project/ProjectLumina/Content/Assets/UI/LevelSelect/Island_CityOutline.uasset" 5059
"E:/Documents/SIKAT OJT/Game Project/Project/ProjectLumina/Content/Assets/UI/LevelSelect/Island_Forest.uasset" 5060
"E:/Documents/SIKAT OJT/Game Project/Project/ProjectLumina/Content/Assets/UI/LevelSelect/Island_ForestHovered.uasset" 5061
"E:/Documents/SIKAT OJT/Game Project/Project/ProjectLumina/Content/Assets/UI/LevelSelect/Island_ForestOutline.uasset" 5062
"E:/Documents/SIKAT OJT/Game Project/Project/ProjectLumina/Content/Assets/UI/LevelSelect/Island_LuminavaleHovered.uasset" 5063
"E:/Documents/SIKAT OJT/Game Project/Project/ProjectLumina/Content/Assets/UI/LevelSelect/Island_LuminavaleOutline.uasset" 5064
"E:/Documents/SIKAT OJT/Game Project/Project/ProjectLumina/Content/Assets/UI/LevelSelect/Island_SparkFest.uasset" 5065
"E:/Documents/SIKAT OJT/Game Project/Project/ProjectLumina/Content/Assets/UI/LevelSelect/Island_SparkFestHovered.uasset" 5066
"E:/Documents/SIKAT OJT/Game Project/Project/ProjectLumina/Content/Assets/UI/LevelSelect/Island_SparkFestOutline.uasset" 5067
"E:/Documents/SIKAT OJT/Game Project/Project/ProjectLumina/Content/Assets/UI/QuickPlay/TT_QuickPlay.uasset" 5068
"E:/Documents/SIKAT OJT/Game Project/Project/ProjectLumina/Content/Blueprints/Widgets/LevelSelect/UI_LevelSelectWindow.uasset" 5069
"E:/Documents/SIKAT OJT/Game Project/Project/ProjectLumina/Content/Assets/UI/LevelSelect/PopUp/Buttons/LVLSelect_BTN_Close.uasset" 5070
"E:/Documents/SIKAT OJT/Game Project/Project/ProjectLumina/Content/Assets/UI/LevelSelect/PopUp/Buttons/LVLSelect_BTN_ClosePressed.uasset" 5071
"E:/Documents/SIKAT OJT/Game Project/Project/ProjectLumina/Content/Assets/UI/LevelSelect/PopUp/LVLSelect_PopUpBox.uasset" 5072
"E:/Documents/SIKAT OJT/Game Project/Project/ProjectLumina/Content/Assets/UI/LevelSelect/PopUp/TitleTexts/TT_City.uasset" 5073
"E:/Documents/SIKAT OJT/Game Project/Project/ProjectLumina/Content/Assets/UI/LevelSelect/PopUp/TitleTexts/TT_Luminavale.uasset" 5074
"E:/Documents/SIKAT OJT/Game Project/Project/ProjectLumina/Content/Assets/UI/LevelSelect/PopUp/TitleTexts/TT_SIKATropolis.uasset" 5075
"E:/Documents/SIKAT OJT/Game Project/Project/ProjectLumina/Content/Assets/UI/LevelSelect/PopUp/TitleTexts/TT_SiliconeValley.uasset" 5076
"E:/Documents/SIKAT OJT/Game Project/Project/ProjectLumina/Content/Assets/UI/LevelSelect/PopUp/TitleTexts/TT_SparkFest.uasset" 5077
"E:/Documents/SIKAT OJT/Game Project/Project/ProjectLumina/Content/Assets/UI/LevelSelect/Continue/BTN_Continue.uasset" 5078
"E:/Documents/SIKAT OJT/Game Project/Project/ProjectLumina/Content/Assets/UI/LevelSelect/Continue/BTN_ContinuePressed.uasset" 5079
"E:/Documents/SIKAT OJT/Game Project/Project/ProjectLumina/Content/Assets/UI/LevelSelect/PopUp/TitleTexts/TT_StoryPlay.uasset" 5080
"E:/Documents/SIKAT OJT/Game Project/Project/ProjectLumina/Content/Levels/LevelSelect/LVL_QuickPlay.umap" 5081
"C:/Users/minukey/AppData/Local/UnrealEngine/Common/DerivedDataCache/1/7/6/TEXTURE_E01F4250BECD420DA9CE63B5EECEC2C2_BGRA8_2C2CC8054F2033F9C4ED23A720F52DA__0B2A4013E036B8A384A8D26305ED20E9283BCC01.udd" 5082
"C:/Users/minukey/AppData/Local/UnrealEngine/Common/DerivedDataCache/3/0/6/TEXTURE_E01F4250BECD420DA9CE63B5EECEC2C2_BGRA8_4464613242473A207648628F4A15E60__9CB3FB28B395B20B09D1F68C2DF27F711D95FCA2.udd" 5083
"C:/Users/minukey/AppData/Local/UnrealEngine/Common/DerivedDataCache/2/9/6/TEXTURE_E01F4250BECD420DA9CE63B5EECEC2C2_BGRA8_AE17690341D81B0EDEC1ED91BC116A0__49F1CCC044D408644BCF58D63361C502CF2D9BF6.udd" 5084
"E:/Documents/SIKAT OJT/Game Project/Project/ProjectLumina/Content/Levels/LevelSelect/LVL_LVLSelect_BuiltData.uasset" 5085
"E:/Documents/SIKAT OJT/Game Project/Project/ProjectLumina/Content/Levels/LevelSelect/LVL_LVLSelect.umap" 5086
"E:/Documents/SIKAT OJT/Game Project/Project/ProjectLumina/Content/Levels/DebuggingLevels/LVL_TutorialDebug.umap" 5087
"E:/Documents/SIKAT OJT/Game Project/Project/ProjectLumina/Content/Levels/DebuggingLevels/LVL_TermsandConditionsWidget.umap" 5088
"E:/Documents/SIKAT OJT/Game Project/Project/ProjectLumina/Content/Levels/DebuggingLevels/LVL_SettingsDebug_BuiltData.uasset" 5089
"E:/Documents/SIKAT OJT/Game Project/Project/ProjectLumina/Content/Levels/DebuggingLevels/LVL_SettingsDebug.umap" 5090
"E:/Documents/SIKAT OJT/Game Project/Project/ProjectLumina/Content/Blueprints/Enum/Enum_CurrentCountrySelected.uasset" 5091
"C:/Users/minukey/AppData/Local/UnrealEngine/Common/DerivedDataCache/4/5/2/STREAMEDAUDIO_BC6E92FBBD314E3B9B9EC6778749EB5E_OGG10000$2D1$2D1$2D1$2D1$2D1_4_2797D45540F8AA24FD11F4A8D9307623.udd" 5092
"E:/Documents/SIKAT OJT/Game Project/Project/ProjectLumina/Content/Assets/UI/CountrySelect/VN/Country_VNText.uasset" 5093
"C:/Users/minukey/AppData/Local/UnrealEngine/Common/DerivedDataCache/1/4/0/TEXTURE_E01F4250BECD420DA9CE63B5EECEC2C2_ASTC_RGBAUTO_38_3D8939EF4B08E6BDC0EB6__CC2542CB32A49EBE4D2CB4E772D403FE899A8887.udd" 5094
"C:/Users/minukey/AppData/Local/UnrealEngine/Common/DerivedDataCache/1/4/8/TEXTURE_E01F4250BECD420DA9CE63B5EECEC2C2_AUTODXT_3D8939EF4B08E6BDC0EB68AB62747__D5EB0C2ECC90A96D03B1847A73B3ACA24D5A8203.udd" 5095
"E:/Documents/SIKAT OJT/Game Project/Project/ProjectLumina/Content/Assets/UI/CountrySelect/VN/Country_VNIsland.uasset" 5096
"E:/Documents/SIKAT OJT/Game Project/Project/ProjectLumina/Content/Assets/UI/CountrySelect/TH/Country_THText.uasset" 5097
"C:/Users/minukey/AppData/Local/UnrealEngine/Common/DerivedDataCache/3/0/1/TEXTURE_E01F4250BECD420DA9CE63B5EECEC2C2_AUTOETC2_3D8939EF4B08E6BDC0EB68AB6274__17DFEDA6357C97828DBFBEA51E233C9D995DA3AF.udd" 5098
"C:/Users/minukey/AppData/Local/UnrealEngine/Common/DerivedDataCache/8/2/0/TEXTURE_E01F4250BECD420DA9CE63B5EECEC2C2_ASTC_RGBAUTO_38_C9E8A4314288DED6DD31C__1841FB7171A7D9F2E42F61184BE3F75FE169823C.udd" 5099
"C:/Users/minukey/AppData/Local/UnrealEngine/Common/DerivedDataCache/4/8/4/TEXTURE_E01F4250BECD420DA9CE63B5EECEC2C2_AUTODXT_C9E8A4314288DED6DD31C398FC374__D5DED5035E0C750ACFD80E9795E477D0E1A0D076.udd" 5100
"E:/Documents/SIKAT OJT/Game Project/Project/ProjectLumina/Content/Assets/UI/CountrySelect/SG/Country_SGText.uasset" 5101
"E:/Documents/SIKAT OJT/Game Project/Project/ProjectLumina/Content/Assets/UI/CountrySelect/TH/Country_THIsland.uasset" 5102
"C:/Users/minukey/AppData/Local/UnrealEngine/Common/DerivedDataCache/6/9/5/TEXTURE_E01F4250BECD420DA9CE63B5EECEC2C2_ASTC_RGBAUTO_38_E5B8CD4C4347C5352A311__1C4801D443984CEBA3CC1B8F5A0AFB9F945B6A26.udd" 5103
"C:/Users/minukey/AppData/Local/UnrealEngine/Common/DerivedDataCache/7/7/1/TEXTURE_E01F4250BECD420DA9CE63B5EECEC2C2_AUTODXT_E5B8CD4C4347C5352A3113A404EEA__8349F730C707F1F7FEE360F79BAC678AA774351E.udd" 5104
"C:/Users/minukey/AppData/Local/UnrealEngine/Common/DerivedDataCache/8/1/0/TEXTURE_E01F4250BECD420DA9CE63B5EECEC2C2_AUTOETC2_C9E8A4314288DED6DD31C398FC37__F037EEAECB57266A5744CEBDF3DCCBB208389DB5.udd" 5105
"C:/Users/minukey/AppData/Local/UnrealEngine/Common/DerivedDataCache/8/0/4/TEXTURE_E01F4250BECD420DA9CE63B5EECEC2C2_BGRA8_BDEAADD646EE1024A6E1179C796D81C__E0E4AF804B36EE9A45A363F8BDED7E5E464081E6.udd" 5106
"C:/Users/minukey/AppData/Local/UnrealEngine/Common/DerivedDataCache/1/7/2/TEXTURE_E01F4250BECD420DA9CE63B5EECEC2C2_AUTOETC2_E5B8CD4C4347C5352A3113A404EE__BED05508957E1F7765162AEE57C3D7EA13C7BB27.udd" 5107
"C:/Users/minukey/AppData/Local/UnrealEngine/Common/DerivedDataCache/4/5/1/TEXTURE_E01F4250BECD420DA9CE63B5EECEC2C2_BGRA8_1F263EF24D05E8ABB0AD19BE705D763__58762C97FABF2832E626B6321E4AC5C73CC032B4.udd" 5108
"C:/Users/minukey/AppData/Local/UnrealEngine/Common/DerivedDataCache/6/3/2/TEXTURE_E01F4250BECD420DA9CE63B5EECEC2C2_AUTODXT_B61ECB044559B0C727180589F607F__F749A60F36573F9B9118184A4F7BC24C61DF9BBA.udd" 5109
"C:/Users/minukey/AppData/Local/UnrealEngine/Common/DerivedDataCache/7/9/5/TEXTURE_E01F4250BECD420DA9CE63B5EECEC2C2_ASTC_RGBAUTO_38_B61ECB044559B0C727180__DAE5D30C16262654C9A5C8F65A22DAD304C19C95.udd" 5110
"E:/Documents/SIKAT OJT/Game Project/Project/ProjectLumina/Content/Assets/UI/CountrySelect/SG/Country_SGIsland.uasset" 5111
"C:/Users/minukey/AppData/Local/UnrealEngine/Common/DerivedDataCache/5/5/1/TEXTURE_E01F4250BECD420DA9CE63B5EECEC2C2_AUTOETC2_B61ECB044559B0C727180589F607__E0F5A499269E2D0EA12774A4C3EF0F42834F5F35.udd" 5112
"C:/Users/minukey/AppData/Local/UnrealEngine/Common/DerivedDataCache/0/9/0/TEXTURE_E01F4250BECD420DA9CE63B5EECEC2C2_ASTC_RGBAUTO_38_BC9D9AE74BEC84FE254F6__EB6E16BA2217A77CAB78F5C5F8646FEE7E248E18.udd" 5113
"C:/Users/minukey/AppData/Local/UnrealEngine/Common/DerivedDataCache/7/2/6/TEXTURE_E01F4250BECD420DA9CE63B5EECEC2C2_AUTOETC2_BC9D9AE74BEC84FE254F62A13552__5918EFED668D43DC2EFD96E7D56A16CFA24E3CFB.udd" 5114
"C:/Users/minukey/AppData/Local/UnrealEngine/Common/DerivedDataCache/5/6/2/TEXTURE_E01F4250BECD420DA9CE63B5EECEC2C2_AUTODXT_BC9D9AE74BEC84FE254F62A13552A__B6E5B51D2B9B793F2F8AA85FE3CDABDDA91D1349.udd" 5115
"C:/Users/minukey/AppData/Local/UnrealEngine/Common/DerivedDataCache/0/0/1/TEXTURE_E01F4250BECD420DA9CE63B5EECEC2C2_ASTC_RGBAUTO_38_2FAD7B6147B8460A01208__260B025A4AB53464F933B68930CDB502CC7CACF0.udd" 5116
"C:/Users/minukey/AppData/Local/UnrealEngine/Common/DerivedDataCache/2/1/3/TEXTURE_E01F4250BECD420DA9CE63B5EECEC2C2_AUTODXT_2FAD7B6147B8460A01208E9A96A10__3C99B9A34BA8A117209D0276ED584B1792054F35.udd" 5117
"C:/Users/minukey/AppData/Local/UnrealEngine/Common/DerivedDataCache/5/8/8/TEXTURE_E01F4250BECD420DA9CE63B5EECEC2C2_AUTOETC2_2FAD7B6147B8460A01208E9A96A1__68AA8A3E26333F08200B47CDBED4DDD9D2D4EF0A.udd" 5118
"C:/Users/minukey/AppData/Local/UnrealEngine/Common/DerivedDataCache/6/8/0/TEXTURE_E01F4250BECD420DA9CE63B5EECEC2C2_AUTODXT_01BBD3954587F68B1F91128623AEA__5C4FFE06437C2800178E262C258D943C09BC7B09.udd" 5119
"C:/Users/minukey/AppData/Local/UnrealEngine/Common/DerivedDataCache/1/4/2/TEXTURE_E01F4250BECD420DA9CE63B5EECEC2C2_ASTC_RGBAUTO_38_01BBD3954587F68B1F911__415CA016D0316790DC78FAE647E253926514E089.udd" 5120
"C:/Users/minukey/AppData/Local/UnrealEngine/Common/DerivedDataCache/4/5/3/TEXTURE_E01F4250BECD420DA9CE63B5EECEC2C2_AUTOETC2_01BBD3954587F68B1F91128623AE__E0D8DE3C4C5AC10EC610C0D7E1EB1F24D2C56438.udd" 5121
"C:/Users/minukey/AppData/Local/UnrealEngine/Common/DerivedDataCache/6/5/7/STREAMEDAUDIO_BC6E92FBBD314E3B9B9EC6778749EB5E_OGG10000$2D1$2D1$2D1$2D1$2D1_4_40902EFC44C74D79B793D1BF4ADD05A2.udd" 5122
"C:/Users/minukey/AppData/Local/UnrealEngine/Common/DerivedDataCache/4/0/6/TEXTURE_E01F4250BECD420DA9CE63B5EECEC2C2_ASTC_RGBAUTO_38_8E758E1A4BE13FF768811__A282B3E79DFECFB35DDAC918E2B4A99A79B8F1C1.udd" 5123
"C:/Users/minukey/AppData/Local/UnrealEngine/Common/DerivedDataCache/8/6/8/TEXTURE_E01F4250BECD420DA9CE63B5EECEC2C2_AUTODXT_8E758E1A4BE13FF7688116887AB47__5C29991EAAD74E0268AF6D951F7CD3FD9B4684B6.udd" 5124
"C:/Users/minukey/AppData/Local/UnrealEngine/Common/DerivedDataCache/6/5/1/TEXTURE_E01F4250BECD420DA9CE63B5EECEC2C2_AUTOETC2_8E758E1A4BE13FF7688116887AB4__48852D4DACC1C2398DE162C08C1BC425194545C6.udd" 5125
"C:/Users/minukey/AppData/Local/UnrealEngine/Common/DerivedDataCache/9/3/2/TEXTURE_E01F4250BECD420DA9CE63B5EECEC2C2_ASTC_RGBAUTO_38_8875071043B2DF73296B3__DE7FECE314D01F215736F59FE66D2C9409A4BF07.udd" 5126
"C:/Users/minukey/AppData/Local/UnrealEngine/Common/DerivedDataCache/4/6/8/TEXTURE_E01F4250BECD420DA9CE63B5EECEC2C2_AUTODXT_8875071043B2DF73296B3BBE80EB5__A1DFB30CC6951AB0446077B349C8E42FA3D21A21.udd" 5127
"C:/Users/minukey/AppData/Local/UnrealEngine/Common/DerivedDataCache/5/9/1/TEXTURE_E01F4250BECD420DA9CE63B5EECEC2C2_AUTOETC2_8875071043B2DF73296B3BBE80EB__0D93343B3860F4A7A2B488A7FDF0612DF0048CCD.udd" 5128
"C:/Users/minukey/AppData/Local/UnrealEngine/Common/DerivedDataCache/6/9/2/TEXTURE_E01F4250BECD420DA9CE63B5EECEC2C2_ASTC_RGBAUTO_38_7A9781F84F6A431B8E423__327ADAFD21513F9F15E5A5ED8315EF30E3B5A262.udd" 5129
"C:/Users/minukey/AppData/Local/UnrealEngine/Common/DerivedDataCache/2/6/5/TEXTURE_E01F4250BECD420DA9CE63B5EECEC2C2_AUTODXT_7A9781F84F6A431B8E4235937D753__E6015D2EE90DE2C76F0FF7CEA541CD429291721F.udd" 5130
"C:/Users/minukey/AppData/Local/UnrealEngine/Common/DerivedDataCache/4/9/0/TEXTURE_E01F4250BECD420DA9CE63B5EECEC2C2_AUTOETC2_7A9781F84F6A431B8E4235937D75__3DF857CC142BCECAF0BC8CBABC8D9983004FE292.udd" 5131
"C:/Users/minukey/AppData/Local/UnrealEngine/Common/DerivedDataCache/6/2/9/TEXTURE_E01F4250BECD420DA9CE63B5EECEC2C2_ASTC_RGBAUTO_38_1EDA4EB14F80FC4DF7444__28D822AF00F959E7B643741C233C42411C84F68B.udd" 5132
"C:/Users/minukey/AppData/Local/UnrealEngine/Common/DerivedDataCache/8/6/9/TEXTURE_E01F4250BECD420DA9CE63B5EECEC2C2_AUTODXT_1EDA4EB14F80FC4DF744459D3E99B__F3695F513C5225D8674897C76D1B1FCF80E0F4A0.udd" 5133
"C:/Users/minukey/AppData/Local/UnrealEngine/Common/DerivedDataCache/7/3/8/TEXTURE_E01F4250BECD420DA9CE63B5EECEC2C2_AUTOETC2_1EDA4EB14F80FC4DF744459D3E99__ECCACCD0F66528034B5F59048F6BDF23B545011C.udd" 5134
"C:/Users/minukey/AppData/Local/UnrealEngine/Common/DerivedDataCache/8/6/7/STREAMEDAUDIO_BC6E92FBBD314E3B9B9EC6778749EB5E_OGG10000$2D1$2D1$2D1$2D1$2D1_4_5481942242F4FF03348C128235DFF914.udd" 5135
"C:/Users/minukey/AppData/Local/UnrealEngine/Common/DerivedDataCache/3/9/0/TEXTURE_E01F4250BECD420DA9CE63B5EECEC2C2_ASTC_RGBAUTO_38_CCD6FA42407BE25863C1B__BACDAAF43AB3C9197DC542EE0CEE90C781883E7A.udd" 5136
"C:/Users/minukey/AppData/Local/UnrealEngine/Common/DerivedDataCache/3/8/9/TEXTURE_E01F4250BECD420DA9CE63B5EECEC2C2_AUTODXT_CCD6FA42407BE25863C1B89252D27__3167600F3697E125F4EB06B98B7D2E1A35A31FA2.udd" 5137
"C:/Users/minukey/AppData/Local/UnrealEngine/Common/DerivedDataCache/2/4/1/TEXTURE_E01F4250BECD420DA9CE63B5EECEC2C2_AUTOETC2_CCD6FA42407BE25863C1B89252D2__CA8B19CE474DAAAAFD42C9EAF82EFF744CF5F9AE.udd" 5138
"C:/Users/minukey/AppData/Local/UnrealEngine/Common/DerivedDataCache/1/2/4/TEXTURE_E01F4250BECD420DA9CE63B5EECEC2C2_ASTC_RGBAUTO_38_3B6446C34E3AF13AB28D0__0851DD66A9D15096C32D0C529703F3AAABEB2A95.udd" 5139
"C:/Users/minukey/AppData/Local/UnrealEngine/Common/DerivedDataCache/8/7/7/TEXTURE_E01F4250BECD420DA9CE63B5EECEC2C2_AUTODXT_3B6446C34E3AF13AB28D0AB421797__299B6611640A8ACEC0991673DD9A1B983594BDE9.udd" 5140
"C:/Users/minukey/AppData/Local/UnrealEngine/Common/DerivedDataCache/0/3/3/TEXTURE_E01F4250BECD420DA9CE63B5EECEC2C2_AUTOETC2_3B6446C34E3AF13AB28D0AB42179__C689B35670A0594255611CD45400E8ABFBF51820.udd" 5141
"C:/Users/minukey/AppData/Local/UnrealEngine/Common/DerivedDataCache/2/7/5/TEXTURE_E01F4250BECD420DA9CE63B5EECEC2C2_ASTC_RGBAUTO_38_607CB70944FE16E13A137__8A02770CF194B924D2DA861A5FF4339106C9A714.udd" 5142
"C:/Users/minukey/AppData/Local/UnrealEngine/Common/DerivedDataCache/7/6/6/TEXTURE_E01F4250BECD420DA9CE63B5EECEC2C2_AUTODXT_607CB70944FE16E13A137CB67A4D7__32DD29044F8D17EF035F180DE63240EC6DAFB250.udd" 5143
"C:/Users/minukey/AppData/Local/UnrealEngine/Common/DerivedDataCache/5/5/5/TEXTURE_E01F4250BECD420DA9CE63B5EECEC2C2_AUTOETC2_607CB70944FE16E13A137CB67A4D__AC8015819D55AEC3762B386BB409A668ED79577B.udd" 5144
"C:/Users/minukey/AppData/Local/UnrealEngine/Common/DerivedDataCache/0/2/2/TEXTURE_E01F4250BECD420DA9CE63B5EECEC2C2_ASTC_RGBAUTO_38_F136CE00463B4F4F0344F__8C834ADA4A47430DE5DBE8F21F17BDC3CDB1D196.udd" 5145
"C:/Users/minukey/AppData/Local/UnrealEngine/Common/DerivedDataCache/3/2/3/TEXTURE_E01F4250BECD420DA9CE63B5EECEC2C2_AUTODXT_F136CE00463B4F4F0344F3AB04DA3__464C525070B1A26A58ACC1EB4254B7822075FBEB.udd" 5146
"C:/Users/minukey/AppData/Local/UnrealEngine/Common/DerivedDataCache/5/9/5/TEXTURE_E01F4250BECD420DA9CE63B5EECEC2C2_AUTOETC2_F136CE00463B4F4F0344F3AB04DA__4A5C4BB7C8F910F30C86BEE039964F5D8B9F94EF.udd" 5147
"C:/Users/minukey/AppData/Local/UnrealEngine/Common/DerivedDataCache/8/2/9/TEXTURE_E01F4250BECD420DA9CE63B5EECEC2C2_ASTC_RGBAUTO_38_AFD2C3064AF2DE68D9648__49275DB8A64D04824EE1492C9E025CBF3F38EB0E.udd" 5148
"C:/Users/minukey/AppData/Local/UnrealEngine/Common/DerivedDataCache/6/6/1/TEXTURE_E01F4250BECD420DA9CE63B5EECEC2C2_AUTODXT_AFD2C3064AF2DE68D9648BB9EC0FE__965BD7D9342CE4742834202EDA8541AF828634C0.udd" 5149
"C:/Users/minukey/AppData/Local/UnrealEngine/Common/DerivedDataCache/9/9/4/TEXTURE_E01F4250BECD420DA9CE63B5EECEC2C2_ASTC_RGBAUTO_38_0470A564437A4C567379C__42A002BFBF310454B02F5F01E21C2BB1508E91AA.udd" 5150
"C:/Users/minukey/AppData/Local/UnrealEngine/Common/DerivedDataCache/7/0/5/TEXTURE_E01F4250BECD420DA9CE63B5EECEC2C2_AUTOETC2_AFD2C3064AF2DE68D9648BB9EC0F__88D5CC256406540818BC8A1E6BE964BA59F0243A.udd" 5151
"C:/Users/minukey/AppData/Local/UnrealEngine/Common/DerivedDataCache/2/7/4/TEXTURE_E01F4250BECD420DA9CE63B5EECEC2C2_AUTODXT_0470A564437A4C567379C3AF9D761__C82BE4DEB6382D4BA5FD433D55FAF3A9B215AA94.udd" 5152
"C:/Users/minukey/AppData/Local/UnrealEngine/Common/DerivedDataCache/3/2/5/TEXTURE_E01F4250BECD420DA9CE63B5EECEC2C2_AUTOETC2_0470A564437A4C567379C3AF9D76__2A7879C7F70E190830D9C460AD52EBC660C9FD68.udd" 5153
"C:/Users/minukey/AppData/Local/UnrealEngine/Common/DerivedDataCache/7/7/1/TEXTURE_E01F4250BECD420DA9CE63B5EECEC2C2_ASTC_RGBAUTO_38_CC18900343F34C39A018E__9929063937913478A76A1F04B9AF60FEB591AB09.udd" 5154
"C:/Users/minukey/AppData/Local/UnrealEngine/Common/DerivedDataCache/6/7/1/TEXTURE_E01F4250BECD420DA9CE63B5EECEC2C2_AUTODXT_CC18900343F34C39A018EEA9A2F36__BF8875C16AA3F630DCC661F3361D39F284245923.udd" 5155
"C:/Users/minukey/AppData/Local/UnrealEngine/Common/DerivedDataCache/7/0/2/TEXTURE_E01F4250BECD420DA9CE63B5EECEC2C2_BGRA8_022355DA4C18D30E190058AC6D91643__7275D9C7016C34011269B5555B8690AB0CFC3BE0.udd" 5156
"C:/Users/minukey/AppData/Local/UnrealEngine/Common/DerivedDataCache/4/9/3/TEXTURE_E01F4250BECD420DA9CE63B5EECEC2C2_BGRA8_8AFA39E34B585B0CFC9D37B0789C115__769B6922340CB90599EA56E803BD5409E1311AF8.udd" 5157
"C:/Users/minukey/AppData/Local/UnrealEngine/Common/DerivedDataCache/1/9/3/TEXTURE_E01F4250BECD420DA9CE63B5EECEC2C2_AUTOETC2_CC18900343F34C39A018EEA9A2F3__8FC594BEBD09B67D071AC56C00904B05DF65DEE0.udd" 5158
"C:/Users/minukey/AppData/Local/UnrealEngine/Common/DerivedDataCache/6/4/0/STREAMEDAUDIO_BC6E92FBBD314E3B9B9EC6778749EB5E_OGG10000$2D1$2D1$2D1$2D1$2D1_4_E737F22B46249075B1B212BC79C452FB.udd" 5159
"C:/Users/minukey/AppData/Local/UnrealEngine/Common/DerivedDataCache/5/8/5/TEXTURE_E01F4250BECD420DA9CE63B5EECEC2C2_ASTC_RGBAUTO_38_242EE3D74FB6D076EDDBC__ECEC498B33574F737888B19E46E8C26150453B3D.udd" 5160
"C:/Users/minukey/AppData/Local/UnrealEngine/Common/DerivedDataCache/3/8/8/TEXTURE_E01F4250BECD420DA9CE63B5EECEC2C2_AUTODXT_242EE3D74FB6D076EDDBC5AB06107__20973D177650FE3B834194B2D580924514BC139A.udd" 5161
"C:/Users/minukey/AppData/Local/UnrealEngine/Common/DerivedDataCache/7/8/2/TEXTURE_E01F4250BECD420DA9CE63B5EECEC2C2_ASTC_RGBAUTO_38_7F9E3B3F4690BFD50E79C__68EC599FE768888832F695D50F4D636946FC4B8D.udd" 5162
"C:/Users/minukey/AppData/Local/UnrealEngine/Common/DerivedDataCache/1/2/1/TEXTURE_E01F4250BECD420DA9CE63B5EECEC2C2_AUTOETC2_242EE3D74FB6D076EDDBC5AB0610__46E172711DFB151DB49E442EFE4FDEA265506D7C.udd" 5163
"C:/Users/minukey/AppData/Local/UnrealEngine/Common/DerivedDataCache/2/7/3/TEXTURE_E01F4250BECD420DA9CE63B5EECEC2C2_AUTODXT_7F9E3B3F4690BFD50E79CC9DBF822__8F94CBF0996C13F6AC54F602A53F5FBFDD309082.udd" 5164
"C:/Users/minukey/AppData/Local/UnrealEngine/Common/DerivedDataCache/9/0/1/TEXTURE_E01F4250BECD420DA9CE63B5EECEC2C2_ASTC_RGBAUTO_38_7EFD379E48DC930C2EFD4__B60EBAAB9E3CF58A3F3EFF70B88D10204AE37886.udd" 5165
"C:/Users/minukey/AppData/Local/UnrealEngine/Common/DerivedDataCache/4/3/3/TEXTURE_E01F4250BECD420DA9CE63B5EECEC2C2_AUTOETC2_7F9E3B3F4690BFD50E79CC9DBF82__05E46EFE1B04AD2191223CD79F3C6171FF9D07DA.udd" 5166
"C:/Users/minukey/AppData/Local/UnrealEngine/Common/DerivedDataCache/2/8/4/TEXTURE_E01F4250BECD420DA9CE63B5EECEC2C2_ASTC_RGBAUTO_38_7EFD379E48DC930C2EFD4__BB4B57702108EA87196DB3759422130FCCF44D61.udd" 5167
"C:/Users/minukey/AppData/Local/UnrealEngine/Common/DerivedDataCache/4/0/1/TEXTURE_E01F4250BECD420DA9CE63B5EECEC2C2_ASTC_RGBAUTO_38_7EFD379E48DC930C2EFD4__845CE6A5067A9A9EBCD854F9848B0BC7BDAB7E18.udd" 5168
"C:/Users/minukey/AppData/Local/UnrealEngine/Common/DerivedDataCache/1/3/6/TEXTURE_E01F4250BECD420DA9CE63B5EECEC2C2_AUTOETC2_7EFD379E48DC930C2EFD4B9F6D4F__2588C5DFD6D3576367CE8BCC5AC03CB5387FE89E.udd" 5169
"C:/Users/minukey/AppData/Local/UnrealEngine/Common/DerivedDataCache/6/7/1/TEXTURE_E01F4250BECD420DA9CE63B5EECEC2C2_AUTODXT_7EFD379E48DC930C2EFD4B9F6D4F3__C034F3E5AD4E7B015DC3285A3E8BFDA6D008D7B5.udd" 5170
"C:/Users/minukey/AppData/Local/UnrealEngine/Common/DerivedDataCache/9/1/5/TEXTURE_E01F4250BECD420DA9CE63B5EECEC2C2_AUTOETC2_7EFD379E48DC930C2EFD4B9F6D4F__CE6C1F90D02825A8B0FD12F7FE30C53ED44FF2FD.udd" 5171
"C:/Users/minukey/AppData/Local/UnrealEngine/Common/DerivedDataCache/4/4/2/TEXTURE_E01F4250BECD420DA9CE63B5EECEC2C2_AUTOETC2_7EFD379E48DC930C2EFD4B9F6D4F__F374E9E1DC6564F8D2E6053A14A8789574D1AB38.udd" 5172
"C:/Users/minukey/AppData/Local/UnrealEngine/Common/DerivedDataCache/3/6/1/TEXTURE_E01F4250BECD420DA9CE63B5EECEC2C2_ASTC_RGBAUTO_38_16CA681E4CF7A1CC76AB3__651B971CB87BD70669092DAE3801E16E65CF9808.udd" 5173
"C:/Users/minukey/AppData/Local/UnrealEngine/Common/DerivedDataCache/7/8/2/TEXTURE_E01F4250BECD420DA9CE63B5EECEC2C2_AUTODXT_7EFD379E48DC930C2EFD4B9F6D4F3__096A5753B3BAC8B4A1947644C1070B5AE4E542FC.udd" 5174
"C:/Users/minukey/AppData/Local/UnrealEngine/Common/DerivedDataCache/5/2/8/TEXTURE_E01F4250BECD420DA9CE63B5EECEC2C2_AUTODXT_7EFD379E48DC930C2EFD4B9F6D4F3__F82594CFBDAB610635EDFEE2A8D4FF7D59B6F2BF.udd" 5175
"C:/Users/minukey/AppData/Local/UnrealEngine/Common/DerivedDataCache/2/3/2/TEXTURE_E01F4250BECD420DA9CE63B5EECEC2C2_ASTC_RGBAUTO_38_16CA681E4CF7A1CC76AB3__E65808EA451D71A38B9BEA1069E78872FF9C078E.udd" 5176
"C:/Users/minukey/AppData/Local/UnrealEngine/Common/DerivedDataCache/5/0/6/TEXTURE_E01F4250BECD420DA9CE63B5EECEC2C2_ASTC_RGBAUTO_38_16CA681E4CF7A1CC76AB3__82DC5B07AF798FAED0D6F4B5BC6BDCC276F96F74.udd" 5177
"C:/Users/minukey/AppData/Local/UnrealEngine/Common/DerivedDataCache/3/2/0/TEXTURE_E01F4250BECD420DA9CE63B5EECEC2C2_AUTODXT_16CA681E4CF7A1CC76AB3EB1C83A3__F24CD2786C4D3041A81391814272C4B333B6CC66.udd" 5178
"C:/Users/minukey/AppData/Local/UnrealEngine/Common/DerivedDataCache/2/8/8/TEXTURE_E01F4250BECD420DA9CE63B5EECEC2C2_AUTOETC2_16CA681E4CF7A1CC76AB3EB1C83A__37CC928263F30E8A866F100F620067ACF60159B6.udd" 5179
"C:/Users/minukey/AppData/Local/UnrealEngine/Common/DerivedDataCache/8/8/7/TEXTURE_E01F4250BECD420DA9CE63B5EECEC2C2_AUTODXT_16CA681E4CF7A1CC76AB3EB1C83A3__51536B028403ED4080EE7C542E890E7F74D28769.udd" 5180
"C:/Users/minukey/AppData/Local/UnrealEngine/Common/DerivedDataCache/0/5/7/TEXTURE_E01F4250BECD420DA9CE63B5EECEC2C2_AUTOETC2_16CA681E4CF7A1CC76AB3EB1C83A__0742F871EB0AA37B9A2C0E0D223AC9D85E8CE6E1.udd" 5181
"C:/Users/minukey/AppData/Local/UnrealEngine/Common/DerivedDataCache/0/9/1/TEXTURE_E01F4250BECD420DA9CE63B5EECEC2C2_AUTODXT_16CA681E4CF7A1CC76AB3EB1C83A3__F0DA207001D1AD6E33D6E379E0BAF2BA72195635.udd" 5182
"C:/Users/minukey/AppData/Local/UnrealEngine/Common/DerivedDataCache/9/5/1/TEXTURE_E01F4250BECD420DA9CE63B5EECEC2C2_BGRA8_661E857B495A8AD0B0FFCEB324416E0__F1025299461864D24DC4954AFA55B97256D5E1ED.udd" 5183
"C:/Users/minukey/AppData/Local/UnrealEngine/Common/DerivedDataCache/0/5/3/TEXTURE_E01F4250BECD420DA9CE63B5EECEC2C2_BGRA8_BC6C65824168FB2082AE51B13F4B112__81419BF72138084E74D219603A24B3F9F79B2087.udd" 5184
"C:/Users/minukey/AppData/Local/UnrealEngine/Common/DerivedDataCache/0/1/1/TEXTURE_E01F4250BECD420DA9CE63B5EECEC2C2_BGRA8_EF024A2D4F90E58B5E866AAC85F6D1B__E24FAABC4D1D2C9785A616CC348BA0BA30593893.udd" 5185
"C:/Users/minukey/AppData/Local/UnrealEngine/Common/DerivedDataCache/6/9/5/TEXTURE_E01F4250BECD420DA9CE63B5EECEC2C2_BGRA8_1656E40A45521B9C0999138158FE384__76A3DC88649445E418969E47B7A0CF24B833B2D3.udd" 5186
"C:/Users/minukey/AppData/Local/UnrealEngine/Common/DerivedDataCache/7/3/9/TEXTURE_E01F4250BECD420DA9CE63B5EECEC2C2_BGRA8_F8FF45BF4D1DFC5AF6A7A08371971E1__7D38E0E36FB163914628CEAC15C2E433793544CE.udd" 5187
"C:/Users/minukey/AppData/Local/UnrealEngine/Common/DerivedDataCache/8/4/1/TEXTURE_E01F4250BECD420DA9CE63B5EECEC2C2_BGRA8_CDFD767748B5FF453ED06CB38E95C9B__1DD2D8A3AB17343988599EC74018010D218C040E.udd" 5188
"C:/Users/minukey/AppData/Local/UnrealEngine/Common/DerivedDataCache/9/1/5/TEXTURE_E01F4250BECD420DA9CE63B5EECEC2C2_BGRA8_79D1E04C47670FAE177D0BB8FDF6BE6__6CF8CE7E63875D79D36E393BF4EC037B26674F23.udd" 5189
"C:/Users/minukey/AppData/Local/UnrealEngine/Common/DerivedDataCache/7/1/2/TEXTURE_E01F4250BECD420DA9CE63B5EECEC2C2_BGRA8_ADB9F8304F142581D9C60C98C602030__FBE199A1943F95C2917158DD20FBA657830D4188.udd" 5190
"C:/Users/minukey/AppData/Local/UnrealEngine/Common/DerivedDataCache/2/4/2/TEXTURE_E01F4250BECD420DA9CE63B5EECEC2C2_BGRA8_E0BB873C41596969FBA2848A3219077__7C4141384328C8C9EE89DA5FC6B4807119283AE9.udd" 5191
"C:/Users/minukey/AppData/Local/UnrealEngine/Common/DerivedDataCache/8/6/6/TEXTURE_E01F4250BECD420DA9CE63B5EECEC2C2_AUTOETC2_16CA681E4CF7A1CC76AB3EB1C83A__FF1AB5095A340181D9752556AE543035E93644ED.udd" 5192
"C:/Users/minukey/AppData/Local/UnrealEngine/Common/DerivedDataCache/7/9/4/TEXTURE_E01F4250BECD420DA9CE63B5EECEC2C2_ASTC_RGBAUTO_38_8228E07F498C2C3243887__8F58F010FD4AAA2A6B68A15A2769DBD48CEC7BB9.udd" 5193
"C:/Users/minukey/AppData/Local/UnrealEngine/Common/DerivedDataCache/5/7/4/TEXTURE_E01F4250BECD420DA9CE63B5EECEC2C2_AUTOETC2_8228E07F498C2C32438879B7C3B3__1BE84A928A09208A002BD8B5112FC3777302CB34.udd" 5194
"C:/Users/minukey/AppData/Local/UnrealEngine/Common/DerivedDataCache/5/8/5/TEXTURE_E01F4250BECD420DA9CE63B5EECEC2C2_BGRA8_CE1E46934A616E8897DFC4A81CBDCB4__8E18FE59583BAA85CF0294657111D88ADCABDC3B.udd" 5195
"C:/Users/minukey/AppData/Local/UnrealEngine/Common/DerivedDataCache/5/4/2/TEXTURE_E01F4250BECD420DA9CE63B5EECEC2C2_BGRA8_32F444C64772EA56D0963BA8C7C223D__34840E77CCD673649AE5463031D4788BBC515EBD.udd" 5196
"C:/Users/minukey/AppData/Local/UnrealEngine/Common/DerivedDataCache/0/1/7/TEXTURE_E01F4250BECD420DA9CE63B5EECEC2C2_BGRA8_A738DAB5464321EBD7874FBE00260FC__8012A2A916966FFAE3EEB3B409B061C355D87FF9.udd" 5197
"C:/Users/minukey/AppData/Local/UnrealEngine/Common/DerivedDataCache/7/5/9/TEXTURE_E01F4250BECD420DA9CE63B5EECEC2C2_BGRA8_6FA3D20B49F74D57EA7861BDB521A2D__B23CCFF3C2FB5BBB9B00A1DE926EFC158E95CDD4.udd" 5198
"C:/Users/minukey/AppData/Local/UnrealEngine/Common/DerivedDataCache/9/2/3/TEXTURE_E01F4250BECD420DA9CE63B5EECEC2C2_BGRA8_FED3F93D4D5E18EA3710ECAD08573B8__D1064C82F1CB2D07FAF473A6D6CD4CEE09789707.udd" 5199
"C:/Users/minukey/AppData/Local/UnrealEngine/Common/DerivedDataCache/1/1/6/TEXTURE_E01F4250BECD420DA9CE63B5EECEC2C2_AUTODXT_8228E07F498C2C32438879B7C3B3E__DCB492992E03F0962E1F94D494CE2720FAAF992B.udd" 5200
"C:/Users/minukey/AppData/Local/UnrealEngine/Common/DerivedDataCache/5/5/0/TEXTURE_E01F4250BECD420DA9CE63B5EECEC2C2_ASTC_RGBAUTO_38_6A08DD9948839203A0EBD__6509859B8B4500FAFB429AEEDF20B31144344C8D.udd" 5201
"C:/Users/minukey/AppData/Local/UnrealEngine/Common/DerivedDataCache/2/8/8/TEXTURE_E01F4250BECD420DA9CE63B5EECEC2C2_AUTODXT_6A08DD9948839203A0EBD0B0A31F4__033E43E2C09F88735C2AC706B305A71CE1825EDE.udd" 5202
"C:/Users/minukey/AppData/Local/UnrealEngine/Common/DerivedDataCache/6/7/6/TEXTURE_E01F4250BECD420DA9CE63B5EECEC2C2_AUTOETC2_6A08DD9948839203A0EBD0B0A31F__B99AA9B94F906B36CC6E6E4ABA405822EB7D1802.udd" 5203
"C:/Users/minukey/AppData/Local/UnrealEngine/Common/DerivedDataCache/8/2/2/TEXTURE_E01F4250BECD420DA9CE63B5EECEC2C2_AUTODXT_BCDC61154176003A11ECEDB182FFC__3DA5B1EB67AA13CEC9D28F2B11961368B08D1D27.udd" 5204
"C:/Users/minukey/AppData/Local/UnrealEngine/Common/DerivedDataCache/2/8/8/TEXTURE_E01F4250BECD420DA9CE63B5EECEC2C2_ASTC_RGBAUTO_38_BCDC61154176003A11ECE__749F24AD9FF37400F16EBDCCDBE2AE5DDFDD6EBC.udd" 5205
"C:/Users/minukey/AppData/Local/UnrealEngine/Common/DerivedDataCache/5/0/5/TEXTURE_E01F4250BECD420DA9CE63B5EECEC2C2_BGRA8_1F7B0F9942225F2FC5B664901E2E87D__FF64AD38A0EB9B3BC17FFFB066E5C716DE652B70.udd" 5206
"C:/Users/minukey/AppData/Local/UnrealEngine/Common/DerivedDataCache/3/9/0/TEXTURE_E01F4250BECD420DA9CE63B5EECEC2C2_BGRA8_C182CA2B44C061D1F5EF3699B71B61A__37C9F8DCD3CE9CC17BBCF294748834CB25F74777.udd" 5207
"C:/Users/minukey/AppData/Local/UnrealEngine/Common/DerivedDataCache/6/2/1/TEXTURE_E01F4250BECD420DA9CE63B5EECEC2C2_BGRA8_5AD6101B4481850D767761B9F4BB503__4B8055A22D6734E6B49F9F882322AFD5871FA9D5.udd" 5208
"C:/Users/minukey/AppData/Local/UnrealEngine/Common/DerivedDataCache/2/9/7/TEXTURE_E01F4250BECD420DA9CE63B5EECEC2C2_BGRA8_C09A241447302F32F03B539E52E04CB__A12A711212BA3A2970A4931E6517F9BD067C8CF7.udd" 5209
"C:/Users/minukey/AppData/Local/UnrealEngine/Common/DerivedDataCache/7/1/2/TEXTURE_E01F4250BECD420DA9CE63B5EECEC2C2_BGRA8_BF2F529746434E54BE3AE88166FC30F__13F90461BF9802AA83C73B4463D8700348E56559.udd" 5210
"C:/Users/minukey/AppData/Local/UnrealEngine/Common/DerivedDataCache/2/9/9/TEXTURE_E01F4250BECD420DA9CE63B5EECEC2C2_BGRA8_FB064DB9408E9EDBFD4B9FAC7576249__DBAEBBF750EEAE1BE85617421F36CE08AE786B20.udd" 5211
"C:/Users/minukey/AppData/Local/UnrealEngine/Common/DerivedDataCache/6/8/4/TEXTURE_E01F4250BECD420DA9CE63B5EECEC2C2_BGRA8_FDA32DC14D38CD296FD8CDA7410B253__920A69212E371EBCCBD854B4BE82B07A19BFD9AA.udd" 5212
"C:/Users/minukey/AppData/Local/UnrealEngine/Common/DerivedDataCache/2/2/2/TEXTURE_E01F4250BECD420DA9CE63B5EECEC2C2_BGRA8_5180C0AC4A35A6772D52E48D5C8EE4A__0EDD54073806381BA0001D7F3922611D710CBD11.udd" 5213
"C:/Users/minukey/AppData/Local/UnrealEngine/Common/DerivedDataCache/9/1/6/TEXTURE_E01F4250BECD420DA9CE63B5EECEC2C2_AUTOETC2_BCDC61154176003A11ECEDB182FF__669DB20FFECF723529F87B8F4224DE1A59D8C4DC.udd" 5214
"C:/Users/minukey/AppData/Local/UnrealEngine/Common/DerivedDataCache/3/8/9/TEXTURE_E01F4250BECD420DA9CE63B5EECEC2C2_BGRA8_38C7579D4E8BF94EB9912EBEAE19B4A__98CD2F58039E589F32B26E6ABD7C014876D25A39.udd" 5215
"C:/Users/minukey/AppData/Local/UnrealEngine/Common/DerivedDataCache/4/0/0/TEXTURE_E01F4250BECD420DA9CE63B5EECEC2C2_BGRA8_6FB1204C4C1727A60545439D18BA114__84E95DF0F4FAA93CA74A89D6FC631F26B118FC42.udd" 5216
"C:/Users/minukey/AppData/Local/UnrealEngine/Common/DerivedDataCache/3/8/8/TEXTURE_E01F4250BECD420DA9CE63B5EECEC2C2_BGRA8_7EA596B04D19221E930BCD9BE7F281C__EBC16F5DEEFEA436FCCAD136C805F773A8C7125D.udd" 5217
"C:/Users/minukey/AppData/Local/UnrealEngine/Common/DerivedDataCache/9/0/1/TEXTURE_E01F4250BECD420DA9CE63B5EECEC2C2_BGRA8_14B2D3994E4B614F3B37ECA4311B649__8441708749B099F41691115AAC4D6EB27E63F91A.udd" 5218
"C:/Users/minukey/AppData/Local/UnrealEngine/Common/DerivedDataCache/3/2/4/TEXTURE_E01F4250BECD420DA9CE63B5EECEC2C2_BGRA8_FBEBBCD8431CFFB77B00688BBD39AC5__DA26349144574BBCFD377FEBA812631CE52E1C49.udd" 5219
"C:/Users/minukey/AppData/Local/UnrealEngine/Common/DerivedDataCache/2/5/5/TEXTURE_E01F4250BECD420DA9CE63B5EECEC2C2_BGRA8_CD6504164FF5DD8986662B897D44729__64D1D4C4967085A571636C687C8DF073B285F752.udd" 5220
"C:/Users/minukey/AppData/Local/UnrealEngine/Common/DerivedDataCache/7/6/2/TEXTURE_E01F4250BECD420DA9CE63B5EECEC2C2_BGRA8_C7CAED35485A117904254F9B1EB7754__C30C714989A0363C6B3B2B9F83958C5A9B5FFACC.udd" 5221
"C:/Users/minukey/AppData/Local/UnrealEngine/Common/DerivedDataCache/6/0/0/TEXTURE_E01F4250BECD420DA9CE63B5EECEC2C2_BGRA8_DF909E5D4AAA802FB4DACDA2E2A5255__02CC5032566A2E19DCF194ABEDCD00E179A8B681.udd" 5222
"C:/Users/minukey/AppData/Local/UnrealEngine/Common/DerivedDataCache/3/4/9/TEXTURE_E01F4250BECD420DA9CE63B5EECEC2C2_BGRA8_FB614FC648EE682001401BAF45CC263__4903A2D9FDC142A669460C40B08151A9629985D1.udd" 5223
"C:/Users/minukey/AppData/Local/UnrealEngine/Common/DerivedDataCache/6/6/5/TEXTURE_E01F4250BECD420DA9CE63B5EECEC2C2_BGRA8_BE62539440BD4E5EF36293B17326257__4B7CCA2373EFDA94AE01A65A60015EF4B7F19927.udd" 5224
"C:/Users/minukey/AppData/Local/UnrealEngine/Common/DerivedDataCache/9/3/4/TEXTURE_E01F4250BECD420DA9CE63B5EECEC2C2_BGRA8_124371E2401FE71536733EB1B9315C6__5C8B66918C98C5A3A4033A647904BC3FBA2EF477.udd" 5225
"C:/Users/minukey/AppData/Local/UnrealEngine/Common/DerivedDataCache/8/6/0/TEXTURE_E01F4250BECD420DA9CE63B5EECEC2C2_BGRA8_4F6B7C4C41483E86B1E4199E315267B__3B87D706FF795B0972B49945F4F19F44DCC09F60.udd" 5226
"C:/Users/minukey/AppData/Local/UnrealEngine/Common/DerivedDataCache/9/1/1/TEXTURE_E01F4250BECD420DA9CE63B5EECEC2C2_BGRA8_3FC23BD54546476F6FD7BA886892BE6__AA6125E13A8B62049E412E4864198EF3F7192C52.udd" 5227
"C:/Users/minukey/AppData/Local/UnrealEngine/Common/DerivedDataCache/4/5/9/TEXTURE_E01F4250BECD420DA9CE63B5EECEC2C2_BGRA8_595996A648EFB49643E81088CBACEEE__F1ADA47003CD587261E0DA0EAD337BBC0E1B3003.udd" 5228
"C:/Users/minukey/AppData/Local/UnrealEngine/Common/DerivedDataCache/1/8/8/TEXTURE_E01F4250BECD420DA9CE63B5EECEC2C2_BGRA8_C3EB497F43711FBC27F492AB994287D__C2D2F0455D0B08378DBF5AFFCF1EEA2274739EF0.udd" 5229
"C:/Users/minukey/AppData/Local/UnrealEngine/Common/DerivedDataCache/9/2/9/TEXTURE_E01F4250BECD420DA9CE63B5EECEC2C2_BGRA8_575AF94A4B0E850C675963B78DBD29A__435B81960096927F32F2EDE7B73589278150EDD5.udd" 5230
"C:/Users/minukey/AppData/Local/UnrealEngine/Common/DerivedDataCache/6/3/4/TEXTURE_E01F4250BECD420DA9CE63B5EECEC2C2_BGRA8_B086DD6B401369FA7A044389141C397__A876D1029682C1ADD5778BC3761F723D12956182.udd" 5231
"C:/Users/minukey/AppData/Local/UnrealEngine/Common/DerivedDataCache/4/2/5/TEXTURE_E01F4250BECD420DA9CE63B5EECEC2C2_BGRA8_2062B0144EF4FB10BF9F4FBBEB531F3__972D297871DE330C64C3ED4810F41E197ABF280C.udd" 5232
"C:/Users/minukey/AppData/Local/UnrealEngine/Common/DerivedDataCache/3/8/1/TEXTURE_E01F4250BECD420DA9CE63B5EECEC2C2_BGRA8_07BE094C45BC6AD6088864A71A3A725__0684C5BA62B0E5E40C64E3154E6AA0FD17F27CE1.udd" 5233
"C:/Users/minukey/AppData/Local/UnrealEngine/Common/DerivedDataCache/0/9/5/TEXTURE_E01F4250BECD420DA9CE63B5EECEC2C2_BGRA8_BFB4103F4DF376F4D39C0BA4780DCEB__A3D08330AACD9C3CF603A940C8FFDBDB4E61A7CE.udd" 5234
"C:/Users/minukey/AppData/Local/UnrealEngine/Common/DerivedDataCache/8/4/5/TEXTURE_E01F4250BECD420DA9CE63B5EECEC2C2_BGRA8_7ADFE77A4E6861565798CBA8534DB15__0C0F43C6AB02DFC7091722C1DF956013839E3C06.udd" 5235
"C:/Users/minukey/AppData/Local/UnrealEngine/Common/DerivedDataCache/8/0/7/TEXTURE_E01F4250BECD420DA9CE63B5EECEC2C2_BGRA8_12CF54694C0F572024FD419618EDC08__94740A0ADA2F8795EA488B0AD178FF214861A38C.udd" 5236
"C:/Users/minukey/AppData/Local/UnrealEngine/Common/DerivedDataCache/3/1/8/TEXTURE_E01F4250BECD420DA9CE63B5EECEC2C2_BGRA8_6EDF069D401D9C7EB77A2DB7A9BDB78__CE9ECB4AF5C3C2596AE5255F22200DE481022159.udd" 5237
"C:/Users/minukey/AppData/Local/UnrealEngine/Common/DerivedDataCache/7/1/0/TEXTURE_E01F4250BECD420DA9CE63B5EECEC2C2_BGRA8_25DE2DAF4177C71A2C0834ABB3820FE__756769910FBE50F9BE6F042199431F4EAD899A1F.udd" 5238
"C:/Users/minukey/AppData/Local/UnrealEngine/Common/DerivedDataCache/4/5/7/TEXTURE_E01F4250BECD420DA9CE63B5EECEC2C2_BGRA8_38661AF445B629A12FE8048E22BB2F0__EE14936138C49AA0E291659F3929D0D9F1F120A6.udd" 5239
"C:/Users/minukey/AppData/Local/UnrealEngine/Common/DerivedDataCache/0/7/6/TEXTURE_E01F4250BECD420DA9CE63B5EECEC2C2_BGRA8_E6E7C4C44543E1F5E41D5EA5A3218EF__CF8A96B052C26563EBAD19F35BF41D7903799694.udd" 5240
"C:/Users/minukey/AppData/Local/UnrealEngine/Common/DerivedDataCache/4/9/1/TEXTURE_E01F4250BECD420DA9CE63B5EECEC2C2_BGRA8_C141025D46FF30A56DC9BBAE89F6193__8B008A98815ECC1027927DBC5CA7A1EC82270474.udd" 5241
"C:/Users/minukey/AppData/Local/UnrealEngine/Common/DerivedDataCache/2/4/6/STREAMEDAUDIO_BC6E92FBBD314E3B9B9EC6778749EB5E_OGG10000$2D1$2D1$2D1$2D1$2D1_4_C611A3AF464E5160798E99B5104392F5.udd" 5242
"C:/Users/minukey/AppData/Local/UnrealEngine/Common/DerivedDataCache/5/1/6/STREAMEDAUDIO_BC6E92FBBD314E3B9B9EC6778749EB5E_OGG10000$2D1$2D1$2D1$2D1$2D1_4_0D17139C40F140A21B3EC9A27D0299C3.udd" 5243
"C:/Users/minukey/AppData/Local/UnrealEngine/Common/DerivedDataCache/7/4/0/STREAMEDAUDIO_BC6E92FBBD314E3B9B9EC6778749EB5E_OGG10000$2D1$2D1$2D1$2D1$2D1_4_B188F1D446220F49327F3E94D3029B14.udd" 5244
"C:/Users/minukey/AppData/Local/UnrealEngine/Common/DerivedDataCache/2/6/6/MATSM_0BA69734E4FD45E082FA4560DBE25454_SF_VULKAN_ES31_ANDROID_2336__BC5N_NOCCB__80CE8819518E2FFA00712F598B9BEF8A58E33778.udd" 5245
"C:/Users/minukey/AppData/Local/UnrealEngine/Common/DerivedDataCache/0/1/7/MATSM_0BA69734E4FD45E082FA4560DBE25454_GLSL_ES3_1_ANDROID_18786__BC5N_NOCCBN_N__BBDCCF87E5557B44C97DAE1007378AEC6DB79E50.udd" 5246
"C:/Users/minukey/AppData/Local/UnrealEngine/Common/DerivedDataCache/2/1/8/TEXTURE_E01F4250BECD420DA9CE63B5EECEC2C2_BGRA8_26AD620D41312C373876B09F07B6143__6B9272E75BCA7ABF9FF998C1F3C57AAFA0DA37DC.udd" 5247
"C:/Users/minukey/AppData/Local/UnrealEngine/Common/DerivedDataCache/9/9/4/TEXTURE_E01F4250BECD420DA9CE63B5EECEC2C2_BGRA8_96844B3D4DBA71392C8E24B5841FDB2__CE53A7E91BBD9EF64C6D895A5CC083BC109E0748.udd" 5248
"C:/Users/minukey/AppData/Local/UnrealEngine/Common/DerivedDataCache/9/8/0/TEXTURE_E01F4250BECD420DA9CE63B5EECEC2C2_BGRA8_BE2278C9478E257091B6ECB11BE1BEC__78AE02DD0D30D137938BDA1115C7B29815B0FC4C.udd" 5249
"C:/Users/minukey/AppData/Local/UnrealEngine/Common/DerivedDataCache/4/0/5/TEXTURE_E01F4250BECD420DA9CE63B5EECEC2C2_BGRA8_614EEC2A47CEA608FDB52091C01C791__7449A6936704F0AEF0892C295675304982A3B468.udd" 5250
"C:/Users/minukey/AppData/Local/UnrealEngine/Common/DerivedDataCache/1/6/5/TEXTURE_E01F4250BECD420DA9CE63B5EECEC2C2_BGRA8_0F2F786A4CC7B6F2277A878F1A67091__6C5C3F17C775613B098387571CCDEBE9D9A9C318.udd" 5251
"C:/Users/minukey/AppData/Local/UnrealEngine/Common/DerivedDataCache/6/8/9/MATSM_0BA69734E4FD45E082FA4560DBE25454_SF_VULKAN_ES31_ANDROID_2336__BC5N_NOCCB__55042184C2ABC4A3C4DEFA97C57012B025D60C67.udd" 5252
"C:/Users/minukey/AppData/Local/UnrealEngine/Common/DerivedDataCache/9/3/7/TEXTURE_E01F4250BECD420DA9CE63B5EECEC2C2_BGRA8_5742495A418EEC6E75FB03B08131F65__26119C5A8299F06646899167EDA2D92FFC50CB78.udd" 5253
"C:/Users/minukey/AppData/Local/UnrealEngine/Common/DerivedDataCache/7/3/6/TEXTURE_E01F4250BECD420DA9CE63B5EECEC2C2_BGRA8_9FF545F348F08F23CB47BC9E778CBDA__C7DF1BF9DADC47FDE41E55443561B3D9E696B89E.udd" 5254
"C:/Users/minukey/AppData/Local/UnrealEngine/Common/DerivedDataCache/8/8/3/MATSM_0BA69734E4FD45E082FA4560DBE25454_GLSL_ES3_1_ANDROID_18786__BC5N_NOCCBN_N__E4B2D7EED5256B61C44AE2A60A176835008E0D7F.udd" 5255
"C:/Users/minukey/AppData/Local/UnrealEngine/Common/DerivedDataCache/1/0/4/STREAMEDAUDIO_BC6E92FBBD314E3B9B9EC6778749EB5E_OGG10000$2D1$2D1$2D1$2D1$2D1_4_AC687B7C46494791FB3C8F9BD70A7F44.udd" 5256
"C:/Users/minukey/AppData/Local/UnrealEngine/Common/DerivedDataCache/5/3/4/STREAMEDAUDIO_BC6E92FBBD314E3B9B9EC6778749EB5E_OGG10000$2D1$2D1$2D1$2D1$2D1_4_2AE83B124833532F6467A099FC8D705B.udd" 5257
"C:/Users/minukey/AppData/Local/UnrealEngine/Common/DerivedDataCache/0/9/5/STREAMEDAUDIO_BC6E92FBBD314E3B9B9EC6778749EB5E_OGG10000$2D1$2D1$2D1$2D1$2D1_4_D98BA91D49074F5486D78B93773803A1.udd" 5258
"C:/Users/minukey/AppData/Local/UnrealEngine/Common/DerivedDataCache/3/7/3/STREAMEDAUDIO_BC6E92FBBD314E3B9B9EC6778749EB5E_OGG10000$2D1$2D1$2D1$2D1$2D1_4_A3D898C049053A8BAA7B1DACD56D9DE1.udd" 5259
"C:/Users/minukey/AppData/Local/UnrealEngine/Common/DerivedDataCache/6/2/2/TEXTURE_E01F4250BECD420DA9CE63B5EECEC2C2_BGRA8_74A66F794EAA925BB0CF4DB3539835C__18C68504344845E62F3B7BF887768FB0A6222B91.udd" 5260
"C:/Users/minukey/AppData/Local/UnrealEngine/Common/DerivedDataCache/9/6/4/TEXTURE_E01F4250BECD420DA9CE63B5EECEC2C2_ASTC_RGBAUTO_38_605124CE412EC5CA9E2D0__AA465D2C80D043D53533E364F6C034A4982CB2CC.udd" 5261
"C:/Users/minukey/AppData/Local/UnrealEngine/Common/DerivedDataCache/6/4/0/TEXTURE_E01F4250BECD420DA9CE63B5EECEC2C2_AUTODXT_605124CE412EC5CA9E2D0CBA14701__F91E27AA5AE019EA2CD55407D81E5577A8EACF7E.udd" 5262
"C:/Users/minukey/AppData/Local/UnrealEngine/Common/DerivedDataCache/6/3/3/TEXTURE_E01F4250BECD420DA9CE63B5EECEC2C2_AUTOETC2_605124CE412EC5CA9E2D0CBA1470__D71626A7A1D9771A6554F7D9B8C426B911BDB35F.udd" 5263
"C:/Users/minukey/AppData/Local/UnrealEngine/Common/DerivedDataCache/6/3/9/TEXTURE_E01F4250BECD420DA9CE63B5EECEC2C2_BGRA8_89CA256C41EF90E73E7E9F92046213E__36EEB325EFC5FB118CA1627E4C0B3EF0D85DE8BF.udd" 5264
"C:/Users/minukey/AppData/Local/UnrealEngine/Common/DerivedDataCache/8/1/0/TEXTURE_E01F4250BECD420DA9CE63B5EECEC2C2_BGRA8_ECFE1EB2419533F439FF0F84F12D917__72F72B85C540462B66521E5DA554EFA66C5396E5.udd" 5265
"C:/Users/minukey/AppData/Local/UnrealEngine/Common/DerivedDataCache/3/3/3/TEXTURE_E01F4250BECD420DA9CE63B5EECEC2C2_BGRA8_0622D6AF415F058B26A0D9A22BED227__39A5838531E7C6F803B0562B82F964D7977B69A8.udd" 5266
"C:/Users/minukey/AppData/Local/UnrealEngine/Common/DerivedDataCache/4/3/4/TEXTURE_E01F4250BECD420DA9CE63B5EECEC2C2_BGRA8_EEFBEFAA4D0B88F8250A958C89C8842__31C0F9BE278968B5961FC55528B42800F57EEE2B.udd" 5267
"C:/Users/minukey/AppData/Local/UnrealEngine/Common/DerivedDataCache/8/5/0/TEXTURE_E01F4250BECD420DA9CE63B5EECEC2C2_BGRA8_53F0C78841355870C6225AA491F7CBE__88DC061EC683EAB9A8C5B822B9E1528610ABB29C.udd" 5268
"C:/Users/minukey/AppData/Local/UnrealEngine/Common/DerivedDataCache/7/9/5/STREAMEDAUDIO_BC6E92FBBD314E3B9B9EC6778749EB5E_OGG10000$2D1$2D1$2D1$2D1$2D1_4_5E9C74CB448A32EFADB85AA550F371C9.udd" 5269
"C:/Users/minukey/AppData/Local/UnrealEngine/Common/DerivedDataCache/6/1/6/TEXTURE_E01F4250BECD420DA9CE63B5EECEC2C2_ASTC_RGBAUTO_38_A23DAEAE4F2C9D365E5EB__9364AE8C713F8FE60929D6F3DC53E483D0F1DE78.udd" 5270
"C:/Users/minukey/AppData/Local/UnrealEngine/Common/DerivedDataCache/6/6/7/TEXTURE_E01F4250BECD420DA9CE63B5EECEC2C2_ASTC_RGBAUTO_38_A23DAEAE4F2C9D365E5EB__D87797173C8DD816749B0355BD6C0111D0A8DA6B.udd" 5271
"C:/Users/minukey/AppData/Local/UnrealEngine/Common/DerivedDataCache/1/0/8/TEXTURE_E01F4250BECD420DA9CE63B5EECEC2C2_ASTC_RGBAUTO_38_A23DAEAE4F2C9D365E5EB__E8001DAC6A578697E24D36FDFC4863B45F152D80.udd" 5272
"C:/Users/minukey/AppData/Local/UnrealEngine/Common/DerivedDataCache/3/4/5/TEXTURE_E01F4250BECD420DA9CE63B5EECEC2C2_AUTODXT_A23DAEAE4F2C9D365E5EBD91F9F2E__38774C4C81F716CF71869CA793FD5A68E1F13F9C.udd" 5273
"C:/Users/minukey/AppData/Local/UnrealEngine/Common/DerivedDataCache/7/7/1/TEXTURE_E01F4250BECD420DA9CE63B5EECEC2C2_AUTODXT_A23DAEAE4F2C9D365E5EBD91F9F2E__A54140108F26BD6DA1325DD225E487F36471DC60.udd" 5274
"C:/Users/minukey/AppData/Local/UnrealEngine/Common/DerivedDataCache/8/4/0/TEXTURE_E01F4250BECD420DA9CE63B5EECEC2C2_AUTODXT_A23DAEAE4F2C9D365E5EBD91F9F2E__57F9345BB8A8283A4D30708DAB155018E688175E.udd" 5275
"C:/Users/minukey/AppData/Local/UnrealEngine/Common/DerivedDataCache/1/1/4/TEXTURE_E01F4250BECD420DA9CE63B5EECEC2C2_AUTOETC2_A23DAEAE4F2C9D365E5EBD91F9F2__2982B5C6E9952DAF97C286AD5EDA5B8C8FF3CAFE.udd" 5276
"C:/Users/minukey/AppData/Local/UnrealEngine/Common/DerivedDataCache/0/2/9/TEXTURE_E01F4250BECD420DA9CE63B5EECEC2C2_AUTOETC2_A23DAEAE4F2C9D365E5EBD91F9F2__2AB674EAB188D4A04A9FD0607EA011FDDDCF860F.udd" 5277
"C:/Users/minukey/AppData/Local/UnrealEngine/Common/DerivedDataCache/8/1/6/TEXTURE_E01F4250BECD420DA9CE63B5EECEC2C2_AUTOETC2_A23DAEAE4F2C9D365E5EBD91F9F2__2039744DDBD2C17727FCB4066B5818F0E2101828.udd" 5278
"C:/Users/minukey/AppData/Local/UnrealEngine/Common/DerivedDataCache/5/4/7/TEXTURE_E01F4250BECD420DA9CE63B5EECEC2C2_ASTC_RGBAUTO_38_BCE4AF734A84964A35BD2__B3B3E4941AE7CC3FAC8552647990587158BF5D5F.udd" 5279
"C:/Users/minukey/AppData/Local/UnrealEngine/Common/DerivedDataCache/1/4/6/TEXTURE_E01F4250BECD420DA9CE63B5EECEC2C2_ASTC_RGBAUTO_38_BCE4AF734A84964A35BD2__9A586BB41CF57E9B8895A075E4144E555D924C16.udd" 5280
"C:/Users/minukey/AppData/Local/UnrealEngine/Common/DerivedDataCache/2/6/1/TEXTURE_E01F4250BECD420DA9CE63B5EECEC2C2_ASTC_RGBAUTO_38_BCE4AF734A84964A35BD2__6D3E5003F7CCD30DACF8D48897B536ECED0A5883.udd" 5281
"C:/Users/minukey/AppData/Local/UnrealEngine/Common/DerivedDataCache/3/3/5/TEXTURE_E01F4250BECD420DA9CE63B5EECEC2C2_AUTODXT_BCE4AF734A84964A35BD24B26632C__D22BD85DF7FE5C419931E6183C5576E14233A76A.udd" 5282
"C:/Users/minukey/AppData/Local/UnrealEngine/Common/DerivedDataCache/8/3/0/TEXTURE_E01F4250BECD420DA9CE63B5EECEC2C2_AUTODXT_BCE4AF734A84964A35BD24B26632C__A1E78D32EDDED22C9329F12CD44FA0F78421127D.udd" 5283
"C:/Users/minukey/AppData/Local/UnrealEngine/Common/DerivedDataCache/5/4/7/TEXTURE_E01F4250BECD420DA9CE63B5EECEC2C2_AUTODXT_BCE4AF734A84964A35BD24B26632C__A4BA0FEF2D12786BA83074E0552D6BD582F4F672.udd" 5284
"C:/Users/minukey/AppData/Local/UnrealEngine/Common/DerivedDataCache/6/8/7/TEXTURE_E01F4250BECD420DA9CE63B5EECEC2C2_AUTOETC2_BCE4AF734A84964A35BD24B26632__985B784800185B97AE7A25F98746224C0758BEB9.udd" 5285
"C:/Users/minukey/AppData/Local/UnrealEngine/Common/DerivedDataCache/5/1/2/TEXTURE_E01F4250BECD420DA9CE63B5EECEC2C2_AUTOETC2_BCE4AF734A84964A35BD24B26632__E064B724E3576388425E3165204410CC0E7AA934.udd" 5286
"C:/Users/minukey/AppData/Local/UnrealEngine/Common/DerivedDataCache/6/7/7/TEXTURE_E01F4250BECD420DA9CE63B5EECEC2C2_AUTOETC2_BCE4AF734A84964A35BD24B26632__8907DA0EED9BB424CE0E289526317BA8DF55C8D8.udd" 5287
"C:/Users/minukey/AppData/Local/UnrealEngine/Common/DerivedDataCache/9/9/9/TEXTURE_E01F4250BECD420DA9CE63B5EECEC2C2_ASTC_RGBAUTO_38_59DDCC684B38FF5FAC848__A567ADEF0113BD0879B7982ED9B3E840F39F9094.udd" 5288
"C:/Users/minukey/AppData/Local/UnrealEngine/Common/DerivedDataCache/4/0/3/TEXTURE_E01F4250BECD420DA9CE63B5EECEC2C2_ASTC_RGBAUTO_38_59DDCC684B38FF5FAC848__7EA57E61F9EA8EDC06410908D0B3D1BB8C30C86F.udd" 5289
"C:/Users/minukey/AppData/Local/UnrealEngine/Common/DerivedDataCache/0/9/5/TEXTURE_E01F4250BECD420DA9CE63B5EECEC2C2_ASTC_RGBAUTO_38_59DDCC684B38FF5FAC848__C7877B514A36FAD70E870CC10F94F050116E3CFF.udd" 5290
"C:/Users/minukey/AppData/Local/UnrealEngine/Common/DerivedDataCache/0/8/6/TEXTURE_E01F4250BECD420DA9CE63B5EECEC2C2_AUTODXT_59DDCC684B38FF5FAC8480A319906__785B91A4252FCF48A6A0A473710F592DA6066268.udd" 5291
"C:/Users/minukey/AppData/Local/UnrealEngine/Common/DerivedDataCache/8/7/8/TEXTURE_E01F4250BECD420DA9CE63B5EECEC2C2_AUTODXT_59DDCC684B38FF5FAC8480A319906__B89B7DF331AA61D83F8DBA2DFB2234259A67379B.udd" 5292
"C:/Users/minukey/AppData/Local/UnrealEngine/Common/DerivedDataCache/7/9/4/TEXTURE_E01F4250BECD420DA9CE63B5EECEC2C2_AUTODXT_59DDCC684B38FF5FAC8480A319906__8478CDCAB15E44158B3BB6477C86DB7350C8DC1D.udd" 5293
"C:/Users/minukey/AppData/Local/UnrealEngine/Common/DerivedDataCache/7/3/6/TEXTURE_E01F4250BECD420DA9CE63B5EECEC2C2_AUTOETC2_59DDCC684B38FF5FAC8480A31990__9932CFEE715777AEAD3D51FA3418E2DE3F73C9BD.udd" 5294
"C:/Users/minukey/AppData/Local/UnrealEngine/Common/DerivedDataCache/9/9/4/TEXTURE_E01F4250BECD420DA9CE63B5EECEC2C2_AUTOETC2_59DDCC684B38FF5FAC8480A31990__9B20EF37AA59898B83170F3939E5F1CCF102F02B.udd" 5295
"C:/Users/minukey/AppData/Local/UnrealEngine/Common/DerivedDataCache/6/9/8/TEXTURE_E01F4250BECD420DA9CE63B5EECEC2C2_AUTOETC2_59DDCC684B38FF5FAC8480A31990__D79BB9B3FA2820A073098CFA290186A8EB3CB6C7.udd" 5296
"C:/Users/minukey/AppData/Local/UnrealEngine/Common/DerivedDataCache/6/5/3/TEXTURE_E01F4250BECD420DA9CE63B5EECEC2C2_ASTC_RGBAUTO_38_EFD9EFCC4F19F4E39721F__642314541A884AADD4ACADFB40A0376422A8AF0E.udd" 5297
"C:/Users/minukey/AppData/Local/UnrealEngine/Common/DerivedDataCache/6/0/2/TEXTURE_E01F4250BECD420DA9CE63B5EECEC2C2_ASTC_RGBAUTO_38_EFD9EFCC4F19F4E39721F__7225432DE012944A28C6B7589D52856A14FA3751.udd" 5298
"C:/Users/minukey/AppData/Local/UnrealEngine/Common/DerivedDataCache/6/6/4/TEXTURE_E01F4250BECD420DA9CE63B5EECEC2C2_ASTC_RGBAUTO_38_EFD9EFCC4F19F4E39721F__4D12872090D5A9DEB36B3F8D04129FB18C86D810.udd" 5299
"C:/Users/minukey/AppData/Local/UnrealEngine/Common/DerivedDataCache/5/3/8/TEXTURE_E01F4250BECD420DA9CE63B5EECEC2C2_AUTODXT_EFD9EFCC4F19F4E39721F8A4A3FE2__AEC125133F00A1277CACC6CC1CBE53BB97327AB3.udd" 5300
"C:/Users/minukey/AppData/Local/UnrealEngine/Common/DerivedDataCache/4/8/9/TEXTURE_E01F4250BECD420DA9CE63B5EECEC2C2_AUTODXT_EFD9EFCC4F19F4E39721F8A4A3FE2__7D14D5668BC09B3AE801CE0E2D36E076F3D37C9B.udd" 5301
"C:/Users/minukey/AppData/Local/UnrealEngine/Common/DerivedDataCache/1/5/4/TEXTURE_E01F4250BECD420DA9CE63B5EECEC2C2_AUTODXT_EFD9EFCC4F19F4E39721F8A4A3FE2__B664C52D8FFE0C094850B20B0374AA738D1F75FC.udd" 5302
"C:/Users/minukey/AppData/Local/UnrealEngine/Common/DerivedDataCache/1/2/4/TEXTURE_E01F4250BECD420DA9CE63B5EECEC2C2_AUTOETC2_EFD9EFCC4F19F4E39721F8A4A3FE__C0039D7817FD784F6D9868EB6A23FDBD87D05213.udd" 5303
"C:/Users/minukey/AppData/Local/UnrealEngine/Common/DerivedDataCache/3/6/1/TEXTURE_E01F4250BECD420DA9CE63B5EECEC2C2_AUTOETC2_EFD9EFCC4F19F4E39721F8A4A3FE__344065CA4B724E16709A97C5206014942D051EB4.udd" 5304
"C:/Users/minukey/AppData/Local/UnrealEngine/Common/DerivedDataCache/8/5/2/STREAMEDAUDIO_BC6E92FBBD314E3B9B9EC6778749EB5E_OGG10000$2D1$2D1$2D1$2D1$2D1_4_1416007445CBF51A3597AFA7A4CA1F33.udd" 5305
"C:/Users/minukey/AppData/Local/UnrealEngine/Common/DerivedDataCache/6/7/7/TEXTURE_E01F4250BECD420DA9CE63B5EECEC2C2_AUTOETC2_EFD9EFCC4F19F4E39721F8A4A3FE__D9767B2CEE733708D26EF977675AA2FB9054F90E.udd" 5306
"C:/Users/minukey/AppData/Local/UnrealEngine/Common/DerivedDataCache/1/8/7/TEXTURE_E01F4250BECD420DA9CE63B5EECEC2C2_ASTC_RGBAUTO_38_3BB6E6EE48C3AE4145BAC__F28F5349BF36677DC9571E14C3F6DD379C759439.udd" 5307
"C:/Users/minukey/AppData/Local/UnrealEngine/Common/DerivedDataCache/5/3/7/TEXTURE_E01F4250BECD420DA9CE63B5EECEC2C2_ASTC_RGBAUTO_38_3BB6E6EE48C3AE4145BAC__E42F25EA1DB0D46CB0836CF92834D954D8C0242D.udd" 5308
"C:/Users/minukey/AppData/Local/UnrealEngine/Common/DerivedDataCache/6/3/0/TEXTURE_E01F4250BECD420DA9CE63B5EECEC2C2_ASTC_RGBAUTO_38_3BB6E6EE48C3AE4145BAC__2230DCB3CE35155DE3D7F52B0D0FAAA0575154A7.udd" 5309
"C:/Users/minukey/AppData/Local/UnrealEngine/Common/DerivedDataCache/8/4/0/TEXTURE_E01F4250BECD420DA9CE63B5EECEC2C2_AUTODXT_3BB6E6EE48C3AE4145BACCA737A84__78989B737890B2F00F118EFDE32C9F1C36A171D3.udd" 5310
"C:/Users/minukey/AppData/Local/UnrealEngine/Common/DerivedDataCache/2/0/6/TEXTURE_E01F4250BECD420DA9CE63B5EECEC2C2_AUTODXT_3BB6E6EE48C3AE4145BACCA737A84__E55873116984218B866617B2D209170F2168C4DF.udd" 5311
"C:/Users/minukey/AppData/Local/UnrealEngine/Common/DerivedDataCache/3/6/6/TEXTURE_E01F4250BECD420DA9CE63B5EECEC2C2_AUTODXT_3BB6E6EE48C3AE4145BACCA737A84__016D86896FA872A40C6D1C84BD9BC24A2F6145B7.udd" 5312
"C:/Users/minukey/AppData/Local/UnrealEngine/Common/DerivedDataCache/3/1/1/TEXTURE_E01F4250BECD420DA9CE63B5EECEC2C2_AUTOETC2_3BB6E6EE48C3AE4145BACCA737A8__79B266E19402109848AECB6E641DBAE8A18DE333.udd" 5313
"C:/Users/minukey/AppData/Local/UnrealEngine/Common/DerivedDataCache/9/1/4/TEXTURE_E01F4250BECD420DA9CE63B5EECEC2C2_AUTOETC2_3BB6E6EE48C3AE4145BACCA737A8__CDC7E7437BF148F654A75319F7B6BD7F1DF71644.udd" 5314
"C:/Users/minukey/AppData/Local/UnrealEngine/Common/DerivedDataCache/2/2/3/TEXTURE_E01F4250BECD420DA9CE63B5EECEC2C2_AUTOETC2_3BB6E6EE48C3AE4145BACCA737A8__AB616E7ABF7B9621632D5E6135661EE684C77A33.udd" 5315
"C:/Users/minukey/AppData/Local/UnrealEngine/Common/DerivedDataCache/8/8/0/TEXTURE_E01F4250BECD420DA9CE63B5EECEC2C2_ASTC_RGBAUTO_38_5FED92EC4C140A91C667B__9D7B67FFBB50618A9EA3C65B3A6D664E6D3F4CAD.udd" 5316
"C:/Users/minukey/AppData/Local/UnrealEngine/Common/DerivedDataCache/6/9/7/TEXTURE_E01F4250BECD420DA9CE63B5EECEC2C2_ASTC_RGBAUTO_38_5FED92EC4C140A91C667B__0B868A0C9C5B418F6B54E94AE169252FB1322AE0.udd" 5317
"C:/Users/minukey/AppData/Local/UnrealEngine/Common/DerivedDataCache/6/0/6/TEXTURE_E01F4250BECD420DA9CE63B5EECEC2C2_ASTC_RGBAUTO_38_5FED92EC4C140A91C667B__60694ACE41AB549F7156D138B5BD93C95FA8F870.udd" 5318
"C:/Users/minukey/AppData/Local/UnrealEngine/Common/DerivedDataCache/0/8/4/TEXTURE_E01F4250BECD420DA9CE63B5EECEC2C2_AUTODXT_5FED92EC4C140A91C667BE90A54A8__22A14D7BCE294D946DACC054CA80CA92FE86C777.udd" 5319
"C:/Users/minukey/AppData/Local/UnrealEngine/Common/DerivedDataCache/2/5/9/STREAMEDAUDIO_BC6E92FBBD314E3B9B9EC6778749EB5E_OGG10000$2D1$2D1$2D1$2D1$2D1_4_DEB8788E4072C2A584E18D8025FAD805.udd" 5320
"C:/Users/minukey/AppData/Local/UnrealEngine/Common/DerivedDataCache/0/6/5/TEXTURE_E01F4250BECD420DA9CE63B5EECEC2C2_AUTODXT_5FED92EC4C140A91C667BE90A54A8__7EE66C6B060924BE0DB04A652BEA4D862EC0000A.udd" 5321
"C:/Users/minukey/AppData/Local/UnrealEngine/Common/DerivedDataCache/5/8/0/TEXTURE_E01F4250BECD420DA9CE63B5EECEC2C2_AUTODXT_5FED92EC4C140A91C667BE90A54A8__4F0B00129D1E9141F6FEC250B5B727EFEC9BD898.udd" 5322
"C:/Users/minukey/AppData/Local/UnrealEngine/Common/DerivedDataCache/0/1/4/STREAMEDAUDIO_BC6E92FBBD314E3B9B9EC6778749EB5E_OGG10000$2D1$2D1$2D1$2D1$2D1_4_C90E999E487269E9BF58A8A8F493DAA0.udd" 5323
"C:/Users/minukey/AppData/Local/UnrealEngine/Common/DerivedDataCache/9/1/2/TEXTURE_E01F4250BECD420DA9CE63B5EECEC2C2_AUTOETC2_5FED92EC4C140A91C667BE90A54A__44D2CD813DA5B27A0E496C3141F78D71FBAC45CF.udd" 5324
"C:/Users/minukey/AppData/Local/UnrealEngine/Common/DerivedDataCache/8/1/3/MATSM_0BA69734E4FD45E082FA4560DBE25454_SF_VULKAN_ES31_ANDROID_2336__BC5N_NOCCB__FB04ACBA893EFBB277E2F647B103DA0E682BB5F5.udd" 5325
"C:/Users/minukey/AppData/Local/UnrealEngine/Common/DerivedDataCache/5/4/2/TEXTURE_E01F4250BECD420DA9CE63B5EECEC2C2_AUTOETC2_5FED92EC4C140A91C667BE90A54A__13C9C51F3E967C3702C436B6ECE141403AB1D077.udd" 5326
"C:/Users/minukey/AppData/Local/UnrealEngine/Common/DerivedDataCache/6/1/4/MATSM_0BA69734E4FD45E082FA4560DBE25454_GLSL_ES3_1_ANDROID_18786__BC5N_NOCCBN_N__17FE7E293247C15662A40EFB60C960F7296FA70F.udd" 5327
"C:/Users/minukey/AppData/Local/UnrealEngine/Common/DerivedDataCache/9/3/5/MATSM_0BA69734E4FD45E082FA4560DBE25454_SF_VULKAN_ES31_ANDROID_2336__BC5N_NOCCB__BF2B1670566F2EFBD4E9BFB7E1ECCBE29A6B2CC5.udd" 5328
"C:/Users/minukey/AppData/Local/UnrealEngine/Common/DerivedDataCache/7/5/5/TEXTURE_E01F4250BECD420DA9CE63B5EECEC2C2_AUTOETC2_5FED92EC4C140A91C667BE90A54A__718877627654E11F410D3927ABD5B67289ABE5D0.udd" 5329
"C:/Users/minukey/AppData/Local/UnrealEngine/Common/DerivedDataCache/9/3/5/TEXTURE_E01F4250BECD420DA9CE63B5EECEC2C2_BGRA8_BF814E204DEBA5A90FC5E3BE258B160__750AA59C7F350B3337D3644757CFF828B49E10D8.udd" 5330
"C:/Users/minukey/AppData/Local/UnrealEngine/Common/DerivedDataCache/6/2/5/MATSM_0BA69734E4FD45E082FA4560DBE25454_GLSL_ES3_1_ANDROID_18786__BC5N_NOCCBN_N__6E6880FAAA736C0ACFBC04438667F9A70298A586.udd" 5331
"C:/Users/minukey/AppData/Local/UnrealEngine/Common/DerivedDataCache/5/4/9/TEXTURE_E01F4250BECD420DA9CE63B5EECEC2C2_ASTC_RGBAUTO_38_79B9B1A9461C04E325246__441E233833C702A27DCA7AF920467504C0B0DED9.udd" 5332
"C:/Users/minukey/AppData/Local/UnrealEngine/Common/DerivedDataCache/9/9/4/TEXTURE_E01F4250BECD420DA9CE63B5EECEC2C2_AUTODXT_79B9B1A9461C04E3252463BC9A5DE__21057CD95726B9F216FCD12F9C6B398197B87BE4.udd" 5333
"C:/Users/minukey/AppData/Local/UnrealEngine/Common/DerivedDataCache/7/7/0/TEXTURE_E01F4250BECD420DA9CE63B5EECEC2C2_AUTOETC2_79B9B1A9461C04E3252463BC9A5D__6C2A87BA219812D2A6CBE5865348857124C474F3.udd" 5334
"C:/Users/minukey/AppData/Local/UnrealEngine/Common/DerivedDataCache/9/2/3/TEXTURE_E01F4250BECD420DA9CE63B5EECEC2C2_ASTC_NORMALRG_38_267F1BA54C0605E4F54A__2F2EF06D825F8D4E43E911F9317E9B5DD717BC5B.udd" 5335
"C:/Users/minukey/AppData/Local/UnrealEngine/Common/DerivedDataCache/9/7/1/TEXTURE_E01F4250BECD420DA9CE63B5EECEC2C2_ASTC_NORMALRG_38_267F1BA54C0605E4F54A__60F89CFFCDF4E71627EB5E5999C5C5F8E0DAF665.udd" 5336
"C:/Users/minukey/AppData/Local/UnrealEngine/Common/DerivedDataCache/3/8/6/TEXTURE_E01F4250BECD420DA9CE63B5EECEC2C2_ASTC_NORMALRG_38_267F1BA54C0605E4F54A__3AC0BA7555EF2DE8E035A1CA024F525FB4BB0C7B.udd" 5337
"C:/Users/minukey/AppData/Local/UnrealEngine/Common/DerivedDataCache/1/7/1/TEXTURE_E01F4250BECD420DA9CE63B5EECEC2C2_ASTC_NORMALRG_38_267F1BA54C0605E4F54A__0B8F660C1BCE1ADC50BFEA9B2D1BAFBA61719267.udd" 5338
"C:/Users/minukey/AppData/Local/UnrealEngine/Common/DerivedDataCache/8/3/5/TEXTURE_E01F4250BECD420DA9CE63B5EECEC2C2_DXT5_267F1BA54C0605E4F54A439EC5A8AF85__49B9147B0FF91854D9AFC6ADB3BE5F8F224ED2AC.udd" 5339
"C:/Users/minukey/AppData/Local/UnrealEngine/Common/DerivedDataCache/2/5/7/TEXTURE_E01F4250BECD420DA9CE63B5EECEC2C2_DXT5_267F1BA54C0605E4F54A439EC5A8AF85__1A3B80542FE5FDEB58B4CE189C4569ED5E816303.udd" 5340
"C:/Users/minukey/AppData/Local/UnrealEngine/Common/DerivedDataCache/6/8/4/TEXTURE_E01F4250BECD420DA9CE63B5EECEC2C2_DXT5_267F1BA54C0605E4F54A439EC5A8AF85__ED8DF6C48D6492D6B8198111B4881C736A944506.udd" 5341
"C:/Users/minukey/AppData/Local/UnrealEngine/Common/DerivedDataCache/6/3/6/TEXTURE_E01F4250BECD420DA9CE63B5EECEC2C2_DXT5_267F1BA54C0605E4F54A439EC5A8AF85__93FE77682727018C41C79BEA58626C76A74AFA14.udd" 5342
"C:/Users/minukey/AppData/Local/UnrealEngine/Common/DerivedDataCache/4/1/2/TEXTURE_E01F4250BECD420DA9CE63B5EECEC2C2_ETC2_RGB_267F1BA54C0605E4F54A439EC5A8__8BDE5861731A8D332CA84260AA38A5A418972216.udd" 5343
"C:/Users/minukey/AppData/Local/UnrealEngine/Common/DerivedDataCache/2/6/3/STREAMEDAUDIO_BC6E92FBBD314E3B9B9EC6778749EB5E_OGG10000$2D1$2D1$2D1$2D1$2D1_4_9F0FB2B44C9CE0BDE30060AF5CC2EE93.udd" 5344
"C:/Users/minukey/AppData/Local/UnrealEngine/Common/DerivedDataCache/7/2/8/MATSM_0BA69734E4FD45E082FA4560DBE25454_SF_VULKAN_ES31_ANDROID_2336__BC5N_NOCCB__FA9B0EF555E463EBEF7C585070EDEF118E7EA1EC.udd" 5345
"C:/Users/minukey/AppData/Local/UnrealEngine/Common/DerivedDataCache/7/7/7/MATSM_0BA69734E4FD45E082FA4560DBE25454_GLSL_ES3_1_ANDROID_18786__BC5N_NOCCBN_N__35E9015D98C93BF2E88C9B0F5CB1CFF4ED887C6A.udd" 5346
"C:/Users/minukey/AppData/Local/UnrealEngine/Common/DerivedDataCache/7/9/6/TEXTURE_E01F4250BECD420DA9CE63B5EECEC2C2_ETC2_RGB_267F1BA54C0605E4F54A439EC5A8__F9F7EBB8BB9D5DA861C89D773CB193376D2FC6BD.udd" 5347
"C:/Users/minukey/AppData/Local/UnrealEngine/Common/DerivedDataCache/0/3/4/TEXTURE_E01F4250BECD420DA9CE63B5EECEC2C2_ETC2_RGB_267F1BA54C0605E4F54A439EC5A8__FB07A80E27B875B709F2478E75227376183F4613.udd" 5348
"C:/Users/minukey/AppData/Local/UnrealEngine/Common/DerivedDataCache/5/5/6/MATSM_0BA69734E4FD45E082FA4560DBE25454_SF_VULKAN_ES31_ANDROID_2336__BC5N_NOCCB__B5FDD0D6963C2985F5C396A7A70037A54412267A.udd" 5349
"C:/Users/minukey/AppData/Local/UnrealEngine/Common/DerivedDataCache/6/8/2/MATSM_0BA69734E4FD45E082FA4560DBE25454_GLSL_ES3_1_ANDROID_18786__BC5N_NOCCBN_N__0B7419F7A6AFD54A1887EEEF57712C873848A0F3.udd" 5350
"C:/Users/minukey/AppData/Local/UnrealEngine/Common/DerivedDataCache/9/6/8/MATSM_0BA69734E4FD45E082FA4560DBE25454_SF_VULKAN_ES31_ANDROID_2336__BC5N_NOCCB__C4609055852559282BAA9F3156D9839FE56FBE2F.udd" 5351
"C:/Users/minukey/AppData/Local/UnrealEngine/Common/DerivedDataCache/3/7/4/MATSM_0BA69734E4FD45E082FA4560DBE25454_GLSL_ES3_1_ANDROID_18786__BC5N_NOCCBN_N__0E00FB20A011D888E6C3305D6551404BC998A00A.udd" 5352
"C:/Users/minukey/AppData/Local/UnrealEngine/Common/DerivedDataCache/1/1/6/TEXTURE_E01F4250BECD420DA9CE63B5EECEC2C2_ETC2_RGB_267F1BA54C0605E4F54A439EC5A8__507327C792053F4E8664ED8C366F59736614E52C.udd" 5353
"C:/Users/minukey/AppData/Local/UnrealEngine/Common/DerivedDataCache/2/0/8/TEXTURE_E01F4250BECD420DA9CE63B5EECEC2C2_ASTC_RGBAUTO_38_49EBE4F9430B027F36397__31B86828A293D2F9FD6F0283FEB7A9E61A69C3A6.udd" 5354
"C:/Users/minukey/AppData/Local/UnrealEngine/Common/DerivedDataCache/8/5/3/TEXTURE_E01F4250BECD420DA9CE63B5EECEC2C2_ASTC_RGBAUTO_38_49EBE4F9430B027F36397__6E32D5F96956F87B9D808A5F372D7CE62F40941C.udd" 5355
"C:/Users/minukey/AppData/Local/UnrealEngine/Common/DerivedDataCache/2/4/6/TEXTURE_E01F4250BECD420DA9CE63B5EECEC2C2_ASTC_RGBAUTO_38_49EBE4F9430B027F36397__782FAC74ACE210D8A309247D8EE2433C2E9E9C2C.udd" 5356
"C:/Users/minukey/AppData/Local/UnrealEngine/Common/DerivedDataCache/4/0/7/TEXTURE_E01F4250BECD420DA9CE63B5EECEC2C2_ASTC_RGBAUTO_38_49EBE4F9430B027F36397__1EF92A26661164993BFCA7615D3BB9DC7FD25535.udd" 5357
"C:/Users/minukey/AppData/Local/UnrealEngine/Common/DerivedDataCache/2/1/9/TEXTURE_E01F4250BECD420DA9CE63B5EECEC2C2_AUTODXT_49EBE4F9430B027F3639729C4CE02__AEF7FC852C252B48B8AF11D411ECE129B4F9A092.udd" 5358
"C:/Users/minukey/AppData/Local/UnrealEngine/Common/DerivedDataCache/6/7/6/TEXTURE_E01F4250BECD420DA9CE63B5EECEC2C2_AUTODXT_49EBE4F9430B027F3639729C4CE02__73B6927160294425C68A683697A3FEAF4AECE796.udd" 5359
"C:/Users/minukey/AppData/Local/UnrealEngine/Common/DerivedDataCache/2/9/3/TEXTURE_E01F4250BECD420DA9CE63B5EECEC2C2_AUTODXT_49EBE4F9430B027F3639729C4CE02__76B7FAB8127FBEE8A380E5EAA8DBCA6B04BA6882.udd" 5360
"C:/Users/minukey/AppData/Local/UnrealEngine/Common/DerivedDataCache/3/2/7/MATSM_0BA69734E4FD45E082FA4560DBE25454_SF_VULKAN_ES31_ANDROID_2336__BC5N_NOCCB__D9538C56D12CF665472F91421BF16A1D5361C70D.udd" 5361
"C:/Users/minukey/AppData/Local/UnrealEngine/Common/DerivedDataCache/3/3/1/TEXTURE_E01F4250BECD420DA9CE63B5EECEC2C2_AUTODXT_49EBE4F9430B027F3639729C4CE02__6B1169ADDA949B3E3F94D2D78530755E72C53B30.udd" 5362
"C:/Users/minukey/AppData/Local/UnrealEngine/Common/DerivedDataCache/5/7/1/MATSM_0BA69734E4FD45E082FA4560DBE25454_GLSL_ES3_1_ANDROID_18786__BC5N_NOCCBN_N__17D4E21FAA15E3D2A3C91EE7336FB1C250F1BFCD.udd" 5363
"C:/Users/minukey/AppData/Local/UnrealEngine/Common/DerivedDataCache/6/1/8/TEXTURE_E01F4250BECD420DA9CE63B5EECEC2C2_AUTOETC2_49EBE4F9430B027F3639729C4CE0__557A42C42E36CCF8F53D01CBE8C2FFF70348F3F5.udd" 5364
"C:/Users/minukey/AppData/Local/UnrealEngine/Common/DerivedDataCache/7/8/3/TEXTURE_E01F4250BECD420DA9CE63B5EECEC2C2_AUTOETC2_49EBE4F9430B027F3639729C4CE0__088857BF8AC3CE0DF122EBC61C85C0BB723AABED.udd" 5365
"C:/Users/minukey/AppData/Local/UnrealEngine/Common/DerivedDataCache/8/3/5/MATSM_0BA69734E4FD45E082FA4560DBE25454_SF_VULKAN_ES31_ANDROID_2336__BC5N_NOCCB__612918864FDDB8016734F2B08CC2A44C4EAD02F0.udd" 5366
"C:/Users/minukey/AppData/Local/UnrealEngine/Common/DerivedDataCache/7/7/6/TEXTURE_E01F4250BECD420DA9CE63B5EECEC2C2_AUTOETC2_49EBE4F9430B027F3639729C4CE0__9D5B8B9E9B63F160B29D4741E812A245636D2FDF.udd" 5367
"C:/Users/minukey/AppData/Local/UnrealEngine/Common/DerivedDataCache/8/5/1/MATSM_0BA69734E4FD45E082FA4560DBE25454_GLSL_ES3_1_ANDROID_18786__BC5N_NOCCBN_N__E0C15C27D622367BCAF31E8506E2A87ADDAE9209.udd" 5368
"C:/Users/minukey/AppData/Local/UnrealEngine/Common/DerivedDataCache/6/7/7/TEXTURE_E01F4250BECD420DA9CE63B5EECEC2C2_AUTOETC2_49EBE4F9430B027F3639729C4CE0__5CB4DF76757329BEC81086748252CB60AFB8E379.udd" 5369
"C:/Users/minukey/AppData/Local/UnrealEngine/Common/DerivedDataCache/3/7/4/TEXTURE_E01F4250BECD420DA9CE63B5EECEC2C2_DXT5_550B17DD4E4B41095ADB0B9395D1461E__55E7A08926EA32B32BBCBA5588D2A47F0304D9E9.udd" 5370
"C:/Users/minukey/AppData/Local/UnrealEngine/Common/DerivedDataCache/6/2/4/TEXTURE_E01F4250BECD420DA9CE63B5EECEC2C2_DXT5_550B17DD4E4B41095ADB0B9395D1461E__8148CCC0C43F70C6495920F1EF991C265DED4319.udd" 5371
"C:/Users/minukey/AppData/Local/UnrealEngine/Common/DerivedDataCache/8/4/1/TEXTURE_E01F4250BECD420DA9CE63B5EECEC2C2_DXT5_550B17DD4E4B41095ADB0B9395D1461E__59FDE300BBA212482D162D993615B26F089D793D.udd" 5372
"C:/Users/minukey/AppData/Local/UnrealEngine/Common/DerivedDataCache/5/9/6/MATSM_0BA69734E4FD45E082FA4560DBE25454_SF_VULKAN_ES31_ANDROID_2336__BC5N_NOCCB__46CFA8AF508CC6B4753D467D83626851F74AE71B.udd" 5373
"C:/Users/minukey/AppData/Local/UnrealEngine/Common/DerivedDataCache/7/1/6/TEXTURE_E01F4250BECD420DA9CE63B5EECEC2C2_ASTC_NORMALRG_38_550B17DD4E4B41095ADB__4F8AB7C3991AD301CA4DC5AAF1FEB6DF939EDD5E.udd" 5374
"C:/Users/minukey/AppData/Local/UnrealEngine/Common/DerivedDataCache/9/1/1/TEXTURE_E01F4250BECD420DA9CE63B5EECEC2C2_DXT5_550B17DD4E4B41095ADB0B9395D1461E__C7A0F5ED5FF4CB7261D2DEDA8B57F1C3D0DBC3DF.udd" 5375
"C:/Users/minukey/AppData/Local/UnrealEngine/Common/DerivedDataCache/2/3/8/MATSM_0BA69734E4FD45E082FA4560DBE25454_GLSL_ES3_1_ANDROID_18786__BC5N_NOCCBN_N__24767505C58DB0AAE8A76B29BE949F4CAEEECB47.udd" 5376
"C:/Users/minukey/AppData/Local/UnrealEngine/Common/DerivedDataCache/7/3/7/TEXTURE_E01F4250BECD420DA9CE63B5EECEC2C2_DXT5_550B17DD4E4B41095ADB0B9395D1461E__580F2C607ECB9E03DADF159CD0C4EB0FCE5AADD3.udd" 5377
"C:/Users/minukey/AppData/Local/UnrealEngine/Common/DerivedDataCache/0/8/8/TEXTURE_E01F4250BECD420DA9CE63B5EECEC2C2_DXT5_550B17DD4E4B41095ADB0B9395D1461E__913F80B3CDE220A15F225A082CF0BECC7B9DFE58.udd" 5378
"C:/Users/minukey/AppData/Local/UnrealEngine/Common/DerivedDataCache/2/5/2/TEXTURE_E01F4250BECD420DA9CE63B5EECEC2C2_ASTC_NORMALRG_38_550B17DD4E4B41095ADB__E9274896711425B6B427CD5802E7CF2962F3EEE3.udd" 5379
"C:/Users/minukey/AppData/Local/UnrealEngine/Common/DerivedDataCache/1/6/7/TEXTURE_E01F4250BECD420DA9CE63B5EECEC2C2_ETC2_RGB_550B17DD4E4B41095ADB0B9395D1__8C830D41DC584A36785BE7E4F7BB14F8B4B176CD.udd" 5380
"C:/Users/minukey/AppData/Local/UnrealEngine/Common/DerivedDataCache/2/6/2/TEXTURE_E01F4250BECD420DA9CE63B5EECEC2C2_ASTC_NORMALRG_38_550B17DD4E4B41095ADB__88A41951746C39A21C9C802C3C41519D2F7B835F.udd" 5381
"C:/Users/minukey/AppData/Local/UnrealEngine/Common/DerivedDataCache/4/4/7/TEXTURE_E01F4250BECD420DA9CE63B5EECEC2C2_ETC2_RGB_550B17DD4E4B41095ADB0B9395D1__482E901F5209E2ECE0ABA04A3C9495C651AAFCDB.udd" 5382
"C:/Users/minukey/AppData/Local/UnrealEngine/Common/DerivedDataCache/4/1/0/TEXTURE_E01F4250BECD420DA9CE63B5EECEC2C2_ASTC_NORMALRG_38_550B17DD4E4B41095ADB__CBE1CD8B975C473006600C85D2DEE02AD65E31F9.udd" 5383
"C:/Users/minukey/AppData/Local/UnrealEngine/Common/DerivedDataCache/5/5/7/TEXTURE_E01F4250BECD420DA9CE63B5EECEC2C2_ASTC_NORMALRG_38_550B17DD4E4B41095ADB__4E22E7CD078F3C1DDEF06999CA54093F5A947255.udd" 5384
"C:/Users/minukey/AppData/Local/UnrealEngine/Common/DerivedDataCache/6/1/5/TEXTURE_E01F4250BECD420DA9CE63B5EECEC2C2_ASTC_NORMALRG_38_550B17DD4E4B41095ADB__351CD718CD7923D06B00E321911CA23EC819EA78.udd" 5385
"C:/Users/minukey/AppData/Local/UnrealEngine/Common/DerivedDataCache/8/1/9/TEXTURE_E01F4250BECD420DA9CE63B5EECEC2C2_ETC2_RGB_550B17DD4E4B41095ADB0B9395D1__92B0EAEA903C855A21F21C0D0C89D54E88084181.udd" 5386
"C:/Users/minukey/AppData/Local/UnrealEngine/Common/DerivedDataCache/8/3/8/TEXTURE_E01F4250BECD420DA9CE63B5EECEC2C2_ASTC_RGBAUTO_38_175FFFF34B3800668E3E9__FB74BA16290B5554A91B737E5847DA8B1228EF3B.udd" 5387
"C:/Users/minukey/AppData/Local/UnrealEngine/Common/DerivedDataCache/7/4/8/TEXTURE_E01F4250BECD420DA9CE63B5EECEC2C2_ETC2_RGB_550B17DD4E4B41095ADB0B9395D1__9BC4C6F92E563D782F65AB4917FEC879AE53A8B8.udd" 5388
"C:/Users/minukey/AppData/Local/UnrealEngine/Common/DerivedDataCache/3/5/1/TEXTURE_E01F4250BECD420DA9CE63B5EECEC2C2_ETC2_RGB_550B17DD4E4B41095ADB0B9395D1__73823F86378D704F40FABB89558604FDE4E984CD.udd" 5389
"C:/Users/minukey/AppData/Local/UnrealEngine/Common/DerivedDataCache/9/6/1/TEXTURE_E01F4250BECD420DA9CE63B5EECEC2C2_ASTC_RGBAUTO_38_175FFFF34B3800668E3E9__F25095C5F5099130F251FC35E590260C57D67A99.udd" 5390
"C:/Users/minukey/AppData/Local/UnrealEngine/Common/DerivedDataCache/4/5/4/TEXTURE_E01F4250BECD420DA9CE63B5EECEC2C2_ASTC_RGBAUTO_38_175FFFF34B3800668E3E9__CFCB3D4297EF31926234DFC9EC9BE584433CC4AF.udd" 5391
"C:/Users/minukey/AppData/Local/UnrealEngine/Common/DerivedDataCache/0/7/1/TEXTURE_E01F4250BECD420DA9CE63B5EECEC2C2_ASTC_RGBAUTO_38_175FFFF34B3800668E3E9__6BE427D004F7BA05B5EDC6A6F910B9297D9A20A8.udd" 5392
"C:/Users/minukey/AppData/Local/UnrealEngine/Common/DerivedDataCache/1/2/4/TEXTURE_E01F4250BECD420DA9CE63B5EECEC2C2_ASTC_RGBAUTO_38_175FFFF34B3800668E3E9__DEE51DA43CE05BE0FC7C7C0583EE0A68A3DD24C1.udd" 5393
"C:/Users/minukey/AppData/Local/UnrealEngine/Common/DerivedDataCache/8/3/2/TEXTURE_E01F4250BECD420DA9CE63B5EECEC2C2_ETC2_RGB_550B17DD4E4B41095ADB0B9395D1__CC7F2B2F6DB61587D9D16C24446626019A7391CD.udd" 5394
"C:/Users/minukey/AppData/Local/UnrealEngine/Common/DerivedDataCache/9/9/9/TEXTURE_E01F4250BECD420DA9CE63B5EECEC2C2_AUTODXT_175FFFF34B3800668E3E95AD8254F__F5AAFDA6DFDFAB3B29C55782AABB58BC9FE3D80D.udd" 5395
"C:/Users/minukey/AppData/Local/UnrealEngine/Common/DerivedDataCache/4/4/3/TEXTURE_E01F4250BECD420DA9CE63B5EECEC2C2_AUTOETC2_175FFFF34B3800668E3E95AD8254__8B32FB0D338A22C2D81DA34DF54BAF4A2A6762BD.udd" 5396
"C:/Users/minukey/AppData/Local/UnrealEngine/Common/DerivedDataCache/6/3/5/TEXTURE_E01F4250BECD420DA9CE63B5EECEC2C2_AUTODXT_175FFFF34B3800668E3E95AD8254F__33218BA0EADB25AA8DC49F47DB68D99A7F991E31.udd" 5397
"C:/Users/minukey/AppData/Local/UnrealEngine/Common/DerivedDataCache/4/0/1/TEXTURE_E01F4250BECD420DA9CE63B5EECEC2C2_AUTOETC2_175FFFF34B3800668E3E95AD8254__018CC906CF034AA8909C4BAB62673F1AC8CABFA2.udd" 5398
"C:/Users/minukey/AppData/Local/UnrealEngine/Common/DerivedDataCache/8/9/2/TEXTURE_E01F4250BECD420DA9CE63B5EECEC2C2_AUTODXT_175FFFF34B3800668E3E95AD8254F__3FE3CAFFAEA50C972BCA0BFF1ACFE2F33080542A.udd" 5399
"C:/Users/minukey/AppData/Local/UnrealEngine/Common/DerivedDataCache/8/9/3/TEXTURE_E01F4250BECD420DA9CE63B5EECEC2C2_AUTODXT_175FFFF34B3800668E3E95AD8254F__7BDB6C39FFB38A65114AACEBA23764E826341EB1.udd" 5400
"C:/Users/minukey/AppData/Local/UnrealEngine/Common/DerivedDataCache/1/1/3/TEXTURE_E01F4250BECD420DA9CE63B5EECEC2C2_AUTOETC2_175FFFF34B3800668E3E95AD8254__065C72C7621E01CF0B8A38078A323321F527EBA2.udd" 5401
"C:/Users/minukey/AppData/Local/UnrealEngine/Common/DerivedDataCache/2/4/4/TEXTURE_E01F4250BECD420DA9CE63B5EECEC2C2_AUTOETC2_175FFFF34B3800668E3E95AD8254__B891D362CFD2AAD768C2611D8CFDAE439EB02C83.udd" 5402
"C:/Users/minukey/AppData/Local/UnrealEngine/Common/DerivedDataCache/9/2/7/TEXTURE_E01F4250BECD420DA9CE63B5EECEC2C2_AUTODXT_175FFFF34B3800668E3E95AD8254F__91863326F386C3F8C859A048FD8DF5C63A6B9A2D.udd" 5403
"C:/Users/minukey/AppData/Local/UnrealEngine/Common/DerivedDataCache/7/4/1/TEXTURE_E01F4250BECD420DA9CE63B5EECEC2C2_AUTOETC2_175FFFF34B3800668E3E95AD8254__F14BDA9C336F73C679BCDC8BCF0DFF5FE75E2598.udd" 5404
"C:/Users/minukey/AppData/Local/UnrealEngine/Common/DerivedDataCache/3/8/6/TEXTURE_E01F4250BECD420DA9CE63B5EECEC2C2_ASTC_NORMALRG_38_660726A047C292755038__3E428B0928E6C16850A1D12F6A3C5AA37B492391.udd" 5405
"C:/Users/minukey/AppData/Local/UnrealEngine/Common/DerivedDataCache/7/1/1/TEXTURE_E01F4250BECD420DA9CE63B5EECEC2C2_ASTC_NORMALRG_38_660726A047C292755038__D2389A940A018BB5B17F8D51CFB4F4A974EF5232.udd" 5406
"C:/Users/minukey/AppData/Local/UnrealEngine/Common/DerivedDataCache/4/1/6/TEXTURE_E01F4250BECD420DA9CE63B5EECEC2C2_ASTC_NORMALRG_38_660726A047C292755038__5F2766976E4D09C95BE90A62D10C82A854FE53A7.udd" 5407
"C:/Users/minukey/AppData/Local/UnrealEngine/Common/DerivedDataCache/7/5/7/TEXTURE_E01F4250BECD420DA9CE63B5EECEC2C2_DXT5_660726A047C2927550383F8D31513001__1B4792501138D03732BDE99CF6285B5DB72F6BA1.udd" 5408
"C:/Users/minukey/AppData/Local/UnrealEngine/Common/DerivedDataCache/7/8/2/TEXTURE_E01F4250BECD420DA9CE63B5EECEC2C2_ASTC_NORMALRG_38_660726A047C292755038__EC366EDB224557589F5FC458FA5B0755503D16CE.udd" 5409
"C:/Users/minukey/AppData/Local/UnrealEngine/Common/DerivedDataCache/8/0/4/TEXTURE_E01F4250BECD420DA9CE63B5EECEC2C2_ETC2_RGB_660726A047C2927550383F8D3151__FE2348EDE07D980FDD78224D041D7DA588EACA29.udd" 5410
"C:/Users/minukey/AppData/Local/UnrealEngine/Common/DerivedDataCache/1/3/3/TEXTURE_E01F4250BECD420DA9CE63B5EECEC2C2_DXT5_660726A047C2927550383F8D31513001__0CC0822A8AA757E726D81CA19EC2924FB2EFADAB.udd" 5411
"C:/Users/minukey/AppData/Local/UnrealEngine/Common/DerivedDataCache/5/1/4/TEXTURE_E01F4250BECD420DA9CE63B5EECEC2C2_DXT5_660726A047C2927550383F8D31513001__53533F43FAF81E195B98D90EE994A7B32987A3B6.udd" 5412
"C:/Users/minukey/AppData/Local/UnrealEngine/Common/DerivedDataCache/1/1/7/TEXTURE_E01F4250BECD420DA9CE63B5EECEC2C2_ETC2_RGB_660726A047C2927550383F8D3151__770A5160313A376521A00F05A8A8234EBD001035.udd" 5413
"C:/Users/minukey/AppData/Local/UnrealEngine/Common/DerivedDataCache/8/9/5/TEXTURE_E01F4250BECD420DA9CE63B5EECEC2C2_DXT5_660726A047C2927550383F8D31513001__508F5AAB0DDC4946827E010CB1A19FB60F8C478F.udd" 5414
"C:/Users/minukey/AppData/Local/UnrealEngine/Common/DerivedDataCache/0/9/3/STREAMEDAUDIO_BC6E92FBBD314E3B9B9EC6778749EB5E_OGG10000$2D1$2D1$2D1$2D1$2D1_4_97C70EA148158C29DB1FC6B5E09E5F4F.udd" 5415
"C:/Users/minukey/AppData/Local/UnrealEngine/Common/DerivedDataCache/1/7/9/TEXTURE_E01F4250BECD420DA9CE63B5EECEC2C2_ETC2_RGB_660726A047C2927550383F8D3151__1B634F9D40C8D14FC54A66CFBC9DB2FB5CD9A9D0.udd" 5416
"C:/Users/minukey/AppData/Local/UnrealEngine/Common/DerivedDataCache/5/5/6/TEXTURE_E01F4250BECD420DA9CE63B5EECEC2C2_ASTC_RGBAUTO_38_3D9DF5394695F7124FAF6__71AA0F3CB42FEA7E71BE2A598823D9B8F15DB176.udd" 5417
"C:/Users/minukey/AppData/Local/UnrealEngine/Common/DerivedDataCache/1/5/6/TEXTURE_E01F4250BECD420DA9CE63B5EECEC2C2_ETC2_RGB_660726A047C2927550383F8D3151__D7E0B16F2FCA4BFA4627BC4802153F7F299B6C6B.udd" 5418
"C:/Users/minukey/AppData/Local/UnrealEngine/Common/DerivedDataCache/7/3/4/STREAMEDAUDIO_BC6E92FBBD314E3B9B9EC6778749EB5E_OGG10000$2D1$2D1$2D1$2D1$2D1_4_C768E8244DBA937D1E2CCBA80DD6A35D.udd" 5419
"C:/Users/minukey/AppData/Local/UnrealEngine/Common/DerivedDataCache/8/9/9/TEXTURE_E01F4250BECD420DA9CE63B5EECEC2C2_AUTODXT_3D9DF5394695F7124FAF65908374C__C9F165D57068E188F33E14667EB728DB775BA52B.udd" 5420
"C:/Users/minukey/AppData/Local/UnrealEngine/Common/DerivedDataCache/2/2/0/TEXTURE_E01F4250BECD420DA9CE63B5EECEC2C2_AUTODXT_3D9DF5394695F7124FAF65908374C__8CB2B7ED758614121C5C6849C3500697984CC0F9.udd" 5421
"C:/Users/minukey/AppData/Local/UnrealEngine/Common/DerivedDataCache/5/4/6/TEXTURE_E01F4250BECD420DA9CE63B5EECEC2C2_ASTC_RGBAUTO_38_3D9DF5394695F7124FAF6__49A1D063DB3A89B5DEFB14756FA36C0B4AB4F864.udd" 5422
"C:/Users/minukey/AppData/Local/UnrealEngine/Common/DerivedDataCache/5/4/2/STREAMEDAUDIO_BC6E92FBBD314E3B9B9EC6778749EB5E_OGG10000$2D1$2D1$2D1$2D1$2D1_4_D1DE2719431D191F27D3D782D854CD4C.udd" 5423
"C:/Users/minukey/AppData/Local/UnrealEngine/Common/DerivedDataCache/0/7/6/STREAMEDAUDIO_BC6E92FBBD314E3B9B9EC6778749EB5E_OGG10000$2D1$2D1$2D1$2D1$2D1_4_70865908430F83DD53E113BBD1D8F5E8.udd" 5424
"C:/Users/minukey/AppData/Local/UnrealEngine/Common/DerivedDataCache/8/9/3/TEXTURE_E01F4250BECD420DA9CE63B5EECEC2C2_AUTODXT_3D9DF5394695F7124FAF65908374C__A7B71B02E103084A92DFE3C647603ED4EE20C5BB.udd" 5425
"C:/Users/minukey/AppData/Local/UnrealEngine/Common/DerivedDataCache/8/6/0/TEXTURE_E01F4250BECD420DA9CE63B5EECEC2C2_ASTC_RGBAUTO_38_3D9DF5394695F7124FAF6__1B0A862413A27C8FF1C5911511AB05B314D4A8A4.udd" 5426
"C:/Users/minukey/AppData/Local/UnrealEngine/Common/DerivedDataCache/7/6/6/TEXTURE_E01F4250BECD420DA9CE63B5EECEC2C2_ASTC_RGBAUTO_38_3D9DF5394695F7124FAF6__70655BA000B4BC0E2D5CA07E6AC47031DBDE3C27.udd" 5427
"C:/Users/minukey/AppData/Local/UnrealEngine/Common/DerivedDataCache/5/2/0/TEXTURE_E01F4250BECD420DA9CE63B5EECEC2C2_AUTOETC2_3D9DF5394695F7124FAF65908374__9BC4C2E999F324FF8FDE688E9D2F6D8AFD73ACAC.udd" 5428
"C:/Users/minukey/AppData/Local/UnrealEngine/Common/DerivedDataCache/3/7/3/STREAMEDAUDIO_BC6E92FBBD314E3B9B9EC6778749EB5E_OGG10000$2D1$2D1$2D1$2D1$2D1_4_4D474A2E49A5B9CF200E4E81CFE4831D.udd" 5429
"C:/Users/minukey/AppData/Local/UnrealEngine/Common/DerivedDataCache/3/9/2/TEXTURE_E01F4250BECD420DA9CE63B5EECEC2C2_AUTOETC2_3D9DF5394695F7124FAF65908374__5EAED40BE485909A360583AA78A00591942E85C1.udd" 5430
"C:/Users/minukey/AppData/Local/UnrealEngine/Common/DerivedDataCache/6/2/7/TEXTURE_E01F4250BECD420DA9CE63B5EECEC2C2_AUTODXT_3D9DF5394695F7124FAF65908374C__E62C7690F67FFD54891305B0574ED580E98D6D97.udd" 5431
"C:/Users/minukey/AppData/Local/UnrealEngine/Common/DerivedDataCache/7/9/9/STREAMEDAUDIO_BC6E92FBBD314E3B9B9EC6778749EB5E_OGG10000$2D1$2D1$2D1$2D1$2D1_4_E39C38994D14385C9827F2A091517C50.udd" 5432
"C:/Users/minukey/AppData/Local/UnrealEngine/Common/DerivedDataCache/1/7/0/TEXTURE_E01F4250BECD420DA9CE63B5EECEC2C2_AUTOETC2_3D9DF5394695F7124FAF65908374__B6F8AE79795EF3DE5CF22D0A8E811FD1E7EEDB0F.udd" 5433
"C:/Users/minukey/AppData/Local/UnrealEngine/Common/DerivedDataCache/2/9/4/TEXTURE_E01F4250BECD420DA9CE63B5EECEC2C2_ASTC_NORMALRG_38_DF45889644371608E2E1__3A7BE7931B52049EBD06A69FA6CCB88162FF98CE.udd" 5434
"C:/Users/minukey/AppData/Local/UnrealEngine/Common/DerivedDataCache/5/6/5/TEXTURE_E01F4250BECD420DA9CE63B5EECEC2C2_AUTOETC2_3D9DF5394695F7124FAF65908374__B8E96900124A49907121E7880A052C48DB5D0257.udd" 5435
"C:/Users/minukey/AppData/Local/UnrealEngine/Common/DerivedDataCache/3/4/3/STREAMEDAUDIO_BC6E92FBBD314E3B9B9EC6778749EB5E_OGG10000$2D1$2D1$2D1$2D1$2D1_4_83FBBCF04B4F2100D30522B56D077C16.udd" 5436
"C:/Users/minukey/AppData/Local/UnrealEngine/Common/DerivedDataCache/6/5/4/TEXTURE_E01F4250BECD420DA9CE63B5EECEC2C2_DXT5_DF45889644371608E2E167A00D0E9612__DAEFDA25489AC971446481C0DF2F1DE50773EBD4.udd" 5437
"C:/Users/minukey/AppData/Local/UnrealEngine/Common/DerivedDataCache/3/5/5/TEXTURE_E01F4250BECD420DA9CE63B5EECEC2C2_ASTC_NORMALRG_38_DF45889644371608E2E1__DAA2B3B7C73CABEE9609E1B7846BF5EFB3EFF852.udd" 5438
"C:/Users/minukey/AppData/Local/UnrealEngine/Common/DerivedDataCache/5/2/3/TEXTURE_E01F4250BECD420DA9CE63B5EECEC2C2_ASTC_NORMALRG_38_DF45889644371608E2E1__AE49D485710CE11BE89E0CC0B42C7AF954644311.udd" 5439
"C:/Users/minukey/AppData/Local/UnrealEngine/Common/DerivedDataCache/1/0/7/TEXTURE_E01F4250BECD420DA9CE63B5EECEC2C2_DXT5_DF45889644371608E2E167A00D0E9612__4E1371205A99579FEA115CCCE193D54B5A213EEB.udd" 5440
"C:/Users/minukey/AppData/Local/UnrealEngine/Common/DerivedDataCache/4/5/6/TEXTURE_E01F4250BECD420DA9CE63B5EECEC2C2_ASTC_NORMALRG_38_DF45889644371608E2E1__47A8162CBD37E8F38BA19F5C698411C85E117E57.udd" 5441
"C:/Users/minukey/AppData/Local/UnrealEngine/Common/DerivedDataCache/3/2/2/TEXTURE_E01F4250BECD420DA9CE63B5EECEC2C2_DXT5_DF45889644371608E2E167A00D0E9612__E679E4D9E6B65EF64B264959A2AD81762087F60B.udd" 5442
"C:/Users/minukey/AppData/Local/UnrealEngine/Common/DerivedDataCache/4/7/0/TEXTURE_E01F4250BECD420DA9CE63B5EECEC2C2_ETC2_RGB_DF45889644371608E2E167A00D0E__7AAE95AC12C0F7B5B8D4D8D0DDEB426C80196F33.udd" 5443
"C:/Users/minukey/AppData/Local/UnrealEngine/Common/DerivedDataCache/9/8/1/TEXTURE_E01F4250BECD420DA9CE63B5EECEC2C2_DXT5_DF45889644371608E2E167A00D0E9612__91F4A64C8341D13E81C2DB357B8EFEE346CBF557.udd" 5444
"C:/Users/minukey/AppData/Local/UnrealEngine/Common/DerivedDataCache/6/9/7/TEXTURE_E01F4250BECD420DA9CE63B5EECEC2C2_ASTC_RGBAUTO_38_C25F0AA4434FAD95C399D__93B1DCE6CB0C208AD149656EB799D81B85A4B82D.udd" 5445
"C:/Users/minukey/AppData/Local/UnrealEngine/Common/DerivedDataCache/3/5/5/TEXTURE_E01F4250BECD420DA9CE63B5EECEC2C2_ETC2_RGB_DF45889644371608E2E167A00D0E__351352113513E36037815904AD73BFE190D82F49.udd" 5446
"C:/Users/minukey/AppData/Local/UnrealEngine/Common/DerivedDataCache/6/7/2/TEXTURE_E01F4250BECD420DA9CE63B5EECEC2C2_ASTC_RGBAUTO_38_C25F0AA4434FAD95C399D__261072D3FA115B2ECA98C340D9E7D2B198F62481.udd" 5447
"C:/Users/minukey/AppData/Local/UnrealEngine/Common/DerivedDataCache/6/2/3/TEXTURE_E01F4250BECD420DA9CE63B5EECEC2C2_ETC2_RGB_DF45889644371608E2E167A00D0E__6FF6CE87807B79EB8E999C2F5F4945FBAA15CBAD.udd" 5448
"C:/Users/minukey/AppData/Local/UnrealEngine/Common/DerivedDataCache/9/1/4/TEXTURE_E01F4250BECD420DA9CE63B5EECEC2C2_ASTC_RGBAUTO_38_C25F0AA4434FAD95C399D__07382B42DA3F3C11B07AE97B1577D9D127E183CF.udd" 5449
"C:/Users/minukey/AppData/Local/UnrealEngine/Common/DerivedDataCache/5/7/1/TEXTURE_E01F4250BECD420DA9CE63B5EECEC2C2_ASTC_RGBAUTO_38_C25F0AA4434FAD95C399D__545C76826966560C968D90233264AA151CF5906D.udd" 5450
"C:/Users/minukey/AppData/Local/UnrealEngine/Common/DerivedDataCache/1/6/2/TEXTURE_E01F4250BECD420DA9CE63B5EECEC2C2_ETC2_RGB_DF45889644371608E2E167A00D0E__41897A4CCBEC87E91BA77AE95FFDE78B86DD4F9D.udd" 5451
"C:/Users/minukey/AppData/Local/UnrealEngine/Common/DerivedDataCache/5/0/8/TEXTURE_E01F4250BECD420DA9CE63B5EECEC2C2_AUTODXT_C25F0AA4434FAD95C399DCB32877C__45D7F0DB7EBF209E31646C4002CD5121B1E097DD.udd" 5452
"C:/Users/minukey/AppData/Local/UnrealEngine/Common/DerivedDataCache/2/0/7/TEXTURE_E01F4250BECD420DA9CE63B5EECEC2C2_AUTOETC2_C25F0AA4434FAD95C399DCB32877__2EFF2AA5D918D9B6D221E8A6833A1C41E8CBACBD.udd" 5453
"C:/Users/minukey/AppData/Local/UnrealEngine/Common/DerivedDataCache/0/9/3/MATSM_0BA69734E4FD45E082FA4560DBE25454_SF_VULKAN_ES31_ANDROID_2336__BC5N_NOCCB__4A7D7A858D728A1D880ACF28CE8C53FED4178B60.udd" 5454
"C:/Users/minukey/AppData/Local/UnrealEngine/Common/DerivedDataCache/3/9/7/TEXTURE_E01F4250BECD420DA9CE63B5EECEC2C2_AUTODXT_C25F0AA4434FAD95C399DCB32877C__3DE7AD8B492EA571AE2168F79DD3C30C421D3A0C.udd" 5455
"C:/Users/minukey/AppData/Local/UnrealEngine/Common/DerivedDataCache/4/8/2/TEXTURE_E01F4250BECD420DA9CE63B5EECEC2C2_AUTOETC2_C25F0AA4434FAD95C399DCB32877__5C946CAD3BBC39376ED9247802190E8C8F5203A6.udd" 5456
"C:/Users/minukey/AppData/Local/UnrealEngine/Common/DerivedDataCache/9/0/5/TEXTURE_E01F4250BECD420DA9CE63B5EECEC2C2_AUTODXT_C25F0AA4434FAD95C399DCB32877C__2A07A1E40D6FE02758B29F7CCAAB61B3A0712AB6.udd" 5457
"C:/Users/minukey/AppData/Local/UnrealEngine/Common/DerivedDataCache/5/1/6/TEXTURE_E01F4250BECD420DA9CE63B5EECEC2C2_AUTOETC2_C25F0AA4434FAD95C399DCB32877__29F2B4058850A70086661F0B7314E322176DE47A.udd" 5458
"C:/Users/minukey/AppData/Local/UnrealEngine/Common/DerivedDataCache/4/6/4/TEXTURE_E01F4250BECD420DA9CE63B5EECEC2C2_AUTODXT_C25F0AA4434FAD95C399DCB32877C__3A27DA8462C51BD81AFA28BA28D4B87120DF3BD6.udd" 5459
"C:/Users/minukey/AppData/Local/UnrealEngine/Common/DerivedDataCache/5/1/4/TEXTURE_E01F4250BECD420DA9CE63B5EECEC2C2_BGRA8_A2F9FBCE45162B9D8B0ED989A6BF3BB__3FF0867AA6E6933F9A595E12CF03E1C569472F55.udd" 5460
"C:/Users/minukey/AppData/Local/UnrealEngine/Common/DerivedDataCache/1/0/1/TEXTURE_E01F4250BECD420DA9CE63B5EECEC2C2_BGRA8_34B4E43142A6CD29946831A1700F5FF__E0AAECF2D930F7F9B46A156C7003FD6907BF6E8F.udd" 5461
"C:/Users/minukey/AppData/Local/UnrealEngine/Common/DerivedDataCache/0/4/8/TEXTURE_E01F4250BECD420DA9CE63B5EECEC2C2_BGRA8_3B5B888D46D8D22066CEFAB0E68818A__FCF524F777737B608105983DC854690B3EC51013.udd" 5462
"C:/Users/minukey/AppData/Local/UnrealEngine/Common/DerivedDataCache/0/0/1/TEXTURE_E01F4250BECD420DA9CE63B5EECEC2C2_BGRA8_5D0FD36344F1122B6C533A8FCD45095__8191668EAA1D90752E2BEF1059B1AA78E028B0EB.udd" 5463
"C:/Users/minukey/AppData/Local/UnrealEngine/Common/DerivedDataCache/4/1/5/TEXTURE_E01F4250BECD420DA9CE63B5EECEC2C2_BGRA8_04DCBDE34D977C7392CCA9B0F5CDB17__4984F390A45CCC28EF36F9EB8BA4F916E2E1E2F1.udd" 5464
"C:/Users/minukey/AppData/Local/UnrealEngine/Common/DerivedDataCache/2/6/4/TEXTURE_E01F4250BECD420DA9CE63B5EECEC2C2_BGRA8_CCB436744E348CC61F93ACAF4C8E3A3__DE76D5CD03F99365BD00B2D1B5B76F5BCE007D8D.udd" 5465
"C:/Users/minukey/AppData/Local/UnrealEngine/Common/DerivedDataCache/2/7/6/TEXTURE_E01F4250BECD420DA9CE63B5EECEC2C2_BGRA8_56A27F334416944AA9BA90B022EA0D7__42BC4060DD05CB4D80858E49BCB8BCE1F9C514B0.udd" 5466
"C:/Users/minukey/AppData/Local/UnrealEngine/Common/DerivedDataCache/7/0/8/MATSM_0BA69734E4FD45E082FA4560DBE25454_GLSL_ES3_1_ANDROID_18786__BC5N_NOCCBN_N__E43EB0C7B7D597F8001F4B4F0A55DAC976950B47.udd" 5467
"C:/Users/minukey/AppData/Local/UnrealEngine/Common/DerivedDataCache/8/4/6/TEXTURE_E01F4250BECD420DA9CE63B5EECEC2C2_BGRA8_48C64D6A4AE17D913926CBB9296B6BB__745488250BEC0DF373221228E0173FD2B4F51C58.udd" 5468
"C:/Users/minukey/AppData/Local/UnrealEngine/Common/DerivedDataCache/7/4/9/TEXTURE_E01F4250BECD420DA9CE63B5EECEC2C2_BGRA8_B14E0AF64B12D71EEFB77598FF73115__3CC9FA36E73413F245AC5DC44A20E0406F8D908C.udd" 5469
"C:/Users/minukey/AppData/Local/UnrealEngine/Common/DerivedDataCache/8/7/9/TEXTURE_E01F4250BECD420DA9CE63B5EECEC2C2_BGRA8_79CA3A74438A4B6C1692AC944D29F31__267BBFDA1EFAE9B87AAC3583F57C6B213D211531.udd" 5470
"C:/Users/minukey/AppData/Local/UnrealEngine/Common/DerivedDataCache/6/8/9/TEXTURE_E01F4250BECD420DA9CE63B5EECEC2C2_BGRA8_113F2DA544D404A0ABDD01B09C8B8B9__FCD3749F2A2B423CCAF0F65859A06949EE4E940B.udd" 5471
"C:/Users/minukey/AppData/Local/UnrealEngine/Common/DerivedDataCache/7/5/7/TEXTURE_E01F4250BECD420DA9CE63B5EECEC2C2_BGRA8_C99845774BC7883D3594B092D61FD74__FCAAE4D9000CEC329EB4506E9AE34F70423CFC51.udd" 5472
"C:/Users/minukey/AppData/Local/UnrealEngine/Common/DerivedDataCache/1/5/7/TEXTURE_E01F4250BECD420DA9CE63B5EECEC2C2_BGRA8_D800241F432E8D9BEBB33BA6DD7611E__10AE42DA925662A17F4120514658F390644B0A73.udd" 5473
"C:/Users/minukey/AppData/Local/UnrealEngine/Common/DerivedDataCache/9/9/2/TEXTURE_E01F4250BECD420DA9CE63B5EECEC2C2_BGRA8_1DB01507406920BEA61613832BCC63A__24CCD2E911864D5A87786E5BF0260EEE536EBC90.udd" 5474
"C:/Users/minukey/AppData/Local/UnrealEngine/Common/DerivedDataCache/9/8/3/TEXTURE_E01F4250BECD420DA9CE63B5EECEC2C2_BGRA8_CEAEFC2A4708202FAC224E938139B30__EAC20B04BBAC824BA5603713396412C970CA8B47.udd" 5475
"C:/Users/minukey/AppData/Local/UnrealEngine/Common/DerivedDataCache/7/2/7/TEXTURE_E01F4250BECD420DA9CE63B5EECEC2C2_AUTOETC2_C25F0AA4434FAD95C399DCB32877__51C9C9DCA47A998CDB41DB059F8A002257FAD532.udd" 5476
"C:/Users/minukey/AppData/Local/UnrealEngine/Common/DerivedDataCache/3/9/4/TEXTURE_E01F4250BECD420DA9CE63B5EECEC2C2_BGRA8_95F5A3504D81C5E8873C76BC98A94A2__E5A3B92EA391FF81F13064FF53A973F8C63004A9.udd" 5477
"C:/Users/minukey/AppData/Local/UnrealEngine/Common/DerivedDataCache/1/7/9/TEXTURE_E01F4250BECD420DA9CE63B5EECEC2C2_BGRA8_37F7640D4EFC1CC3BA112896C973B54__396771FD87C2AA194810052C9747E67E3EA8203B.udd" 5478
"C:/Users/minukey/AppData/Local/UnrealEngine/Common/DerivedDataCache/7/5/2/TEXTURE_E01F4250BECD420DA9CE63B5EECEC2C2_BGRA8_7B649913408AAFD6F2D3038854845E5__A3EF9AE9DB91073322BB037B401B960B0006C345.udd" 5479
"C:/Users/minukey/AppData/Local/UnrealEngine/Common/DerivedDataCache/3/8/6/TEXTURE_E01F4250BECD420DA9CE63B5EECEC2C2_BGRA8_7566AA9C4B3C8CF6F2985F809745C9C__777BEEB8F96CA9C3E13128DDC9F99B1F5CC8702F.udd" 5480
"C:/Users/minukey/AppData/Local/UnrealEngine/Common/DerivedDataCache/1/5/3/TEXTURE_E01F4250BECD420DA9CE63B5EECEC2C2_BGRA8_FE8182A745E3B2DABCE8649197E9CAD__278DCAAC6347EB20DFA08C82985FEBF97F028911.udd" 5481
"C:/Users/minukey/AppData/Local/UnrealEngine/Common/DerivedDataCache/5/2/0/TEXTURE_E01F4250BECD420DA9CE63B5EECEC2C2_BGRA8_0484F2DF4C2C6D28B92553A409F6B4E__4701A6795E5ABE4F10A7095C96643FA28A4D1BBE.udd" 5482
"C:/Users/minukey/AppData/Local/UnrealEngine/Common/DerivedDataCache/3/9/2/TEXTURE_E01F4250BECD420DA9CE63B5EECEC2C2_BGRA8_FCE78D0446961B8B4877D2A68CA02F2__9CF994A726CAD822D064D0687743C7888420083D.udd" 5483
"C:/Users/minukey/AppData/Local/UnrealEngine/Common/DerivedDataCache/2/5/5/TEXTURE_E01F4250BECD420DA9CE63B5EECEC2C2_BGRA8_01A644924A8FC70986738DA9BB96BA3__4A165D6AB32EA29ADF15BC91C6CD823B87921ACD.udd" 5484
"C:/Users/minukey/AppData/Local/UnrealEngine/Common/DerivedDataCache/6/5/1/TEXTURE_E01F4250BECD420DA9CE63B5EECEC2C2_BGRA8_653844064C92A19D41CBDC83A0B4F9E__0528A925BE434C487E8C4E1FA4927C78856D9221.udd" 5485
"C:/Users/minukey/AppData/Local/UnrealEngine/Common/DerivedDataCache/4/9/7/TEXTURE_E01F4250BECD420DA9CE63B5EECEC2C2_BGRA8_45E2052940D2E2FB3606C1A3C9DE535__835A661FE37F10503AC3CF8AAF600EB28044247F.udd" 5486
"C:/Users/minukey/AppData/Local/UnrealEngine/Common/DerivedDataCache/5/8/2/TEXTURE_E01F4250BECD420DA9CE63B5EECEC2C2_BGRA8_3473FD0B4AA594D8439FD280BA58039__A6084272FB0966B6737614DA9B120ABA96B02D45.udd" 5487
"C:/Users/minukey/AppData/Local/UnrealEngine/Common/DerivedDataCache/1/1/8/TEXTURE_E01F4250BECD420DA9CE63B5EECEC2C2_BGRA8_D5AED3F74FA68C5BE2C885AACB8B760__E79D4498A8640EF9099E0B2F6ABBF09111D4426C.udd" 5488
"C:/Users/minukey/AppData/Local/UnrealEngine/Common/DerivedDataCache/0/3/6/TEXTURE_E01F4250BECD420DA9CE63B5EECEC2C2_BGRA8_DF24F5C24FA0B34215737294ED1D4E8__4D670368F3D8E28C2F26404EAF075AD97C0156B6.udd" 5489
"C:/Users/minukey/AppData/Local/UnrealEngine/Common/DerivedDataCache/3/2/5/TEXTURE_E01F4250BECD420DA9CE63B5EECEC2C2_BGRA8_DA85C9804E6FA62E5E5B6BAC9635A54__462F1C3F713310D557434C648C9EE55F263A43AE.udd" 5490
"C:/Users/minukey/AppData/Local/UnrealEngine/Common/DerivedDataCache/0/4/0/TEXTURE_E01F4250BECD420DA9CE63B5EECEC2C2_BGRA8_5B2AE6BA4CCD1625343578A49EAF247__0737FD3DD9FF592A80760236928D2B39FA730545.udd" 5491
"C:/Users/minukey/AppData/Local/UnrealEngine/Common/DerivedDataCache/4/0/6/TEXTURE_E01F4250BECD420DA9CE63B5EECEC2C2_BGRA8_D543B6974CE19C22A12F77B27D9505F__971FCAC75E3E11D4184B3100CA23A9CA6A89F6D5.udd" 5492
"C:/Users/minukey/AppData/Local/UnrealEngine/Common/DerivedDataCache/1/3/3/TEXTURE_E01F4250BECD420DA9CE63B5EECEC2C2_BGRA8_99DCDE004304BBB56DD1A8BD5FEC5F1__A7B8CDB6050D18607A7AD06AA082D898E510339C.udd" 5493
"C:/Users/minukey/AppData/Local/UnrealEngine/Common/DerivedDataCache/8/3/4/TEXTURE_E01F4250BECD420DA9CE63B5EECEC2C2_BGRA8_FE95A4274A2FA575D7FC72815910B7E__42EB9A0CD1C669EF3F02B91B4F3BCE01224E68BF.udd" 5494
"C:/Users/minukey/AppData/Local/UnrealEngine/Common/DerivedDataCache/4/4/8/TEXTURE_E01F4250BECD420DA9CE63B5EECEC2C2_BGRA8_2493F684465CBE34333A9E8E73268EE__7321FD9555CA0EBACB3C99A90488B8A7FE2BE078.udd" 5495
"C:/Users/minukey/AppData/Local/UnrealEngine/Common/DerivedDataCache/1/2/2/TEXTURE_E01F4250BECD420DA9CE63B5EECEC2C2_BGRA8_138241EC42A9741549B109922EB4151__6BED85F7E780B323A20599ADA03150B270BCD20A.udd" 5496
"C:/Users/minukey/AppData/Local/UnrealEngine/Common/DerivedDataCache/3/2/9/TEXTURE_E01F4250BECD420DA9CE63B5EECEC2C2_BGRA8_41F94189446718D35351D3B61BF3398__009EB903C4057EB58CFAB74EA9693A06667F9D29.udd" 5497
"C:/Users/minukey/AppData/Local/UnrealEngine/Common/DerivedDataCache/9/2/5/TEXTURE_E01F4250BECD420DA9CE63B5EECEC2C2_ASTC_RGBAUTO_38_D6880F264E26F5FAF9BED__A0573EA042B8C894B7B895EC819C040A0D99BF25.udd" 5498
"C:/Users/minukey/AppData/Local/UnrealEngine/Common/DerivedDataCache/0/1/4/TEXTURE_E01F4250BECD420DA9CE63B5EECEC2C2_AUTODXT_D6880F264E26F5FAF9BED88412A62__0E0A8C6CC4143424BF8EF4661BD10E74ED94B5F9.udd" 5499
"C:/Users/minukey/AppData/Local/UnrealEngine/Common/DerivedDataCache/4/5/7/TEXTURE_E01F4250BECD420DA9CE63B5EECEC2C2_ASTC_RGBAUTO_38_6995A8EC4DFBE1C7D0319__6DC0E03ECC152F937385D072B5F61DD7DA2F1B1E.udd" 5500
"C:/Users/minukey/AppData/Local/UnrealEngine/Common/DerivedDataCache/4/6/2/TEXTURE_E01F4250BECD420DA9CE63B5EECEC2C2_AUTOETC2_D6880F264E26F5FAF9BED88412A6__50E497A0F4B09B8A53E4CF18D7785FF822EE453B.udd" 5501
"C:/Users/minukey/AppData/Local/UnrealEngine/Common/DerivedDataCache/8/4/3/TEXTURE_E01F4250BECD420DA9CE63B5EECEC2C2_AUTODXT_6995A8EC4DFBE1C7D03199A9CAB67__949F5495F096F0A0E8DAB6FEB994FF907619E107.udd" 5502
"C:/Users/minukey/AppData/Local/UnrealEngine/Common/DerivedDataCache/2/5/0/TEXTURE_E01F4250BECD420DA9CE63B5EECEC2C2_ASTC_RGBAUTO_38_FA7F950C40FF8EB2D11F1__2F70A2BB9686D34893B024B0EEB848912C38BB55.udd" 5503
"C:/Users/minukey/AppData/Local/UnrealEngine/Common/DerivedDataCache/7/7/3/TEXTURE_E01F4250BECD420DA9CE63B5EECEC2C2_AUTOETC2_6995A8EC4DFBE1C7D03199A9CAB6__44D73A8393E815A07682C31068F5565DF6D36AB4.udd" 5504
"C:/Users/minukey/AppData/Local/UnrealEngine/Common/DerivedDataCache/9/5/5/MATSM_0BA69734E4FD45E082FA4560DBE25454_SF_VULKAN_ES31_ANDROID_2336__BC5N_NOCCB__31D55A68E1A555B5EB7C2A7D15AE73590F9F35BD.udd" 5505
"C:/Users/minukey/AppData/Local/UnrealEngine/Common/DerivedDataCache/6/0/8/TEXTURE_E01F4250BECD420DA9CE63B5EECEC2C2_AUTODXT_FA7F950C40FF8EB2D11F178F1C86E__FE8D95E706B08357D986E3DC9D6A6A035058155F.udd" 5506
"C:/Users/minukey/AppData/Local/UnrealEngine/Common/DerivedDataCache/3/5/2/MATSM_0BA69734E4FD45E082FA4560DBE25454_GLSL_ES3_1_ANDROID_18786__BC5N_NOCCBN_N__3A0BAB1308DACAC37D9D64AF27F43E6C9013FCC0.udd" 5507
"C:/Users/minukey/AppData/Local/UnrealEngine/Common/DerivedDataCache/7/4/9/TEXTURE_E01F4250BECD420DA9CE63B5EECEC2C2_AUTOETC2_FA7F950C40FF8EB2D11F178F1C86__01CC5B5879EB63623333A05E3F79E415A92CE8C0.udd" 5508
"C:/Users/minukey/AppData/Local/UnrealEngine/Common/DerivedDataCache/6/9/8/TEXTURE_E01F4250BECD420DA9CE63B5EECEC2C2_ASTC_RGBAUTO_38_E38F8B494896F1833FDB4__493F331AFAD867006E822400890825A19F30E98B.udd" 5509
"C:/Users/minukey/AppData/Local/UnrealEngine/Common/DerivedDataCache/5/0/5/STREAMEDAUDIO_BC6E92FBBD314E3B9B9EC6778749EB5E_OGG10000$2D1$2D1$2D1$2D1$2D1_4_1585EE384FA593BC24A1A79C599BDD6E.udd" 5510
"C:/Users/minukey/AppData/Local/UnrealEngine/Common/DerivedDataCache/4/0/8/TEXTURE_E01F4250BECD420DA9CE63B5EECEC2C2_AUTOETC2_E38F8B494896F1833FDB4784EA18__144EDB327AD6618CBCD66E5A841687AB4DCCD9FF.udd" 5511
"C:/Users/minukey/AppData/Local/UnrealEngine/Common/DerivedDataCache/3/1/0/TEXTURE_E01F4250BECD420DA9CE63B5EECEC2C2_ASTC_RGBAUTO_38_EACCCD804DC4C6B526E24__C98F30978C12F8BD68204D6E7E98DEFA5457DBCA.udd" 5512
"C:/Users/minukey/AppData/Local/UnrealEngine/Common/DerivedDataCache/2/4/1/TEXTURE_E01F4250BECD420DA9CE63B5EECEC2C2_AUTODXT_E38F8B494896F1833FDB4784EA182__69F232F0D8931E0ACC246E833AD1B63D7AB6BDB5.udd" 5513
"C:/Users/minukey/AppData/Local/UnrealEngine/Common/DerivedDataCache/8/3/8/STREAMEDAUDIO_BC6E92FBBD314E3B9B9EC6778749EB5E_OGG10000$2D1$2D1$2D1$2D1$2D1_4_1752B4914AB26FE38818E4B8446D3F5B.udd" 5514
"C:/Users/minukey/AppData/Local/UnrealEngine/Common/DerivedDataCache/5/8/7/TEXTURE_E01F4250BECD420DA9CE63B5EECEC2C2_AUTODXT_EACCCD804DC4C6B526E2478369A6B__3BF085769031D61F6B61F952BCA564EABEEEFC8E.udd" 5515
"C:/Users/minukey/AppData/Local/UnrealEngine/Common/DerivedDataCache/6/8/8/STREAMEDAUDIO_BC6E92FBBD314E3B9B9EC6778749EB5E_OGG10000$2D1$2D1$2D1$2D1$2D1_4_56E809044B1161F3A9E8BFAF4DE947B0.udd" 5516
"C:/Users/minukey/AppData/Local/UnrealEngine/Common/DerivedDataCache/5/5/8/TEXTURE_E01F4250BECD420DA9CE63B5EECEC2C2_AUTOETC2_EACCCD804DC4C6B526E2478369A6__68BA72F13C8D1B2AACE1B5D61DDD1F078B5ED9BC.udd" 5517
"C:/Users/minukey/AppData/Local/UnrealEngine/Common/DerivedDataCache/2/9/8/TEXTURE_E01F4250BECD420DA9CE63B5EECEC2C2_AUTODXT_6D9124D84F3DA2335A8C0E9BFEEFF__2242E4FB802855E90DDF0DB4637AEAACA4ABAE72.udd" 5518
"C:/Users/minukey/AppData/Local/UnrealEngine/Common/DerivedDataCache/3/0/0/TEXTURE_E01F4250BECD420DA9CE63B5EECEC2C2_AUTODXT_6D9124D84F3DA2335A8C0E9BFEEFF__5CA03351AC3374F2A6DE9187EEE6624ED92AC1C6.udd" 5519
"C:/Users/minukey/AppData/Local/UnrealEngine/Common/DerivedDataCache/5/5/4/TEXTURE_E01F4250BECD420DA9CE63B5EECEC2C2_ASTC_RGBAUTO_38_6D9124D84F3DA2335A8C0__8D8E757C048CC4F73879D34EAD7B4D56C92E7BED.udd" 5520
"C:/Users/minukey/AppData/Local/UnrealEngine/Common/DerivedDataCache/2/1/9/TEXTURE_E01F4250BECD420DA9CE63B5EECEC2C2_AUTODXT_6D9124D84F3DA2335A8C0E9BFEEFF__019F763E6E1D945D680D54210E736EE097F7B7CD.udd" 5521
"C:/Users/minukey/AppData/Local/UnrealEngine/Common/DerivedDataCache/7/9/3/STREAMEDAUDIO_BC6E92FBBD314E3B9B9EC6778749EB5E_OGG10000$2D1$2D1$2D1$2D1$2D1_4_2F82F45F44A89FD28432AD9B042DA8A7.udd" 5522
"C:/Users/minukey/AppData/Local/UnrealEngine/Common/DerivedDataCache/0/0/8/TEXTURE_E01F4250BECD420DA9CE63B5EECEC2C2_AUTODXT_6D9124D84F3DA2335A8C0E9BFEEFF__A683769783CCE90A10C40453DEF53433F43223DD.udd" 5523
"C:/Users/minukey/AppData/Local/UnrealEngine/Common/DerivedDataCache/4/9/3/TEXTURE_E01F4250BECD420DA9CE63B5EECEC2C2_AUTODXT_6D9124D84F3DA2335A8C0E9BFEEFF__5797A20B09302B581E76B35F565AB7E3291E1115.udd" 5524
"C:/Users/minukey/AppData/Local/UnrealEngine/Common/DerivedDataCache/9/1/1/TEXTURE_E01F4250BECD420DA9CE63B5EECEC2C2_ASTC_RGBAUTO_38_6D9124D84F3DA2335A8C0__153EE26CBF77F752AF19D8E4E5664BD0739374FA.udd" 5525
"C:/Users/minukey/AppData/Local/UnrealEngine/Common/DerivedDataCache/3/8/5/TEXTURE_E01F4250BECD420DA9CE63B5EECEC2C2_ASTC_RGBAUTO_38_6D9124D84F3DA2335A8C0__B9B4C6B6B38474044B79E318E452D759C5170848.udd" 5526
"C:/Users/minukey/AppData/Local/UnrealEngine/Common/DerivedDataCache/3/9/8/TEXTURE_E01F4250BECD420DA9CE63B5EECEC2C2_AUTOETC2_6D9124D84F3DA2335A8C0E9BFEEF__CA0C9CEA3229D380932417F6F7D875211B5AA638.udd" 5527
"C:/Users/minukey/AppData/Local/UnrealEngine/Common/DerivedDataCache/2/8/1/STREAMEDAUDIO_BC6E92FBBD314E3B9B9EC6778749EB5E_OGG10000$2D1$2D1$2D1$2D1$2D1_4_0349ACE2495775EB27B801AF7C8FDD54.udd" 5528
"C:/Users/minukey/AppData/Local/UnrealEngine/Common/DerivedDataCache/4/3/3/TEXTURE_E01F4250BECD420DA9CE63B5EECEC2C2_AUTOETC2_6D9124D84F3DA2335A8C0E9BFEEF__80F9ECDB8DB57BD03B5F75C0514E60EB1D4E8AFF.udd" 5529
"C:/Users/minukey/AppData/Local/UnrealEngine/Common/DerivedDataCache/9/1/1/TEXTURE_E01F4250BECD420DA9CE63B5EECEC2C2_ASTC_RGBAUTO_38_6D9124D84F3DA2335A8C0__B1407AC34EA2037C36C62E306206E1C7982B3160.udd" 5530
"C:/Users/minukey/AppData/Local/UnrealEngine/Common/DerivedDataCache/4/8/0/STREAMEDAUDIO_BC6E92FBBD314E3B9B9EC6778749EB5E_OGG10000$2D1$2D1$2D1$2D1$2D1_4_158F2CA54DF52A7A02ACCC91D01D1391.udd" 5531
"C:/Users/minukey/AppData/Local/UnrealEngine/Common/DerivedDataCache/8/5/5/TEXTURE_E01F4250BECD420DA9CE63B5EECEC2C2_AUTOETC2_6D9124D84F3DA2335A8C0E9BFEEF__FE0E0F0C83225718D7FA628EA038F783A0E05D7C.udd" 5532
"C:/Users/minukey/AppData/Local/UnrealEngine/Common/DerivedDataCache/6/8/6/TEXTURE_E01F4250BECD420DA9CE63B5EECEC2C2_ASTC_RGBAUTO_38_6D9124D84F3DA2335A8C0__FFDDA0DE2D0E3E85D84E8C46EED9BDB0E615CA69.udd" 5533
"C:/Users/minukey/AppData/Local/UnrealEngine/Common/DerivedDataCache/8/7/2/TEXTURE_E01F4250BECD420DA9CE63B5EECEC2C2_AUTOETC2_6D9124D84F3DA2335A8C0E9BFEEF__DF3DE45A0C2DF2C6EA48C9D5BEB2163565E79561.udd" 5534
"C:/Users/minukey/AppData/Local/UnrealEngine/Common/DerivedDataCache/5/9/5/TEXTURE_E01F4250BECD420DA9CE63B5EECEC2C2_AUTOETC2_6D9124D84F3DA2335A8C0E9BFEEF__CF773859256CA419B407715C8B62468A50B77414.udd" 5535
"C:/Users/minukey/AppData/Local/UnrealEngine/Common/DerivedDataCache/3/4/1/TEXTURE_E01F4250BECD420DA9CE63B5EECEC2C2_AUTODXT_7758C7F344C98096058929A4AB84F__8CF91A828493FA2568D98D276DACB6CA897DDD69.udd" 5536
"C:/Users/minukey/AppData/Local/UnrealEngine/Common/DerivedDataCache/9/1/1/TEXTURE_E01F4250BECD420DA9CE63B5EECEC2C2_ASTC_RGBAUTO_38_7758C7F344C9809605892__D878006CC572EA5AEFFB41DE68BCFDBFAA1D82AD.udd" 5537
"C:/Users/minukey/AppData/Local/UnrealEngine/Common/DerivedDataCache/5/2/0/TEXTURE_E01F4250BECD420DA9CE63B5EECEC2C2_AUTODXT_7758C7F344C98096058929A4AB84F__0AC250B00832AB85DAE7087B8BE4E8FB34AA46E3.udd" 5538
"C:/Users/minukey/AppData/Local/UnrealEngine/Common/DerivedDataCache/4/3/4/TEXTURE_E01F4250BECD420DA9CE63B5EECEC2C2_AUTODXT_7758C7F344C98096058929A4AB84F__4F2146C882375664A5A8F676F40B6E4C46494E74.udd" 5539
"C:/Users/minukey/AppData/Local/UnrealEngine/Common/DerivedDataCache/9/0/8/TEXTURE_E01F4250BECD420DA9CE63B5EECEC2C2_ASTC_RGBAUTO_38_7758C7F344C9809605892__98951F28F92A97A9538B21E3D03F40A944B83BE5.udd" 5540
"C:/Users/minukey/AppData/Local/UnrealEngine/Common/DerivedDataCache/4/8/5/TEXTURE_E01F4250BECD420DA9CE63B5EECEC2C2_ASTC_RGBAUTO_38_7758C7F344C9809605892__FC77142A0DA1DCA5D0C60068CBA66346F2D115D2.udd" 5541
"C:/Users/minukey/AppData/Local/UnrealEngine/Common/DerivedDataCache/0/5/2/TEXTURE_E01F4250BECD420DA9CE63B5EECEC2C2_AUTODXT_7758C7F344C98096058929A4AB84F__F1A132187DDA1A2DEAB50BAFB3B0EC477BB2C64E.udd" 5542
"C:/Users/minukey/AppData/Local/UnrealEngine/Common/DerivedDataCache/9/9/2/TEXTURE_E01F4250BECD420DA9CE63B5EECEC2C2_ASTC_RGBAUTO_38_7758C7F344C9809605892__F55BBC81A4338ED3691C1CB9BC45C7748E011545.udd" 5543
"C:/Users/minukey/AppData/Local/UnrealEngine/Common/DerivedDataCache/2/9/8/TEXTURE_E01F4250BECD420DA9CE63B5EECEC2C2_AUTOETC2_7758C7F344C98096058929A4AB84__DD12184868CD658B89D8D827296C1A41A9877F29.udd" 5544
"C:/Users/minukey/AppData/Local/UnrealEngine/Common/DerivedDataCache/5/7/0/TEXTURE_E01F4250BECD420DA9CE63B5EECEC2C2_AUTOETC2_7758C7F344C98096058929A4AB84__D4E28406EDEFBB7B7D1F783219CC1A8F1D293291.udd" 5545
"C:/Users/minukey/AppData/Local/UnrealEngine/Common/DerivedDataCache/2/2/5/TEXTURE_E01F4250BECD420DA9CE63B5EECEC2C2_AUTOETC2_7758C7F344C98096058929A4AB84__CAC62C33566D978A7A33FC6568577F2220456434.udd" 5546
"C:/Users/minukey/AppData/Local/UnrealEngine/Common/DerivedDataCache/2/0/8/TEXTURE_E01F4250BECD420DA9CE63B5EECEC2C2_AUTOETC2_7758C7F344C98096058929A4AB84__FF38ABACC2B2E9887CB45669156325F32DBF2165.udd" 5547
"C:/Users/minukey/AppData/Local/UnrealEngine/Common/DerivedDataCache/6/8/6/TEXTURE_E01F4250BECD420DA9CE63B5EECEC2C2_ASTC_RGBAUTO_38_1B0345064264F42B63ACB__848E7C41FD777496F78195700642AEFDFE202645.udd" 5548
"C:/Users/minukey/AppData/Local/UnrealEngine/Common/DerivedDataCache/6/7/2/TEXTURE_E01F4250BECD420DA9CE63B5EECEC2C2_AUTOETC2_1B0345064264F42B63ACB0BDBD0C__7658613D412CE5908966B0FF05A05A67386ED021.udd" 5549
"C:/Users/minukey/AppData/Local/UnrealEngine/Common/DerivedDataCache/8/8/9/TEXTURE_E01F4250BECD420DA9CE63B5EECEC2C2_AUTODXT_1B0345064264F42B63ACB0BDBD0C9__A65EDADA4B2C11E2AC72562CCA859224696BAF6F.udd" 5550
"C:/Users/minukey/AppData/Local/UnrealEngine/Common/DerivedDataCache/5/8/1/TEXTURE_E01F4250BECD420DA9CE63B5EECEC2C2_ASTC_RGB_38_A968073A46F302AB92080EBDD__02B93753223B9B48221D0276E5014ADC6ACB73E2.udd" 5551
"C:/Users/minukey/AppData/Local/UnrealEngine/Common/DerivedDataCache/3/6/8/TEXTURE_E01F4250BECD420DA9CE63B5EECEC2C2_ASTC_RGB_38_A968073A46F302AB92080EBDD__2F18B0A065EB40819D0FE6CDBE2255B16DBA1A76.udd" 5552
"C:/Users/minukey/AppData/Local/UnrealEngine/Common/DerivedDataCache/8/1/0/TEXTURE_E01F4250BECD420DA9CE63B5EECEC2C2_ASTC_RGB_38_A968073A46F302AB92080EBDD__C2E8E1042CF248EB378AC0529C4300B74EFAF8C7.udd" 5553
"C:/Users/minukey/AppData/Local/UnrealEngine/Common/DerivedDataCache/0/9/9/TEXTURE_E01F4250BECD420DA9CE63B5EECEC2C2_ASTC_RGB_38_A968073A46F302AB92080EBDD__6ED7D1CFD5D721CB615D06B44922E46E0EA05A11.udd" 5554
"C:/Users/minukey/AppData/Local/UnrealEngine/Common/DerivedDataCache/3/7/7/TEXTURE_E01F4250BECD420DA9CE63B5EECEC2C2_ASTC_RGB_38_A968073A46F302AB92080EBDD__66A309EF248DF4FF3BF95AA9B5F8E84EEB9435C1.udd" 5555
"C:/Users/minukey/AppData/Local/UnrealEngine/Common/DerivedDataCache/5/2/7/TEXTURE_E01F4250BECD420DA9CE63B5EECEC2C2_ETC2_RGB_A968073A46F302AB92080EBDDCAA__E099130FA52ACA4C8A39C2F2C5A50BB9D740AA91.udd" 5556
"C:/Users/minukey/AppData/Local/UnrealEngine/Common/DerivedDataCache/6/4/9/TEXTURE_E01F4250BECD420DA9CE63B5EECEC2C2_DXT1_A968073A46F302AB92080EBDDCAA0BDE__D13EAB4D9E66820B20D4E796F2C77FD4CCF63DF6.udd" 5557
"C:/Users/minukey/AppData/Local/UnrealEngine/Common/DerivedDataCache/0/2/1/TEXTURE_E01F4250BECD420DA9CE63B5EECEC2C2_ETC2_RGB_A968073A46F302AB92080EBDDCAA__8D1FAC7CD19937507D1743091822C12DCBE0EDE9.udd" 5558
"C:/Users/minukey/AppData/Local/UnrealEngine/Common/DerivedDataCache/8/5/7/TEXTURE_E01F4250BECD420DA9CE63B5EECEC2C2_ETC2_RGB_A968073A46F302AB92080EBDDCAA__ECBD0E002D473875D0D5B45CAC8643DBEEC3AD34.udd" 5559
"C:/Users/minukey/AppData/Local/UnrealEngine/Common/DerivedDataCache/7/1/2/STREAMEDAUDIO_BC6E92FBBD314E3B9B9EC6778749EB5E_OGG10000$2D1$2D1$2D1$2D1$2D1_4_536EAD8746C4C860873E46BAB68BA16E.udd" 5560
"C:/Users/minukey/AppData/Local/UnrealEngine/Common/DerivedDataCache/8/1/7/TEXTURE_E01F4250BECD420DA9CE63B5EECEC2C2_ETC2_RGB_A968073A46F302AB92080EBDDCAA__B8D93DDD8174F76BD5F9C0BFFDE43B0136F9D32C.udd" 5561
"C:/Users/minukey/AppData/Local/UnrealEngine/Common/DerivedDataCache/7/5/0/TEXTURE_E01F4250BECD420DA9CE63B5EECEC2C2_ETC2_RGB_A968073A46F302AB92080EBDDCAA__18444ECAED327D78326A55D9A1493C32E0BF3040.udd" 5562
"C:/Users/minukey/AppData/Local/UnrealEngine/Common/DerivedDataCache/9/1/3/TEXTURE_E01F4250BECD420DA9CE63B5EECEC2C2_DXT1_A968073A46F302AB92080EBDDCAA0BDE__87F8ECC4EA14BC5297ACFFB0C50FFFF4B248FCED.udd" 5563
"C:/Users/minukey/AppData/Local/UnrealEngine/Common/DerivedDataCache/1/8/3/TEXTURE_E01F4250BECD420DA9CE63B5EECEC2C2_DXT1_A968073A46F302AB92080EBDDCAA0BDE__30DDBF462CF15C7AC61E047C02F275B71F525149.udd" 5564
"C:/Users/minukey/AppData/Local/UnrealEngine/Common/DerivedDataCache/2/4/8/TEXTURE_E01F4250BECD420DA9CE63B5EECEC2C2_ASTC_RGB_38_5CC29FBC47B0CF1F620CE1916__7FC208B98186829B20DA9B49D0C39894D0993C0A.udd" 5565
"C:/Users/minukey/AppData/Local/UnrealEngine/Common/DerivedDataCache/6/5/4/TEXTURE_E01F4250BECD420DA9CE63B5EECEC2C2_DXT1_A968073A46F302AB92080EBDDCAA0BDE__66554CEE20FF0B2355F3FDF33E90C29BF8C2A42D.udd" 5566
"C:/Users/minukey/AppData/Local/UnrealEngine/Common/DerivedDataCache/7/7/6/TEXTURE_E01F4250BECD420DA9CE63B5EECEC2C2_ASTC_RGB_38_5CC29FBC47B0CF1F620CE1916__1332B0B6B3CB14CCD77F1FABEDE4DD5674C084D9.udd" 5567
"C:/Users/minukey/AppData/Local/UnrealEngine/Common/DerivedDataCache/1/7/9/TEXTURE_E01F4250BECD420DA9CE63B5EECEC2C2_ASTC_RGB_38_5CC29FBC47B0CF1F620CE1916__A83119847EBD021AD39DA667EC3D2634224E8E52.udd" 5568
"C:/Users/minukey/AppData/Local/UnrealEngine/Common/DerivedDataCache/1/5/5/TEXTURE_E01F4250BECD420DA9CE63B5EECEC2C2_ASTC_RGB_38_5CC29FBC47B0CF1F620CE1916__20367622D5F0FEBB3FFB2FDED15386F14DA819A3.udd" 5569
"C:/Users/minukey/AppData/Local/UnrealEngine/Common/DerivedDataCache/8/4/4/TEXTURE_E01F4250BECD420DA9CE63B5EECEC2C2_DXT1_5CC29FBC47B0CF1F620CE19166B985D8__D4A0AB783BB2AF95788B0CE5D871CF720A4D97EE.udd" 5570
"C:/Users/minukey/AppData/Local/UnrealEngine/Common/DerivedDataCache/4/7/8/TEXTURE_E01F4250BECD420DA9CE63B5EECEC2C2_DXT1_5CC29FBC47B0CF1F620CE19166B985D8__3AA37CCF3A76325C9584565488C9B3A86FCB1487.udd" 5571
"C:/Users/minukey/AppData/Local/UnrealEngine/Common/DerivedDataCache/0/5/5/TEXTURE_E01F4250BECD420DA9CE63B5EECEC2C2_DXT1_5CC29FBC47B0CF1F620CE19166B985D8__4B48B75544DB50B27D8563BD86F248238306FEDA.udd" 5572
"C:/Users/minukey/AppData/Local/UnrealEngine/Common/DerivedDataCache/5/2/8/TEXTURE_E01F4250BECD420DA9CE63B5EECEC2C2_DXT1_5CC29FBC47B0CF1F620CE19166B985D8__ED5F696A431C84F05B49A1405BFBECAA61271E36.udd" 5573
"C:/Users/minukey/AppData/Local/UnrealEngine/Common/DerivedDataCache/4/4/7/TEXTURE_E01F4250BECD420DA9CE63B5EECEC2C2_DXT1_A968073A46F302AB92080EBDDCAA0BDE__AB2CC2D8B1E193E731E5F1FD3D1223AF51F4FD2A.udd" 5574
"C:/Users/minukey/AppData/Local/UnrealEngine/Common/DerivedDataCache/8/7/2/TEXTURE_E01F4250BECD420DA9CE63B5EECEC2C2_ETC2_RGB_5CC29FBC47B0CF1F620CE19166B9__14239E475BFE5783A368C5139EA06FA10D029202.udd" 5575
"C:/Users/minukey/AppData/Local/UnrealEngine/Common/DerivedDataCache/6/8/2/STREAMEDAUDIO_BC6E92FBBD314E3B9B9EC6778749EB5E_OGG10000$2D1$2D1$2D1$2D1$2D1_4_FC434ACB43F3BB560255F9A0C10F755C.udd" 5576
"C:/Users/minukey/AppData/Local/UnrealEngine/Common/DerivedDataCache/5/7/5/TEXTURE_E01F4250BECD420DA9CE63B5EECEC2C2_ETC2_RGB_5CC29FBC47B0CF1F620CE19166B9__617C91114B2BCD171087F6A9EAD36C1DF3CD0E19.udd" 5577
"C:/Users/minukey/AppData/Local/UnrealEngine/Common/DerivedDataCache/1/0/1/TEXTURE_E01F4250BECD420DA9CE63B5EECEC2C2_ETC2_RGB_5CC29FBC47B0CF1F620CE19166B9__D7A60CF14D484E6E0ACBFA288E2516736F1F160D.udd" 5578
"C:/Users/minukey/AppData/Local/UnrealEngine/Common/DerivedDataCache/8/9/1/TEXTURE_E01F4250BECD420DA9CE63B5EECEC2C2_ASTC_RGB_38_7D27AEE241156E9F8A8083A19__72FEDFAF1A1D4335B74106B7ECAE5216D58FB157.udd" 5579
"C:/Users/minukey/AppData/Local/UnrealEngine/Common/DerivedDataCache/9/0/7/STREAMEDAUDIO_BC6E92FBBD314E3B9B9EC6778749EB5E_OGG10000$2D1$2D1$2D1$2D1$2D1_4_2407831F412798EE2A4CF1A5F705B111.udd" 5580
"C:/Users/minukey/AppData/Local/UnrealEngine/Common/DerivedDataCache/3/0/3/TEXTURE_E01F4250BECD420DA9CE63B5EECEC2C2_ETC2_RGB_5CC29FBC47B0CF1F620CE19166B9__562924AED6E80878635E1A1F859FAD668579856E.udd" 5581
"C:/Users/minukey/AppData/Local/UnrealEngine/Common/DerivedDataCache/1/0/5/TEXTURE_E01F4250BECD420DA9CE63B5EECEC2C2_DXT1_7D27AEE241156E9F8A8083A19F5CDD94__6D78EC4EDA46C4F453A9A4B6A197D635E62B2F52.udd" 5582
"C:/Users/minukey/AppData/Local/UnrealEngine/Common/DerivedDataCache/8/9/9/TEXTURE_E01F4250BECD420DA9CE63B5EECEC2C2_ETC2_RGB_7D27AEE241156E9F8A8083A19F5C__C3D288C5F7087C6F230A0B91AE06DC8AFA72E398.udd" 5583
"C:/Users/minukey/AppData/Local/UnrealEngine/Common/DerivedDataCache/5/4/5/STREAMEDAUDIO_BC6E92FBBD314E3B9B9EC6778749EB5E_OGG10000$2D1$2D1$2D1$2D1$2D1_4_671D8862413C8CFDE288CFA6BB74DB74.udd" 5584
"C:/Users/minukey/AppData/Local/UnrealEngine/Common/DerivedDataCache/0/6/4/TEXTURE_E01F4250BECD420DA9CE63B5EECEC2C2_ASTC_RGBAUTO_38_2844903B4392BEFF71D59__C4204930A88E0E1F59092F9E26F783B98AE4B989.udd" 5585
"C:/Users/minukey/AppData/Local/UnrealEngine/Common/DerivedDataCache/5/3/8/TEXTURE_E01F4250BECD420DA9CE63B5EECEC2C2_AUTODXT_2844903B4392BEFF71D593BDF667B__CE5314F931BC691219BD1BA5CC93C02BC2D55AFD.udd" 5586
"C:/Users/minukey/AppData/Local/UnrealEngine/Common/DerivedDataCache/0/8/8/TEXTURE_E01F4250BECD420DA9CE63B5EECEC2C2_ASTC_RGBAUTO_38_2844903B4392BEFF71D59__D7D63BFD80E7E65FBF73702CEB9FEC0259FFAD9A.udd" 5587
"C:/Users/minukey/AppData/Local/UnrealEngine/Common/DerivedDataCache/8/2/8/STREAMEDAUDIO_BC6E92FBBD314E3B9B9EC6778749EB5E_OGG10000$2D1$2D1$2D1$2D1$2D1_4_7531191342A5EBDD26B6029724F2959A.udd" 5588
"C:/Users/minukey/AppData/Local/UnrealEngine/Common/DerivedDataCache/9/3/4/TEXTURE_E01F4250BECD420DA9CE63B5EECEC2C2_ASTC_RGBAUTO_38_2844903B4392BEFF71D59__1B388EDD31CD23A4376EF30BAEB0EED47283E08D.udd" 5589
"C:/Users/minukey/AppData/Local/UnrealEngine/Common/DerivedDataCache/9/3/8/TEXTURE_E01F4250BECD420DA9CE63B5EECEC2C2_AUTODXT_2844903B4392BEFF71D593BDF667B__69AE79B5DDD175FA917F14992509C12C4E7D9F3A.udd" 5590
"C:/Users/minukey/AppData/Local/UnrealEngine/Common/DerivedDataCache/1/4/1/TEXTURE_E01F4250BECD420DA9CE63B5EECEC2C2_ASTC_RGBAUTO_38_2844903B4392BEFF71D59__1536D474097CD43477F85A09DBB54ECE7F9AC2CB.udd" 5591
"C:/Users/minukey/AppData/Local/UnrealEngine/Common/DerivedDataCache/2/4/3/STREAMEDAUDIO_BC6E92FBBD314E3B9B9EC6778749EB5E_OGG10000$2D1$2D1$2D1$2D1$2D1_4_FC9AB64F4A6F159A8A556DA1C4CC5C5B.udd" 5592
"C:/Users/minukey/AppData/Local/UnrealEngine/Common/DerivedDataCache/1/1/2/TEXTURE_E01F4250BECD420DA9CE63B5EECEC2C2_AUTODXT_2844903B4392BEFF71D593BDF667B__D0526347D9A19482AEE12461567B60822D8CAE58.udd" 5593
"C:/Users/minukey/AppData/Local/UnrealEngine/Common/DerivedDataCache/0/8/4/TEXTURE_E01F4250BECD420DA9CE63B5EECEC2C2_ASTC_RGBAUTO_38_2844903B4392BEFF71D59__CB32A22D282E795838645513A190E47FE9AAD737.udd" 5594
"C:/Users/minukey/AppData/Local/UnrealEngine/Common/DerivedDataCache/5/3/8/TEXTURE_E01F4250BECD420DA9CE63B5EECEC2C2_AUTODXT_2844903B4392BEFF71D593BDF667B__5E5E2BBD91987FA7AC4E0C7C301AD37A052C60D2.udd" 5595
"C:/Users/minukey/AppData/Local/UnrealEngine/Common/DerivedDataCache/2/3/4/TEXTURE_E01F4250BECD420DA9CE63B5EECEC2C2_AUTOETC2_2844903B4392BEFF71D593BDF667__DFEE67723E81782EDFB2C47A3A05AE822AB3430B.udd" 5596
"C:/Users/minukey/AppData/Local/UnrealEngine/Common/DerivedDataCache/6/5/3/TEXTURE_E01F4250BECD420DA9CE63B5EECEC2C2_AUTOETC2_2844903B4392BEFF71D593BDF667__C32F3539C1E7C4F4B95B12C2E7EE803861C75634.udd" 5597
"C:/Users/minukey/AppData/Local/UnrealEngine/Common/DerivedDataCache/4/4/7/TEXTURE_E01F4250BECD420DA9CE63B5EECEC2C2_AUTOETC2_2844903B4392BEFF71D593BDF667__A98A4B54A015BF2DC52B85BF1E08ECE10E657C17.udd" 5598
"C:/Users/minukey/AppData/Local/UnrealEngine/Common/DerivedDataCache/8/7/5/TEXTURE_E01F4250BECD420DA9CE63B5EECEC2C2_AUTODXT_2844903B4392BEFF71D593BDF667B__179731BBFAA694E8F09BB4290BD5BDF9297C7497.udd" 5599
"C:/Users/minukey/AppData/Local/UnrealEngine/Common/DerivedDataCache/6/3/4/TEXTURE_E01F4250BECD420DA9CE63B5EECEC2C2_ASTC_RGBAUTO_38_2C63B5DA4C57C1523E2D6__63FB256269D1DE00B76D679530CD2018560BF92E.udd" 5600
"C:/Users/minukey/AppData/Local/UnrealEngine/Common/DerivedDataCache/6/4/3/TEXTURE_E01F4250BECD420DA9CE63B5EECEC2C2_AUTOETC2_2844903B4392BEFF71D593BDF667__F7EB0CF9F4A8294CA929F16B3D522F94617A4489.udd" 5601
"C:/Users/minukey/AppData/Local/UnrealEngine/Common/DerivedDataCache/6/4/0/TEXTURE_E01F4250BECD420DA9CE63B5EECEC2C2_ASTC_RGBAUTO_38_2C63B5DA4C57C1523E2D6__95463AAC3F8220F8F7DA0BFAFF141A82FEDB29FE.udd" 5602
"C:/Users/minukey/AppData/Local/UnrealEngine/Common/DerivedDataCache/4/0/0/TEXTURE_E01F4250BECD420DA9CE63B5EECEC2C2_ASTC_RGBAUTO_38_2C63B5DA4C57C1523E2D6__B5CF1BBCA26B6D9DB5EBC92EE6F2231D3C7C2D85.udd" 5603
"C:/Users/minukey/AppData/Local/UnrealEngine/Common/DerivedDataCache/7/9/5/TEXTURE_E01F4250BECD420DA9CE63B5EECEC2C2_ASTC_RGBAUTO_38_2C63B5DA4C57C1523E2D6__6469951CB726DD2FF0D20929E8FF9736D3690786.udd" 5604
"C:/Users/minukey/AppData/Local/UnrealEngine/Common/DerivedDataCache/3/7/5/TEXTURE_E01F4250BECD420DA9CE63B5EECEC2C2_AUTODXT_2C63B5DA4C57C1523E2D68AFFC7D1__7163C2F005EF0B1B5FF2EB0FCB573D6657DEB862.udd" 5605
"C:/Users/minukey/AppData/Local/UnrealEngine/Common/DerivedDataCache/6/1/4/TEXTURE_E01F4250BECD420DA9CE63B5EECEC2C2_AUTOETC2_2844903B4392BEFF71D593BDF667__82C10D8BD3057A5C08EFE989DCD54707A975F26D.udd" 5606
"C:/Users/minukey/AppData/Local/UnrealEngine/Common/DerivedDataCache/2/1/4/TEXTURE_E01F4250BECD420DA9CE63B5EECEC2C2_AUTODXT_2C63B5DA4C57C1523E2D68AFFC7D1__1E519BB4EF3B176D461981A8F185EB2A7683DAA2.udd" 5607
"C:/Users/minukey/AppData/Local/UnrealEngine/Common/DerivedDataCache/4/9/9/STREAMEDAUDIO_BC6E92FBBD314E3B9B9EC6778749EB5E_OGG10000$2D1$2D1$2D1$2D1$2D1_4_C2639C62441B168DDEA99F9D4BB62E7A.udd" 5608
"C:/Users/minukey/AppData/Local/UnrealEngine/Common/DerivedDataCache/3/3/4/TEXTURE_E01F4250BECD420DA9CE63B5EECEC2C2_AUTODXT_2C63B5DA4C57C1523E2D68AFFC7D1__3B6062FDA1D447F51D931A3277614B30574F001D.udd" 5609
"C:/Users/minukey/AppData/Local/UnrealEngine/Common/DerivedDataCache/7/2/3/TEXTURE_E01F4250BECD420DA9CE63B5EECEC2C2_AUTOETC2_2C63B5DA4C57C1523E2D68AFFC7D__B7A23883A34179708F78E73BF8E5E8193C3FA6FE.udd" 5610
"C:/Users/minukey/AppData/Local/UnrealEngine/Common/DerivedDataCache/7/6/2/TEXTURE_E01F4250BECD420DA9CE63B5EECEC2C2_AUTOETC2_2C63B5DA4C57C1523E2D68AFFC7D__8DAAA844A547C3C9AE37CCD6821F855EF807FCAE.udd" 5611
"C:/Users/minukey/AppData/Local/UnrealEngine/Common/DerivedDataCache/2/7/8/TEXTURE_E01F4250BECD420DA9CE63B5EECEC2C2_AUTOETC2_2C63B5DA4C57C1523E2D68AFFC7D__D0D5951093A1DA33D253512409D6E0112ABD1566.udd" 5612
"C:/Users/minukey/AppData/Local/UnrealEngine/Common/DerivedDataCache/4/4/4/TEXTURE_E01F4250BECD420DA9CE63B5EECEC2C2_AUTODXT_2C63B5DA4C57C1523E2D68AFFC7D1__5A7C4353A4EA063CC54F03AB7E92E3A8BF52F245.udd" 5613
"C:/Users/minukey/AppData/Local/UnrealEngine/Common/DerivedDataCache/8/2/1/TEXTURE_E01F4250BECD420DA9CE63B5EECEC2C2_AUTOETC2_2C63B5DA4C57C1523E2D68AFFC7D__F1C3FADDDD6E884E123DA03DFB38046CDF822C78.udd" 5614
"C:/Users/minukey/AppData/Local/UnrealEngine/Common/DerivedDataCache/7/3/7/TEXTURE_E01F4250BECD420DA9CE63B5EECEC2C2_ASTC_RGBAUTO_38_09CEF17E4531AFB14C1B4__EC964875390B931949421EAE9DADCA8B2949D121.udd" 5615
"C:/Users/minukey/AppData/Local/UnrealEngine/Common/DerivedDataCache/4/7/1/TEXTURE_E01F4250BECD420DA9CE63B5EECEC2C2_AUTOETC2_09CEF17E4531AFB14C1B48A13E6B__5E1EE61AAB943B4B393C2668B71A13A6979409E2.udd" 5616
"C:/Users/minukey/AppData/Local/UnrealEngine/Common/DerivedDataCache/9/1/8/TEXTURE_E01F4250BECD420DA9CE63B5EECEC2C2_AUTODXT_09CEF17E4531AFB14C1B48A13E6BB__7927A92DEF1F7F7A5996F6623A47961133E09E54.udd" 5617
"C:/Users/minukey/AppData/Local/UnrealEngine/Common/DerivedDataCache/5/2/5/TEXTURE_E01F4250BECD420DA9CE63B5EECEC2C2_ASTC_RGBAUTO_38_52640BB9425F976C53CF3__81E2833662FB5DF09C9025A7934925C96E6C7115.udd" 5618
"C:/Users/minukey/AppData/Local/UnrealEngine/Common/DerivedDataCache/9/8/6/TEXTURE_E01F4250BECD420DA9CE63B5EECEC2C2_AUTODXT_52640BB9425F976C53CF3FA787E7A__258504C88D4C0FC9FA9DF6AF64742E117BC15054.udd" 5619
"C:/Users/minukey/AppData/Local/UnrealEngine/Common/DerivedDataCache/8/5/7/TEXTURE_E01F4250BECD420DA9CE63B5EECEC2C2_ASTC_RGBAUTO_38_52640BB9425F976C53CF3__8308F217913A775E0B11ACFB448B21CD9E4A2AAA.udd" 5620
"C:/Users/minukey/AppData/Local/UnrealEngine/Common/DerivedDataCache/1/6/6/TEXTURE_E01F4250BECD420DA9CE63B5EECEC2C2_AUTODXT_52640BB9425F976C53CF3FA787E7A__859F10DA7363E1281E49DB0215E6DA4F88D12967.udd" 5621
"C:/Users/minukey/AppData/Local/UnrealEngine/Common/DerivedDataCache/2/4/7/STREAMEDAUDIO_BC6E92FBBD314E3B9B9EC6778749EB5E_OGG10000$2D1$2D1$2D1$2D1$2D1_4_5431200B4D6228AD253CD5ACC057B6E2.udd" 5622
"C:/Users/minukey/AppData/Local/UnrealEngine/Common/DerivedDataCache/0/4/5/TEXTURE_E01F4250BECD420DA9CE63B5EECEC2C2_ASTC_RGBAUTO_38_52640BB9425F976C53CF3__B256F599723C64D76F777C06764203BEFA2BE18E.udd" 5623
"C:/Users/minukey/AppData/Local/UnrealEngine/Common/DerivedDataCache/8/1/5/STREAMEDAUDIO_BC6E92FBBD314E3B9B9EC6778749EB5E_OGG10000$2D1$2D1$2D1$2D1$2D1_4_CA695BCA43A23BFBB184B7BA4BF225D1.udd" 5624
"C:/Users/minukey/AppData/Local/UnrealEngine/Common/DerivedDataCache/1/2/0/STREAMEDAUDIO_BC6E92FBBD314E3B9B9EC6778749EB5E_OGG10000$2D1$2D1$2D1$2D1$2D1_4_42DEA7DB4B053F3B7B92D5A34753E461.udd" 5625
"C:/Users/minukey/AppData/Local/UnrealEngine/Common/DerivedDataCache/4/9/5/TEXTURE_E01F4250BECD420DA9CE63B5EECEC2C2_AUTODXT_52640BB9425F976C53CF3FA787E7A__00BA82FA27E34164080C9AF369BEB4D8E0BC06E4.udd" 5626
"C:/Users/minukey/AppData/Local/UnrealEngine/Common/DerivedDataCache/5/2/9/TEXTURE_E01F4250BECD420DA9CE63B5EECEC2C2_ASTC_RGBAUTO_38_52640BB9425F976C53CF3__5996AF705E3318B0874ED10A288C397BC7C515B4.udd" 5627
"C:/Users/minukey/AppData/Local/UnrealEngine/Common/DerivedDataCache/8/2/4/STREAMEDAUDIO_BC6E92FBBD314E3B9B9EC6778749EB5E_OGG10000$2D1$2D1$2D1$2D1$2D1_4_2082765D48F5620F38C393B85ECFEDF9.udd" 5628
"C:/Users/minukey/AppData/Local/UnrealEngine/Common/DerivedDataCache/2/1/6/TEXTURE_E01F4250BECD420DA9CE63B5EECEC2C2_AUTOETC2_52640BB9425F976C53CF3FA787E7__3F983ABE90D5D5D6FC0F3A5806C39A4DCBF8E1FB.udd" 5629
"C:/Users/minukey/AppData/Local/UnrealEngine/Common/DerivedDataCache/7/6/3/TEXTURE_E01F4250BECD420DA9CE63B5EECEC2C2_AUTOETC2_52640BB9425F976C53CF3FA787E7__2B77A791A9D191837784DC3763EAB062CDFC3C8F.udd" 5630
"C:/Users/minukey/AppData/Local/UnrealEngine/Common/DerivedDataCache/2/4/6/TEXTURE_E01F4250BECD420DA9CE63B5EECEC2C2_AUTOETC2_52640BB9425F976C53CF3FA787E7__FE496B8B8C9E6B2C8B635E6D79AE2A6476ADB7CA.udd" 5631
"C:/Users/minukey/AppData/Local/UnrealEngine/Common/DerivedDataCache/5/6/2/STREAMEDAUDIO_BC6E92FBBD314E3B9B9EC6778749EB5E_OGG10000$2D1$2D1$2D1$2D1$2D1_4_640CF59348E3BA7F56867A8440FDC00A.udd" 5632
"C:/Users/minukey/AppData/Local/UnrealEngine/Common/DerivedDataCache/6/1/0/TEXTURE_E01F4250BECD420DA9CE63B5EECEC2C2_AUTOETC2_52640BB9425F976C53CF3FA787E7__2836063445DE35AD72663AF1C5CA6E8B1FC914CA.udd" 5633
"C:/Users/minukey/AppData/Local/UnrealEngine/Common/DerivedDataCache/3/4/1/STREAMEDAUDIO_BC6E92FBBD314E3B9B9EC6778749EB5E_OGG10000$2D1$2D1$2D1$2D1$2D1_4_4DD7EB2543A8CE559A2FE6BF7D519270.udd" 5634
"C:/Users/minukey/AppData/Local/UnrealEngine/Common/DerivedDataCache/4/7/6/TEXTURE_E01F4250BECD420DA9CE63B5EECEC2C2_AUTODXT_52640BB9425F976C53CF3FA787E7A__D0D709777CB54F80E8BCEB550FDA4E0BB0681689.udd" 5635
"C:/Users/minukey/AppData/Local/UnrealEngine/Common/DerivedDataCache/8/7/7/TEXTURE_E01F4250BECD420DA9CE63B5EECEC2C2_AUTODXT_7094D4F947559E1CC076A39C45684__26BCA21C06C785B21947FB0DD2F7A03B1D927DC5.udd" 5636
"C:/Users/minukey/AppData/Local/UnrealEngine/Common/DerivedDataCache/3/8/9/TEXTURE_E01F4250BECD420DA9CE63B5EECEC2C2_ASTC_RGBAUTO_38_7094D4F947559E1CC076A__510AD544606B378428BA4B43157C088D5134BFCD.udd" 5637
"C:/Users/minukey/AppData/Local/UnrealEngine/Common/DerivedDataCache/8/6/4/TEXTURE_E01F4250BECD420DA9CE63B5EECEC2C2_AUTODXT_7094D4F947559E1CC076A39C45684__D10C3634FCEEFB068EAF030798AECB845A3CC860.udd" 5638
"C:/Users/minukey/AppData/Local/UnrealEngine/Common/DerivedDataCache/2/2/6/TEXTURE_E01F4250BECD420DA9CE63B5EECEC2C2_AUTODXT_7094D4F947559E1CC076A39C45684__2B573FBC13E2E41F936539AF15859032BCF94977.udd" 5639
"C:/Users/minukey/AppData/Local/UnrealEngine/Common/DerivedDataCache/2/5/8/TEXTURE_E01F4250BECD420DA9CE63B5EECEC2C2_AUTODXT_7094D4F947559E1CC076A39C45684__431C88513D980AE98F55E49D510759564D3283B0.udd" 5640
"C:/Users/minukey/AppData/Local/UnrealEngine/Common/DerivedDataCache/3/4/7/TEXTURE_E01F4250BECD420DA9CE63B5EECEC2C2_AUTODXT_7094D4F947559E1CC076A39C45684__4AEEAE3CDE3B207AC1ECFE199A1D5F213299F582.udd" 5641
"C:/Users/minukey/AppData/Local/UnrealEngine/Common/DerivedDataCache/9/2/9/TEXTURE_E01F4250BECD420DA9CE63B5EECEC2C2_AUTODXT_7094D4F947559E1CC076A39C45684__C72C1F0185FAD8BCA437E317E83D9DB97B5F6FB9.udd" 5642
"C:/Users/minukey/AppData/Local/UnrealEngine/Common/DerivedDataCache/5/8/7/TEXTURE_E01F4250BECD420DA9CE63B5EECEC2C2_ASTC_RGBAUTO_38_7094D4F947559E1CC076A__DC62068A47CDB9A5ECD3FFCA8364E99C6E72BFEB.udd" 5643
"C:/Users/minukey/AppData/Local/UnrealEngine/Common/DerivedDataCache/9/2/1/TEXTURE_E01F4250BECD420DA9CE63B5EECEC2C2_ASTC_RGBAUTO_38_7094D4F947559E1CC076A__92AD20AE6E8210C387C73ECFADFB0C1068D1FC91.udd" 5644
"C:/Users/minukey/AppData/Local/UnrealEngine/Common/DerivedDataCache/5/2/6/TEXTURE_E01F4250BECD420DA9CE63B5EECEC2C2_ASTC_RGBAUTO_38_7094D4F947559E1CC076A__61C5215E8557FCC44E55887A8F875E91433D105E.udd" 5645
"C:/Users/minukey/AppData/Local/UnrealEngine/Common/DerivedDataCache/3/0/8/TEXTURE_E01F4250BECD420DA9CE63B5EECEC2C2_AUTOETC2_7094D4F947559E1CC076A39C4568__60425DD82FD336D16E1019C8D6ECE34C04575919.udd" 5646
"C:/Users/minukey/AppData/Local/UnrealEngine/Common/DerivedDataCache/0/1/5/TEXTURE_E01F4250BECD420DA9CE63B5EECEC2C2_AUTOETC2_7094D4F947559E1CC076A39C4568__52A96A98DF5369DCB2427054FC377925A58A3BE1.udd" 5647
"C:/Users/minukey/AppData/Local/UnrealEngine/Common/DerivedDataCache/0/7/7/TEXTURE_E01F4250BECD420DA9CE63B5EECEC2C2_ASTC_RGBAUTO_38_7094D4F947559E1CC076A__DD019203E50EC23B4539544CE24A25BC017F6FD8.udd" 5648
"C:/Users/minukey/AppData/Local/UnrealEngine/Common/DerivedDataCache/9/9/2/TEXTURE_E01F4250BECD420DA9CE63B5EECEC2C2_ASTC_RGBAUTO_38_7094D4F947559E1CC076A__EACFF98F2A5788C2F599919506FBBA43BE0645E3.udd" 5649
"C:/Users/minukey/AppData/Local/UnrealEngine/Common/DerivedDataCache/8/1/1/TEXTURE_E01F4250BECD420DA9CE63B5EECEC2C2_ASTC_RGBAUTO_38_14BCB80E4DA68B21A1CAE__1C90F77DCD09CE96BD7CA5849E93EF8246390FA4.udd" 5650
"C:/Users/minukey/AppData/Local/UnrealEngine/Common/DerivedDataCache/7/7/1/TEXTURE_E01F4250BECD420DA9CE63B5EECEC2C2_AUTODXT_14BCB80E4DA68B21A1CAE2A15C263__87E001740B89674E747AD9F64F61C4211DA23D65.udd" 5651
"C:/Users/minukey/AppData/Local/UnrealEngine/Common/DerivedDataCache/9/1/3/TEXTURE_E01F4250BECD420DA9CE63B5EECEC2C2_AUTOETC2_14BCB80E4DA68B21A1CAE2A15C26__6A2125C18BB41AB0A5D87F1768D86E346FAE6B20.udd" 5652
"C:/Users/minukey/AppData/Local/UnrealEngine/Common/DerivedDataCache/8/9/8/TEXTURE_E01F4250BECD420DA9CE63B5EECEC2C2_AUTOETC2_7094D4F947559E1CC076A39C4568__520E779F0619B599CD7AE07D0B12517ED7B9B47A.udd" 5653
"C:/Users/minukey/AppData/Local/UnrealEngine/Common/DerivedDataCache/7/2/0/TEXTURE_E01F4250BECD420DA9CE63B5EECEC2C2_AUTOETC2_7094D4F947559E1CC076A39C4568__1E85909D8C62C94864161454971814246CC799C9.udd" 5654
"C:/Users/minukey/AppData/Local/UnrealEngine/Common/DerivedDataCache/5/4/1/TEXTURE_E01F4250BECD420DA9CE63B5EECEC2C2_ASTC_RGB_38_5124CCC2439163134B892187D__1A8E605ED733EB7385D007A80ED058E84D56E82C.udd" 5655
"C:/Users/minukey/AppData/Local/UnrealEngine/Common/DerivedDataCache/5/1/0/TEXTURE_E01F4250BECD420DA9CE63B5EECEC2C2_AUTOETC2_7094D4F947559E1CC076A39C4568__F5F47AEC0394EBB8CE19929FE9FEE8F8476626F7.udd" 5656
"C:/Users/minukey/AppData/Local/UnrealEngine/Common/DerivedDataCache/4/3/9/TEXTURE_E01F4250BECD420DA9CE63B5EECEC2C2_AUTOETC2_7094D4F947559E1CC076A39C4568__2F5D456F878884117F5E6379BF2BB9EA87A45075.udd" 5657
"C:/Users/minukey/AppData/Local/UnrealEngine/Common/DerivedDataCache/1/4/7/TEXTURE_E01F4250BECD420DA9CE63B5EECEC2C2_ASTC_RGB_38_5124CCC2439163134B892187D__36BF1DC016CAD71A3780A8559E170CE2FA21DB55.udd" 5658
"C:/Users/minukey/AppData/Local/UnrealEngine/Common/DerivedDataCache/3/9/6/TEXTURE_E01F4250BECD420DA9CE63B5EECEC2C2_DXT1_5124CCC2439163134B892187D7830388__A93CF40CC012C4BDD7A47CE9F6256489045DF36C.udd" 5659
"C:/Users/minukey/AppData/Local/UnrealEngine/Common/DerivedDataCache/5/6/3/TEXTURE_E01F4250BECD420DA9CE63B5EECEC2C2_ASTC_RGB_38_5124CCC2439163134B892187D__9D62C3F1C71A4ACA0ABDB364BF4D179D51C18FAA.udd" 5660
"C:/Users/minukey/AppData/Local/UnrealEngine/Common/DerivedDataCache/8/1/5/TEXTURE_E01F4250BECD420DA9CE63B5EECEC2C2_DXT1_5124CCC2439163134B892187D7830388__DF38533DC1F5F06F0E3F8113B6C2E6D934E3D69B.udd" 5661
"C:/Users/minukey/AppData/Local/UnrealEngine/Common/DerivedDataCache/7/8/4/TEXTURE_E01F4250BECD420DA9CE63B5EECEC2C2_DXT1_5124CCC2439163134B892187D7830388__90221BDCFDA1B028216860781D60938D67E4262B.udd" 5662
"C:/Users/minukey/AppData/Local/UnrealEngine/Common/DerivedDataCache/3/6/5/TEXTURE_E01F4250BECD420DA9CE63B5EECEC2C2_DXT1_5124CCC2439163134B892187D7830388__191F824B6BFFB570B631F461023DD6F80A339C80.udd" 5663
"C:/Users/minukey/AppData/Local/UnrealEngine/Common/DerivedDataCache/9/4/3/TEXTURE_E01F4250BECD420DA9CE63B5EECEC2C2_DXT1_5124CCC2439163134B892187D7830388__570D11370BC31503F441BD866C3FC7CC9E95ADFF.udd" 5664
"C:/Users/minukey/AppData/Local/UnrealEngine/Common/DerivedDataCache/4/8/0/TEXTURE_E01F4250BECD420DA9CE63B5EECEC2C2_ASTC_RGB_38_5124CCC2439163134B892187D__DE19C690EAA7FAEA4C96E7B7C7B276BC35009D26.udd" 5665
"C:/Users/minukey/AppData/Local/UnrealEngine/Common/DerivedDataCache/5/7/7/TEXTURE_E01F4250BECD420DA9CE63B5EECEC2C2_ASTC_RGB_38_5124CCC2439163134B892187D__EDBE857227F5DD4040FB42D85CB0774973406541.udd" 5666
"C:/Users/minukey/AppData/Local/UnrealEngine/Common/DerivedDataCache/4/0/0/TEXTURE_E01F4250BECD420DA9CE63B5EECEC2C2_DXT1_5124CCC2439163134B892187D7830388__9D8BCFE6C52CD7092464C20847E442BBA74D5456.udd" 5667
"C:/Users/minukey/AppData/Local/UnrealEngine/Common/DerivedDataCache/3/5/5/TEXTURE_E01F4250BECD420DA9CE63B5EECEC2C2_ASTC_RGB_38_5124CCC2439163134B892187D__836FC61B722559547F893BA6C2799FA7A01EB143.udd" 5668
"C:/Users/minukey/AppData/Local/UnrealEngine/Common/DerivedDataCache/9/3/7/TEXTURE_E01F4250BECD420DA9CE63B5EECEC2C2_ETC2_RGB_5124CCC2439163134B892187D783__8654C6B761556D811F674E91F9E24E737F0E862B.udd" 5669
"C:/Users/minukey/AppData/Local/UnrealEngine/Common/DerivedDataCache/8/4/3/TEXTURE_E01F4250BECD420DA9CE63B5EECEC2C2_ASTC_RGB_38_DC8084AC4B9DFF1FC71440BC0__35DA9E1CF8319765B46815F8C8B7F07F6D04DF4E.udd" 5670
"C:/Users/minukey/AppData/Local/UnrealEngine/Common/DerivedDataCache/1/6/6/TEXTURE_E01F4250BECD420DA9CE63B5EECEC2C2_ETC2_RGB_5124CCC2439163134B892187D783__ED9997362CA2A2C9B33EF8B638F64C65D7BA4E79.udd" 5671
"C:/Users/minukey/AppData/Local/UnrealEngine/Common/DerivedDataCache/5/2/6/TEXTURE_E01F4250BECD420DA9CE63B5EECEC2C2_DXT1_DC8084AC4B9DFF1FC71440BC07612481__07AA84D75AC2024C055C2FF3CBEC107E07C9D291.udd" 5672
"C:/Users/minukey/AppData/Local/UnrealEngine/Common/DerivedDataCache/7/9/2/TEXTURE_E01F4250BECD420DA9CE63B5EECEC2C2_ETC2_RGB_5124CCC2439163134B892187D783__71133ED12733CD7FD5EA0C73DD266DFF46B435CB.udd" 5673
"C:/Users/minukey/AppData/Local/UnrealEngine/Common/DerivedDataCache/6/9/6/TEXTURE_E01F4250BECD420DA9CE63B5EECEC2C2_ETC2_RGB_DC8084AC4B9DFF1FC71440BC0761__3A76BF59448E821F84FF54B577D1CAFE60FB228F.udd" 5674
"C:/Users/minukey/AppData/Local/UnrealEngine/Common/DerivedDataCache/1/8/3/TEXTURE_E01F4250BECD420DA9CE63B5EECEC2C2_ASTC_RGBAUTO_38_D0A694D44ABC8BAA37D74__AD2D0E990DB71AB58475FB1CB93EC1AF36ED5A3E.udd" 5675
"C:/Users/minukey/AppData/Local/UnrealEngine/Common/DerivedDataCache/4/2/5/TEXTURE_E01F4250BECD420DA9CE63B5EECEC2C2_ETC2_RGB_5124CCC2439163134B892187D783__BAE131B9E750FB7B82249AA851B0AAAFD8EF7AB5.udd" 5676
"C:/Users/minukey/AppData/Local/UnrealEngine/Common/DerivedDataCache/0/6/3/TEXTURE_E01F4250BECD420DA9CE63B5EECEC2C2_ETC2_RGB_5124CCC2439163134B892187D783__E5A20DC70F275528A7B35538CDF11EFB8F213C5D.udd" 5677
"C:/Users/minukey/AppData/Local/UnrealEngine/Common/DerivedDataCache/7/9/9/TEXTURE_E01F4250BECD420DA9CE63B5EECEC2C2_ASTC_RGBAUTO_38_D0A694D44ABC8BAA37D74__9F4AFCFB79F7689BC979E5709F5E99331D263FFD.udd" 5678
"C:/Users/minukey/AppData/Local/UnrealEngine/Common/DerivedDataCache/2/7/0/TEXTURE_E01F4250BECD420DA9CE63B5EECEC2C2_ASTC_RGBAUTO_38_D0A694D44ABC8BAA37D74__A03E7D6D9FD29045DD32A5BC0DFEBB797D632B1F.udd" 5679
"C:/Users/minukey/AppData/Local/UnrealEngine/Common/DerivedDataCache/8/4/7/TEXTURE_E01F4250BECD420DA9CE63B5EECEC2C2_ASTC_RGBAUTO_38_D0A694D44ABC8BAA37D74__5EC43BDF82402FF9E5CA273F45D9608CCB5EC54B.udd" 5680
"C:/Users/minukey/AppData/Local/UnrealEngine/Common/DerivedDataCache/1/3/2/TEXTURE_E01F4250BECD420DA9CE63B5EECEC2C2_ASTC_RGBAUTO_38_D0A694D44ABC8BAA37D74__5BD65236C80EEF780516949AAC424C73CAD5FBBC.udd" 5681
"C:/Users/minukey/AppData/Local/UnrealEngine/Common/DerivedDataCache/1/0/7/TEXTURE_E01F4250BECD420DA9CE63B5EECEC2C2_ETC2_RGB_5124CCC2439163134B892187D783__025930D6B29C20DDD7624D05BE0F9D8CF16CA6EF.udd" 5682
"C:/Users/minukey/AppData/Local/UnrealEngine/Common/DerivedDataCache/4/4/0/TEXTURE_E01F4250BECD420DA9CE63B5EECEC2C2_ASTC_RGBAUTO_38_D0A694D44ABC8BAA37D74__2ACFA2CA9EB1E52C131B5111CFEDC96B77F5EF05.udd" 5683
"C:/Users/minukey/AppData/Local/UnrealEngine/Common/DerivedDataCache/9/0/2/TEXTURE_E01F4250BECD420DA9CE63B5EECEC2C2_AUTOETC2_D0A694D44ABC8BAA37D744827FF3__31C6C840801CC7A79D8C8A471386575F3A5F7376.udd" 5684
"C:/Users/minukey/AppData/Local/UnrealEngine/Common/DerivedDataCache/7/5/3/TEXTURE_E01F4250BECD420DA9CE63B5EECEC2C2_AUTODXT_D0A694D44ABC8BAA37D744827FF3E__57773B9431247FD0AD3864A3CDB1291A252C25D7.udd" 5685
"C:/Users/minukey/AppData/Local/UnrealEngine/Common/DerivedDataCache/6/1/3/TEXTURE_E01F4250BECD420DA9CE63B5EECEC2C2_AUTODXT_D0A694D44ABC8BAA37D744827FF3E__66E9CC6D2600D564476CCC0D85E265A41BC904A3.udd" 5686
"C:/Users/minukey/AppData/Local/UnrealEngine/Common/DerivedDataCache/6/6/7/TEXTURE_E01F4250BECD420DA9CE63B5EECEC2C2_AUTOETC2_D0A694D44ABC8BAA37D744827FF3__FF86B0A3FCD39221EA9EB0127FCA46FAF4ECF972.udd" 5687
"C:/Users/minukey/AppData/Local/UnrealEngine/Common/DerivedDataCache/3/1/4/TEXTURE_E01F4250BECD420DA9CE63B5EECEC2C2_AUTODXT_D0A694D44ABC8BAA37D744827FF3E__B7B815AD51AB05214854B4C1E9D4F1EA7733FE0A.udd" 5688
"C:/Users/minukey/AppData/Local/UnrealEngine/Common/DerivedDataCache/7/1/4/TEXTURE_E01F4250BECD420DA9CE63B5EECEC2C2_AUTOETC2_D0A694D44ABC8BAA37D744827FF3__C4AA27491471A58B912FC4957150CD8B17665E3B.udd" 5689
"C:/Users/minukey/AppData/Local/UnrealEngine/Common/DerivedDataCache/0/2/6/TEXTURE_E01F4250BECD420DA9CE63B5EECEC2C2_AUTOETC2_D0A694D44ABC8BAA37D744827FF3__F6819CCBCC6AFE805EE17FA2E25C22CB05201C2D.udd" 5690
"C:/Users/minukey/AppData/Local/UnrealEngine/Common/DerivedDataCache/4/3/9/TEXTURE_E01F4250BECD420DA9CE63B5EECEC2C2_AUTODXT_D0A694D44ABC8BAA37D744827FF3E__BE68B7987D2561DB1FB01361920A7B5E27FD66DC.udd" 5691
"C:/Users/minukey/AppData/Local/UnrealEngine/Common/DerivedDataCache/5/5/4/TEXTURE_E01F4250BECD420DA9CE63B5EECEC2C2_AUTODXT_D0A694D44ABC8BAA37D744827FF3E__E70849E8146ECA294EE807C40CB0F5D66D7FE384.udd" 5692
"C:/Users/minukey/AppData/Local/UnrealEngine/Common/DerivedDataCache/3/4/5/TEXTURE_E01F4250BECD420DA9CE63B5EECEC2C2_AUTOETC2_D0A694D44ABC8BAA37D744827FF3__CF2EE2A8467D5D5957F0941D3160F77D92741BD6.udd" 5693
"C:/Users/minukey/AppData/Local/UnrealEngine/Common/DerivedDataCache/4/5/6/TEXTURE_E01F4250BECD420DA9CE63B5EECEC2C2_AUTODXT_D0A694D44ABC8BAA37D744827FF3E__6ED36358175494B9454F06FE45816D54B2BF1159.udd" 5694
"C:/Users/minukey/AppData/Local/UnrealEngine/Common/DerivedDataCache/2/3/7/TEXTURE_E01F4250BECD420DA9CE63B5EECEC2C2_ASTC_RGBAUTO_38_1C1AD09B41AD415D89A4F__9BF85AA6DF25ECAE4D74C7842C2C88077869DFAF.udd" 5695
"C:/Users/minukey/AppData/Local/UnrealEngine/Common/DerivedDataCache/5/7/6/TEXTURE_E01F4250BECD420DA9CE63B5EECEC2C2_AUTODXT_1C1AD09B41AD415D89A4F480DA0F8__31AB4FE0E3F285E24777229EF943F5391692F56C.udd" 5696
"C:/Users/minukey/AppData/Local/UnrealEngine/Common/DerivedDataCache/0/5/5/TEXTURE_E01F4250BECD420DA9CE63B5EECEC2C2_AUTOETC2_1C1AD09B41AD415D89A4F480DA0F__D2F26C7374513BB7755F2E16544C5F608CEDFA99.udd" 5697
"C:/Users/minukey/AppData/Local/UnrealEngine/Common/DerivedDataCache/6/3/3/TEXTURE_E01F4250BECD420DA9CE63B5EECEC2C2_BGRA8_0BE38C1B4677E3C36F2062AE91E78CB__E794A40A6EF327A4906B8930AD2AD05C91FF98DC.udd" 5698
"C:/Users/minukey/AppData/Local/UnrealEngine/Common/DerivedDataCache/8/9/7/TEXTURE_E01F4250BECD420DA9CE63B5EECEC2C2_ASTC_RGBAUTO_38_89A488CA46C4B59D65864__F96229EC8BBE92EA20377BD18EB3F84E94BF4BC8.udd" 5699
"C:/Users/minukey/AppData/Local/UnrealEngine/Common/DerivedDataCache/7/9/8/TEXTURE_E01F4250BECD420DA9CE63B5EECEC2C2_AUTOETC2_D0A694D44ABC8BAA37D744827FF3__9E2C4E7E3652B3D3265496186C5B728055E32511.udd" 5700
"C:/Users/minukey/AppData/Local/UnrealEngine/Common/DerivedDataCache/5/6/5/TEXTURE_E01F4250BECD420DA9CE63B5EECEC2C2_AUTOETC2_89A488CA46C4B59D6586409CB1B9__5568F036E0F5F9934196A46CB077B83122DE498B.udd" 5701
"C:/Users/minukey/AppData/Local/UnrealEngine/Common/DerivedDataCache/1/5/0/TEXTURE_E01F4250BECD420DA9CE63B5EECEC2C2_ASTC_RGBAUTO_38_CE56B30F4408818E1F553__D298C6446E5590AB35D63849323CF641378FB6BA.udd" 5702
"C:/Users/minukey/AppData/Local/UnrealEngine/Common/DerivedDataCache/0/6/1/TEXTURE_E01F4250BECD420DA9CE63B5EECEC2C2_AUTODXT_CE56B30F4408818E1F553F9E22571__2D3BDC447DCAF44C1183F454B47160681F8620D1.udd" 5703
"C:/Users/minukey/AppData/Local/UnrealEngine/Common/DerivedDataCache/1/3/9/TEXTURE_E01F4250BECD420DA9CE63B5EECEC2C2_AUTODXT_89A488CA46C4B59D6586409CB1B9A__3A0B231C89FC540B8A819DDD20EAF7F67A20C587.udd" 5704
"C:/Users/minukey/AppData/Local/UnrealEngine/Common/DerivedDataCache/5/8/7/TEXTURE_E01F4250BECD420DA9CE63B5EECEC2C2_AUTOETC2_CE56B30F4408818E1F553F9E2257__28E025217841590EBE60E05A6442BA71D4AF3FA8.udd" 5705
"C:/Users/minukey/AppData/Local/UnrealEngine/Common/DerivedDataCache/7/4/3/TEXTURE_E01F4250BECD420DA9CE63B5EECEC2C2_ASTC_RGBAUTO_38_F55044FB4D0EBD931C9A6__987DE080B2C9EB534EF9C7A98358865F92D3C697.udd" 5706
"C:/Users/minukey/AppData/Local/UnrealEngine/Common/DerivedDataCache/9/6/1/TEXTURE_E01F4250BECD420DA9CE63B5EECEC2C2_AUTODXT_F55044FB4D0EBD931C9A61AFA0EBE__A1616FD3A0B455CB034DDEE57DDE3F8DE514AE90.udd" 5707
"C:/Users/minukey/AppData/Local/UnrealEngine/Common/DerivedDataCache/5/4/3/TEXTURE_E01F4250BECD420DA9CE63B5EECEC2C2_AUTOETC2_F55044FB4D0EBD931C9A61AFA0EB__90EE755C4729CD4AAF0ECA6596FF9826A7E68481.udd" 5708
"C:/Users/minukey/AppData/Local/UnrealEngine/Common/DerivedDataCache/0/2/7/TEXTURE_E01F4250BECD420DA9CE63B5EECEC2C2_ASTC_RGBAUTO_38_2875AD31445B03C1E8349__E1D4A5898AB69EB941939BA15FCEDA8E83E25392.udd" 5709
"C:/Users/minukey/AppData/Local/UnrealEngine/Common/DerivedDataCache/3/5/6/TEXTURE_E01F4250BECD420DA9CE63B5EECEC2C2_AUTODXT_2875AD31445B03C1E83498AD9FAF8__EF4718AC802C94BD6FEFA2DD873FC23866D3B966.udd" 5710
"C:/Users/minukey/AppData/Local/UnrealEngine/Common/DerivedDataCache/8/6/9/TEXTURE_E01F4250BECD420DA9CE63B5EECEC2C2_AUTOETC2_2875AD31445B03C1E83498AD9FAF__B0576F50A76E04E235603F6A1F1488DB3E1C152C.udd" 5711
"C:/Users/minukey/AppData/Local/UnrealEngine/Common/DerivedDataCache/5/4/6/TEXTURE_E01F4250BECD420DA9CE63B5EECEC2C2_ASTC_RGBAUTO_38_BEDC5729463D3325D740C__46E522A39064AFE21ACCAE92C8B422B151D46E40.udd" 5712
"C:/Users/minukey/AppData/Local/UnrealEngine/Common/DerivedDataCache/4/1/0/TEXTURE_E01F4250BECD420DA9CE63B5EECEC2C2_AUTOETC2_BEDC5729463D3325D740CD8B785C__4FED5707C621A3D9B06B7B19AF98A4BFC4FBD940.udd" 5713
"C:/Users/minukey/AppData/Local/UnrealEngine/Common/DerivedDataCache/8/8/1/TEXTURE_E01F4250BECD420DA9CE63B5EECEC2C2_ASTC_RGBAUTO_38_59F2A3E54E7D33D512C4F__80EC00E3C3F6F59AEAAF0C8584FAF82E14C97EAD.udd" 5714
"C:/Users/minukey/AppData/Local/UnrealEngine/Common/DerivedDataCache/8/7/2/PHYSX_A08609EF508D460CBB6710540B03AACF_PHYSXGENERIC_198AFA004C4CF57B062680BB7E__E345AC570B27183F6618D7F871C8248F06E414A2.udd" 5715
"C:/Users/minukey/AppData/Local/UnrealEngine/Common/DerivedDataCache/1/8/2/TEXTURE_E01F4250BECD420DA9CE63B5EECEC2C2_AUTODXT_BEDC5729463D3325D740CD8B785CF__545E1C19A572E7D4083223AAC35E57520F547816.udd" 5716
"C:/Users/minukey/AppData/Local/UnrealEngine/Common/DerivedDataCache/6/3/8/TEXTURE_E01F4250BECD420DA9CE63B5EECEC2C2_AUTODXT_59F2A3E54E7D33D512C4FE8594A99__94F32CC06F2F6E4F0967AFE26374A02BF2F9262E.udd" 5717
"C:/Users/minukey/AppData/Local/UnrealEngine/Common/DerivedDataCache/1/5/8/TEXTURE_E01F4250BECD420DA9CE63B5EECEC2C2_AUTOETC2_59F2A3E54E7D33D512C4FE8594A9__FFEC01C1D877127B737DE910CCBCD78E48514606.udd" 5718
"C:/Users/minukey/AppData/Local/UnrealEngine/Common/DerivedDataCache/0/3/0/TEXTURE_E01F4250BECD420DA9CE63B5EECEC2C2_ASTC_RGBAUTO_38_5885DED24C0EAC2728902__350A5EDDE38F7BEBAF70A3C28261583064777F7A.udd" 5719
"C:/Users/minukey/AppData/Local/UnrealEngine/Common/DerivedDataCache/2/6/2/TEXTURE_E01F4250BECD420DA9CE63B5EECEC2C2_AUTODXT_5885DED24C0EAC27289023BD8299F__3420639A5CB22A0F1DCDCCFE3CE6799722F79CFC.udd" 5720
"C:/Users/minukey/AppData/Local/UnrealEngine/Common/DerivedDataCache/0/0/0/TEXTURE_E01F4250BECD420DA9CE63B5EECEC2C2_AUTOETC2_5885DED24C0EAC27289023BD8299__424B068485C7525E4B17A6EE1D187257C7292793.udd" 5721
"C:/Users/minukey/AppData/Local/UnrealEngine/Common/DerivedDataCache/2/4/8/TEXTURE_E01F4250BECD420DA9CE63B5EECEC2C2_ASTC_RGBAUTO_38_BD63B65A45A22A56B6D21__DFD352D6045222098356F7B0D1B57F852EA57A9A.udd" 5722
"C:/Users/minukey/AppData/Local/UnrealEngine/Common/DerivedDataCache/0/4/8/TEXTURE_E01F4250BECD420DA9CE63B5EECEC2C2_AUTODXT_BD63B65A45A22A56B6D21884B387D__EF9DBDD7980495AB73F11F652D59D566C22AE795.udd" 5723
"C:/Users/minukey/AppData/Local/UnrealEngine/Common/DerivedDataCache/7/0/3/TEXTURE_E01F4250BECD420DA9CE63B5EECEC2C2_AUTOETC2_BD63B65A45A22A56B6D21884B387__99CE2D4155530221698D3BC44FDB4394B16DFEEC.udd" 5724
"C:/Users/minukey/AppData/Local/UnrealEngine/Common/DerivedDataCache/6/8/2/TEXTURE_E01F4250BECD420DA9CE63B5EECEC2C2_BGRA8_F12533514EAA89A8E0AC1581EA79813__9B563ECBFBA4568172FACA6EA00E4D0C3905C69A.udd" 5725
"C:/Users/minukey/AppData/Local/UnrealEngine/Common/DerivedDataCache/3/4/8/TEXTURE_E01F4250BECD420DA9CE63B5EECEC2C2_ASTC_RGBAUTO_38_67BB399C4BF427268CC6F__166AF908CAEFEE90F683A11428434B9B28D94634.udd" 5726
"C:/Users/minukey/AppData/Local/UnrealEngine/Common/DerivedDataCache/2/2/6/TEXTURE_E01F4250BECD420DA9CE63B5EECEC2C2_AUTODXT_67BB399C4BF427268CC6F5A04257D__76BCC26E12800B2BC1A947AB083AA693FB8C60D0.udd" 5727
"C:/Users/minukey/AppData/Local/UnrealEngine/Common/DerivedDataCache/8/6/4/TEXTURE_E01F4250BECD420DA9CE63B5EECEC2C2_AUTOETC2_67BB399C4BF427268CC6F5A04257__C6FC38169D38ADC4B986B4E62263ED7E1975C4BF.udd" 5728
"C:/Users/minukey/AppData/Local/UnrealEngine/Common/DerivedDataCache/7/0/0/TEXTURE_E01F4250BECD420DA9CE63B5EECEC2C2_AUTODXT_F1A76A1545BDE50BE96A078B9F172__F684A57C4BE585D7781BB402D7938080BF032E35.udd" 5729
"C:/Users/minukey/AppData/Local/UnrealEngine/Common/DerivedDataCache/2/7/0/TEXTURE_E01F4250BECD420DA9CE63B5EECEC2C2_ASTC_RGBAUTO_38_F1A76A1545BDE50BE96A0__48AA0D00A35CD195CB8C15F849C40B18BF84CDC4.udd" 5730
"C:/Users/minukey/AppData/Local/UnrealEngine/Common/DerivedDataCache/5/2/7/TEXTURE_E01F4250BECD420DA9CE63B5EECEC2C2_ASTC_RGBAUTO_38_C89B978C4D49202867177__206FB331BD4564C4C4E3A486C59887FCB429CA3B.udd" 5731
"C:/Users/minukey/AppData/Local/UnrealEngine/Common/DerivedDataCache/4/7/8/TEXTURE_E01F4250BECD420DA9CE63B5EECEC2C2_AUTODXT_C89B978C4D492028671779A16B334__B1801424F4B4DA8E3B34FCCD54D3BE499CB19695.udd" 5732
"C:/Users/minukey/AppData/Local/UnrealEngine/Common/DerivedDataCache/6/4/5/TEXTURE_E01F4250BECD420DA9CE63B5EECEC2C2_AUTOETC2_C89B978C4D492028671779A16B33__A55D30D613CDC81110A7CF4F45BA9F50CA2C40E6.udd" 5733
"C:/Users/minukey/AppData/Local/UnrealEngine/Common/DerivedDataCache/9/4/9/TEXTURE_E01F4250BECD420DA9CE63B5EECEC2C2_AUTOETC2_F1A76A1545BDE50BE96A078B9F17__D68734336C9E46891F477BA49A80BF4ABC5D6263.udd" 5734
"C:/Users/minukey/AppData/Local/UnrealEngine/Common/DerivedDataCache/0/3/9/TEXTURE_E01F4250BECD420DA9CE63B5EECEC2C2_ASTC_RGBAUTO_38_098B8FB845A41245995CE__0BD0A7B0379B735E73D9DFE0CD4ABC13106A9386.udd" 5735
"C:/Users/minukey/AppData/Local/UnrealEngine/Common/DerivedDataCache/0/6/7/TEXTURE_E01F4250BECD420DA9CE63B5EECEC2C2_AUTODXT_098B8FB845A41245995CEC8F5F2ED__6B2A7CDC2D5FF0697960F062D4228AC8BC57301E.udd" 5736
"C:/Users/minukey/AppData/Local/UnrealEngine/Common/DerivedDataCache/6/7/2/TEXTURE_E01F4250BECD420DA9CE63B5EECEC2C2_AUTOETC2_098B8FB845A41245995CEC8F5F2E__3610FA971F4F6C05106F7F00B77F703B83B3A3F3.udd" 5737
"C:/Users/minukey/AppData/Local/UnrealEngine/Common/DerivedDataCache/4/0/5/TEXTURE_E01F4250BECD420DA9CE63B5EECEC2C2_ASTC_RGBAUTO_38_8C3EFD614A92108201690__CC2B645CE5B000A2E710F42B531C908CE43FE319.udd" 5738
"C:/Users/minukey/AppData/Local/UnrealEngine/Common/DerivedDataCache/5/7/4/TEXTURE_E01F4250BECD420DA9CE63B5EECEC2C2_AUTODXT_8C3EFD614A92108201690DA2EA1D0__3F83A61F4B43D0729C2084EC7A25BED5372F61BE.udd" 5739
"C:/Users/minukey/AppData/Local/UnrealEngine/Common/DerivedDataCache/5/4/1/TEXTURE_E01F4250BECD420DA9CE63B5EECEC2C2_AUTOETC2_8C3EFD614A92108201690DA2EA1D__247FEDBEF9F8CFC44654AADEADF1520B1A197155.udd" 5740
"C:/Users/minukey/AppData/Local/UnrealEngine/Common/DerivedDataCache/9/1/6/TEXTURE_E01F4250BECD420DA9CE63B5EECEC2C2_ASTC_RGBAUTO_38_CF81E1A947D0960F81A3E__6A3B8C030A02923D76587507A9C1D0EC6247325D.udd" 5741
"C:/Users/minukey/AppData/Local/UnrealEngine/Common/DerivedDataCache/3/6/5/TEXTURE_E01F4250BECD420DA9CE63B5EECEC2C2_AUTODXT_CF81E1A947D0960F81A3E0A20A42D__E6EE8178D23640D16EC74F702E711EF18EE3C2BF.udd" 5742
"C:/Users/minukey/AppData/Local/UnrealEngine/Common/DerivedDataCache/6/2/5/TEXTURE_E01F4250BECD420DA9CE63B5EECEC2C2_BGRA8_2DC0AE114F7513B1809B0EBA06F420F__2AC9E1E7232B85C27B92FD4061A7BCA76682A7D3.udd" 5743
"C:/Users/minukey/AppData/Local/UnrealEngine/Common/DerivedDataCache/0/4/9/TEXTURE_E01F4250BECD420DA9CE63B5EECEC2C2_AUTOETC2_CF81E1A947D0960F81A3E0A20A42__6CC5DE5998FB0413B11A72A51AD92D57FE40FE18.udd" 5744
"C:/Users/minukey/AppData/Local/UnrealEngine/Common/DerivedDataCache/0/6/6/TEXTURE_E01F4250BECD420DA9CE63B5EECEC2C2_ASTC_RGBAUTO_38_8780FA2448937BEA2F877__ABAEABAFED50606CBDC51DCA5857846FD6A0D68A.udd" 5745
"C:/Users/minukey/AppData/Local/UnrealEngine/Common/DerivedDataCache/3/2/1/TEXTURE_E01F4250BECD420DA9CE63B5EECEC2C2_AUTODXT_8780FA2448937BEA2F8777A3CE0C4__F1E4FA7CC75E2359D8439C7311B4552B8316BD05.udd" 5746
"C:/Users/minukey/AppData/Local/UnrealEngine/Common/DerivedDataCache/8/1/0/TEXTURE_E01F4250BECD420DA9CE63B5EECEC2C2_AUTOETC2_8780FA2448937BEA2F8777A3CE0C__D0EC56BD9093B7106EB2850F9C99E1550579E5A1.udd" 5747
"C:/Users/minukey/AppData/Local/UnrealEngine/Common/DerivedDataCache/1/4/0/TEXTURE_E01F4250BECD420DA9CE63B5EECEC2C2_ASTC_RGBAUTO_38_08D02ED84C2EB9AD2BEB7__A25ABEF7202AD04F1E2F23E2DB524D85628A062A.udd" 5748
"C:/Users/minukey/AppData/Local/UnrealEngine/Common/DerivedDataCache/6/1/1/TEXTURE_E01F4250BECD420DA9CE63B5EECEC2C2_AUTODXT_08D02ED84C2EB9AD2BEB798B7AA79__6DF587FA48B966547979682514D5C32436FD0A40.udd" 5749
"C:/Users/minukey/AppData/Local/UnrealEngine/Common/DerivedDataCache/0/4/9/TEXTURE_E01F4250BECD420DA9CE63B5EECEC2C2_AUTOETC2_08D02ED84C2EB9AD2BEB798B7AA7__7202BEF94C94E36FAFDE4FF824E3169F4BECE770.udd" 5750
"C:/Users/minukey/AppData/Local/UnrealEngine/Common/DerivedDataCache/6/1/8/TEXTURE_E01F4250BECD420DA9CE63B5EECEC2C2_ASTC_RGBAUTO_38_F61ADE9348AF037D2D3B2__CA6471261E6571DFBAC3BCA749B30F403A3603C5.udd" 5751
"C:/Users/minukey/AppData/Local/UnrealEngine/Common/DerivedDataCache/8/5/3/TEXTURE_E01F4250BECD420DA9CE63B5EECEC2C2_AUTODXT_F61ADE9348AF037D2D3B2DAFB88B6__B3609CF334B1D824214A989A4061F62E3D893F91.udd" 5752
"C:/Users/minukey/AppData/Local/UnrealEngine/Common/DerivedDataCache/1/4/7/TEXTURE_E01F4250BECD420DA9CE63B5EECEC2C2_BGRA8_9A2F7D304229A57EB531249F78214D3__C5E58FEBE15D65088FC547464218350A861CCD74.udd" 5753
"C:/Users/minukey/AppData/Local/UnrealEngine/Common/DerivedDataCache/2/4/2/TEXTURE_E01F4250BECD420DA9CE63B5EECEC2C2_AUTOETC2_F61ADE9348AF037D2D3B2DAFB88B__0FE795345E25343B6301989850F34E880BCC1BDC.udd" 5754
"C:/Users/minukey/AppData/Local/UnrealEngine/Common/DerivedDataCache/7/8/9/TEXTURE_E01F4250BECD420DA9CE63B5EECEC2C2_ASTC_RGBAUTO_38_6E073FE145F486D8273C6__7A49B05514837DCEF717A0EAE0654E90D94EA60E.udd" 5755
"C:/Users/minukey/AppData/Local/UnrealEngine/Common/DerivedDataCache/8/9/3/TEXTURE_E01F4250BECD420DA9CE63B5EECEC2C2_BGRA8_C5208E934F83648745D4A5A2CC9A838__60F239CD3601634DE77EC9A2665DB45911326D42.udd" 5756
"C:/Users/minukey/AppData/Local/UnrealEngine/Common/DerivedDataCache/4/1/0/TEXTURE_E01F4250BECD420DA9CE63B5EECEC2C2_AUTODXT_6E073FE145F486D8273C68A2424AC__5DCD5694AFFDD2E7D9F9B2F4A74E693F121BAF87.udd" 5757
"C:/Users/minukey/AppData/Local/UnrealEngine/Common/DerivedDataCache/8/4/4/TEXTURE_E01F4250BECD420DA9CE63B5EECEC2C2_AUTOETC2_6E073FE145F486D8273C68A2424A__C01AEFB1576E502834DCC541A9432D962275BE70.udd" 5758
"C:/Users/minukey/AppData/Local/UnrealEngine/Common/DerivedDataCache/8/3/9/TEXTURE_E01F4250BECD420DA9CE63B5EECEC2C2_ASTC_RGBAUTO_38_887C313E47EBDBF9FDA81__7C782DB4DF2DB785CDDF33147E585B50A4C96093.udd" 5759
"C:/Users/minukey/AppData/Local/UnrealEngine/Common/DerivedDataCache/9/0/4/TEXTURE_E01F4250BECD420DA9CE63B5EECEC2C2_AUTODXT_887C313E47EBDBF9FDA81C94C8892__EF5710E9BC02A866E62F57A616599B1E71D1A08E.udd" 5760
"C:/Users/minukey/AppData/Local/UnrealEngine/Common/DerivedDataCache/9/2/3/TEXTURE_E01F4250BECD420DA9CE63B5EECEC2C2_AUTOETC2_887C313E47EBDBF9FDA81C94C889__4494702C042DDCA2FE043571ECFEB414A45A4880.udd" 5761
"C:/Users/minukey/AppData/Local/UnrealEngine/Common/DerivedDataCache/7/1/2/TEXTURE_E01F4250BECD420DA9CE63B5EECEC2C2_ASTC_RGBAUTO_38_A7EACFC940C95783D0ABB__ECA1DE9CDF3DAC4F739A7EDFBC7246EA6F2D6990.udd" 5762
"C:/Users/minukey/AppData/Local/UnrealEngine/Common/DerivedDataCache/1/1/5/TEXTURE_E01F4250BECD420DA9CE63B5EECEC2C2_AUTODXT_A7EACFC940C95783D0ABB4B91CB58__39A8DAA7020D036C22BC2956D6B3FF1A223A8F0F.udd" 5763
"C:/Users/minukey/AppData/Local/UnrealEngine/Common/DerivedDataCache/0/8/1/TEXTURE_E01F4250BECD420DA9CE63B5EECEC2C2_AUTOETC2_A7EACFC940C95783D0ABB4B91CB5__EE696EBEBC910A6BADF3D0E7AB8C1079DD747FEE.udd" 5764
"C:/Users/minukey/AppData/Local/UnrealEngine/Common/DerivedDataCache/9/0/1/TEXTURE_E01F4250BECD420DA9CE63B5EECEC2C2_AUTODXT_C074091B4D2635DFF4A3CC87E1FB4__DE837CC107B6F85566D71C988C7900225C75A262.udd" 5765
"C:/Users/minukey/AppData/Local/UnrealEngine/Common/DerivedDataCache/6/8/7/TEXTURE_E01F4250BECD420DA9CE63B5EECEC2C2_ASTC_RGBAUTO_38_C074091B4D2635DFF4A3C__D0BD6D8ED997CA5FDC712416F2922616C19F5FD6.udd" 5766
"C:/Users/minukey/AppData/Local/UnrealEngine/Common/DerivedDataCache/2/7/7/TEXTURE_E01F4250BECD420DA9CE63B5EECEC2C2_BGRA8_E0B1ACFD474A853EBC12DF885274DAC__9B06AFA148C20DE0E4153F0D7F8F188DF666A89E.udd" 5767
"C:/Users/minukey/AppData/Local/UnrealEngine/Common/DerivedDataCache/6/9/4/TEXTURE_E01F4250BECD420DA9CE63B5EECEC2C2_AUTOETC2_C074091B4D2635DFF4A3CC87E1FB__DD053E362D332ACE31904DD552E8C1843605347D.udd" 5768
"C:/Users/minukey/AppData/Local/UnrealEngine/Common/DerivedDataCache/3/6/8/TEXTURE_E01F4250BECD420DA9CE63B5EECEC2C2_ASTC_RGBAUTO_38_FD5965C849C9E30CC1A16__BFD920CE1C3784E6A6E7D583747B38E4F043BB57.udd" 5769
"C:/Users/minukey/AppData/Local/UnrealEngine/Common/DerivedDataCache/6/9/5/TEXTURE_E01F4250BECD420DA9CE63B5EECEC2C2_AUTODXT_FD5965C849C9E30CC1A161B8800F8__9C03377F5FC9529D197A297D522F5F17C6B2150E.udd" 5770
"C:/Users/minukey/AppData/Local/UnrealEngine/Common/DerivedDataCache/0/6/2/TEXTURE_E01F4250BECD420DA9CE63B5EECEC2C2_AUTOETC2_FD5965C849C9E30CC1A161B8800F__5A150078D0A2DE83EBAF9053980A3476FFE450FD.udd" 5771
"C:/Users/minukey/AppData/Local/UnrealEngine/Common/DerivedDataCache/2/7/8/TEXTURE_E01F4250BECD420DA9CE63B5EECEC2C2_ASTC_RGBAUTO_38_0E9D82CB4180EB49100C7__EE166EC929EB160439E6DE1A21B78731B0C363D7.udd" 5772
"C:/Users/minukey/AppData/Local/UnrealEngine/Common/DerivedDataCache/2/4/9/TEXTURE_E01F4250BECD420DA9CE63B5EECEC2C2_AUTODXT_0E9D82CB4180EB49100C7E847C226__B87CEF55900CB225046B041F019C66CAFCC71D5D.udd" 5773
"C:/Users/minukey/AppData/Local/UnrealEngine/Common/DerivedDataCache/2/9/0/TEXTURE_E01F4250BECD420DA9CE63B5EECEC2C2_AUTOETC2_0E9D82CB4180EB49100C7E847C22__8920D3C4767E7034AC6CA89FA45AB6F398DA882B.udd" 5774
"C:/Users/minukey/AppData/Local/UnrealEngine/Common/DerivedDataCache/3/3/4/TEXTURE_E01F4250BECD420DA9CE63B5EECEC2C2_BGRA8_71190262432B5BC8B496AFA07CB4F9E__33DBB0BD209D7CCB462CDEC197C163F18F12B303.udd" 5775
"C:/Users/minukey/AppData/Local/UnrealEngine/Common/DerivedDataCache/4/9/0/TEXTURE_E01F4250BECD420DA9CE63B5EECEC2C2_BGRA8_48EC4A85481B012A7255EB87AF5FDC7__8BFB745C51FA8F3CF6363944BB6624E35284BA72.udd" 5776
"C:/Users/minukey/AppData/Local/UnrealEngine/Common/DerivedDataCache/8/4/1/TEXTURE_E01F4250BECD420DA9CE63B5EECEC2C2_BGRA8_C2EE160941CB441082F5A28B0B89331__90708D0002524943CE085C075D59503DB145241B.udd" 5777
"C:/Users/minukey/AppData/Local/UnrealEngine/Common/DerivedDataCache/0/6/5/TEXTURE_E01F4250BECD420DA9CE63B5EECEC2C2_BGRA8_891E7FD64189E57420B8349836AEA2C__DE379B131F97F15B550F94970CDB626A3A15DA86.udd" 5778
"C:/Users/minukey/AppData/Local/UnrealEngine/Common/DerivedDataCache/7/5/2/TEXTURE_E01F4250BECD420DA9CE63B5EECEC2C2_BGRA8_697C9C7543D21732FC64838257C8712__ACE243825191973497E14683E6B40ACC5D4A71DC.udd" 5779
"C:/Users/minukey/AppData/Local/UnrealEngine/Common/DerivedDataCache/3/3/2/TEXTURE_E01F4250BECD420DA9CE63B5EECEC2C2_BGRA8_F7C62E7C42C10876473E95929931344__3559714A3C784D595E7964B2AE03947D92B1709C.udd" 5780
"C:/Users/minukey/AppData/Local/UnrealEngine/Common/DerivedDataCache/5/8/9/TEXTURE_E01F4250BECD420DA9CE63B5EECEC2C2_BGRA8_A7D6645F4D5879E82A1CDA9B83E209E__5989405AA7E88D72B128397B8F0640C0572731E3.udd" 5781
"C:/Users/minukey/AppData/Local/UnrealEngine/Common/DerivedDataCache/9/9/8/TEXTURE_E01F4250BECD420DA9CE63B5EECEC2C2_BGRA8_DE2267634ADAB5B6ED1A9AA02807014__56631946698C61E901EA4166842C4926A5DF12D5.udd" 5782
"C:/Users/minukey/AppData/Local/UnrealEngine/Common/DerivedDataCache/3/6/0/TEXTURE_E01F4250BECD420DA9CE63B5EECEC2C2_BGRA8_5EDECFAE4B67D4E9885835984AB5569__6DA1DBBAB2D9E692A107A9C2C761BCB7C5C0F3F7.udd" 5783
"C:/Users/minukey/AppData/Local/UnrealEngine/Common/DerivedDataCache/2/7/4/TEXTURE_E01F4250BECD420DA9CE63B5EECEC2C2_BGRA8_2B047AA240B4E92F16ABEFB16DE7EAF__1F8ED65D6C8A6B93EF8A275777F9F2B5F00D7859.udd" 5784
"C:/Users/minukey/AppData/Local/UnrealEngine/Common/DerivedDataCache/9/4/1/TEXTURE_E01F4250BECD420DA9CE63B5EECEC2C2_BGRA8_D23BB17E4663ACE7089A33B600431A4__1A5BBEA958185D5B113FC6D4780A00C660E7DA3E.udd" 5785
"C:/Users/minukey/AppData/Local/UnrealEngine/Common/DerivedDataCache/0/9/6/TEXTURE_E01F4250BECD420DA9CE63B5EECEC2C2_BGRA8_FFD867EB473DBBA468592CAFCF9B507__8C64383BD292B0660D26DCAB78D973D33D4259CE.udd" 5786
"C:/Users/minukey/AppData/Local/UnrealEngine/Common/DerivedDataCache/4/5/3/TEXTURE_E01F4250BECD420DA9CE63B5EECEC2C2_BGRA8_BFE8C6B54FFA378118E144BEF72B41B__D24FE7A09FC1E34163567AA8B52EC57A0E67A65C.udd" 5787
"C:/Users/minukey/AppData/Local/UnrealEngine/Common/DerivedDataCache/2/8/8/TEXTURE_E01F4250BECD420DA9CE63B5EECEC2C2_BGRA8_C96320BB44D54B183841F5A0F2D07D0__D55532187152B8059AF8BDEEBCE1BCD40210A652.udd" 5788
"C:/Users/minukey/AppData/Local/UnrealEngine/Common/DerivedDataCache/1/5/8/TEXTURE_E01F4250BECD420DA9CE63B5EECEC2C2_BGRA8_0C734E87486A71CDB3D9E6B15F69FB8__5BD824F74CA78B8484D6D6AB92C4F58B05329FDA.udd" 5789
"C:/Users/minukey/AppData/Local/UnrealEngine/Common/DerivedDataCache/7/6/5/TEXTURE_E01F4250BECD420DA9CE63B5EECEC2C2_BGRA8_73E0FA364E4274187497149FBDCC7CC__765E310361C1355F7C29C8A7BCEB2B2BE8F8BF84.udd" 5790
"C:/Users/minukey/AppData/Local/UnrealEngine/Common/DerivedDataCache/1/5/4/TEXTURE_E01F4250BECD420DA9CE63B5EECEC2C2_BGRA8_AAAE2702434CCD86DD8CEA9EFB12576__0EA61BA93F0621494AB134ACC21A9A986248C7DC.udd" 5791
"C:/Users/minukey/AppData/Local/UnrealEngine/Common/DerivedDataCache/9/0/4/TEXTURE_E01F4250BECD420DA9CE63B5EECEC2C2_BGRA8_71E0F5D0475D52F95FEADD86AC6720A__86A8CDA964FAC780877544C8BCA722CC37797A99.udd" 5792
"C:/Users/minukey/AppData/Local/UnrealEngine/Common/DerivedDataCache/5/8/5/TEXTURE_E01F4250BECD420DA9CE63B5EECEC2C2_BGRA8_F4BDEE8C46DCDA4D9723BDBBBB7E2BE__43B2A0895E1FA33837FB9424F3E468E96B601DE7.udd" 5793
"C:/Users/minukey/AppData/Local/UnrealEngine/Common/DerivedDataCache/6/0/0/TEXTURE_E01F4250BECD420DA9CE63B5EECEC2C2_BGRA8_3F15FD434B79C0DAB70781B3FD6496E__8538E54AA235D1B302A6EA58D2B5B2509D38A701.udd" 5794
"C:/Users/minukey/AppData/Local/UnrealEngine/Common/DerivedDataCache/0/0/9/TEXTURE_E01F4250BECD420DA9CE63B5EECEC2C2_BGRA8_1843A12943AE73996596D3B4FD35971__65238B6ADE3986F8931E26729D9A41B3CC12F698.udd" 5795
"C:/Users/minukey/AppData/Local/UnrealEngine/Common/DerivedDataCache/9/4/0/TEXTURE_E01F4250BECD420DA9CE63B5EECEC2C2_BGRA8_660660614D7F5AE8E61FA0A0F75172F__37DE98863FF602209974DC57FBBEFF5F798AAB8F.udd" 5796
"C:/Users/minukey/AppData/Local/UnrealEngine/Common/DerivedDataCache/3/4/8/TEXTURE_E01F4250BECD420DA9CE63B5EECEC2C2_BGRA8_B4276F0245C57F13D8AE3E9D6635F7E__04D8BD86858BBF2DFDE71F250A38D559EF8FA1CC.udd" 5797
"C:/Users/minukey/AppData/Local/UnrealEngine/Common/DerivedDataCache/9/6/1/TEXTURE_E01F4250BECD420DA9CE63B5EECEC2C2_ASTC_RGBAUTO_38_E43A1BF744F06499E914F__510C46232AFD24F0A6DC9085DF3C2A0D6E554889.udd" 5798
"C:/Users/minukey/AppData/Local/UnrealEngine/Common/DerivedDataCache/3/7/1/TEXTURE_E01F4250BECD420DA9CE63B5EECEC2C2_AUTOETC2_E43A1BF744F06499E914F9AAD277__8EA24EFD9DE82528946A532823C696B6EF676332.udd" 5799
"C:/Users/minukey/AppData/Local/UnrealEngine/Common/DerivedDataCache/1/7/9/TEXTURE_E01F4250BECD420DA9CE63B5EECEC2C2_AUTODXT_E43A1BF744F06499E914F9AAD277B__916488AA9F38D2267163517A8BE62D78682B1716.udd" 5800
"C:/Users/minukey/AppData/Local/UnrealEngine/Common/DerivedDataCache/4/5/4/TEXTURE_E01F4250BECD420DA9CE63B5EECEC2C2_ASTC_RGBAUTO_38_EA91F9984DA0B2238E808__8FEA43EC6D5FCC993D27C0E6CDF12C52BAACEFC6.udd" 5801
"C:/Users/minukey/AppData/Local/UnrealEngine/Common/DerivedDataCache/4/7/6/TEXTURE_E01F4250BECD420DA9CE63B5EECEC2C2_AUTODXT_EA91F9984DA0B2238E808692E8C82__0285A5E0321F03311F29BF34664DADFE8D145B2E.udd" 5802
"C:/Users/minukey/AppData/Local/UnrealEngine/Common/DerivedDataCache/2/6/8/TEXTURE_E01F4250BECD420DA9CE63B5EECEC2C2_AUTOETC2_EA91F9984DA0B2238E808692E8C8__4F67ECC7A8D63684B2E33D7D973608C268E9363C.udd" 5803
"C:/Users/minukey/AppData/Local/UnrealEngine/Common/DerivedDataCache/1/1/2/TEXTURE_E01F4250BECD420DA9CE63B5EECEC2C2_ASTC_RGBAUTO_38_793F041E4AC90D99327C6__0B80DE6B383C6AB69311A91B412628B6E9565A3E.udd" 5804
"C:/Users/minukey/AppData/Local/UnrealEngine/Common/DerivedDataCache/2/9/6/TEXTURE_E01F4250BECD420DA9CE63B5EECEC2C2_AUTODXT_793F041E4AC90D99327C6C8CD0BBC__02478279BD37EF79E170E882F9589A75A38034AA.udd" 5805
"C:/Users/minukey/AppData/Local/UnrealEngine/Common/DerivedDataCache/9/0/4/TEXTURE_E01F4250BECD420DA9CE63B5EECEC2C2_AUTOETC2_793F041E4AC90D99327C6C8CD0BB__56C478E5F4E3E7F95CF7EAC65E8445F738B5040E.udd" 5806
"C:/Users/minukey/AppData/Local/UnrealEngine/Common/DerivedDataCache/8/4/1/TEXTURE_E01F4250BECD420DA9CE63B5EECEC2C2_ASTC_RGBAUTO_38_AE4B1D2E435F48ECF0F1F__65299F024F97337D4BD23005F7CD91ECA7D1C715.udd" 5807
"C:/Users/minukey/AppData/Local/UnrealEngine/Common/DerivedDataCache/1/4/6/TEXTURE_E01F4250BECD420DA9CE63B5EECEC2C2_AUTODXT_AE4B1D2E435F48ECF0F1FFBA1A523__1E23251B640794C8D9CEC20DC9E6939EAD95C702.udd" 5808
"C:/Users/minukey/AppData/Local/UnrealEngine/Common/DerivedDataCache/4/0/5/TEXTURE_E01F4250BECD420DA9CE63B5EECEC2C2_BGRA8_4AF56D684417B145018D6AB4964F00E__F85DD902F23F310342C9BE43DEBABC77CAB03487.udd" 5809
"C:/Users/minukey/AppData/Local/UnrealEngine/Common/DerivedDataCache/8/6/5/TEXTURE_E01F4250BECD420DA9CE63B5EECEC2C2_AUTOETC2_AE4B1D2E435F48ECF0F1FFBA1A52__B2AB622BA0A3B85AB78687337E0B764D38D92690.udd" 5810
"C:/Users/minukey/AppData/Local/UnrealEngine/Common/DerivedDataCache/5/5/5/TEXTURE_E01F4250BECD420DA9CE63B5EECEC2C2_AUTODXT_9572344F406D4B757A5E4981AE7ED__74B8C95DF9043D71F677562E58974E2D082070AE.udd" 5811
"C:/Users/minukey/AppData/Local/UnrealEngine/Common/DerivedDataCache/9/8/2/TEXTURE_E01F4250BECD420DA9CE63B5EECEC2C2_AUTODXT_9572344F406D4B757A5E4981AE7ED__49B29E51D742183859FDE00C6C6EB8ACFD8E4E2E.udd" 5812
"C:/Users/minukey/AppData/Local/UnrealEngine/Common/DerivedDataCache/2/0/7/TEXTURE_E01F4250BECD420DA9CE63B5EECEC2C2_AUTODXT_9572344F406D4B757A5E4981AE7ED__05D6C1C1A6795FD78F9E55FF6BAC96E1989AD7D6.udd" 5813
"C:/Users/minukey/AppData/Local/UnrealEngine/Common/DerivedDataCache/5/4/2/TEXTURE_E01F4250BECD420DA9CE63B5EECEC2C2_AUTOETC2_9572344F406D4B757A5E4981AE7E__8682D03C242B78181B7258E953C103D40018100C.udd" 5814
"C:/Users/minukey/AppData/Local/UnrealEngine/Common/DerivedDataCache/8/8/5/TEXTURE_E01F4250BECD420DA9CE63B5EECEC2C2_ASTC_RGBAUTO_38_9572344F406D4B757A5E4__E826AEE65AE1FECCAC44F101E234E19EF3B410AE.udd" 5815
"C:/Users/minukey/AppData/Local/UnrealEngine/Common/DerivedDataCache/7/0/4/TEXTURE_E01F4250BECD420DA9CE63B5EECEC2C2_AUTOETC2_9572344F406D4B757A5E4981AE7E__17520B3F1642D9A070281CE80CA0205A7B0A9292.udd" 5816
"C:/Users/minukey/AppData/Local/UnrealEngine/Common/DerivedDataCache/0/4/0/TEXTURE_E01F4250BECD420DA9CE63B5EECEC2C2_ASTC_RGBAUTO_38_9572344F406D4B757A5E4__0807B67CB7BC61A9CC5FD255607E9064583690CF.udd" 5817
"C:/Users/minukey/AppData/Local/UnrealEngine/Common/DerivedDataCache/8/1/8/TEXTURE_E01F4250BECD420DA9CE63B5EECEC2C2_ASTC_RGBAUTO_38_9572344F406D4B757A5E4__10139C72FB0928E3BF660B775E008309D3B27F51.udd" 5818
"C:/Users/minukey/AppData/Local/UnrealEngine/Common/DerivedDataCache/3/4/8/TEXTURE_E01F4250BECD420DA9CE63B5EECEC2C2_AUTOETC2_9572344F406D4B757A5E4981AE7E__2F6FE532129C8F9FE929C735905478CC67AD156A.udd" 5819
"C:/Users/minukey/AppData/Local/UnrealEngine/Common/DerivedDataCache/0/5/8/TEXTURE_E01F4250BECD420DA9CE63B5EECEC2C2_AUTODXT_8881CA2640F832968F7078815B2B7__1ACC1F0E1D010561F0F9AAC29B73B6162546A9C3.udd" 5820
"C:/Users/minukey/AppData/Local/UnrealEngine/Common/DerivedDataCache/3/0/5/TEXTURE_E01F4250BECD420DA9CE63B5EECEC2C2_ASTC_RGBAUTO_38_8881CA2640F832968F707__9B6BF994E9A6C697EE8FB381EEBD7596F482B534.udd" 5821
"C:/Users/minukey/AppData/Local/UnrealEngine/Common/DerivedDataCache/0/6/6/TEXTURE_E01F4250BECD420DA9CE63B5EECEC2C2_AUTOETC2_8881CA2640F832968F7078815B2B__1D1073296E81020926B98B3CC8C66EC62E3E5F02.udd" 5822
"C:/Users/minukey/AppData/Local/UnrealEngine/Common/DerivedDataCache/6/1/2/TEXTURE_E01F4250BECD420DA9CE63B5EECEC2C2_DXT1_A80705D74B59F13BF3C0CBA621C7628E__DED566648F3A6797E6AF470EBE455DEC90087C99.udd" 5823
"C:/Users/minukey/AppData/Local/UnrealEngine/Common/DerivedDataCache/4/3/6/TEXTURE_E01F4250BECD420DA9CE63B5EECEC2C2_DXT1_A80705D74B59F13BF3C0CBA621C7628E__47378A16AB5A591328997A02643BBD8B259BB139.udd" 5824
"C:/Users/minukey/AppData/Local/UnrealEngine/Common/DerivedDataCache/8/9/1/TEXTURE_E01F4250BECD420DA9CE63B5EECEC2C2_DXT1_A80705D74B59F13BF3C0CBA621C7628E__994614B6011998502DFE1BCE8C48AAEE57D50EC3.udd" 5825
"C:/Users/minukey/AppData/Local/UnrealEngine/Common/DerivedDataCache/6/2/2/TEXTURE_E01F4250BECD420DA9CE63B5EECEC2C2_ASTC_RGB_38_A80705D74B59F13BF3C0CBA62__D08D8357E743D91B7406ED28E3E02A8E81C1B71B.udd" 5826
"C:/Users/minukey/AppData/Local/UnrealEngine/Common/DerivedDataCache/7/2/1/TEXTURE_E01F4250BECD420DA9CE63B5EECEC2C2_ETC2_RGB_A80705D74B59F13BF3C0CBA621C7__EC639898E34865D1878ACD9D20BB1BC2A801B0EF.udd" 5827
"C:/Users/minukey/AppData/Local/UnrealEngine/Common/DerivedDataCache/7/3/3/TEXTURE_E01F4250BECD420DA9CE63B5EECEC2C2_ASTC_RGB_38_A80705D74B59F13BF3C0CBA62__820B29E4FAC60CA6FDE445EBD51DC4B987A1FF86.udd" 5828
"C:/Users/minukey/AppData/Local/UnrealEngine/Common/DerivedDataCache/0/2/6/TEXTURE_E01F4250BECD420DA9CE63B5EECEC2C2_ASTC_RGB_38_A80705D74B59F13BF3C0CBA62__C6049F2E21E8881A4F89CF2A3222F29BE68BFB60.udd" 5829
"C:/Users/minukey/AppData/Local/UnrealEngine/Common/DerivedDataCache/6/2/8/TEXTURE_E01F4250BECD420DA9CE63B5EECEC2C2_ETC2_RGB_A80705D74B59F13BF3C0CBA621C7__BD22AF216122B64FB51A7B3D328F21768BF3758A.udd" 5830
"C:/Users/minukey/AppData/Local/UnrealEngine/Common/DerivedDataCache/1/8/7/TEXTURE_E01F4250BECD420DA9CE63B5EECEC2C2_ASTC_RGB_38_6AA6987D4738F4578FBAD9BCE__3BCE608C1D7A1A8B32FDBB43CC4CE066012738F3.udd" 5831
"C:/Users/minukey/AppData/Local/UnrealEngine/Common/DerivedDataCache/4/3/7/TEXTURE_E01F4250BECD420DA9CE63B5EECEC2C2_DXT1_6AA6987D4738F4578FBAD9BCE0A22BDF__1145B100C091E32309AC94A8241C03163475A71F.udd" 5832
"C:/Users/minukey/AppData/Local/UnrealEngine/Common/DerivedDataCache/1/8/1/TEXTURE_E01F4250BECD420DA9CE63B5EECEC2C2_ETC2_RGB_6AA6987D4738F4578FBAD9BCE0A2__2DD6B97351AE8130734829B1976D1027B89492C7.udd" 5833
"C:/Users/minukey/AppData/Local/UnrealEngine/Common/DerivedDataCache/8/7/9/TEXTURE_E01F4250BECD420DA9CE63B5EECEC2C2_ETC2_RGB_A80705D74B59F13BF3C0CBA621C7__F5446EE8F6585C8AA14103A1D2CE06DB21D3DB42.udd" 5834
"C:/Users/minukey/AppData/Local/UnrealEngine/Common/DerivedDataCache/9/3/8/TEXTURE_E01F4250BECD420DA9CE63B5EECEC2C2_ASTC_RGBAUTO_38_23DE68C34CD4F7D9DB8A8__75B0E20EC41EA7F320A5C0D1F45594E0A9A80223.udd" 5835
"C:/Users/minukey/AppData/Local/UnrealEngine/Common/DerivedDataCache/7/1/7/TEXTURE_E01F4250BECD420DA9CE63B5EECEC2C2_AUTODXT_23DE68C34CD4F7D9DB8A85A10F298__011F782D8092AE59F7880CE4EEF7EA74B955E6A9.udd" 5836
"C:/Users/minukey/AppData/Local/UnrealEngine/Common/DerivedDataCache/5/8/3/TEXTURE_E01F4250BECD420DA9CE63B5EECEC2C2_BGRA8_B2DFC0EA420AFD965BAA298D9C4B032__7F714E423736184B36ED01D640489D1F4C7B6659.udd" 5837
"C:/Users/minukey/AppData/Local/UnrealEngine/Common/DerivedDataCache/8/0/1/TEXTURE_E01F4250BECD420DA9CE63B5EECEC2C2_ASTC_RGBAUTO_38_C9D41DBE4C754F8B430E7__1FF0C36D5F474AA3D43311088073E8E82BB8321F.udd" 5838
"C:/Users/minukey/AppData/Local/UnrealEngine/Common/DerivedDataCache/7/2/6/TEXTURE_E01F4250BECD420DA9CE63B5EECEC2C2_AUTOETC2_23DE68C34CD4F7D9DB8A85A10F29__DB4B8EB09797E65970143A80B8A10E89BE8B60DB.udd" 5839
"C:/Users/minukey/AppData/Local/UnrealEngine/Common/DerivedDataCache/6/9/5/TEXTURE_E01F4250BECD420DA9CE63B5EECEC2C2_AUTODXT_C9D41DBE4C754F8B430E7DBADCD48__8969A1C8F92E361AD5F952AD309BB81D501A51F3.udd" 5840
"C:/Users/minukey/AppData/Local/UnrealEngine/Common/DerivedDataCache/8/7/0/TEXTURE_E01F4250BECD420DA9CE63B5EECEC2C2_AUTOETC2_C9D41DBE4C754F8B430E7DBADCD4__E1BCF7D687EBE40372A016722567C8E88D1CCF23.udd" 5841
"C:/Users/minukey/AppData/Local/UnrealEngine/Common/DerivedDataCache/4/6/2/TEXTURE_E01F4250BECD420DA9CE63B5EECEC2C2_AUTODXT_79F3E71E47115223218B969CB6062__F327DC8432D785B1655F4A968F46102A31184DBC.udd" 5842
"C:/Users/minukey/AppData/Local/UnrealEngine/Common/DerivedDataCache/4/3/6/TEXTURE_E01F4250BECD420DA9CE63B5EECEC2C2_AUTOETC2_79F3E71E47115223218B969CB606__BB9E878E4EA892016EE8B96814C67834B14D8E5C.udd" 5843
"C:/Users/minukey/AppData/Local/UnrealEngine/Common/DerivedDataCache/7/6/5/TEXTURE_E01F4250BECD420DA9CE63B5EECEC2C2_ASTC_RGBAUTO_38_754D847B43E9F0C6CF53C__11F2F18F3E6C18D1C7CB8B889A3F869AF67FCEDE.udd" 5844
"C:/Users/minukey/AppData/Local/UnrealEngine/Common/DerivedDataCache/7/6/2/TEXTURE_E01F4250BECD420DA9CE63B5EECEC2C2_AUTODXT_754D847B43E9F0C6CF53C388DC1A5__7B2FD53424ACFF379BBBCAD778994987CC5791C9.udd" 5845
"C:/Users/minukey/AppData/Local/UnrealEngine/Common/DerivedDataCache/3/4/2/TEXTURE_E01F4250BECD420DA9CE63B5EECEC2C2_AUTOETC2_754D847B43E9F0C6CF53C388DC1A__A58ABB46C505E19E408F0A2F132B79CC3BC514CB.udd" 5846
"C:/Users/minukey/AppData/Local/UnrealEngine/Common/DerivedDataCache/4/4/4/TEXTURE_E01F4250BECD420DA9CE63B5EECEC2C2_BGRA8_1D9E91024CE3B4F102E2C6A58012A02__AFBC5B672D0D385F97DD7144D73B29CB6E064D78.udd" 5847
"C:/Users/minukey/AppData/Local/UnrealEngine/Common/DerivedDataCache/1/0/7/TEXTURE_E01F4250BECD420DA9CE63B5EECEC2C2_BGRA8_585054DA48EB01A73C8A8995BA0939C__BF020CBD0FB901D767A6FA425D76D0DD6B4D48CA.udd" 5848
"C:/Users/minukey/AppData/Local/UnrealEngine/Common/DerivedDataCache/6/9/2/TEXTURE_E01F4250BECD420DA9CE63B5EECEC2C2_ASTC_RGBAUTO_38_79F3E71E47115223218B9__2621C0694283078E293413B661FFCDD6D17D1FC7.udd" 5849
"C:/Users/minukey/AppData/Local/UnrealEngine/Common/DerivedDataCache/7/8/6/TEXTURE_E01F4250BECD420DA9CE63B5EECEC2C2_ASTC_RGBAUTO_38_10A2103B41808B8C246A0__98C3D189A98E09D48BAD4A8C814B3FA05C2FB812.udd" 5850
"C:/Users/minukey/AppData/Local/UnrealEngine/Common/DerivedDataCache/7/8/3/TEXTURE_E01F4250BECD420DA9CE63B5EECEC2C2_ASTC_RGBAUTO_38_10A2103B41808B8C246A0__4988FABD467754B818A50EAEF234CD7EAEE08315.udd" 5851
"C:/Users/minukey/AppData/Local/UnrealEngine/Common/DerivedDataCache/7/9/7/TEXTURE_E01F4250BECD420DA9CE63B5EECEC2C2_ASTC_RGBAUTO_38_10A2103B41808B8C246A0__8B09ABF835CA0A49FDA8066CD0B74A37173D4A33.udd" 5852
"C:/Users/minukey/AppData/Local/UnrealEngine/Common/DerivedDataCache/0/0/1/TEXTURE_E01F4250BECD420DA9CE63B5EECEC2C2_AUTOETC2_10A2103B41808B8C246A068DEC49__1ABB3FF90A4874836B1BA79E718E22E3BBE8235F.udd" 5853
"C:/Users/minukey/AppData/Local/UnrealEngine/Common/DerivedDataCache/6/2/1/TEXTURE_E01F4250BECD420DA9CE63B5EECEC2C2_AUTOETC2_10A2103B41808B8C246A068DEC49__33A8AD8F8A37763F3F16B06F1770FE9D00532583.udd" 5854
"C:/Users/minukey/AppData/Local/UnrealEngine/Common/DerivedDataCache/7/8/1/TEXTURE_E01F4250BECD420DA9CE63B5EECEC2C2_AUTOETC2_10A2103B41808B8C246A068DEC49__C4330B51C8E7EA043AE85C8B97FA7EF47B4B92FE.udd" 5855
"C:/Users/minukey/AppData/Local/UnrealEngine/Common/DerivedDataCache/7/2/3/TEXTURE_E01F4250BECD420DA9CE63B5EECEC2C2_G8_48D8DF644D51F1494FC63192AE9A24AA_0__F79D85C4065BFD193DFBF51BF276BAA9A2996F6B.udd" 5856
"C:/Users/minukey/AppData/Local/UnrealEngine/Common/DerivedDataCache/5/4/9/TEXTURE_E01F4250BECD420DA9CE63B5EECEC2C2_BGRA8_79DBB52D4D0A5C8BD42FED8D143F868__9DC1D4FE190DC7C82AAE52A39EE2A94FEDE65CDD.udd" 5857
"C:/Users/minukey/AppData/Local/UnrealEngine/Common/DerivedDataCache/5/0/5/TEXTURE_E01F4250BECD420DA9CE63B5EECEC2C2_BGRA8_ADD7FAC94688832A5B9448AAC0EC61F__CB4530EA1968ADCFB6A20E468FAA0CF141969976.udd" 5858
"C:/Users/minukey/AppData/Local/UnrealEngine/Common/DerivedDataCache/7/2/3/TEXTURE_E01F4250BECD420DA9CE63B5EECEC2C2_ASTC_RGBAUTO_38_FC107DC14D2C012C9ADAF__006CCC6C72B30C59CF88D424515BCF9E085F89BF.udd" 5859
"C:/Users/minukey/AppData/Local/UnrealEngine/Common/DerivedDataCache/6/9/5/TEXTURE_E01F4250BECD420DA9CE63B5EECEC2C2_AUTODXT_FC107DC14D2C012C9ADAFC86335FE__B52586DDC0388CDE79CA9C9CC2F100CA5DB5E2B8.udd" 5860
"C:/Users/minukey/AppData/Local/UnrealEngine/Common/DerivedDataCache/4/3/0/TEXTURE_E01F4250BECD420DA9CE63B5EECEC2C2_AUTODXT_10A2103B41808B8C246A068DEC49E__FD4C0EC70B59256FCD6B5B4B7AD161230EE6BE7A.udd" 5861
"C:/Users/minukey/AppData/Local/UnrealEngine/Common/DerivedDataCache/1/9/1/TEXTURE_E01F4250BECD420DA9CE63B5EECEC2C2_AUTODXT_10A2103B41808B8C246A068DEC49E__20A7B76C511E1861C09463D98AA093E53409B9E5.udd" 5862
"C:/Users/minukey/AppData/Local/UnrealEngine/Common/DerivedDataCache/2/7/5/TEXTURE_E01F4250BECD420DA9CE63B5EECEC2C2_AUTODXT_10A2103B41808B8C246A068DEC49E__4D14F5807FAAB54123B36E646E03A834DE6E339F.udd" 5863
"C:/Users/minukey/AppData/Local/UnrealEngine/Common/DerivedDataCache/4/2/8/TEXTURE_E01F4250BECD420DA9CE63B5EECEC2C2_AUTOETC2_FC107DC14D2C012C9ADAFC86335F__A64A78BBCDEDEC7C1FABBF72E715F7D45C2EEE09.udd" 5864
"C:/Users/minukey/AppData/Local/UnrealEngine/Common/DerivedDataCache/8/8/3/TEXTURE_E01F4250BECD420DA9CE63B5EECEC2C2_ASTC_RGBAUTO_38_BEF2463341311616EEB28__840C4B4C737FB4F40D982F5873BC2AA0183B098C.udd" 5865
"C:/Users/minukey/AppData/Local/UnrealEngine/Common/DerivedDataCache/1/8/5/TEXTURE_E01F4250BECD420DA9CE63B5EECEC2C2_AUTODXT_BEF2463341311616EEB288932BF45__BB8DE31D597E0B687C4C9DBD417013214FEAEF7B.udd" 5866
"C:/Users/minukey/AppData/Local/UnrealEngine/Common/DerivedDataCache/6/1/1/TEXTURE_E01F4250BECD420DA9CE63B5EECEC2C2_AUTOETC2_BEF2463341311616EEB288932BF4__30DB8DC9CE354FE254AE8C66484F846DA06CB7DD.udd" 5867
"C:/Users/minukey/AppData/Local/UnrealEngine/Common/DerivedDataCache/5/4/9/TEXTURE_E01F4250BECD420DA9CE63B5EECEC2C2_ASTC_RGBAUTO_38_1EB7547C4F13178280286__0D39F24C51336AB92298332712D7DB281D340BBA.udd" 5868
"C:/Users/minukey/AppData/Local/UnrealEngine/Common/DerivedDataCache/5/8/1/TEXTURE_E01F4250BECD420DA9CE63B5EECEC2C2_AUTOETC2_1EB7547C4F131782802862B79A5D__5F9F1DFA2E188935DEBADF42061A44C3C6D74DF7.udd" 5869
"C:/Users/minukey/AppData/Local/UnrealEngine/Common/DerivedDataCache/4/6/4/TEXTURE_E01F4250BECD420DA9CE63B5EECEC2C2_AUTODXT_1EB7547C4F131782802862B79A5D8__93DE7F00459DD8FDEAEDCA701040AC40A786C99B.udd" 5870
"C:/Users/minukey/AppData/Local/UnrealEngine/Common/DerivedDataCache/8/9/1/TEXTURE_E01F4250BECD420DA9CE63B5EECEC2C2_ASTC_RGBAUTO_38_F48815434995DE0AD62AC__90373B020953D22EF5F2CC5BE1DA321E34E72F82.udd" 5871
"C:/Users/minukey/AppData/Local/UnrealEngine/Common/DerivedDataCache/0/0/6/TEXTURE_E01F4250BECD420DA9CE63B5EECEC2C2_AUTODXT_F48815434995DE0AD62AC8AA6B133__3E9B277E9A8430B58003C5B4F29E3B7A45D817BC.udd" 5872
"C:/Users/minukey/AppData/Local/UnrealEngine/Common/DerivedDataCache/9/5/5/TEXTURE_E01F4250BECD420DA9CE63B5EECEC2C2_AUTOETC2_F48815434995DE0AD62AC8AA6B13__CAC2DEB48365CBBFF429CAA3B38E5E5A29FEF7A7.udd" 5873
"C:/Users/minukey/AppData/Local/UnrealEngine/Common/DerivedDataCache/9/8/6/TEXTURE_E01F4250BECD420DA9CE63B5EECEC2C2_ASTC_RGBAUTO_38_35C9F3234235FCBC97524__A78058B3EDE003571D53E3CAEEE10618C70F61BD.udd" 5874
"C:/Users/minukey/AppData/Local/UnrealEngine/Common/DerivedDataCache/0/8/3/TEXTURE_E01F4250BECD420DA9CE63B5EECEC2C2_AUTODXT_35C9F3234235FCBC975244B1E58B5__86FECA6C77BDF479308073896A9724B092787AC3.udd" 5875
"C:/Users/minukey/AppData/Local/UnrealEngine/Common/DerivedDataCache/1/6/6/TEXTURE_E01F4250BECD420DA9CE63B5EECEC2C2_AUTOETC2_35C9F3234235FCBC975244B1E58B__7B5F70C7E12A4F6523CF27615D6BAC9DB8580A59.udd" 5876
"C:/Users/minukey/AppData/Local/UnrealEngine/Common/DerivedDataCache/0/9/4/TEXTURE_E01F4250BECD420DA9CE63B5EECEC2C2_ASTC_RGBAUTO_38_99992951499A560090614__C5ED8A36C2728349E65C63B7C9EECC059C74286B.udd" 5877
"C:/Users/minukey/AppData/Local/UnrealEngine/Common/DerivedDataCache/8/1/9/TEXTURE_E01F4250BECD420DA9CE63B5EECEC2C2_AUTODXT_99992951499A5600906148980BB01__5D270756732F22D4D569B742663156C64746FF59.udd" 5878
"C:/Users/minukey/AppData/Local/UnrealEngine/Common/DerivedDataCache/0/2/0/TEXTURE_E01F4250BECD420DA9CE63B5EECEC2C2_AUTOETC2_99992951499A5600906148980BB0__7691059BDDAA0588BE73354F9FE4545EC7FC6E13.udd" 5879
"C:/Users/minukey/AppData/Local/UnrealEngine/Common/DerivedDataCache/5/7/7/TEXTURE_E01F4250BECD420DA9CE63B5EECEC2C2_ASTC_RGBAUTO_38_6E18578644B48EAD14D8F__2D1631B3B9250A66369834926239FFBB466FC2D9.udd" 5880
"C:/Users/minukey/AppData/Local/UnrealEngine/Common/DerivedDataCache/9/8/9/TEXTURE_E01F4250BECD420DA9CE63B5EECEC2C2_AUTODXT_6E18578644B48EAD14D8FDA92942C__D6888F4BDAAE795FB5726D7CC2108E7621BB761C.udd" 5881
"C:/Users/minukey/AppData/Local/UnrealEngine/Common/DerivedDataCache/2/8/3/TEXTURE_E01F4250BECD420DA9CE63B5EECEC2C2_BGRA8_AD55E1EC406C32788F34B69FB3ECA41__426CC59D1E5DB13C2999F733A6080BF0A08DE867.udd" 5882
"C:/Users/minukey/AppData/Local/UnrealEngine/Common/DerivedDataCache/3/9/2/TEXTURE_E01F4250BECD420DA9CE63B5EECEC2C2_AUTOETC2_6E18578644B48EAD14D8FDA92942__4302E246347985FFAA4E8EBF7A033B333C586449.udd" 5883
"C:/Users/minukey/AppData/Local/UnrealEngine/Common/DerivedDataCache/9/9/5/TEXTURE_E01F4250BECD420DA9CE63B5EECEC2C2_BGRA8_3CB6A2284DE87555A3174EB600F12B5__54C58C4F4579B6D2FD461FA9C8E5D14BF313C138.udd" 5884
"C:/Users/minukey/AppData/Local/UnrealEngine/Common/DerivedDataCache/3/7/9/TEXTURE_E01F4250BECD420DA9CE63B5EECEC2C2_BGRA8_673E4A1C4EA0D4976837C2BDDB0EFD5__C4FF0972BAEC0E77FB2A3F53D3FE88A420BEA960.udd" 5885
"C:/Users/minukey/AppData/Local/UnrealEngine/Common/DerivedDataCache/5/9/4/TEXTURE_E01F4250BECD420DA9CE63B5EECEC2C2_BGRA8_C368CDA94CBF7E49C5B14A87FA372CB__676237644D25BCDE909E425803F40AA42F6EA365.udd" 5886
"C:/Users/minukey/AppData/Local/UnrealEngine/Common/DerivedDataCache/8/4/6/TEXTURE_E01F4250BECD420DA9CE63B5EECEC2C2_BGRA8_DA0CFC0E4172B5C966F30AB3A945F39__0D16E7630BCD491BFB2CA526E1928B8034B2E650.udd" 5887
"C:/Users/minukey/AppData/Local/UnrealEngine/Common/DerivedDataCache/4/1/4/TEXTURE_E01F4250BECD420DA9CE63B5EECEC2C2_ASTC_RGBAUTO_38_0084BF6A463EF2396326D__5A6E20593B7E664C065C6F61670C19714FF7ABC0.udd" 5888
"C:/Users/minukey/AppData/Local/UnrealEngine/Common/DerivedDataCache/1/5/9/TEXTURE_E01F4250BECD420DA9CE63B5EECEC2C2_BGRA8_9FAB24F94302E84902C67C9DEF2C183__A6E97C705542A5D04EEA15C26981DB7AB5442773.udd" 5889
"C:/Users/minukey/AppData/Local/UnrealEngine/Common/DerivedDataCache/0/5/7/TEXTURE_E01F4250BECD420DA9CE63B5EECEC2C2_AUTODXT_0084BF6A463EF2396326D5A38888A__E9903A4C457851DB5E326CA0D47BC7CE438C515C.udd" 5890
"C:/Users/minukey/AppData/Local/UnrealEngine/Common/DerivedDataCache/6/9/2/TEXTURE_E01F4250BECD420DA9CE63B5EECEC2C2_BGRA8_272C5FB0494F4A09202400862DC491C__B7126D9F3CEB5232CDA30C70408990217FAD4B53.udd" 5891
"C:/Users/minukey/AppData/Local/UnrealEngine/Common/DerivedDataCache/4/0/3/TEXTURE_E01F4250BECD420DA9CE63B5EECEC2C2_AUTOETC2_0084BF6A463EF2396326D5A38888__311147752A6DE480776E26D401480BD52762CFCB.udd" 5892
"C:/Users/minukey/AppData/Local/UnrealEngine/Common/DerivedDataCache/4/3/7/TEXTURE_E01F4250BECD420DA9CE63B5EECEC2C2_ASTC_RGBAUTO_38_6E7A9E7A432A480B661C1__6473FCA8EDE80F389FE01577DC3101FE02F6095D.udd" 5893
"C:/Users/minukey/AppData/Local/UnrealEngine/Common/DerivedDataCache/2/4/4/TEXTURE_E01F4250BECD420DA9CE63B5EECEC2C2_AUTOETC2_6E7A9E7A432A480B661C1790B93C__94E40FBFEA7AFB799C13068C9A025A21B1FB277D.udd" 5894
"C:/Users/minukey/AppData/Local/UnrealEngine/Common/DerivedDataCache/4/8/1/TEXTURE_E01F4250BECD420DA9CE63B5EECEC2C2_AUTODXT_6E7A9E7A432A480B661C1790B93CE__59AB75845B3B6979D9777B708C91C997188E5062.udd" 5895
"C:/Users/minukey/AppData/Local/UnrealEngine/Common/DerivedDataCache/4/0/5/TEXTURE_E01F4250BECD420DA9CE63B5EECEC2C2_ASTC_RGBAUTO_38_D3FB3ECC4C78D9AEB8E75__1AB23FA83121CD2256907E6D04210CC9E615F68F.udd" 5896
"C:/Users/minukey/AppData/Local/UnrealEngine/Common/DerivedDataCache/8/1/5/TEXTURE_E01F4250BECD420DA9CE63B5EECEC2C2_AUTODXT_D3FB3ECC4C78D9AEB8E75D8DFA851__F890C6FBECA49A7F7C168B19327E5267333173E5.udd" 5897
"C:/Users/minukey/AppData/Local/UnrealEngine/Common/DerivedDataCache/4/8/4/TEXTURE_E01F4250BECD420DA9CE63B5EECEC2C2_AUTOETC2_D3FB3ECC4C78D9AEB8E75D8DFA85__411A939A8B2C8C1D996A1205B39F9968B014C886.udd" 5898
"C:/Users/minukey/AppData/Local/UnrealEngine/Common/DerivedDataCache/0/1/3/TEXTURE_E01F4250BECD420DA9CE63B5EECEC2C2_ASTC_RGBAUTO_38_8EDAF7A54E378800FEB21__DD20AD4B5D51932B4A4B8AEFE62C833146F1AA76.udd" 5899
"C:/Users/minukey/AppData/Local/UnrealEngine/Common/DerivedDataCache/4/6/0/TEXTURE_E01F4250BECD420DA9CE63B5EECEC2C2_AUTOETC2_8EDAF7A54E378800FEB217863433__B67BA2FF3205CC8D2A2C4C441102EFC330AFD421.udd" 5900
"C:/Users/minukey/AppData/Local/UnrealEngine/Common/DerivedDataCache/7/5/9/TEXTURE_E01F4250BECD420DA9CE63B5EECEC2C2_AUTODXT_8EDAF7A54E378800FEB2178634331__F2CFBA1F7818642E1A128DEAB9B866F7F4DE0C23.udd" 5901
"C:/Users/minukey/AppData/Local/UnrealEngine/Common/DerivedDataCache/7/0/2/TEXTURE_E01F4250BECD420DA9CE63B5EECEC2C2_ASTC_RGBAUTO_38_9F8FBEF84A1997E30FD38__88A628601AA43F6D3E3F4E342A5225A054A5F0DA.udd" 5902
"C:/Users/minukey/AppData/Local/UnrealEngine/Common/DerivedDataCache/8/1/3/TEXTURE_E01F4250BECD420DA9CE63B5EECEC2C2_AUTOETC2_9F8FBEF84A1997E30FD384955E3D__2358EEBA151889D5EBBCF24C6D05F944EDB50EC8.udd" 5903
"C:/Users/minukey/AppData/Local/UnrealEngine/Common/DerivedDataCache/1/4/7/TEXTURE_E01F4250BECD420DA9CE63B5EECEC2C2_ASTC_RGBAUTO_38_4CEEC88640EF178A6CC9B__DB166685F6F1247490B14EA0EC3F074CDBDD1AF2.udd" 5904
"C:/Users/minukey/AppData/Local/UnrealEngine/Common/DerivedDataCache/2/8/3/TEXTURE_E01F4250BECD420DA9CE63B5EECEC2C2_AUTODXT_9F8FBEF84A1997E30FD384955E3D8__5FAF23241F50ECA1E9DF90C139766AF7CBAFDE5F.udd" 5905
"C:/Users/minukey/AppData/Local/UnrealEngine/Common/DerivedDataCache/0/1/1/TEXTURE_E01F4250BECD420DA9CE63B5EECEC2C2_AUTODXT_4CEEC88640EF178A6CC9B789A30FE__57C5E494F50FF415F91699C636A870102571AB0E.udd" 5906
"C:/Users/minukey/AppData/Local/UnrealEngine/Common/DerivedDataCache/1/0/6/TEXTURE_E01F4250BECD420DA9CE63B5EECEC2C2_AUTOETC2_4CEEC88640EF178A6CC9B789A30F__2BA2E594A720AE16886F104A8AA72CF47D4F4299.udd" 5907
"C:/Users/minukey/AppData/Local/UnrealEngine/Common/DerivedDataCache/2/8/7/TEXTURE_E01F4250BECD420DA9CE63B5EECEC2C2_BGRA8_7BA5937744BC666DD0F450B71F6936F__DC80BF0D79DC51BC32529796738BA754A1921FE5.udd" 5908
"C:/Users/minukey/AppData/Local/UnrealEngine/Common/DerivedDataCache/0/8/1/TEXTURE_E01F4250BECD420DA9CE63B5EECEC2C2_BGRA8_3BDC475E4D4D6A6075340A9C1D90868__623A1DDFD8A48DC4461F2E40D00661968ABBBE5D.udd" 5909
"C:/Users/minukey/AppData/Local/UnrealEngine/Common/DerivedDataCache/7/4/6/TEXTURE_E01F4250BECD420DA9CE63B5EECEC2C2_BGRA8_A206C1754B27ECD0C752F29F941C9BE__C4CEABACCBA294A79DB60A6729182FB0690C8901.udd" 5910
"C:/Users/minukey/AppData/Local/UnrealEngine/Common/DerivedDataCache/0/3/3/TEXTURE_E01F4250BECD420DA9CE63B5EECEC2C2_BGRA8_27A2BE5041894555515CA6BDA59A3D5__B93DC662B8CC9903F371B4A7116976514D3B6599.udd" 5911
"C:/Users/minukey/AppData/Local/UnrealEngine/Common/DerivedDataCache/2/2/8/TEXTURE_E01F4250BECD420DA9CE63B5EECEC2C2_BGRA8_AD392AF142E47C76FECFD888E075790__73F887A8CE71B255CED06E4192F42042803C7797.udd" 5912
"C:/Users/minukey/AppData/Local/UnrealEngine/Common/DerivedDataCache/8/6/5/TEXTURE_E01F4250BECD420DA9CE63B5EECEC2C2_ASTC_RGBAUTO_38_EE3B51B1479391EEAABF6__8571537263F86504CF8A3A5C5BF83BC0B4F8B731.udd" 5913
"C:/Users/minukey/AppData/Local/UnrealEngine/Common/DerivedDataCache/1/0/5/TEXTURE_E01F4250BECD420DA9CE63B5EECEC2C2_AUTODXT_EE3B51B1479391EEAABF639DD7917__0D4D297FD383983C9CAA94895116AA4ECE5725E5.udd" 5914
"C:/Users/minukey/AppData/Local/UnrealEngine/Common/DerivedDataCache/8/8/5/TEXTURE_E01F4250BECD420DA9CE63B5EECEC2C2_AUTOETC2_EE3B51B1479391EEAABF639DD791__B224777D55E88B1B8D35C99A7EA78887489F43C6.udd" 5915
"C:/Users/minukey/AppData/Local/UnrealEngine/Common/DerivedDataCache/1/3/9/TEXTURE_E01F4250BECD420DA9CE63B5EECEC2C2_ASTC_RGBAUTO_38_82D02FA54EAFAFCC15361__D4C52AE8BBDE3BB5DB9FDA236CDB8BFE2178F92B.udd" 5916
"C:/Users/minukey/AppData/Local/UnrealEngine/Common/DerivedDataCache/7/2/8/TEXTURE_E01F4250BECD420DA9CE63B5EECEC2C2_AUTOETC2_82D02FA54EAFAFCC1536188F0C06__7DE5A326A3196DB09AF7E20B7AA297C768FF10D6.udd" 5917
"C:/Users/minukey/AppData/Local/UnrealEngine/Common/DerivedDataCache/6/4/5/TEXTURE_E01F4250BECD420DA9CE63B5EECEC2C2_AUTODXT_82D02FA54EAFAFCC1536188F0C063__F879B598F971C219F8409A725B683D9EF8006997.udd" 5918
"C:/Users/minukey/AppData/Local/UnrealEngine/Common/DerivedDataCache/2/2/8/TEXTURE_E01F4250BECD420DA9CE63B5EECEC2C2_BGRA8_24904EF04BB90C06F31738A2068AEB9__AA34F7068A231E22ABFD231056C7710303AD31D9.udd" 5919
"C:/Users/minukey/AppData/Local/UnrealEngine/Common/DerivedDataCache/2/7/5/TEXTURE_E01F4250BECD420DA9CE63B5EECEC2C2_ASTC_RGBAUTO_38_EE194C0149844463C31C9__352749EACC06F637D3A1AB5862CE3CBB71BEA231.udd" 5920
"C:/Users/minukey/AppData/Local/UnrealEngine/Common/DerivedDataCache/0/0/1/TEXTURE_E01F4250BECD420DA9CE63B5EECEC2C2_BGRA8_24A6B8B0444BE24D5891B8B66AEA256__B16A5CE1F5E9A16E7D763A69AE1825811F347E47.udd" 5921
"C:/Users/minukey/AppData/Local/UnrealEngine/Common/DerivedDataCache/1/7/2/TEXTURE_E01F4250BECD420DA9CE63B5EECEC2C2_AUTODXT_EE194C0149844463C31C9C9927751__735A147B2CD58482CB86A35F97567E9CEABA59C2.udd" 5922
"C:/Users/minukey/AppData/Local/UnrealEngine/Common/DerivedDataCache/6/7/7/TEXTURE_E01F4250BECD420DA9CE63B5EECEC2C2_AUTOETC2_EE194C0149844463C31C9C992775__8271AAD65190C0544C971F76BA5B0619219C8658.udd" 5923
"C:/Users/minukey/AppData/Local/UnrealEngine/Common/DerivedDataCache/8/2/1/TEXTURE_E01F4250BECD420DA9CE63B5EECEC2C2_ASTC_RGBAUTO_38_2083F83C4A6FFD1F01933__DD544277FA3916163C3B2FFEA9F707180C508455.udd" 5924
"C:/Users/minukey/AppData/Local/UnrealEngine/Common/DerivedDataCache/0/4/4/TEXTURE_E01F4250BECD420DA9CE63B5EECEC2C2_AUTODXT_2083F83C4A6FFD1F019334B70010C__F83FE5E8ED4809C57B48504975CAB9788DC3A659.udd" 5925
"C:/Users/minukey/AppData/Local/UnrealEngine/Common/DerivedDataCache/2/4/3/TEXTURE_E01F4250BECD420DA9CE63B5EECEC2C2_AUTOETC2_2083F83C4A6FFD1F019334B70010__3C555ED603F1B7B0C8892E96DA4A5EA76DD4182D.udd" 5926
"C:/Users/minukey/AppData/Local/UnrealEngine/Common/DerivedDataCache/8/5/3/TEXTURE_E01F4250BECD420DA9CE63B5EECEC2C2_ASTC_RGBAUTO_38_EE4B193A4C79196C59E2D__66BB8E3EBCBCA5D9B4F4F2F129808B4705A4918C.udd" 5927
"C:/Users/minukey/AppData/Local/UnrealEngine/Common/DerivedDataCache/3/5/1/TEXTURE_E01F4250BECD420DA9CE63B5EECEC2C2_AUTODXT_EE4B193A4C79196C59E2DE9263EEE__5011A27E9210DB8EBEC1AB4C4B292D1C52A48825.udd" 5928
"C:/Users/minukey/AppData/Local/UnrealEngine/Common/DerivedDataCache/4/1/3/TEXTURE_E01F4250BECD420DA9CE63B5EECEC2C2_AUTOETC2_EE4B193A4C79196C59E2DE9263EE__583B3BE9143D81482DC97DFA6233338F26130537.udd" 5929
"C:/Users/minukey/AppData/Local/UnrealEngine/Common/DerivedDataCache/3/8/6/TEXTURE_E01F4250BECD420DA9CE63B5EECEC2C2_ASTC_RGBAUTO_38_521D222E45B707D992E18__3530DE511262FEE2FC1B787EB09113FA1F095F2D.udd" 5930
"C:/Users/minukey/AppData/Local/UnrealEngine/Common/DerivedDataCache/4/7/2/TEXTURE_E01F4250BECD420DA9CE63B5EECEC2C2_AUTODXT_521D222E45B707D992E189AA2DE6A__05462761D12E292AF7EDC5AF101DC783D7BF6F53.udd" 5931
"C:/Users/minukey/AppData/Local/UnrealEngine/Common/DerivedDataCache/3/6/7/TEXTURE_E01F4250BECD420DA9CE63B5EECEC2C2_AUTOETC2_521D222E45B707D992E189AA2DE6__2DF2A50986D30FB4822410F537107882CA5496F8.udd" 5932
"C:/Users/minukey/AppData/Local/UnrealEngine/Common/DerivedDataCache/7/2/4/TEXTURE_E01F4250BECD420DA9CE63B5EECEC2C2_ASTC_RGBAUTO_38_BA3E380E4A58762EE9D73__D8B2D691F6E7A6F9C7AEF5DADDDB0C9CF3A77429.udd" 5933
"C:/Users/minukey/AppData/Local/UnrealEngine/Common/DerivedDataCache/7/5/7/TEXTURE_E01F4250BECD420DA9CE63B5EECEC2C2_AUTODXT_BA3E380E4A58762EE9D73FAE6C49D__C107B80F9684EDE441275D4D47544D1C4403D263.udd" 5934
"C:/Users/minukey/AppData/Local/UnrealEngine/Common/DerivedDataCache/7/2/3/TEXTURE_E01F4250BECD420DA9CE63B5EECEC2C2_AUTOETC2_BA3E380E4A58762EE9D73FAE6C49__775DA6C50441C15AF0BB77FAC77A9F518956DE4F.udd" 5935
"C:/Users/minukey/AppData/Local/UnrealEngine/Common/DerivedDataCache/9/8/3/TEXTURE_E01F4250BECD420DA9CE63B5EECEC2C2_ASTC_RGBAUTO_38_1EBE5FF2496DD637CE8F6__DD85C0EC9A5EB1E7ABC8EB49A0237DD905F55135.udd" 5936
"C:/Users/minukey/AppData/Local/UnrealEngine/Common/DerivedDataCache/1/4/0/TEXTURE_E01F4250BECD420DA9CE63B5EECEC2C2_AUTODXT_1EBE5FF2496DD637CE8F68ABB332B__7C332A4D70F1BAF4F763AEB44E42EAAF0EA87330.udd" 5937
"C:/Users/minukey/AppData/Local/UnrealEngine/Common/DerivedDataCache/8/1/9/TEXTURE_E01F4250BECD420DA9CE63B5EECEC2C2_AUTOETC2_1EBE5FF2496DD637CE8F68ABB332__2B94241048B3F4D1CD94850BA8B057C7102D13DA.udd" 5938
"C:/Users/minukey/AppData/Local/UnrealEngine/Common/DerivedDataCache/2/7/1/TEXTURE_E01F4250BECD420DA9CE63B5EECEC2C2_ASTC_RGBAUTO_38_C200B7694C3FE53EBCE97__A360C4F7167F7B886A327A1C15740ADD9719388A.udd" 5939
"C:/Users/minukey/AppData/Local/UnrealEngine/Common/DerivedDataCache/3/7/2/TEXTURE_E01F4250BECD420DA9CE63B5EECEC2C2_AUTOETC2_C200B7694C3FE53EBCE97592F5F4__6D550166FAB8F28D4671396EB02157CBCD45DB6D.udd" 5940
"C:/Users/minukey/AppData/Local/UnrealEngine/Common/DerivedDataCache/5/6/3/TEXTURE_E01F4250BECD420DA9CE63B5EECEC2C2_AUTODXT_C200B7694C3FE53EBCE97592F5F41__590F6155B6F40BD471E55F1E6AF0A544345AD989.udd" 5941
"C:/Users/minukey/AppData/Local/UnrealEngine/Common/DerivedDataCache/8/5/1/TEXTURE_E01F4250BECD420DA9CE63B5EECEC2C2_ASTC_RGBAUTO_38_F3FBD2A5411E45EF3D69C__E0BCB1BE588C2447DA622034D225A8184300B816.udd" 5942
"C:/Users/minukey/AppData/Local/UnrealEngine/Common/DerivedDataCache/6/3/3/TEXTURE_E01F4250BECD420DA9CE63B5EECEC2C2_AUTOETC2_F3FBD2A5411E45EF3D69CD925A3E__BBBF134CCE328B74FCB4509D08CE06284A08D1B8.udd" 5943
"C:/Users/minukey/AppData/Local/UnrealEngine/Common/DerivedDataCache/0/5/7/TEXTURE_E01F4250BECD420DA9CE63B5EECEC2C2_AUTODXT_F3FBD2A5411E45EF3D69CD925A3E8__BECC303E1431BDEA3C212118B8B0B5C65327D2E7.udd" 5944
"C:/Users/minukey/AppData/Local/UnrealEngine/Common/DerivedDataCache/2/3/1/TEXTURE_E01F4250BECD420DA9CE63B5EECEC2C2_ASTC_RGBAUTO_38_6252D5294FB727FF56BAB__AC5B4AFF45BFABF309C500D8F01CE7C986D8D069.udd" 5945
"C:/Users/minukey/AppData/Local/UnrealEngine/Common/DerivedDataCache/0/4/9/TEXTURE_E01F4250BECD420DA9CE63B5EECEC2C2_AUTODXT_6252D5294FB727FF56BAB0B453918__9D3861635578808BE3945D2D1450500DA5DC40F7.udd" 5946
"C:/Users/minukey/AppData/Local/UnrealEngine/Common/DerivedDataCache/7/9/8/TEXTURE_E01F4250BECD420DA9CE63B5EECEC2C2_BGRA8_88F285CB4522E23125C99B89C03D30E__FAA04469523EC19A680C695FEE58F463F040AA2C.udd" 5947
"C:/Users/minukey/AppData/Local/UnrealEngine/Common/DerivedDataCache/5/2/9/TEXTURE_E01F4250BECD420DA9CE63B5EECEC2C2_ASTC_RGBAUTO_38_705C294F4EF439CC6BF75__833771E551ACE44787ECA74416593E726CD9EA0B.udd" 5948
"C:/Users/minukey/AppData/Local/UnrealEngine/Common/DerivedDataCache/0/6/9/TEXTURE_E01F4250BECD420DA9CE63B5EECEC2C2_AUTOETC2_6252D5294FB727FF56BAB0B45391__97D77CCC15F317F8C96850389DD16DE64C5099F7.udd" 5949
"C:/Users/minukey/AppData/Local/UnrealEngine/Common/DerivedDataCache/0/0/9/TEXTURE_E01F4250BECD420DA9CE63B5EECEC2C2_AUTODXT_705C294F4EF439CC6BF756BC46A2C__E2812F14993F4A1D58A03A0721E07BA0A3D69E23.udd" 5950
"C:/Users/minukey/AppData/Local/UnrealEngine/Common/DerivedDataCache/5/4/3/TEXTURE_E01F4250BECD420DA9CE63B5EECEC2C2_BGRA8_B236FD90446F4FDB158C89AF1E01CBB__40835691DB6FC27D689471232B730291CF215FE5.udd" 5951
"C:/Users/minukey/AppData/Local/UnrealEngine/Common/DerivedDataCache/6/9/8/TEXTURE_E01F4250BECD420DA9CE63B5EECEC2C2_BGRA8_AF3FA9274B80140AFEE8EAA1296DD68__71FE70154402F251E911BD97FE365C4E698E1512.udd" 5952
"C:/Users/minukey/AppData/Local/UnrealEngine/Common/DerivedDataCache/0/4/2/TEXTURE_E01F4250BECD420DA9CE63B5EECEC2C2_BGRA8_A45F8D91449DD5CC2140149306BD820__310001B35F4031CF2ACBBC1C75C7CEACDBDD8B63.udd" 5953
"C:/Users/minukey/AppData/Local/UnrealEngine/Common/DerivedDataCache/5/0/0/TEXTURE_E01F4250BECD420DA9CE63B5EECEC2C2_BGRA8_067CF58640458111B421779A3119184__1BF9F8014DD85988E8AEBF42DAA7FA09568FA192.udd" 5954
"C:/Users/minukey/AppData/Local/UnrealEngine/Common/DerivedDataCache/4/6/1/TEXTURE_E01F4250BECD420DA9CE63B5EECEC2C2_AUTOETC2_705C294F4EF439CC6BF756BC46A2__2C1DD9A73BF0CE4261539902C7BA684A307F0219.udd" 5955
"C:/Users/minukey/AppData/Local/UnrealEngine/Common/DerivedDataCache/7/7/2/TEXTURE_E01F4250BECD420DA9CE63B5EECEC2C2_AUTODXT_06305AF445F2140C7C19A59776067__16715961D88E56139125D2CD35ECF471F83D00EC.udd" 5956
"C:/Users/minukey/AppData/Local/UnrealEngine/Common/DerivedDataCache/8/8/2/TEXTURE_E01F4250BECD420DA9CE63B5EECEC2C2_AUTOETC2_06305AF445F2140C7C19A5977606__3632D2C77AC2ADAE7875AABE0BB7D44023C1F04D.udd" 5957
"C:/Users/minukey/AppData/Local/UnrealEngine/Common/DerivedDataCache/3/4/2/TEXTURE_E01F4250BECD420DA9CE63B5EECEC2C2_ASTC_RGBAUTO_38_75DFB50F416105FE178FA__C850453F49C60596B96B3F34A1B57B9CAC951016.udd" 5958
"C:/Users/minukey/AppData/Local/UnrealEngine/Common/DerivedDataCache/2/3/8/TEXTURE_E01F4250BECD420DA9CE63B5EECEC2C2_AUTODXT_75DFB50F416105FE178FA7A9A296B__40076972CD9E2215A79D02EBF51582E87A5412A7.udd" 5959
"C:/Users/minukey/AppData/Local/UnrealEngine/Common/DerivedDataCache/9/1/6/TEXTURE_E01F4250BECD420DA9CE63B5EECEC2C2_AUTOETC2_75DFB50F416105FE178FA7A9A296__A849D2110E459F7FF1043F04FDC77D31370C30E4.udd" 5960
"C:/Users/minukey/AppData/Local/UnrealEngine/Common/DerivedDataCache/7/3/9/TEXTURE_E01F4250BECD420DA9CE63B5EECEC2C2_BGRA8_8B22B735479733A7BB020F881207829__34E885A4F2816035C6BFE6F01A7A5B82963E8216.udd" 5961
"C:/Users/minukey/AppData/Local/UnrealEngine/Common/DerivedDataCache/2/7/2/TEXTURE_E01F4250BECD420DA9CE63B5EECEC2C2_ASTC_RGBAUTO_38_06305AF445F2140C7C19A__DE25535A028B3394B6C53BFE8A778417E37AE1C5.udd" 5962
"C:/Users/minukey/AppData/Local/UnrealEngine/Common/DerivedDataCache/5/7/1/TEXTURE_E01F4250BECD420DA9CE63B5EECEC2C2_BGRA8_8130A35842F0D05B9F5E309C078E541__6C60A449002387074746D6178528C73148E4A919.udd" 5963
"C:/Users/minukey/AppData/Local/UnrealEngine/Common/DerivedDataCache/6/6/0/TEXTURE_E01F4250BECD420DA9CE63B5EECEC2C2_BGRA8_E57367644DB14D4809F74C811C2431D__6C1B9A3ABF6ED4CBC5BE7D200C8276D45F82CEC3.udd" 5964
"C:/Users/minukey/AppData/Local/UnrealEngine/Common/DerivedDataCache/5/9/2/TEXTURE_E01F4250BECD420DA9CE63B5EECEC2C2_BGRA8_2DD745264A3D41BEDE1E38985DFA051__8D445E3AFC5F703CB6E8720E60D6E65C835E2C2E.udd" 5965
"C:/Users/minukey/AppData/Local/UnrealEngine/Common/DerivedDataCache/3/6/4/TEXTURE_E01F4250BECD420DA9CE63B5EECEC2C2_G8_EFCCE016429008D9D6575CB3A2DF598A_0__71C5FB029CA4FED3C5D23430444DD7F0C146222F.udd" 5966
"C:/Users/minukey/AppData/Local/UnrealEngine/Common/DerivedDataCache/6/4/9/TEXTURE_E01F4250BECD420DA9CE63B5EECEC2C2_G8_EFCCE016429008D9D6575CB3A2DF598A_0__6C2FAA6E04C3C13223226CDBD3C9E8E86FD1B2A3.udd" 5967
"C:/Users/minukey/AppData/Local/UnrealEngine/Common/DerivedDataCache/5/3/4/TEXTURE_E01F4250BECD420DA9CE63B5EECEC2C2_G8_EFCCE016429008D9D6575CB3A2DF598A_0__8C086F37A83BF0896106F33FC6EADF62E6C5B44A.udd" 5968
"C:/Users/minukey/AppData/Local/UnrealEngine/Common/DerivedDataCache/0/4/8/TEXTURE_E01F4250BECD420DA9CE63B5EECEC2C2_G8_EFCCE016429008D9D6575CB3A2DF598A_0__97C48347E288506FB5F7F14E447AE2A1D3A7B07D.udd" 5969
"C:/Users/minukey/AppData/Local/UnrealEngine/Common/DerivedDataCache/7/1/2/TEXTURE_E01F4250BECD420DA9CE63B5EECEC2C2_AUTODXT_6749FE5E49DB8FAED5CC3AB394340__CC03DB592037A3EC6C4B934BC0BFC93662B8EB77.udd" 5970
"C:/Users/minukey/AppData/Local/UnrealEngine/Common/DerivedDataCache/2/1/5/TEXTURE_E01F4250BECD420DA9CE63B5EECEC2C2_ASTC_RGBAUTO_38_6749FE5E49DB8FAED5CC3__1B8643DA63A389DF6E141DF69567AF7D0151C721.udd" 5971
"C:/Users/minukey/AppData/Local/UnrealEngine/Common/DerivedDataCache/0/0/8/TEXTURE_E01F4250BECD420DA9CE63B5EECEC2C2_G8_017E72834BC6A481B9D2E7B57B15158A_0__5E6E6FAD65AE25850BC2B38F649AAD115D609694.udd" 5972
"C:/Users/minukey/AppData/Local/UnrealEngine/Common/DerivedDataCache/1/1/2/TEXTURE_E01F4250BECD420DA9CE63B5EECEC2C2_AUTOETC2_6749FE5E49DB8FAED5CC3AB39434__F458CB8381722118E3197AACA42C32AF7B1F0933.udd" 5973
"C:/Users/minukey/AppData/Local/UnrealEngine/Common/DerivedDataCache/3/1/2/TEXTURE_E01F4250BECD420DA9CE63B5EECEC2C2_G8_017E72834BC6A481B9D2E7B57B15158A_0__601C86EFAD7E1BC206CCC3BB4A253F9AA8F32B08.udd" 5974
"C:/Users/minukey/AppData/Local/UnrealEngine/Common/DerivedDataCache/9/2/0/TEXTURE_E01F4250BECD420DA9CE63B5EECEC2C2_BGRA8_29057D7247673A2930A410A76C5AED2__405F4CF4BBD9D0EFCF62F51227293C3389A9CC9F.udd" 5975
"C:/Users/minukey/AppData/Local/UnrealEngine/Common/DerivedDataCache/7/6/3/TEXTURE_E01F4250BECD420DA9CE63B5EECEC2C2_BGRA8_6DE176054AC6FB5CEB79228E45A330B__64818217A5CCD16F2DB0307B4D8551C4F68EDEB9.udd" 5976
"C:/Users/minukey/AppData/Local/UnrealEngine/Common/DerivedDataCache/4/0/5/TEXTURE_E01F4250BECD420DA9CE63B5EECEC2C2_G8_017E72834BC6A481B9D2E7B57B15158A_0__26A18A43076783655074BA2FFA3F8AFFFCE7B3F6.udd" 5977
"C:/Users/minukey/AppData/Local/UnrealEngine/Common/DerivedDataCache/4/4/1/TEXTURE_E01F4250BECD420DA9CE63B5EECEC2C2_G8_017E72834BC6A481B9D2E7B57B15158A_0__0C67536D947CC412022E1C23F62AB8D5A51A7D67.udd" 5978
"C:/Users/minukey/AppData/Local/UnrealEngine/Common/DerivedDataCache/7/5/9/TEXTURE_E01F4250BECD420DA9CE63B5EECEC2C2_AUTODXT_E2307AFA4FF3540BAC9DA9A336854__B738EBCD755B6751BF2DB860EFB73C5B502C4B13.udd" 5979
"C:/Users/minukey/AppData/Local/UnrealEngine/Common/DerivedDataCache/9/8/2/TEXTURE_E01F4250BECD420DA9CE63B5EECEC2C2_ASTC_RGBAUTO_38_E2307AFA4FF3540BAC9DA__C7B78CE5107D0AC1BFEA8938B4A2B9AB51FBC931.udd" 5980
"C:/Users/minukey/AppData/Local/UnrealEngine/Common/DerivedDataCache/6/9/9/TEXTURE_E01F4250BECD420DA9CE63B5EECEC2C2_AUTOETC2_E2307AFA4FF3540BAC9DA9A33685__911F9316BE60BC043E8B46976AC749B237AA91B5.udd" 5981
"C:/Users/minukey/AppData/Local/UnrealEngine/Common/DerivedDataCache/6/8/8/TEXTURE_E01F4250BECD420DA9CE63B5EECEC2C2_ASTC_RGBAUTO_38_119D9D384F916FB5612DE__BB0C258E103E8D04563BD73BCF7E5BF6579B9007.udd" 5982
"C:/Users/minukey/AppData/Local/UnrealEngine/Common/DerivedDataCache/6/5/2/TEXTURE_E01F4250BECD420DA9CE63B5EECEC2C2_AUTODXT_119D9D384F916FB5612DEB85B0124__6D626CE65720703DCFAE7D43983A7D8F022F5FB9.udd" 5983
"C:/Users/minukey/AppData/Local/UnrealEngine/Common/DerivedDataCache/4/6/8/TEXTURE_E01F4250BECD420DA9CE63B5EECEC2C2_ASTC_RGBAUTO_38_448D83D64D92F14E184FE__C29312D5C124903D4C6FBAA903CECA37AFE2069B.udd" 5984
"C:/Users/minukey/AppData/Local/UnrealEngine/Common/DerivedDataCache/1/4/6/TEXTURE_E01F4250BECD420DA9CE63B5EECEC2C2_ASTC_RGBAUTO_38_448D83D64D92F14E184FE__EF91DEAD50B071D2719DDFD81B7066BDE47E2EB7.udd" 5985
"C:/Users/minukey/AppData/Local/UnrealEngine/Common/DerivedDataCache/7/0/5/TEXTURE_E01F4250BECD420DA9CE63B5EECEC2C2_ASTC_RGBAUTO_38_448D83D64D92F14E184FE__DD1C7988AFDC6FDFB528B315DB5E30DA17BC4434.udd" 5986
"C:/Users/minukey/AppData/Local/UnrealEngine/Common/DerivedDataCache/6/8/5/TEXTURE_E01F4250BECD420DA9CE63B5EECEC2C2_ASTC_RGBAUTO_38_448D83D64D92F14E184FE__45A8950B503D54784E4AF21AFC7A5DF4AAC981E4.udd" 5987
"C:/Users/minukey/AppData/Local/UnrealEngine/Common/DerivedDataCache/0/6/0/TEXTURE_E01F4250BECD420DA9CE63B5EECEC2C2_AUTOETC2_119D9D384F916FB5612DEB85B012__6910B71F26202C3B7C1136384C424478F9420173.udd" 5988
"C:/Users/minukey/AppData/Local/UnrealEngine/Common/DerivedDataCache/5/4/8/TEXTURE_E01F4250BECD420DA9CE63B5EECEC2C2_ASTC_RGBAUTO_38_448D83D64D92F14E184FE__500B05D585DED89441233AB654434CB90DBDE4A2.udd" 5989
"C:/Users/minukey/AppData/Local/UnrealEngine/Common/DerivedDataCache/8/4/3/TEXTURE_E01F4250BECD420DA9CE63B5EECEC2C2_ASTC_RGBAUTO_38_448D83D64D92F14E184FE__048287E1553818156CB9C1F2F6BC8CC368B04029.udd" 5990
"C:/Users/minukey/AppData/Local/UnrealEngine/Common/DerivedDataCache/8/8/9/TEXTURE_E01F4250BECD420DA9CE63B5EECEC2C2_AUTOETC2_448D83D64D92F14E184FE8814236__E2EBB028D62157650B28A2A94666833CFBC57CF4.udd" 5991
"C:/Users/minukey/AppData/Local/UnrealEngine/Common/DerivedDataCache/8/2/0/TEXTURE_E01F4250BECD420DA9CE63B5EECEC2C2_AUTODXT_448D83D64D92F14E184FE88142360__47BEA9DA412D4284C11827751CD9337C32C57E3C.udd" 5992
"C:/Users/minukey/AppData/Local/UnrealEngine/Common/DerivedDataCache/1/5/8/TEXTURE_E01F4250BECD420DA9CE63B5EECEC2C2_AUTOETC2_448D83D64D92F14E184FE8814236__69972DC635BBC9D58BFE50FAD952F6F0F86ABDE3.udd" 5993
"C:/Users/minukey/AppData/Local/UnrealEngine/Common/DerivedDataCache/2/7/0/TEXTURE_E01F4250BECD420DA9CE63B5EECEC2C2_AUTOETC2_448D83D64D92F14E184FE8814236__F50B6AF8024E7B2C1CFF1E38F2285F9AD1DEC166.udd" 5994
"C:/Users/minukey/AppData/Local/UnrealEngine/Common/DerivedDataCache/6/7/8/TEXTURE_E01F4250BECD420DA9CE63B5EECEC2C2_AUTOETC2_448D83D64D92F14E184FE8814236__CB665AA6D412A2E10A93C8212813383633178EA3.udd" 5995
"C:/Users/minukey/AppData/Local/UnrealEngine/Common/DerivedDataCache/8/7/0/TEXTURE_E01F4250BECD420DA9CE63B5EECEC2C2_AUTOETC2_448D83D64D92F14E184FE8814236__6107556500C93E54280A33DCBEACEE38C129C7C4.udd" 5996
"C:/Users/minukey/AppData/Local/UnrealEngine/Common/DerivedDataCache/5/4/7/TEXTURE_E01F4250BECD420DA9CE63B5EECEC2C2_AUTODXT_448D83D64D92F14E184FE88142360__E5734F5BA88749DC059250AC957C3DE84BD0717A.udd" 5997
"C:/Users/minukey/AppData/Local/UnrealEngine/Common/DerivedDataCache/1/2/5/TEXTURE_E01F4250BECD420DA9CE63B5EECEC2C2_AUTOETC2_448D83D64D92F14E184FE8814236__21B245AF08E5E6B2AFDF9CD7AE2DD51FEF87EC07.udd" 5998
"C:/Users/minukey/AppData/Local/UnrealEngine/Common/DerivedDataCache/3/9/3/TEXTURE_E01F4250BECD420DA9CE63B5EECEC2C2_AUTODXT_448D83D64D92F14E184FE88142360__6DDE71CD9CC7E1340E079077BD0DDD2F93372656.udd" 5999
"C:/Users/minukey/AppData/Local/UnrealEngine/Common/DerivedDataCache/0/7/7/TEXTURE_E01F4250BECD420DA9CE63B5EECEC2C2_ASTC_RGBAUTO_38_0257EC9341B0E23594AE0__716C79BA97A388D5FA4DF9DE293953B5AE6370AE.udd" 6000
"C:/Users/minukey/AppData/Local/UnrealEngine/Common/DerivedDataCache/6/0/8/TEXTURE_E01F4250BECD420DA9CE63B5EECEC2C2_AUTODXT_0257EC9341B0E23594AE01A220084__23890D19C34E7A4BB8DCF6C16C51EC1419BDCB63.udd" 6001
"C:/Users/minukey/AppData/Local/UnrealEngine/Common/DerivedDataCache/9/4/0/TEXTURE_E01F4250BECD420DA9CE63B5EECEC2C2_AUTOETC2_0257EC9341B0E23594AE01A22008__FD9F263632B9F35AA51596769909A3F21C08F4E0.udd" 6002
"C:/Users/minukey/AppData/Local/UnrealEngine/Common/DerivedDataCache/3/6/6/TEXTURE_E01F4250BECD420DA9CE63B5EECEC2C2_AUTODXT_448D83D64D92F14E184FE88142360__C66B3E73108DB8C7B406169BBFDDEDF4D6F51041.udd" 6003
"C:/Users/minukey/AppData/Local/UnrealEngine/Common/DerivedDataCache/1/2/7/TEXTURE_E01F4250BECD420DA9CE63B5EECEC2C2_AUTODXT_448D83D64D92F14E184FE88142360__1BBC83C754B9D3A1EAA692FA58CF734C15CD814C.udd" 6004
"C:/Users/minukey/AppData/Local/UnrealEngine/Common/DerivedDataCache/2/8/3/TEXTURE_E01F4250BECD420DA9CE63B5EECEC2C2_ASTC_RGBAUTO_38_203C39254752B944DCFED__4928C529FD851FC9CF2C1B80CBA2CEF5795F2FC1.udd" 6005
"C:/Users/minukey/AppData/Local/UnrealEngine/Common/DerivedDataCache/5/7/4/TEXTURE_E01F4250BECD420DA9CE63B5EECEC2C2_AUTODXT_448D83D64D92F14E184FE88142360__8FEFDA19BEFB8D1DB3E09769695F3D07770FE208.udd" 6006
"C:/Users/minukey/AppData/Local/UnrealEngine/Common/DerivedDataCache/1/8/5/TEXTURE_E01F4250BECD420DA9CE63B5EECEC2C2_AUTOETC2_203C39254752B944DCFEDD92FA76__1BEB3D414FB11236D224744F8036DB5C3188174D.udd" 6007
"C:/Users/minukey/AppData/Local/UnrealEngine/Common/DerivedDataCache/9/2/2/TEXTURE_E01F4250BECD420DA9CE63B5EECEC2C2_AUTODXT_203C39254752B944DCFEDD92FA768__7C49F817ACCEE4E10EBC2CD629D8950D5236A594.udd" 6008
"C:/Users/minukey/AppData/Local/UnrealEngine/Common/DerivedDataCache/4/5/8/TEXTURE_E01F4250BECD420DA9CE63B5EECEC2C2_ASTC_RGBAUTO_38_892AF02B41404ADCCD42A__99129AFF62F8095CB51659355F0A786339B6CDDE.udd" 6009
"C:/Users/minukey/AppData/Local/UnrealEngine/Common/DerivedDataCache/9/5/0/TEXTURE_E01F4250BECD420DA9CE63B5EECEC2C2_AUTOETC2_892AF02B41404ADCCD42AD93B8D2__DCFC96B31D8B5DDF5FCFDA7093FB9206B41A01D5.udd" 6010
"C:/Users/minukey/AppData/Local/UnrealEngine/Common/DerivedDataCache/4/6/0/TEXTURE_E01F4250BECD420DA9CE63B5EECEC2C2_AUTODXT_892AF02B41404ADCCD42AD93B8D20__21D0FD539E6A0FE16FA7050D528C3276A04119FE.udd" 6011
"C:/Users/minukey/AppData/Local/UnrealEngine/Common/DerivedDataCache/6/7/6/TEXTURE_E01F4250BECD420DA9CE63B5EECEC2C2_ASTC_RGBAUTO_38_6DDCD1634AF5D4677B6A5__7631F37ABF2BE9BA361DE3C8D49874274E3C81A4.udd" 6012
"C:/Users/minukey/AppData/Local/UnrealEngine/Common/DerivedDataCache/3/4/0/TEXTURE_E01F4250BECD420DA9CE63B5EECEC2C2_AUTOETC2_6DDCD1634AF5D4677B6A538F4105__65E57A9E77B714F7043F7A580169B6F7846AB33E.udd" 6013
"C:/Users/minukey/AppData/Local/UnrealEngine/Common/DerivedDataCache/3/3/2/TEXTURE_E01F4250BECD420DA9CE63B5EECEC2C2_AUTODXT_6DDCD1634AF5D4677B6A538F41059__AFF86C1699EA0786ACAB07338EF21BBBE6929FC9.udd" 6014
"C:/Users/minukey/AppData/Local/UnrealEngine/Common/DerivedDataCache/8/0/2/TEXTURE_E01F4250BECD420DA9CE63B5EECEC2C2_ASTC_RGBAUTO_38_3C255E5941519CB07AB63__DCBBBCB1362E3E88830A5D7423DCDF917A42B52A.udd" 6015
"C:/Users/minukey/AppData/Local/UnrealEngine/Common/DerivedDataCache/5/7/3/TEXTURE_E01F4250BECD420DA9CE63B5EECEC2C2_AUTODXT_3C255E5941519CB07AB639B4CAAFE__CC42E994C9DFC8AE4DE0645BC7DA8F150228B049.udd" 6016
"C:/Users/minukey/AppData/Local/UnrealEngine/Common/DerivedDataCache/9/4/2/TEXTURE_E01F4250BECD420DA9CE63B5EECEC2C2_AUTOETC2_3C255E5941519CB07AB639B4CAAF__AD126398A580929C17E946B66757530462756A6D.udd" 6017
"C:/Users/minukey/AppData/Local/UnrealEngine/Common/DerivedDataCache/6/9/5/TEXTURE_E01F4250BECD420DA9CE63B5EECEC2C2_ASTC_RGBAUTO_38_FA286D8346BA6C25D84EC__31383C45AC2F691CB18884A3C12DCF5B7E315731.udd" 6018
"C:/Users/minukey/AppData/Local/UnrealEngine/Common/DerivedDataCache/0/0/1/TEXTURE_E01F4250BECD420DA9CE63B5EECEC2C2_AUTODXT_FA286D8346BA6C25D84ECFBBFD007__EDDF437B90761EA14E91E22C19E773052C0DFD04.udd" 6019
"C:/Users/minukey/AppData/Local/UnrealEngine/Common/DerivedDataCache/5/8/3/TEXTURE_E01F4250BECD420DA9CE63B5EECEC2C2_AUTOETC2_FA286D8346BA6C25D84ECFBBFD00__A19D27C17240D4921DFC8F20E66845000EB6B04E.udd" 6020
"C:/Users/minukey/AppData/Local/UnrealEngine/Common/DerivedDataCache/6/6/2/TEXTURE_E01F4250BECD420DA9CE63B5EECEC2C2_BGRA8_F74E41B84954ABBA7778C8836D051F3__AD6C9AEE31F964C8A347527E7534D6BFBE45F9F4.udd" 6021
"C:/Users/minukey/AppData/Local/UnrealEngine/Common/DerivedDataCache/6/7/9/TEXTURE_E01F4250BECD420DA9CE63B5EECEC2C2_BGRA8_226AECD74E9EDC58F5C668BFBDABFD3__AC406D2037A77387EF381EAC79D8D2C8E0D3362D.udd" 6022
"C:/Users/minukey/AppData/Local/UnrealEngine/Common/DerivedDataCache/2/4/9/TEXTURE_E01F4250BECD420DA9CE63B5EECEC2C2_ASTC_RGBAUTO_38_74B86A2E40BA30D47D0EC__7B6521DBC7C5379AC37835189D852DFD88D1DA1D.udd" 6023
"C:/Users/minukey/AppData/Local/UnrealEngine/Common/DerivedDataCache/9/6/7/TEXTURE_E01F4250BECD420DA9CE63B5EECEC2C2_AUTOETC2_74B86A2E40BA30D47D0EC1AE3ED4__8EC648F38CB349EE895E8646EA0786987D866731.udd" 6024
"C:/Users/minukey/AppData/Local/UnrealEngine/Common/DerivedDataCache/8/4/9/TEXTURE_E01F4250BECD420DA9CE63B5EECEC2C2_ASTC_RGBAUTO_38_1FF2FABB47BB7E1855E36__E8E64305D608A5F93AA87C85F2E41A801AB57206.udd" 6025
"C:/Users/minukey/AppData/Local/UnrealEngine/Common/DerivedDataCache/7/2/1/TEXTURE_E01F4250BECD420DA9CE63B5EECEC2C2_AUTODXT_74B86A2E40BA30D47D0EC1AE3ED41__BDC123DA039DDA098B5B7E3D97AB7F922C81AEF1.udd" 6026
"C:/Users/minukey/AppData/Local/UnrealEngine/Common/DerivedDataCache/4/5/9/TEXTURE_E01F4250BECD420DA9CE63B5EECEC2C2_AUTOETC2_1FF2FABB47BB7E1855E364BF8605__445B0CD18F9D5DC9537E10F3DAA46F8498522F16.udd" 6027
"C:/Users/minukey/AppData/Local/UnrealEngine/Common/DerivedDataCache/9/4/1/TEXTURE_E01F4250BECD420DA9CE63B5EECEC2C2_AUTODXT_1FF2FABB47BB7E1855E364BF86051__8B471D783A4BB13845C7E4E861FB063783AB078D.udd" 6028
"C:/Users/minukey/AppData/Local/UnrealEngine/Common/DerivedDataCache/0/3/7/TEXTURE_E01F4250BECD420DA9CE63B5EECEC2C2_AUTODXT_0A6CCE724AB2115760B74CB7EE64C__AF934C951729B93462D500AB23565CB9DC4882D8.udd" 6029
"C:/Users/minukey/AppData/Local/UnrealEngine/Common/DerivedDataCache/8/9/3/TEXTURE_E01F4250BECD420DA9CE63B5EECEC2C2_ASTC_RGBAUTO_38_0A6CCE724AB2115760B74__B5046E2E63AC62279DB4EDDE9A30B438003A92B7.udd" 6030
"C:/Users/minukey/AppData/Local/UnrealEngine/Common/DerivedDataCache/0/1/9/TEXTURE_E01F4250BECD420DA9CE63B5EECEC2C2_AUTOETC2_0A6CCE724AB2115760B74CB7EE64__D2BAE5D1A6C82C7B4497A572830C3AE71778AAAE.udd" 6031
"C:/Users/minukey/AppData/Local/UnrealEngine/Common/DerivedDataCache/8/9/1/TEXTURE_E01F4250BECD420DA9CE63B5EECEC2C2_ASTC_RGBAUTO_38_C49FDA8C4EFE04B87EBA5__13A95FFB5A03803DD54145E9F5747BD78828A5B6.udd" 6032
"C:/Users/minukey/AppData/Local/UnrealEngine/Common/DerivedDataCache/2/4/5/TEXTURE_E01F4250BECD420DA9CE63B5EECEC2C2_AUTODXT_C49FDA8C4EFE04B87EBA5CB5A57D2__1C4C7E47376A38B4D2E6FD2A5C6C5D61D1CC69E0.udd" 6033
"C:/Users/minukey/AppData/Local/UnrealEngine/Common/DerivedDataCache/7/0/5/TEXTURE_E01F4250BECD420DA9CE63B5EECEC2C2_ASTC_RGBAUTO_38_D89CEC194BB5B8CD4A9B0__037B9E56B60209775D32C9D41070B6D66CCB5D68.udd" 6034
"C:/Users/minukey/AppData/Local/UnrealEngine/Common/DerivedDataCache/3/4/8/TEXTURE_E01F4250BECD420DA9CE63B5EECEC2C2_AUTOETC2_C49FDA8C4EFE04B87EBA5CB5A57D__C7BE7A3CCDCB3FA333E3F97D38CEA8DDBE388AFD.udd" 6035
"C:/Users/minukey/AppData/Local/UnrealEngine/Common/DerivedDataCache/9/7/5/TEXTURE_E01F4250BECD420DA9CE63B5EECEC2C2_AUTODXT_D89CEC194BB5B8CD4A9B0DBA22299__540D52875DBABDE70FFC874FB9B8B442549F3489.udd" 6036
"C:/Users/minukey/AppData/Local/UnrealEngine/Common/DerivedDataCache/6/1/5/TEXTURE_E01F4250BECD420DA9CE63B5EECEC2C2_BGRA8_A78E00944FBB5052C5ED99A2C36D610__0A53DAE0698CECB3AB9120F1C0F18A21BA4B3099.udd" 6037
"C:/Users/minukey/AppData/Local/UnrealEngine/Common/DerivedDataCache/4/4/5/TEXTURE_E01F4250BECD420DA9CE63B5EECEC2C2_ASTC_RGBAUTO_38_C1F4BCC4452C0BCD866EF__D202551E2455C49967BC0973811B1C313DA31A77.udd" 6038
"C:/Users/minukey/AppData/Local/UnrealEngine/Common/DerivedDataCache/6/5/0/TEXTURE_E01F4250BECD420DA9CE63B5EECEC2C2_AUTODXT_C1F4BCC4452C0BCD866EFDA0CD0C1__147E0C6DADF8F5A76A1D2B4F0C7744EEAD4CC77C.udd" 6039
"C:/Users/minukey/AppData/Local/UnrealEngine/Common/DerivedDataCache/6/5/7/TEXTURE_E01F4250BECD420DA9CE63B5EECEC2C2_AUTOETC2_C1F4BCC4452C0BCD866EFDA0CD0C__307A9CECC897DF901BA24286E9F124584B1D27AF.udd" 6040
"C:/Users/minukey/AppData/Local/UnrealEngine/Common/DerivedDataCache/0/9/6/TEXTURE_E01F4250BECD420DA9CE63B5EECEC2C2_AUTOETC2_D89CEC194BB5B8CD4A9B0DBA2229__247800D8FE9DFD1780B9B9AF98B7850D1864FD06.udd" 6041
"C:/Users/minukey/AppData/Local/UnrealEngine/Common/DerivedDataCache/9/2/9/TEXTURE_E01F4250BECD420DA9CE63B5EECEC2C2_ASTC_RGBAUTO_38_7C5A086C41B67F6EF7129__285DE0068C81007F4DA7070752D4232D7A7D7F38.udd" 6042
"C:/Users/minukey/AppData/Local/UnrealEngine/Common/DerivedDataCache/3/8/5/TEXTURE_E01F4250BECD420DA9CE63B5EECEC2C2_AUTODXT_7C5A086C41B67F6EF71296AFC391E__464A341B23016388FF7F4F57A3CAFEAD9BE9D000.udd" 6043
"C:/Users/minukey/AppData/Local/UnrealEngine/Common/DerivedDataCache/5/8/2/TEXTURE_E01F4250BECD420DA9CE63B5EECEC2C2_AUTOETC2_7C5A086C41B67F6EF71296AFC391__F99BDBCD0A5C6351EFD9C88FB349198D3644E335.udd" 6044
"C:/Users/minukey/AppData/Local/UnrealEngine/Common/DerivedDataCache/9/2/4/TEXTURE_E01F4250BECD420DA9CE63B5EECEC2C2_ASTC_RGBAUTO_38_D403A81743B50FE665085__CD5F0412725FD9BA86FFC947E5410DC53C3115C2.udd" 6045
"C:/Users/minukey/AppData/Local/UnrealEngine/Common/DerivedDataCache/5/7/6/TEXTURE_E01F4250BECD420DA9CE63B5EECEC2C2_AUTODXT_D403A81743B50FE665085297A831E__5D871B63C0FB849E2EFDD52E903C3561D6AB6049.udd" 6046
"C:/Users/minukey/AppData/Local/UnrealEngine/Common/DerivedDataCache/5/9/6/TEXTURE_E01F4250BECD420DA9CE63B5EECEC2C2_AUTOETC2_D403A81743B50FE665085297A831__B0E8B30F52E264904ABEF66C8AB63055853DFCB2.udd" 6047
"C:/Users/minukey/AppData/Local/UnrealEngine/Common/DerivedDataCache/3/9/2/TEXTURE_E01F4250BECD420DA9CE63B5EECEC2C2_ASTC_RGBAUTO_38_7A68E7094EC6E675494D0__8F27438A54B307B32B11485CA6915AA31E49F89E.udd" 6048
"C:/Users/minukey/AppData/Local/UnrealEngine/Common/DerivedDataCache/3/5/5/TEXTURE_E01F4250BECD420DA9CE63B5EECEC2C2_AUTODXT_7A68E7094EC6E675494D0C8AE886C__760C2CC8A68B916852876A5789C80EA0788B6C5F.udd" 6049
"C:/Users/minukey/AppData/Local/UnrealEngine/Common/DerivedDataCache/8/0/1/TEXTURE_E01F4250BECD420DA9CE63B5EECEC2C2_AUTOETC2_7A68E7094EC6E675494D0C8AE886__0F9606675891FDDCE945039959385F263B7FDEC7.udd" 6050
"C:/Users/minukey/AppData/Local/UnrealEngine/Common/DerivedDataCache/7/2/6/TEXTURE_E01F4250BECD420DA9CE63B5EECEC2C2_ASTC_RGBAUTO_38_7BBBF743419EE004ACC16__1F341AF344B7632F464F50BA448E0C5C2EF4DAC2.udd" 6051
"C:/Users/minukey/AppData/Local/UnrealEngine/Common/DerivedDataCache/2/4/2/TEXTURE_E01F4250BECD420DA9CE63B5EECEC2C2_AUTODXT_7BBBF743419EE004ACC16E9959BCC__3A286806EC272781B5CDBCFC1F84B40E3E261338.udd" 6052
"C:/Users/minukey/AppData/Local/UnrealEngine/Common/DerivedDataCache/5/4/6/TEXTURE_E01F4250BECD420DA9CE63B5EECEC2C2_ASTC_RGBAUTO_38_2E1EE3B14D43A62B84881__9228B05AE8DC294C7511F91F3F26F08E5ADC26C2.udd" 6053
"C:/Users/minukey/AppData/Local/UnrealEngine/Common/DerivedDataCache/5/7/6/TEXTURE_E01F4250BECD420DA9CE63B5EECEC2C2_AUTOETC2_7BBBF743419EE004ACC16E9959BC__899065C4553278E34BC2D0243A130A317AF579D2.udd" 6054
"C:/Users/minukey/AppData/Local/UnrealEngine/Common/DerivedDataCache/7/7/6/TEXTURE_E01F4250BECD420DA9CE63B5EECEC2C2_AUTODXT_2E1EE3B14D43A62B84881B8F5AAD2__DA2D1B906226702D9480468AE0D30A92EE38E7AC.udd" 6055
"C:/Users/minukey/AppData/Local/UnrealEngine/Common/DerivedDataCache/7/4/4/TEXTURE_E01F4250BECD420DA9CE63B5EECEC2C2_AUTOETC2_2E1EE3B14D43A62B84881B8F5AAD__F27F454A7F5DF53916C3A9833F22E8DCD3BE303D.udd" 6056
"C:/Users/minukey/AppData/Local/UnrealEngine/Common/DerivedDataCache/4/7/2/TEXTURE_E01F4250BECD420DA9CE63B5EECEC2C2_ASTC_RGBAUTO_38_93563DB647F321B00692C__FD01E6EDB064F14B4E58D5192504F32FCEB5EF32.udd" 6057
"C:/Users/minukey/AppData/Local/UnrealEngine/Common/DerivedDataCache/6/1/8/TEXTURE_E01F4250BECD420DA9CE63B5EECEC2C2_AUTODXT_93563DB647F321B00692CEBCF1D72__29168CBC1B280A7816D80C03FEEEA49D5E9F3D13.udd" 6058
"C:/Users/minukey/AppData/Local/UnrealEngine/Common/DerivedDataCache/9/0/3/TEXTURE_E01F4250BECD420DA9CE63B5EECEC2C2_AUTOETC2_93563DB647F321B00692CEBCF1D7__CB07A264C64B7911543384E2FA9A873B375DD5DB.udd" 6059
"C:/Users/minukey/AppData/Local/UnrealEngine/Common/DerivedDataCache/5/4/1/TEXTURE_E01F4250BECD420DA9CE63B5EECEC2C2_ASTC_RGBAUTO_38_064171A24DCB2F679B0D5__E3E106FE47502229BAEF4DD2C4E9F8265C6119DA.udd" 6060
"C:/Users/minukey/AppData/Local/UnrealEngine/Common/DerivedDataCache/1/9/4/TEXTURE_E01F4250BECD420DA9CE63B5EECEC2C2_AUTODXT_064171A24DCB2F679B0D5FB080A6C__420F96FC22BAC6DCC1ECA514C8BAF5F3B8FF1183.udd" 6061
"C:/Users/minukey/AppData/Local/UnrealEngine/Common/DerivedDataCache/8/2/1/TEXTURE_E01F4250BECD420DA9CE63B5EECEC2C2_AUTOETC2_064171A24DCB2F679B0D5FB080A6__361F9B19FD93F442C21845C3AF98A6ECB1EE1CF1.udd" 6062
"C:/Users/minukey/AppData/Local/UnrealEngine/Common/DerivedDataCache/5/1/8/TEXTURE_E01F4250BECD420DA9CE63B5EECEC2C2_AUTODXT_D5542AFE4886708885DF42B1BE8F6__94358C769251D473BA8F048051FAE581F9B6B55C.udd" 6063
"C:/Users/minukey/AppData/Local/UnrealEngine/Common/DerivedDataCache/2/2/6/TEXTURE_E01F4250BECD420DA9CE63B5EECEC2C2_ASTC_RGBAUTO_38_D5542AFE4886708885DF4__CA6388B4B9489B22487C0AEBE30A3F980AAD3B8F.udd" 6064
"C:/Users/minukey/AppData/Local/UnrealEngine/Common/DerivedDataCache/1/5/7/TEXTURE_E01F4250BECD420DA9CE63B5EECEC2C2_BGRA8_97A5F43544B9F0690D2CA8BBC2B4726__7B507950A28ABF7790855F31EBB0652D15447FDE.udd" 6065
"C:/Users/minukey/AppData/Local/UnrealEngine/Common/DerivedDataCache/5/5/7/TEXTURE_E01F4250BECD420DA9CE63B5EECEC2C2_AUTOETC2_D5542AFE4886708885DF42B1BE8F__E12BDCD6FDB99389487C7D35E7F7F780994CC9C6.udd" 6066
"C:/Users/minukey/AppData/Local/UnrealEngine/Common/DerivedDataCache/4/3/9/TEXTURE_E01F4250BECD420DA9CE63B5EECEC2C2_AUTODXT_489A77BD4EFA55FBA9E4A88197215__CF61248318BA025B268ABBE2F804F2BFEE32D392.udd" 6067
"C:/Users/minukey/AppData/Local/UnrealEngine/Common/DerivedDataCache/6/3/9/TEXTURE_E01F4250BECD420DA9CE63B5EECEC2C2_ASTC_RGBAUTO_38_489A77BD4EFA55FBA9E4A__3CA27E95BC23248E697AE652B592C421EA28C08C.udd" 6068
"C:/Users/minukey/AppData/Local/UnrealEngine/Common/DerivedDataCache/1/0/0/TEXTURE_E01F4250BECD420DA9CE63B5EECEC2C2_BGRA8_590B69F9468E37B505F5B8BEFC57CF8__EF478880A5EAA4B62BD721DDBB77F4B51A4DF98B.udd" 6069
"C:/Users/minukey/AppData/Local/UnrealEngine/Common/DerivedDataCache/7/5/6/TEXTURE_E01F4250BECD420DA9CE63B5EECEC2C2_ASTC_RGBAUTO_38_6A00F1654C244F95E8B15__25602A739A5667C20027DC240860A8B5AB2C1D01.udd" 6070
"C:/Users/minukey/AppData/Local/UnrealEngine/Common/DerivedDataCache/2/9/8/TEXTURE_E01F4250BECD420DA9CE63B5EECEC2C2_AUTOETC2_489A77BD4EFA55FBA9E4A8819721__9F464D6B92C14FC28D4AD74AE4EA97DAE9EA2D94.udd" 6071
"C:/Users/minukey/AppData/Local/UnrealEngine/Common/DerivedDataCache/5/1/6/TEXTURE_E01F4250BECD420DA9CE63B5EECEC2C2_AUTOETC2_6A00F1654C244F95E8B15E9A15BE__AAAF3A8566BE5F8192714C732ACC617702C60326.udd" 6072
"C:/Users/minukey/AppData/Local/UnrealEngine/Common/DerivedDataCache/7/6/7/TEXTURE_E01F4250BECD420DA9CE63B5EECEC2C2_AUTODXT_6A00F1654C244F95E8B15E9A15BE5__7EA5529131677EAD015F3F5882A1D88EC45490DB.udd" 6073
"C:/Users/minukey/AppData/Local/UnrealEngine/Common/DerivedDataCache/2/3/6/TEXTURE_E01F4250BECD420DA9CE63B5EECEC2C2_ASTC_RGBAUTO_38_F562DDF94D8D885AE9207__C203B34686CD5040ABCC875B3FBDE125CDC72612.udd" 6074
"C:/Users/minukey/AppData/Local/UnrealEngine/Common/DerivedDataCache/5/0/7/TEXTURE_E01F4250BECD420DA9CE63B5EECEC2C2_AUTOETC2_F562DDF94D8D885AE92078A9DD77__A1F3E02C26581D9F0F630D51622BD66D31AAD3B0.udd" 6075
"C:/Users/minukey/AppData/Local/UnrealEngine/Common/DerivedDataCache/5/0/5/TEXTURE_E01F4250BECD420DA9CE63B5EECEC2C2_BGRA8_12CD9F7947E7C912F7BBBFAF56D72CA__A5F68B8C75A31C6B553C20818ACCECEC73453CC6.udd" 6076
"C:/Users/minukey/AppData/Local/UnrealEngine/Common/DerivedDataCache/7/9/4/TEXTURE_E01F4250BECD420DA9CE63B5EECEC2C2_BGRA8_7C3557544C1CF44580DC29A232C0EC1__71005D2634E16A9CC33FB8D0ABD97660CB4414CA.udd" 6077
"C:/Users/minukey/AppData/Local/UnrealEngine/Common/DerivedDataCache/8/4/3/TEXTURE_E01F4250BECD420DA9CE63B5EECEC2C2_AUTODXT_F562DDF94D8D885AE92078A9DD770__2D2957C3AEBD7C534DF6B513DD05E759040A65EE.udd" 6078
"C:/Users/minukey/AppData/Local/UnrealEngine/Common/DerivedDataCache/5/9/0/TEXTURE_E01F4250BECD420DA9CE63B5EECEC2C2_ASTC_RGBAUTO_38_3F3B1DD44FE006226A690__83B2FE8FFF1AD17D57863022505DB87D5927D796.udd" 6079
"C:/Users/minukey/AppData/Local/UnrealEngine/Common/DerivedDataCache/6/5/3/TEXTURE_E01F4250BECD420DA9CE63B5EECEC2C2_AUTOETC2_3F3B1DD44FE006226A690596DBDD__FBD323859BE6EBEABF56E47E09399B036D868F3B.udd" 6080
"C:/Users/minukey/AppData/Local/UnrealEngine/Common/DerivedDataCache/6/4/1/TEXTURE_E01F4250BECD420DA9CE63B5EECEC2C2_ASTC_RGBAUTO_38_80A9E59646847B4846ED6__1C64EA60C4CC801BE55CC9C988CDD1986A43C28E.udd" 6081
"C:/Users/minukey/AppData/Local/UnrealEngine/Common/DerivedDataCache/4/9/0/TEXTURE_E01F4250BECD420DA9CE63B5EECEC2C2_AUTODXT_80A9E59646847B4846ED6DAF42DFE__DEEB38C01068D256E0175B209D2246C7E6D68B7C.udd" 6082
"C:/Users/minukey/AppData/Local/UnrealEngine/Common/DerivedDataCache/1/3/3/TEXTURE_E01F4250BECD420DA9CE63B5EECEC2C2_AUTODXT_3F3B1DD44FE006226A690596DBDDE__AEF132215F348F3287784284A5390822458FC8A3.udd" 6083
"C:/Users/minukey/AppData/Local/UnrealEngine/Common/DerivedDataCache/4/7/2/TEXTURE_E01F4250BECD420DA9CE63B5EECEC2C2_AUTOETC2_80A9E59646847B4846ED6DAF42DF__48D63BD9A90D29D036A6014CB7E4862DCEC24D62.udd" 6084
"C:/Users/minukey/AppData/Local/UnrealEngine/Common/DerivedDataCache/0/8/2/TEXTURE_E01F4250BECD420DA9CE63B5EECEC2C2_ASTC_RGBAUTO_38_5FF2868842E6DED8A4C0C__CBDB1C59204CB0B8AF96662D06D92231C20BBC62.udd" 6085
"C:/Users/minukey/AppData/Local/UnrealEngine/Common/DerivedDataCache/5/3/5/TEXTURE_E01F4250BECD420DA9CE63B5EECEC2C2_AUTODXT_5FF2868842E6DED8A4C0CB8217190__12CD5A4123D1FD6BB383A8FBE53EC78768EAAC52.udd" 6086
"C:/Users/minukey/AppData/Local/UnrealEngine/Common/DerivedDataCache/5/9/6/TEXTURE_E01F4250BECD420DA9CE63B5EECEC2C2_AUTOETC2_5FF2868842E6DED8A4C0CB821719__31FFA45D091B902A8B1C5F3C996229BE31EC2793.udd" 6087
"E:/Documents/SIKAT OJT/Game Project/Project/ProjectLumina/Content/Assets/UI/CountrySelect/PH/Country_PHText.uasset" 6088
"C:/Users/minukey/AppData/Local/UnrealEngine/Common/DerivedDataCache/7/5/0/TEXTURE_E01F4250BECD420DA9CE63B5EECEC2C2_BGRA8_6F5DA3184CCCF16F6C17FAB94DE8541__9180F2B03220E71634285B215DBFF3A52D2E8C9B.udd" 6089
"E:/Documents/SIKAT OJT/Game Project/Project/ProjectLumina/Content/Assets/UI/CountrySelect/ID/Country_IDText.uasset" 6090
"E:/Documents/SIKAT OJT/Game Project/Project/ProjectLumina/Content/Assets/UI/CountrySelect/PH/Country_PHIsland.uasset" 6091
"C:/Users/minukey/AppData/Local/UnrealEngine/Common/DerivedDataCache/9/3/0/TEXTURE_E01F4250BECD420DA9CE63B5EECEC2C2_BGRA8_98F6D1A14396DFA92597A09E8350FBC__39B2423FCA45B44326834A517B0FC717B4BFB61E.udd" 6092
"C:/Users/minukey/AppData/Local/UnrealEngine/Common/DerivedDataCache/7/0/9/TEXTURE_E01F4250BECD420DA9CE63B5EECEC2C2_BGRA8_06DA594C408BBBD45B5154A6CBE959B__954609561B453B6EC50B8C2D054643A8A5807780.udd" 6093
"E:/Documents/SIKAT OJT/Game Project/Project/ProjectLumina/Content/Assets/UI/CountrySelect/UI_CSHeader.uasset" 6094
"E:/Documents/SIKAT OJT/Game Project/Project/ProjectLumina/Content/Assets/UI/CountrySelect/ID/Country_IDIsland.uasset" 6095
"C:/Users/minukey/AppData/Local/UnrealEngine/Common/DerivedDataCache/8/3/1/TEXTURE_E01F4250BECD420DA9CE63B5EECEC2C2_BGRA8_63644BAC47E907C31EF371B77E244C3__7F0467FB361EBE5DCCB0DD80BC2F6AF8C290A3D0.udd" 6096
"C:/Users/minukey/AppData/Local/UnrealEngine/Common/DerivedDataCache/0/2/9/TEXTURE_E01F4250BECD420DA9CE63B5EECEC2C2_BGRA8_F9DF4A8240F817D0432354A3DDF9A9C__EC1DCDF6DC47124BDDE5CA720059CF701E45B64E.udd" 6097
"E:/Documents/SIKAT OJT/Game Project/Project/ProjectLumina/Content/Assets/UI/Buttons/BTN_ArrowPressed.uasset" 6098
"E:/Documents/SIKAT OJT/Game Project/Project/ProjectLumina/Content/Assets/UI/Buttons/BTN_Arrow.uasset" 6099
"E:/Documents/SIKAT OJT/Game Project/Project/ProjectLumina/Content/Levels/DebuggingLevels/LVL_SelectCountry.umap" 6100
"E:/Documents/SIKAT OJT/Game Project/Project/ProjectLumina/Content/Levels/DebuggingLevels/LVL_QuickPlayDebug_BuiltData.uasset" 6101
"E:/Documents/SIKAT OJT/Game Project/Project/ProjectLumina/Content/Levels/DebuggingLevels/LVL_QuickPlayDebug.umap" 6102
"E:/Documents/SIKAT OJT/Game Project/Project/ProjectLumina/Content/Levels/DebuggingLevels/LVL_OptionsSelectionDebug.umap" 6103
"E:/Documents/SIKAT OJT/Game Project/Project/ProjectLumina/Content/Levels/DebuggingLevels/LVL_MainGameplayQnA_BuiltData.uasset" 6104
"C:/Users/minukey/AppData/Local/UnrealEngine/Common/DerivedDataCache/2/7/5/TEXTURE_E01F4250BECD420DA9CE63B5EECEC2C2_ASTC_RGBAUTO_38_30B88BF14F46649349F70__4DCD16006276518B60B019C0A5F55A791B84AD44.udd" 6105
"C:/Users/minukey/AppData/Local/UnrealEngine/Common/DerivedDataCache/3/1/9/TEXTURE_E01F4250BECD420DA9CE63B5EECEC2C2_AUTODXT_30B88BF14F46649349F702AF457DA__51C6F42B61686B5700CB2FB0E7D3FC710D048E77.udd" 6106
"C:/Users/minukey/AppData/Local/UnrealEngine/Common/DerivedDataCache/3/4/6/TEXTURE_E01F4250BECD420DA9CE63B5EECEC2C2_AUTOETC2_30B88BF14F46649349F702AF457D__C2D82D745A2E069A9BA35026A3829B303BA24BAD.udd" 6107
"C:/Users/minukey/AppData/Local/UnrealEngine/Common/DerivedDataCache/8/0/1/TEXTURE_E01F4250BECD420DA9CE63B5EECEC2C2_ASTC_RGBAUTO_38_EF6A822B466A6783997FF__3A79224D0907BC36720B81305C87F448F7D8303F.udd" 6108
"C:/Users/minukey/AppData/Local/UnrealEngine/Common/DerivedDataCache/6/3/5/TEXTURE_E01F4250BECD420DA9CE63B5EECEC2C2_AUTODXT_EF6A822B466A6783997FFD84D5516__7505EDDC46AB73426832871373112BC337DE4879.udd" 6109
"C:/Users/minukey/AppData/Local/UnrealEngine/Common/DerivedDataCache/6/4/7/TEXTURE_E01F4250BECD420DA9CE63B5EECEC2C2_AUTOETC2_EF6A822B466A6783997FFD84D551__83EA64099ADE175759B949AED8058DA0193B6B84.udd" 6110
"E:/Documents/SIKAT OJT/Game Project/Project/ProjectLumina/Content/Blueprints/Widgets/LevelSelect/UI_CountrySelect.uasset" 6111
"C:/Users/minukey/AppData/Local/UnrealEngine/Common/DerivedDataCache/0/9/0/TEXTURE_E01F4250BECD420DA9CE63B5EECEC2C2_BGRA8_35C1F7D1446BF3EF6802BE8C94489B1__124BF83D121007B200018F1F41E32A5DA2087F69.udd" 6112
"C:/Users/minukey/AppData/Local/UnrealEngine/Common/DerivedDataCache/0/0/6/TEXTURE_E01F4250BECD420DA9CE63B5EECEC2C2_ASTC_RGBAUTO_38_157AC9D147D2C494248E4__6839900B439E8F35398114E321FB4F4E8DC38480.udd" 6113
"C:/Users/minukey/AppData/Local/UnrealEngine/Common/DerivedDataCache/5/6/4/TEXTURE_E01F4250BECD420DA9CE63B5EECEC2C2_AUTODXT_157AC9D147D2C494248E4E8913485__9469B76811FEE024C3FC4C87C840006437A6362F.udd" 6114
"C:/Users/minukey/AppData/Local/UnrealEngine/Common/DerivedDataCache/1/5/5/TEXTURE_E01F4250BECD420DA9CE63B5EECEC2C2_ASTC_RGBAUTO_38_157AC9D147D2C494248E4__715AEDE2DFA233661FFE0A28A858693C454E6D26.udd" 6115
"C:/Users/minukey/AppData/Local/UnrealEngine/Common/DerivedDataCache/6/9/8/TEXTURE_E01F4250BECD420DA9CE63B5EECEC2C2_AUTODXT_157AC9D147D2C494248E4E8913485__F09D3DBC72006641D1D86E653D5F24F18F6479D9.udd" 6116
"C:/Users/minukey/AppData/Local/UnrealEngine/Common/DerivedDataCache/9/5/2/TEXTURE_E01F4250BECD420DA9CE63B5EECEC2C2_AUTODXT_157AC9D147D2C494248E4E8913485__DE30808B862580573DF99F497D6C6570D72BDB6E.udd" 6117
"C:/Users/minukey/AppData/Local/UnrealEngine/Common/DerivedDataCache/6/4/8/TEXTURE_E01F4250BECD420DA9CE63B5EECEC2C2_AUTOETC2_157AC9D147D2C494248E4E891348__7EB1573C60B9F4E68E35F7E5613C84F9386A0514.udd" 6118
"C:/Users/minukey/AppData/Local/UnrealEngine/Common/DerivedDataCache/7/9/0/TEXTURE_E01F4250BECD420DA9CE63B5EECEC2C2_AUTOETC2_157AC9D147D2C494248E4E891348__95E0E13662C0AB9D2300801E938ADE1C06030A7A.udd" 6119
"C:/Users/minukey/AppData/Local/UnrealEngine/Common/DerivedDataCache/1/6/8/TEXTURE_E01F4250BECD420DA9CE63B5EECEC2C2_AUTOETC2_157AC9D147D2C494248E4E891348__262B897EEB6A2D11DD64291924EEB24ABD142056.udd" 6120
"C:/Users/minukey/AppData/Local/UnrealEngine/Common/DerivedDataCache/3/7/2/TEXTURE_E01F4250BECD420DA9CE63B5EECEC2C2_ASTC_RGB_38_B6EEE24548EC10FA49C1D8823__8A8E6DF20BFCBA9E37F9C48522CCD43CE32E90A3.udd" 6121
"C:/Users/minukey/AppData/Local/UnrealEngine/Common/DerivedDataCache/3/7/8/TEXTURE_E01F4250BECD420DA9CE63B5EECEC2C2_ASTC_RGBAUTO_38_157AC9D147D2C494248E4__862129B09D288D3D70C6502B9CAE9A05CBB8F56E.udd" 6122
"C:/Users/minukey/AppData/Local/UnrealEngine/Common/DerivedDataCache/6/4/4/TEXTURE_E01F4250BECD420DA9CE63B5EECEC2C2_DXT1_B6EEE24548EC10FA49C1D8823C69EB40__E894871CF67CF24CFECB3E04F953AB51B88FC400.udd" 6123
"C:/Users/minukey/AppData/Local/UnrealEngine/Common/DerivedDataCache/2/0/7/TEXTURE_E01F4250BECD420DA9CE63B5EECEC2C2_ASTC_RGB_38_B6EEE24548EC10FA49C1D8823__D956F1A585A7DE9299CE0D834A3542C8F5339B5E.udd" 6124
"C:/Users/minukey/AppData/Local/UnrealEngine/Common/DerivedDataCache/1/3/5/TEXTURE_E01F4250BECD420DA9CE63B5EECEC2C2_DXT1_B6EEE24548EC10FA49C1D8823C69EB40__4C461767A378BFB50914D4C83B1A7EE7B4AD533C.udd" 6125
"C:/Users/minukey/AppData/Local/UnrealEngine/Common/DerivedDataCache/6/5/0/TEXTURE_E01F4250BECD420DA9CE63B5EECEC2C2_ASTC_RGB_38_B6EEE24548EC10FA49C1D8823__67018A43A49B6B560D4668BF43CFBF9516CC9C00.udd" 6126
"C:/Users/minukey/AppData/Local/UnrealEngine/Common/DerivedDataCache/2/8/4/TEXTURE_E01F4250BECD420DA9CE63B5EECEC2C2_DXT1_B6EEE24548EC10FA49C1D8823C69EB40__CF6BC7738111EBBA61C76F0AEE0CA221E9F16AF5.udd" 6127
"C:/Users/minukey/AppData/Local/UnrealEngine/Common/DerivedDataCache/7/7/9/TEXTURE_E01F4250BECD420DA9CE63B5EECEC2C2_BGRA8_0E7B0E684836B8D1684AECB6595AB89__6867E45E29BC6A092CCF4D27CFF8C5571CF9A37B.udd" 6128
"C:/Users/minukey/AppData/Local/UnrealEngine/Common/DerivedDataCache/9/8/0/TEXTURE_E01F4250BECD420DA9CE63B5EECEC2C2_G8_68C06DAA4949C936802068BDB49E309D_0__A4CCCC0EEFE6F025C5216DAA44CC5BEC581E1C41.udd" 6129
"C:/Users/minukey/AppData/Local/UnrealEngine/Common/DerivedDataCache/8/7/6/TEXTURE_E01F4250BECD420DA9CE63B5EECEC2C2_G8_68C06DAA4949C936802068BDB49E309D_0__28ED8C2888A12BDE2304EFDB09BB6B34BD6386A7.udd" 6130
"C:/Users/minukey/AppData/Local/UnrealEngine/Common/DerivedDataCache/7/2/8/TEXTURE_E01F4250BECD420DA9CE63B5EECEC2C2_ETC2_RGB_B6EEE24548EC10FA49C1D8823C69__DB5C8B22A746FE546A1A357D151BAAB25A3636A6.udd" 6131
"C:/Users/minukey/AppData/Local/UnrealEngine/Common/DerivedDataCache/9/7/2/TEXTURE_E01F4250BECD420DA9CE63B5EECEC2C2_ETC2_RGB_B6EEE24548EC10FA49C1D8823C69__EEA9794BC5994B710D498AA1A37CA55BEA03F0A4.udd" 6132
"C:/Users/minukey/AppData/Local/UnrealEngine/Common/DerivedDataCache/1/2/5/TEXTURE_E01F4250BECD420DA9CE63B5EECEC2C2_ETC2_RGB_B6EEE24548EC10FA49C1D8823C69__D1071556FB42B85F472D9A213D44F4DBB65B1EEC.udd" 6133
"C:/Users/minukey/AppData/Local/UnrealEngine/Common/DerivedDataCache/2/6/3/TEXTURE_E01F4250BECD420DA9CE63B5EECEC2C2_AUTODXT_D24D609A49952BE5B22AA4BDD3423__0446B47B9077C5AA5C81369E80701C3D2AFE0E9C.udd" 6134
"C:/Users/minukey/AppData/Local/UnrealEngine/Common/DerivedDataCache/6/8/8/TEXTURE_E01F4250BECD420DA9CE63B5EECEC2C2_ASTC_RGBAUTO_38_D24D609A49952BE5B22AA__8B7991E3881D5C0B711A5FAF4B99430E50442676.udd" 6135
"C:/Users/minukey/AppData/Local/UnrealEngine/Common/DerivedDataCache/7/2/9/TEXTURE_E01F4250BECD420DA9CE63B5EECEC2C2_AUTODXT_D24D609A49952BE5B22AA4BDD3423__9FC6065594CD29DB9EEA1C521142283268D36811.udd" 6136
"C:/Users/minukey/AppData/Local/UnrealEngine/Common/DerivedDataCache/9/1/0/TEXTURE_E01F4250BECD420DA9CE63B5EECEC2C2_AUTODXT_D24D609A49952BE5B22AA4BDD3423__1FCD2A70B788F5C694E00E00F2439B4B15713E42.udd" 6137
"C:/Users/minukey/AppData/Local/UnrealEngine/Common/DerivedDataCache/7/4/1/TEXTURE_E01F4250BECD420DA9CE63B5EECEC2C2_AUTOETC2_D24D609A49952BE5B22AA4BDD342__600D0430FD0093D4747D5ECAECC9E05EEDB42E8D.udd" 6138
"C:/Users/minukey/AppData/Local/UnrealEngine/Common/DerivedDataCache/2/9/6/TEXTURE_E01F4250BECD420DA9CE63B5EECEC2C2_ASTC_RGBAUTO_38_D24D609A49952BE5B22AA__883056482BD0FD8A3DEFFB4702D4BF7E140CC1CE.udd" 6139
"C:/Users/minukey/AppData/Local/UnrealEngine/Common/DerivedDataCache/2/7/2/TEXTURE_E01F4250BECD420DA9CE63B5EECEC2C2_ASTC_RGBAUTO_38_D24D609A49952BE5B22AA__2C81D6929957CF153B9147C8BE4E53EB1B79F70D.udd" 6140
"C:/Users/minukey/AppData/Local/UnrealEngine/Common/DerivedDataCache/5/4/4/TEXTURE_E01F4250BECD420DA9CE63B5EECEC2C2_AUTOETC2_D24D609A49952BE5B22AA4BDD342__B19CB22941F463C71A9450A967F2143481D9C28F.udd" 6141
"C:/Users/minukey/AppData/Local/UnrealEngine/Common/DerivedDataCache/8/4/2/TEXTURE_E01F4250BECD420DA9CE63B5EECEC2C2_ASTC_RGBAUTO_38_55AB288145668C9F1823F__0459F1478BE58C317C90E7CE1DFAAB24B3A908C6.udd" 6142
"C:/Users/minukey/AppData/Local/UnrealEngine/Common/DerivedDataCache/6/5/8/TEXTURE_E01F4250BECD420DA9CE63B5EECEC2C2_AUTOETC2_D24D609A49952BE5B22AA4BDD342__29BC0E13D059D643CADB6F294A0778E357ECF36D.udd" 6143
"C:/Users/minukey/AppData/Local/UnrealEngine/Common/DerivedDataCache/0/1/7/TEXTURE_E01F4250BECD420DA9CE63B5EECEC2C2_AUTOETC2_55AB288145668C9F1823FCB963A1__C0CEBBC36077068FDE917F1F5E827BD2F0C06BBD.udd" 6144
"E:/Documents/SIKAT OJT/Game Project/Project/ProjectLumina/Content/Levels/DebuggingLevels/LVL_LevelSelectDebug_BuiltData.uasset" 6145
"E:/Documents/SIKAT OJT/Game Project/Project/ProjectLumina/Content/Levels/DebuggingLevels/LVL_LevelSelectDebug.umap" 6146
"E:/Documents/SIKAT OJT/Game Project/Project/ProjectLumina/Content/Levels/DebuggingLevels/LVL_InvestorPopUpDebug.umap" 6147
"C:/Users/minukey/AppData/Local/UnrealEngine/Common/DerivedDataCache/9/6/5/TEXTURE_E01F4250BECD420DA9CE63B5EECEC2C2_ASTC_RGB_38_91BADEC24281EAB46940DBAE1__D88B2FDF41DBCC0FCC5D8E2792712D2542C95D8C.udd" 6148
"C:/Users/minukey/AppData/Local/UnrealEngine/Common/DerivedDataCache/4/2/5/TEXTURE_E01F4250BECD420DA9CE63B5EECEC2C2_AUTODXT_55AB288145668C9F1823FCB963A1D__FAFDCE09802563A684FD81A8A2FA4E5DFE4240AF.udd" 6149
"C:/Users/minukey/AppData/Local/UnrealEngine/Common/DerivedDataCache/0/1/0/TEXTURE_E01F4250BECD420DA9CE63B5EECEC2C2_ASTC_RGB_38_91BADEC24281EAB46940DBAE1__0AD4983DC9A2E4C130D9537402C5420F6482639D.udd" 6150
"C:/Users/minukey/AppData/Local/UnrealEngine/Common/DerivedDataCache/6/8/2/TEXTURE_E01F4250BECD420DA9CE63B5EECEC2C2_ASTC_RGB_38_91BADEC24281EAB46940DBAE1__305DC3580FF6FF5A17D94FAF28E843689AA1ED54.udd" 6151
"C:/Users/minukey/AppData/Local/UnrealEngine/Common/DerivedDataCache/4/9/1/TEXTURE_E01F4250BECD420DA9CE63B5EECEC2C2_ETC2_RGB_91BADEC24281EAB46940DBAE1C5A__077A8B14FBFEAD3B094CA894A1B566E80129CC24.udd" 6152
"C:/Users/minukey/AppData/Local/UnrealEngine/Common/DerivedDataCache/9/6/7/TEXTURE_E01F4250BECD420DA9CE63B5EECEC2C2_ETC2_RGB_91BADEC24281EAB46940DBAE1C5A__2C1127CF3CF9B4CA3FA784F8609BAA7545EF5877.udd" 6153
"C:/Users/minukey/AppData/Local/UnrealEngine/Common/DerivedDataCache/5/1/6/TEXTURE_E01F4250BECD420DA9CE63B5EECEC2C2_ETC2_RGB_91BADEC24281EAB46940DBAE1C5A__BC4C4D33574477423A7128FBE492C3B6382A4038.udd" 6154
"C:/Users/minukey/AppData/Local/UnrealEngine/Common/DerivedDataCache/5/2/0/TEXTURE_E01F4250BECD420DA9CE63B5EECEC2C2_ASTC_RGB_38_23CE39734DFEA0EECF392FB2E__6D55E2928751670320F330FB4DE123FA6E50CE4F.udd" 6155
"C:/Users/minukey/AppData/Local/UnrealEngine/Common/DerivedDataCache/1/4/4/TEXTURE_E01F4250BECD420DA9CE63B5EECEC2C2_DXT1_91BADEC24281EAB46940DBAE1C5A56D9__4362C77D95BE0F6678FCFD510B4E8D6B5D51339A.udd" 6156
"C:/Users/minukey/AppData/Local/UnrealEngine/Common/DerivedDataCache/1/5/3/TEXTURE_E01F4250BECD420DA9CE63B5EECEC2C2_DXT1_91BADEC24281EAB46940DBAE1C5A56D9__BE5F285AC2C701251071B4DE981520F853A2FD68.udd" 6157
"C:/Users/minukey/AppData/Local/UnrealEngine/Common/DerivedDataCache/8/5/8/TEXTURE_E01F4250BECD420DA9CE63B5EECEC2C2_DXT1_91BADEC24281EAB46940DBAE1C5A56D9__6B3FFB30FCA383AFE6CF000F4874F307092D41B3.udd" 6158
"C:/Users/minukey/AppData/Local/UnrealEngine/Common/DerivedDataCache/7/2/0/TEXTURE_E01F4250BECD420DA9CE63B5EECEC2C2_DXT1_23CE39734DFEA0EECF392FB2E58008CE__6CFFCED9FD2307B970A7C9817E05C5E56735E225.udd" 6159
"C:/Users/minukey/AppData/Local/UnrealEngine/Common/DerivedDataCache/3/1/2/TEXTURE_E01F4250BECD420DA9CE63B5EECEC2C2_BGRA8_797DD65D4BC5D0AEB74C67AE65EFBD0__8F3FF88A7109D520324314A4F75D1282C0867B41.udd" 6160
"C:/Users/minukey/AppData/Local/UnrealEngine/Common/DerivedDataCache/9/3/2/TEXTURE_E01F4250BECD420DA9CE63B5EECEC2C2_G8_BC12858A40DC6487E3316FBDDEB89B47_0__70A084BC1CA19ED8D6BD5C9BA7D3D1573F8DD69B.udd" 6161
"C:/Users/minukey/AppData/Local/UnrealEngine/Common/DerivedDataCache/9/0/5/TEXTURE_E01F4250BECD420DA9CE63B5EECEC2C2_G8_BC12858A40DC6487E3316FBDDEB89B47_0__FBC6F4DB58E62E1978A5641ADC9579EC761AE8B7.udd" 6162
"C:/Users/minukey/AppData/Local/UnrealEngine/Common/DerivedDataCache/8/1/9/TEXTURE_E01F4250BECD420DA9CE63B5EECEC2C2_G8_467D548B44B5D8AE472E32B0641B486E_0__72160DFFF5461A76D8B6ADA2EDBB39930F6E60A2.udd" 6163
"C:/Users/minukey/AppData/Local/UnrealEngine/Common/DerivedDataCache/3/7/7/TEXTURE_E01F4250BECD420DA9CE63B5EECEC2C2_ETC2_RGB_23CE39734DFEA0EECF392FB2E580__7F98558D6E880D6850A632ADD55C1424C2EA6F81.udd" 6164
"E:/Documents/SIKAT OJT/Game Project/Project/ProjectLumina/Content/Levels/DebuggingLevels/LVL_FillBlanksGPDebug.umap" 6165
"E:/Documents/SIKAT OJT/Game Project/Project/ProjectLumina/Content/Blueprints/Widgets/Gameplay/FillBlanks/Drag/WBP_MainUI.uasset" 6166
"E:/Documents/SIKAT OJT/Game Project/Project/ProjectLumina/Content/Levels/DebuggingLevels/LVL_DraggableButtonDebug.umap" 6167
"E:/Documents/SIKAT OJT/Game Project/Project/ProjectLumina/Content/Levels/DebuggingLevels/LVL_DialogueDebug_BuiltData.uasset" 6168
"E:/Documents/SIKAT OJT/Game Project/Project/ProjectLumina/Content/Blueprints/Conversation/DT_Conversation_Example.uasset" 6169
"E:/Documents/SIKAT OJT/Game Project/Project/ProjectLumina/Content/Assets/Backgrounds/Chap1/BG_PM-Forest.uasset" 6170
"E:/Documents/SIKAT OJT/Game Project/Project/ProjectLumina/Content/Blueprints/Conversation/DT_PandE.uasset" 6171
"E:/Documents/SIKAT OJT/Game Project/Project/ProjectLumina/Content/Materials/Material_Test.uasset" 6172
"E:/Documents/SIKAT OJT/Game Project/Project/ProjectLumina/Content/Levels/DebuggingLevels/LVL_DialogueDebug.umap" 6173
"E:/Documents/SIKAT OJT/Game Project/Project/ProjectLumina/Content/Levels/DebuggingLevels/LVL_DebuggingLevel_BuiltData.uasset" 6174
"E:/Documents/SIKAT OJT/Game Project/Project/ProjectLumina/Content/Levels/DebuggingLevels/LVL_DebuggingLevel.umap" 6175
"E:/Documents/SIKAT OJT/Game Project/Project/ProjectLumina/Content/Blueprints/Conversation/ConversationTester.uasset" 6176
"E:/Documents/SIKAT OJT/Game Project/Project/ProjectLumina/Content/Levels/DebuggingLevels/LVLDebug_DialogueRevamp_BuiltData.uasset" 6177
"E:/Documents/SIKAT OJT/Game Project/Project/ProjectLumina/Content/DataTables/Dialogue/DT_DialogueInfo.uasset" 6178
"E:/Documents/SIKAT OJT/Game Project/Project/ProjectLumina/Content/Levels/DebuggingLevels/LVLDebug_DialogueRevamp.umap" 6179
"E:/Documents/SIKAT OJT/Game Project/Project/ProjectLumina/Content/TopDownBP/TopDownOverview.uasset" 6180
"E:/Documents/SIKAT OJT/Game Project/Project/ProjectLumina/Content/Structure/FillBlanks/DP_Structure.uasset" 6181
"E:/Documents/SIKAT OJT/Game Project/Project/ProjectLumina/Content/Sprites/Tiles.uasset" 6182
"E:/Documents/SIKAT OJT/Game Project/Project/ProjectLumina/Content/Sprites/Tiles_TileSet.uasset" 6183
"E:/Documents/SIKAT OJT/Game Project/Project/ProjectLumina/Content/Sprites/NewPaperTileMap1.uasset" 6184
"E:/Documents/SIKAT OJT/Game Project/Project/ProjectLumina/Content/SideScrollerBP/Meshes/CubeMaterial.uasset" 6185
"E:/Documents/SIKAT OJT/Game Project/Project/ProjectLumina/Content/Sprites/NewPaperTileMap.uasset" 6186
"E:/Documents/SIKAT OJT/Game Project/Project/ProjectLumina/Content/SideScrollerBP/Meshes/Ramp_Mesh.uasset" 6187
"E:/Documents/SIKAT OJT/Game Project/Project/ProjectLumina/Content/SideScrollerBP/Blueprints/SideScrollerGameMode.uasset" 6188
"E:/Documents/SIKAT OJT/Game Project/Project/ProjectLumina/Content/Mannequin/Character/Textures/T_Female_N.uasset" 6189
"E:/Documents/SIKAT OJT/Game Project/Project/ProjectLumina/Content/SideScrollerBP/SideScrollerOverview.uasset" 6190
"E:/Documents/SIKAT OJT/Game Project/Project/ProjectLumina/Content/Mannequin/Character/Textures/T_Female_Mask.uasset" 6191
"E:/Documents/SIKAT OJT/Game Project/Project/ProjectLumina/Content/Mannequin/Character/Mesh/SK_Mannequin_Female_PhysicsAsset.uasset" 6192
"E:/Documents/SIKAT OJT/Game Project/Project/ProjectLumina/Content/Mannequin/Character/Materials/MI_Female_Body.uasset" 6193
"E:/Documents/SIKAT OJT/Game Project/Project/ProjectLumina/Content/Mannequin/Character/Mesh/SK_Mannequin_Female.uasset" 6194
"E:/Documents/SIKAT OJT/Game Project/Project/ProjectLumina/Content/GameplayQuestions/Test/GQ_PitchingTest.uasset" 6195
"E:/Documents/SIKAT OJT/Game Project/Project/ProjectLumina/Content/GameplayQuestions/Test/GQ_InvestorTest.uasset" 6196
"E:/Documents/SIKAT OJT/Game Project/Project/ProjectLumina/Content/GameplayQuestions/Test/GQ_GrowthTest.uasset" 6197
"E:/Documents/SIKAT OJT/Game Project/Project/ProjectLumina/Content/Mannequin/Animations/ThirdPersonJump_End.uasset" 6198
"E:/Documents/SIKAT OJT/Game Project/Project/ProjectLumina/Content/GameplayQuestions/Test/GQ_EarlyTractionTest.uasset" 6199
"E:/Documents/SIKAT OJT/Game Project/Project/ProjectLumina/Content/GameplayQuestions/Ch4/GQ_Ch4.uasset" 6200
"E:/Documents/SIKAT OJT/Game Project/Project/ProjectLumina/Content/GameplayQuestions/GQ_TEst.uasset" 6201
"C:/Users/minukey/AppData/Local/UnrealEngine/Common/DerivedDataCache/4/6/6/PHYSX_A08609EF508D460CBB6710540B03AACF_PHYSXGENERIC_BB117C4443BE3234414A8AA645__F679FBF95DF880A7BBAD75A1C49A4F4EB5881627.udd" 6202
"E:/Documents/SIKAT OJT/Game Project/Project/ProjectLumina/Content/Dialogues/DL_Chap2Test/DL_Chap2.uasset" 6203
"E:/Documents/SIKAT OJT/Game Project/Project/ProjectLumina/Content/Dialogues/DL_Chap2Test/BP_DLChap2.uasset" 6204
"E:/Documents/SIKAT OJT/Game Project/Project/ProjectLumina/Content/Dialogues/Chap1/BP_DLChap1.uasset" 6205
"E:/Documents/SIKAT OJT/Game Project/Project/ProjectLumina/Content/Assets/Placeholders/Sprites/Character/Thalassa/Thalassa_Gramarye_OA.uasset" 6206
"E:/Documents/SIKAT OJT/Game Project/Project/ProjectLumina/Content/Dialogues/Ch1/BP_DL-Ch1.uasset" 6207
"E:/Documents/SIKAT OJT/Game Project/Project/ProjectLumina/Content/Dialogues/Ch9/BP_DL-Ch9_GO.uasset" 6208
"E:/Documents/SIKAT OJT/Game Project/Project/ProjectLumina/Content/Dialogues/Chap1/BP_DL-Ch1.uasset" 6209
"E:/Documents/SIKAT OJT/Game Project/Project/ProjectLumina/Content/Dialogues/Ch9/BP_DL-Ch9_2.uasset" 6210
"E:/Documents/SIKAT OJT/Game Project/Project/ProjectLumina/Content/Dialogues/Ch9/BP_DL-Ch9.uasset" 6211
"C:/Users/minukey/AppData/Local/UnrealEngine/Common/DerivedDataCache/8/0/4/ANIMSEQ_D0E639028BB74237AD0F9775C097BB85_0_F41B9E5BF55D450BC8092FB29973823960E__AD929913F0A2F2574D6A17D83764D9C32A73F400.udd" 6212
"E:/Documents/SIKAT OJT/Game Project/Project/ProjectLumina/Content/Dialogues/Ch8/BP_DL-Ch8_2.uasset" 6213
"E:/Documents/SIKAT OJT/Game Project/Project/ProjectLumina/Content/Dialogues/Ch8/BP_DL-Ch8.uasset" 6214
"E:/Documents/SIKAT OJT/Game Project/Project/ProjectLumina/Content/Dialogues/Ch7/BP_DL-Ch7.uasset" 6215
"E:/Documents/SIKAT OJT/Game Project/Project/ProjectLumina/Content/Dialogues/Ch6/BP_DL-Ch6_2.uasset" 6216
"E:/Documents/SIKAT OJT/Game Project/Project/ProjectLumina/Content/Dialogues/Ch6/BP_DL-Ch6.uasset" 6217
"E:/Documents/SIKAT OJT/Game Project/Project/ProjectLumina/Content/Dialogues/Ch5/BP_DL-Ch5.uasset" 6218
"E:/Documents/SIKAT OJT/Game Project/Project/ProjectLumina/Content/Dialogues/Ch4/BP_DL-Ch4-2.uasset" 6219
"E:/Documents/SIKAT OJT/Game Project/Project/ProjectLumina/Content/Dialogues/Ch3/BP_DL-Ch3.uasset" 6220
"E:/Documents/SIKAT OJT/Game Project/Project/ProjectLumina/Content/Dialogues/Ch2/BP_DL-Ch2.uasset" 6221
"E:/Documents/SIKAT OJT/Game Project/Project/ProjectLumina/Content/Dialogues/Ch010/DL_Ch10_3Backup.uasset" 6222
"C:/Users/minukey/AppData/Local/UnrealEngine/Common/DerivedDataCache/6/3/1/TEXTURE_E01F4250BECD420DA9CE63B5EECEC2C2_AUTODXT_679819484250EE550793D6905EAA6__FC9A458276C956AD9AA73594BC441E7AB827AD24.udd" 6223
"C:/Users/minukey/AppData/Local/UnrealEngine/Common/DerivedDataCache/4/2/7/TEXTURE_E01F4250BECD420DA9CE63B5EECEC2C2_ASTC_RGBAUTO_38_679819484250EE550793D__9371098FCBE48C44F4E9B7EB3DF32DF418975071.udd" 6224
"C:/Users/minukey/AppData/Local/UnrealEngine/Common/DerivedDataCache/5/3/9/TEXTURE_E01F4250BECD420DA9CE63B5EECEC2C2_AUTODXT_679819484250EE550793D6905EAA6__C2F2DDC748900D28D1A51CC99D3792F38ABFEF01.udd" 6225
"C:/Users/minukey/AppData/Local/UnrealEngine/Common/DerivedDataCache/5/7/8/TEXTURE_E01F4250BECD420DA9CE63B5EECEC2C2_AUTODXT_679819484250EE550793D6905EAA6__0608A0E51235C70BAFDA5C3BEEBA691A9B548BEC.udd" 6226
"C:/Users/minukey/AppData/Local/UnrealEngine/Common/DerivedDataCache/8/7/4/TEXTURE_E01F4250BECD420DA9CE63B5EECEC2C2_AUTOETC2_679819484250EE550793D6905EAA__67E99B6C8E92568B3D97CF1A512F8FD52DA69EA2.udd" 6227
"C:/Users/minukey/AppData/Local/UnrealEngine/Common/DerivedDataCache/1/7/1/TEXTURE_E01F4250BECD420DA9CE63B5EECEC2C2_ASTC_RGBAUTO_38_679819484250EE550793D__C6E08700D7F0EC66DE879A0ED7EC4007739ED23D.udd" 6228
"C:/Users/minukey/AppData/Local/UnrealEngine/Common/DerivedDataCache/1/5/7/TEXTURE_E01F4250BECD420DA9CE63B5EECEC2C2_ASTC_RGBAUTO_38_679819484250EE550793D__792C7F31C1E9074D661E0BF3397FE6BE15795B1E.udd" 6229
"C:/Users/minukey/AppData/Local/UnrealEngine/Common/DerivedDataCache/9/3/1/TEXTURE_E01F4250BECD420DA9CE63B5EECEC2C2_AUTOETC2_679819484250EE550793D6905EAA__E3143B37AEFED9A00F2DF6FE1ACA16BDF91EE88D.udd" 6230
"C:/Users/minukey/AppData/Local/UnrealEngine/Common/DerivedDataCache/7/7/9/TEXTURE_E01F4250BECD420DA9CE63B5EECEC2C2_ASTC_RGBAUTO_38_4CA2A0254486ACE2724FF__8DA921A5A1D1842AF2F50FA886C27885BB0369C8.udd" 6231
"C:/Users/minukey/AppData/Local/UnrealEngine/Common/DerivedDataCache/7/8/5/TEXTURE_E01F4250BECD420DA9CE63B5EECEC2C2_AUTOETC2_679819484250EE550793D6905EAA__080E18E4D7420C0FDE368088D7456C48D27A579F.udd" 6232
"C:/Users/minukey/AppData/Local/UnrealEngine/Common/DerivedDataCache/2/4/0/TEXTURE_E01F4250BECD420DA9CE63B5EECEC2C2_AUTODXT_4CA2A0254486ACE2724FF9A94ED44__5AE1415A1EAB9941873376E14F8936CE7C68FA26.udd" 6233
"E:/Documents/SIKAT OJT/Game Project/Project/ProjectLumina/Content/Dialogues/Ch02/BP_DL-Ch1.uasset" 6234
"C:/Users/minukey/AppData/Local/UnrealEngine/Common/DerivedDataCache/7/9/8/TEXTURE_E01F4250BECD420DA9CE63B5EECEC2C2_AUTOETC2_4CA2A0254486ACE2724FF9A94ED4__27CBB8FA503643548342EF3D7845C971CBDBB870.udd" 6235
"C:/Users/minukey/AppData/Local/UnrealEngine/Common/DerivedDataCache/3/7/6/TEXTURE_E01F4250BECD420DA9CE63B5EECEC2C2_ASTC_RGB_38_02A24E0242F624AAE66B39B2F__F61F175B45212D65E04513E12C7E2C9FEFDF675B.udd" 6236
"C:/Users/minukey/AppData/Local/UnrealEngine/Common/DerivedDataCache/4/8/5/MATSM_0BA69734E4FD45E082FA4560DBE25454_SF_VULKAN_ES31_ANDROID_2336__BC5N_NOCCB__C8D2AD8E187E900D950405EC916FA877D366A6E3.udd" 6237
"C:/Users/minukey/AppData/Local/UnrealEngine/Common/DerivedDataCache/0/2/9/TEXTURE_E01F4250BECD420DA9CE63B5EECEC2C2_ASTC_RGB_38_02A24E0242F624AAE66B39B2F__AA63CD8C866BD22F17388A9BFB5E2312053D92FE.udd" 6238
"C:/Users/minukey/AppData/Local/UnrealEngine/Common/DerivedDataCache/2/2/3/MATSM_0BA69734E4FD45E082FA4560DBE25454_GLSL_ES3_1_ANDROID_18786__BC5N_NOCCBN_N__3DD9EB6A21332228A8A97B0ADC530CDAF72AEB4F.udd" 6239
"C:/Users/minukey/AppData/Local/UnrealEngine/Common/DerivedDataCache/6/7/8/TEXTURE_E01F4250BECD420DA9CE63B5EECEC2C2_DXT1_02A24E0242F624AAE66B39B2F5C69D6B__2513AEB0E9BEA1A2E7A2E893AD269BD8AD4BFA72.udd" 6240
"C:/Users/minukey/AppData/Local/UnrealEngine/Common/DerivedDataCache/7/9/0/TEXTURE_E01F4250BECD420DA9CE63B5EECEC2C2_DXT1_02A24E0242F624AAE66B39B2F5C69D6B__39B04C7C1F6738216061A6A27C4CCA4B46DC12B5.udd" 6241
"C:/Users/minukey/AppData/Local/UnrealEngine/Common/DerivedDataCache/6/7/2/TEXTURE_E01F4250BECD420DA9CE63B5EECEC2C2_ASTC_RGB_38_02A24E0242F624AAE66B39B2F__E7B285103C677FDE70D8800E39C4C053B5F810D1.udd" 6242
"C:/Users/minukey/AppData/Local/UnrealEngine/Common/DerivedDataCache/0/4/0/TEXTURE_E01F4250BECD420DA9CE63B5EECEC2C2_DXT1_02A24E0242F624AAE66B39B2F5C69D6B__2EF4FEB11918E4FD1F24370B9AA82FEC940874D5.udd" 6243
"C:/Users/minukey/AppData/Local/UnrealEngine/Common/DerivedDataCache/6/8/9/TEXTURE_E01F4250BECD420DA9CE63B5EECEC2C2_ETC2_RGB_02A24E0242F624AAE66B39B2F5C6__6BE419E93364F14CB1A871831DB620106BD6D514.udd" 6244
"C:/Users/minukey/AppData/Local/UnrealEngine/Common/DerivedDataCache/7/4/2/TEXTURE_E01F4250BECD420DA9CE63B5EECEC2C2_ASTC_RGB_38_446AA8CD4B9663E83ED7C39EC__94F1D15F656E326A566F6BF0AA9C428B18B9FB47.udd" 6245
"C:/Users/minukey/AppData/Local/UnrealEngine/Common/DerivedDataCache/6/7/8/TEXTURE_E01F4250BECD420DA9CE63B5EECEC2C2_ETC2_RGB_02A24E0242F624AAE66B39B2F5C6__25A2E47FC01BE6CE2E516C5A0829DB4473228E70.udd" 6246
"C:/Users/minukey/AppData/Local/UnrealEngine/Common/DerivedDataCache/5/5/4/TEXTURE_E01F4250BECD420DA9CE63B5EECEC2C2_ETC2_RGB_02A24E0242F624AAE66B39B2F5C6__640AD268E6FE1AF1653AF52BF8E079028F4C85FB.udd" 6247
"C:/Users/minukey/AppData/Local/UnrealEngine/Common/DerivedDataCache/9/8/6/TEXTURE_E01F4250BECD420DA9CE63B5EECEC2C2_ETC2_RGB_446AA8CD4B9663E83ED7C39EC2A1__AFD4009FF18490F1B14BA835662D5DCA814AAFA7.udd" 6248
"C:/Users/minukey/AppData/Local/UnrealEngine/Common/DerivedDataCache/7/9/6/TEXTURE_E01F4250BECD420DA9CE63B5EECEC2C2_BGRA8_0AC9CF9E410EE33CDE812088C5EC071__2C3D56A911DD0DFC823FA9C731854163F5047EE6.udd" 6249
"C:/Users/minukey/AppData/Local/UnrealEngine/Common/DerivedDataCache/1/7/8/TEXTURE_E01F4250BECD420DA9CE63B5EECEC2C2_DXT1_446AA8CD4B9663E83ED7C39EC2A1BDF5__1777C81B4832B3F7DBAFE15385A8EBA94612FD4F.udd" 6250
"C:/Users/minukey/AppData/Local/UnrealEngine/Common/DerivedDataCache/4/5/4/TEXTURE_E01F4250BECD420DA9CE63B5EECEC2C2_G8_257E27EA487E644D52381597CC03AB78_0__FC0CAD83C8D1330CAE783DBF37E599F5B88337CC.udd" 6251
"C:/Users/minukey/AppData/Local/UnrealEngine/Common/DerivedDataCache/8/8/8/TEXTURE_E01F4250BECD420DA9CE63B5EECEC2C2_G8_12B31D26473A4C180A1BEE996EE8C30B_0__721133C6D3B7F8AF405AC4366F560D9814FC7E51.udd" 6252
"E:/Documents/SIKAT OJT/Game Project/Project/ProjectLumina/Content/Dialogues/Ch01/BP_DLChap1_C.uasset" 6253
"E:/Documents/SIKAT OJT/Game Project/Project/ProjectLumina/Content/Dialogues/Ch01/Default__BP_DLChap1_C.uasset" 6254
"E:/Documents/SIKAT OJT/Game Project/Project/ProjectLumina/Content/Dialogues/DL_ChTemplate.uasset" 6255
"C:/Users/minukey/AppData/Local/UnrealEngine/Common/DerivedDataCache/9/8/7/TEXTURE_E01F4250BECD420DA9CE63B5EECEC2C2_G8_12B31D26473A4C180A1BEE996EE8C30B_0__E078A22707B3EE442794887E0F50F39A31D938BB.udd" 6256
"C:/Users/minukey/AppData/Local/UnrealEngine/Common/DerivedDataCache/4/7/1/TEXTURE_E01F4250BECD420DA9CE63B5EECEC2C2_AUTODXT_0E5D11F547DA76A33015048978574__DBE5482A5593D2A3BBF9410138BBD5408C371239.udd" 6257
"C:/Users/minukey/AppData/Local/UnrealEngine/Common/DerivedDataCache/8/2/3/MATSM_0BA69734E4FD45E082FA4560DBE25454_SF_VULKAN_ES31_ANDROID_2336__BC5N_NOCCB__B3E8EFA9E95B0855E7CF655AB342E8C9AD07B76D.udd" 6258
"C:/Users/minukey/AppData/Local/UnrealEngine/Common/DerivedDataCache/9/4/3/TEXTURE_E01F4250BECD420DA9CE63B5EECEC2C2_ASTC_RGBAUTO_38_0E5D11F547DA76A330150__F55B6EF2F116A8CBA924B2679BB8111F7B6680DA.udd" 6259
"C:/Users/minukey/AppData/Local/UnrealEngine/Common/DerivedDataCache/2/9/9/TEXTURE_E01F4250BECD420DA9CE63B5EECEC2C2_AUTOETC2_0E5D11F547DA76A3301504897857__8C9C47A320DE0C19EDE873901264D141A79141B2.udd" 6260
"C:/Users/minukey/AppData/Local/UnrealEngine/Common/DerivedDataCache/0/4/5/MATSM_0BA69734E4FD45E082FA4560DBE25454_GLSL_ES3_1_ANDROID_18786__BC5N_NOCCBN_N__2099C1CEDA46720043B47787D2BEBBDF3CE84EBF.udd" 6261
"C:/Users/minukey/AppData/Local/UnrealEngine/Common/DerivedDataCache/4/7/6/TEXTURE_E01F4250BECD420DA9CE63B5EECEC2C2_BGRA8_366786CA4FA2C7EC970E77A07305AEB__16D2F96CB410DDE327AE051DC84174359C3876A8.udd" 6262
"C:/Users/minukey/AppData/Local/UnrealEngine/Common/DerivedDataCache/5/1/1/TEXTURE_E01F4250BECD420DA9CE63B5EECEC2C2_BGRA8_DE35740A4AA8A062B9D63EABA29020F__6FE1CBE3DD00670E79D897A2592038D2C57F0889.udd" 6263
"E:/Documents/SIKAT OJT/Game Project/Project/ProjectLumina/Content/Dialogues/Ch01/BP_DLChap1.uasset" 6264
"C:/Users/minukey/AppData/Local/UnrealEngine/Common/DerivedDataCache/4/9/0/TEXTURE_E01F4250BECD420DA9CE63B5EECEC2C2_BGRA8_59099C81474922215B4BF29BF04089A__7D9230A9E8EB837E59CD0FE89C573660C5979C37.udd" 6265
"E:/Documents/SIKAT OJT/Game Project/Project/ProjectLumina/Content/Blueprints/Widgets/SplashScreen/Widget.uasset" 6266
"E:/Documents/SIKAT OJT/Game Project/Project/ProjectLumina/Content/Blueprints/Widgets/Gameplay/QA-Enum-Picture/DP_GPQA-Enum-Pic.uasset" 6267
"E:/Documents/SIKAT OJT/Game Project/Project/ProjectLumina/Content/Blueprints/Widgets/QuickPlaySelect/UI_QuickPlaySelect.uasset" 6268
"E:/Documents/SIKAT OJT/Game Project/Project/ProjectLumina/Content/Blueprints/Widgets/Gameplay/QA-Enum-Picture/DP_Widget.uasset" 6269
"E:/Documents/SIKAT OJT/Game Project/Project/ProjectLumina/Content/Blueprints/Widgets/Gameplay/DP_Widget.uasset" 6270
"E:/Documents/SIKAT OJT/Game Project/Project/ProjectLumina/Content/Blueprints/Widgets/QA/DP_Widget.uasset" 6271
"E:/Documents/SIKAT OJT/Game Project/Project/ProjectLumina/Content/Blueprints/Widgets/MainCanvas/UI_MainCanvas.uasset" 6272
"E:/Documents/SIKAT OJT/Game Project/Project/ProjectLumina/Content/Blueprints/Widgets/LevelSelect/UI_LevelSelect.uasset" 6273
"E:/Documents/SIKAT OJT/Game Project/Project/ProjectLumina/Content/Blueprints/Widgets/LevelSelect/UI_LevelSelect2.uasset" 6274
"E:/Documents/SIKAT OJT/Game Project/Project/ProjectLumina/Content/Blueprints/Widgets/Gameplay/ProblemMatcing/WG_QuestionNum.uasset" 6275
"C:/Users/minukey/AppData/Local/UnrealEngine/Common/DerivedDataCache/5/1/8/TEXTURE_E01F4250BECD420DA9CE63B5EECEC2C2_ASTC_NORMALRG_38_276C0385414A4B8F2E78__9A7014C7813FC27A93960A503850E3933451C022.udd" 6276
"C:/Users/minukey/AppData/Local/UnrealEngine/Common/DerivedDataCache/1/1/3/TEXTURE_E01F4250BECD420DA9CE63B5EECEC2C2_DXT5_276C0385414A4B8F2E7850B611C983B9__C01C298409A182284D7DEFDA00B9C7D0E691DB8C.udd" 6277
"C:/Users/minukey/AppData/Local/UnrealEngine/Common/DerivedDataCache/6/8/5/TEXTURE_E01F4250BECD420DA9CE63B5EECEC2C2_ASTC_NORMALRG_38_276C0385414A4B8F2E78__3EDA3C38E6B2A043D140559FACDAECD05CF57816.udd" 6278
"C:/Users/minukey/AppData/Local/UnrealEngine/Common/DerivedDataCache/3/1/0/TEXTURE_E01F4250BECD420DA9CE63B5EECEC2C2_ASTC_NORMALRG_38_276C0385414A4B8F2E78__8F8D84540BE02404558F4EA2317D0BD727A62C4D.udd" 6279
"C:/Users/minukey/AppData/Local/UnrealEngine/Common/DerivedDataCache/2/4/3/TEXTURE_E01F4250BECD420DA9CE63B5EECEC2C2_ASTC_NORMALRG_38_276C0385414A4B8F2E78__CA447F9FA5174C1F6D62A5C97DEF44276AF7AA6C.udd" 6280
"C:/Users/minukey/AppData/Local/UnrealEngine/Common/DerivedDataCache/1/9/3/TEXTURE_E01F4250BECD420DA9CE63B5EECEC2C2_ASTC_NORMALRG_38_276C0385414A4B8F2E78__798B3994774EE570B8C7DF04E6D8BAFDEFEEF3E3.udd" 6281
"C:/Users/minukey/AppData/Local/UnrealEngine/Common/DerivedDataCache/7/9/2/TEXTURE_E01F4250BECD420DA9CE63B5EECEC2C2_ASTC_NORMALRG_38_276C0385414A4B8F2E78__8D7B00459F025B07B5C683BC01108F57ABCC8798.udd" 6282
"C:/Users/minukey/AppData/Local/UnrealEngine/Common/DerivedDataCache/5/3/2/TEXTURE_E01F4250BECD420DA9CE63B5EECEC2C2_ETC2_RGB_276C0385414A4B8F2E7850B611C9__DE525CF0C5DEABB14BA725A3B127E07880AA5FDB.udd" 6283
"C:/Users/minukey/AppData/Local/UnrealEngine/Common/DerivedDataCache/2/9/7/TEXTURE_E01F4250BECD420DA9CE63B5EECEC2C2_DXT5_276C0385414A4B8F2E7850B611C983B9__DB72652FDF3392AB4AF81B1F95293C627006B543.udd" 6284
"C:/Users/minukey/AppData/Local/UnrealEngine/Common/DerivedDataCache/6/9/1/TEXTURE_E01F4250BECD420DA9CE63B5EECEC2C2_ETC2_RGB_276C0385414A4B8F2E7850B611C9__B7B6291F6F7770D0F271A6F9E7E2E31D8E36AF84.udd" 6285
"C:/Users/minukey/AppData/Local/UnrealEngine/Common/DerivedDataCache/2/9/4/TEXTURE_E01F4250BECD420DA9CE63B5EECEC2C2_DXT5_276C0385414A4B8F2E7850B611C983B9__A07E0742792645AD45E104C517482E5DEDA6A183.udd" 6286
"C:/Users/minukey/AppData/Local/UnrealEngine/Common/DerivedDataCache/7/0/1/TEXTURE_E01F4250BECD420DA9CE63B5EECEC2C2_DXT5_276C0385414A4B8F2E7850B611C983B9__F029A848DFEA70F8C805793194965FD2BF047A9C.udd" 6287
"C:/Users/minukey/AppData/Local/UnrealEngine/Common/DerivedDataCache/8/3/4/TEXTURE_E01F4250BECD420DA9CE63B5EECEC2C2_DXT5_276C0385414A4B8F2E7850B611C983B9__D1E52A3C1A2C369EBB8E01CC133BAC76CDC1E346.udd" 6288
"C:/Users/minukey/AppData/Local/UnrealEngine/Common/DerivedDataCache/7/4/3/TEXTURE_E01F4250BECD420DA9CE63B5EECEC2C2_ETC2_RGB_276C0385414A4B8F2E7850B611C9__9B3853E9E745A074C896A92866035069EBC79BEB.udd" 6289
"C:/Users/minukey/AppData/Local/UnrealEngine/Common/DerivedDataCache/1/0/6/TEXTURE_E01F4250BECD420DA9CE63B5EECEC2C2_ETC2_RGB_276C0385414A4B8F2E7850B611C9__B233F2EBD50548A59FE621509361B855375D4018.udd" 6290
"C:/Users/minukey/AppData/Local/UnrealEngine/Common/DerivedDataCache/6/4/8/TEXTURE_E01F4250BECD420DA9CE63B5EECEC2C2_ETC2_RGB_276C0385414A4B8F2E7850B611C9__09231DBF80BC6FB4A667BD9C34700486832EDAC2.udd" 6291
"C:/Users/minukey/AppData/Local/UnrealEngine/Common/DerivedDataCache/8/8/9/TEXTURE_E01F4250BECD420DA9CE63B5EECEC2C2_DXT5_276C0385414A4B8F2E7850B611C983B9__19BF051E2915E0B6A7E88413D0B1FFE96A9C1A81.udd" 6292
"C:/Users/minukey/AppData/Local/UnrealEngine/Common/DerivedDataCache/2/6/4/TEXTURE_E01F4250BECD420DA9CE63B5EECEC2C2_ETC2_RGB_276C0385414A4B8F2E7850B611C9__F0AE0B3822207FB12738EBAC239C8E4091C128FA.udd" 6293
"C:/Users/minukey/AppData/Local/UnrealEngine/Common/DerivedDataCache/1/0/3/TEXTURE_E01F4250BECD420DA9CE63B5EECEC2C2_ASTC_RGBAUTO_38_55653014426F06CB1598C__FE1749E6048080E865E96DB13829D7B5082A22E7.udd" 6294
"C:/Users/minukey/AppData/Local/UnrealEngine/Common/DerivedDataCache/9/6/0/TEXTURE_E01F4250BECD420DA9CE63B5EECEC2C2_AUTODXT_55653014426F06CB1598CCA232E50__882E67B1A3D834CC7E1A80518143C9503FF3E6E0.udd" 6295
"C:/Users/minukey/AppData/Local/UnrealEngine/Common/DerivedDataCache/6/6/3/TEXTURE_E01F4250BECD420DA9CE63B5EECEC2C2_ASTC_RGBAUTO_38_55653014426F06CB1598C__18A294FDFFAFD553956B073B19F8700BD8B0CF4D.udd" 6296
"C:/Users/minukey/AppData/Local/UnrealEngine/Common/DerivedDataCache/0/5/8/TEXTURE_E01F4250BECD420DA9CE63B5EECEC2C2_ASTC_RGBAUTO_38_55653014426F06CB1598C__7212F0D68E90D13C30911554245546746B4CAB49.udd" 6297
"C:/Users/minukey/AppData/Local/UnrealEngine/Common/DerivedDataCache/6/7/2/TEXTURE_E01F4250BECD420DA9CE63B5EECEC2C2_AUTODXT_55653014426F06CB1598CCA232E50__896C07959A6C55DBAB11751C2ACA3CBB88BAE5DD.udd" 6298
"C:/Users/minukey/AppData/Local/UnrealEngine/Common/DerivedDataCache/1/0/2/TEXTURE_E01F4250BECD420DA9CE63B5EECEC2C2_ASTC_RGBAUTO_38_55653014426F06CB1598C__41FB56B040A54FA6DF16F691B11D34232D383076.udd" 6299
"C:/Users/minukey/AppData/Local/UnrealEngine/Common/DerivedDataCache/9/3/0/TEXTURE_E01F4250BECD420DA9CE63B5EECEC2C2_AUTODXT_55653014426F06CB1598CCA232E50__CFD11C117E4B9D03D2BB8937C390863EE696F296.udd" 6300
"C:/Users/minukey/AppData/Local/UnrealEngine/Common/DerivedDataCache/5/1/0/TEXTURE_E01F4250BECD420DA9CE63B5EECEC2C2_AUTODXT_55653014426F06CB1598CCA232E50__AA323B58507545CDD8A72354F1F7B2403A5C646D.udd" 6301
"C:/Users/minukey/AppData/Local/UnrealEngine/Common/DerivedDataCache/6/9/3/TEXTURE_E01F4250BECD420DA9CE63B5EECEC2C2_ASTC_RGBAUTO_38_55653014426F06CB1598C__D9FAB9BF4BB4577634BBCB92537B27841CD0F187.udd" 6302
"C:/Users/minukey/AppData/Local/UnrealEngine/Common/DerivedDataCache/9/7/0/TEXTURE_E01F4250BECD420DA9CE63B5EECEC2C2_AUTODXT_55653014426F06CB1598CCA232E50__A841CCE361277882492CBE45FC6FC36D24E4BA15.udd" 6303
"C:/Users/minukey/AppData/Local/UnrealEngine/Common/DerivedDataCache/5/8/1/TEXTURE_E01F4250BECD420DA9CE63B5EECEC2C2_AUTOETC2_55653014426F06CB1598CCA232E5__A6343E39EF2430EEE707376D8621981A9860DA56.udd" 6304
"C:/Users/minukey/AppData/Local/UnrealEngine/Common/DerivedDataCache/5/1/0/TEXTURE_E01F4250BECD420DA9CE63B5EECEC2C2_AUTOETC2_55653014426F06CB1598CCA232E5__E48EF0A30269B0BE666DB69EE7800F16EABC63D1.udd" 6305
"C:/Users/minukey/AppData/Local/UnrealEngine/Common/DerivedDataCache/5/8/5/TEXTURE_E01F4250BECD420DA9CE63B5EECEC2C2_AUTOETC2_55653014426F06CB1598CCA232E5__0D042B0B3A4BF220EACF36C97259C49692EDAA28.udd" 6306
"C:/Users/minukey/AppData/Local/UnrealEngine/Common/DerivedDataCache/4/1/7/TEXTURE_E01F4250BECD420DA9CE63B5EECEC2C2_ASTC_RGBAUTO_38_66A9CCD7461167994B0AE__495CB93D883DD455DD5C59A717E257CCB9736CF3.udd" 6307
"C:/Users/minukey/AppData/Local/UnrealEngine/Common/DerivedDataCache/9/4/3/TEXTURE_E01F4250BECD420DA9CE63B5EECEC2C2_AUTOETC2_55653014426F06CB1598CCA232E5__4E42DDE19F14652E28AC9606CA8ED7FC25B12020.udd" 6308
"C:/Users/minukey/AppData/Local/UnrealEngine/Common/DerivedDataCache/9/4/8/TEXTURE_E01F4250BECD420DA9CE63B5EECEC2C2_AUTODXT_66A9CCD7461167994B0AEBA5471A4__771DB8179B5633D185390D94968F5BBD8CA4B3D7.udd" 6309
"C:/Users/minukey/AppData/Local/UnrealEngine/Common/DerivedDataCache/4/4/7/TEXTURE_E01F4250BECD420DA9CE63B5EECEC2C2_AUTOETC2_55653014426F06CB1598CCA232E5__82AAAF70F4E700A1292E97806EE558444275D39E.udd" 6310
"C:/Users/minukey/AppData/Local/UnrealEngine/Common/DerivedDataCache/7/6/8/TEXTURE_E01F4250BECD420DA9CE63B5EECEC2C2_AUTOETC2_66A9CCD7461167994B0AEBA5471A__08577CF3D6E9F38F1654CCD433D17B4DFDA7D08A.udd" 6311
"E:/Documents/SIKAT OJT/Game Project/Project/ProjectLumina/Content/Assets/UI/Gameplay/Indicator/UI_IndicatorBorder2.uasset" 6312
"E:/Documents/SIKAT OJT/Game Project/Project/ProjectLumina/Content/Assets/UI/Gameplay/PauseButton.uasset" 6313
"E:/Documents/SIKAT OJT/Game Project/Project/ProjectLumina/Content/Blueprints/Widgets/Gameplay/FillBlanks/UI_GPFillBlanks.uasset" 6314
"E:/Documents/SIKAT OJT/Game Project/Project/ProjectLumina/Content/Blueprints/Widgets/DialogueSystem/AC/AC_DialogueSystem.uasset" 6315
"E:/Documents/SIKAT OJT/Game Project/Project/ProjectLumina/Content/Blueprints/Widgets/DialogueSystem/HUD/HUD_Dialogue.uasset" 6316
"E:/Documents/SIKAT OJT/Game Project/Project/ProjectLumina/Content/Assets/UI/Window/AS_Border.uasset" 6317
"E:/Documents/SIKAT OJT/Game Project/Project/ProjectLumina/Content/Assets/UI/TitleScreen/HIkariWalk/MI_HikariWalk.uasset" 6318
"E:/Documents/SIKAT OJT/Game Project/Project/ProjectLumina/Content/Assets/UI/TitleScreen/HIkariWalk/T2DA_HikariWalk.uasset" 6319
"E:/Documents/SIKAT OJT/Game Project/Project/ProjectLumina/Content/Assets/UI/TitleScreen/HIkariWalk/MAT_HikariWalk.uasset" 6320
"E:/Documents/SIKAT OJT/Game Project/Project/ProjectLumina/Content/Assets/UI/TitleLogo/TitleLogo_Llewie.uasset" 6321
"E:/Documents/SIKAT OJT/Game Project/Project/ProjectLumina/Content/Assets/UI/TitleLogo/TitleLogoNoMascot.uasset" 6322
"E:/Documents/SIKAT OJT/Game Project/Project/ProjectLumina/Content/Assets/UI/TitleLogo/TitleLogoNoMascot_Mat.uasset" 6323
"E:/Documents/SIKAT OJT/Game Project/Project/ProjectLumina/Content/Assets/UI/TitleLogo/TitleLogoNoMascot1.uasset" 6324
"E:/Documents/SIKAT OJT/Game Project/Project/ProjectLumina/Content/Assets/UI/SplashScreen/Q4Logo.uasset" 6325
"E:/Documents/SIKAT OJT/Game Project/Project/ProjectLumina/Content/Assets/UI/TitleLogo/TitleLogo.uasset" 6326
"E:/Documents/SIKAT OJT/Game Project/Project/ProjectLumina/Content/Assets/UI/Icons/Money/Icon_Money.uasset" 6327
"E:/Documents/SIKAT OJT/Game Project/Project/ProjectLumina/Content/Assets/UI/Settings/SettingsIcon.uasset" 6328
"E:/Documents/SIKAT OJT/Game Project/Project/ProjectLumina/Content/Assets/UI/Gameplay/Indicator/UI_IndicatorBorderGold.uasset" 6329
"E:/Documents/SIKAT OJT/Game Project/Project/ProjectLumina/Content/Assets/UI/Gameplay/SettingsButton.uasset" 6330
"C:/Users/minukey/AppData/Local/UnrealEngine/Common/DerivedDataCache/4/5/0/TEXTURE_E01F4250BECD420DA9CE63B5EECEC2C2_BGRA8_6740A0BB4C01776782791DABA226E16__8EC87E25FD7BE419319B9384931A00C81B8C4A56.udd" 6331
"C:/Users/minukey/AppData/Local/UnrealEngine/Common/DerivedDataCache/9/4/9/TEXTURE_E01F4250BECD420DA9CE63B5EECEC2C2_ASTC_RGBAUTO_38_D8262B934041DC01CECE9__7B3285FF0F90B9A15F668E861F27271A4C3D0792.udd" 6332
"C:/Users/minukey/AppData/Local/UnrealEngine/Common/DerivedDataCache/6/7/2/TEXTURE_E01F4250BECD420DA9CE63B5EECEC2C2_AUTODXT_D8262B934041DC01CECE939C28AA0__296BEB644775ED96BEA80ED6340C613FD5654DED.udd" 6333
"C:/Users/minukey/AppData/Local/UnrealEngine/Common/DerivedDataCache/3/1/7/TEXTURE_E01F4250BECD420DA9CE63B5EECEC2C2_BGRA8_79F0FEAF403CE6FACF44B9818E8C3AA__827258DE78149607CF80983E9F02EE59665273E2.udd" 6334
"C:/Users/minukey/AppData/Local/UnrealEngine/Common/DerivedDataCache/4/2/9/MATSM_0BA69734E4FD45E082FA4560DBE25454_SF_VULKAN_ES31_ANDROID_2336__BC5N_NOCCB__00C74D7285D61C4376E467F37224E59D4DF174A0.udd" 6335
"C:/Users/minukey/AppData/Local/UnrealEngine/Common/DerivedDataCache/7/3/0/TEXTURE_E01F4250BECD420DA9CE63B5EECEC2C2_AUTOETC2_D8262B934041DC01CECE939C28AA__0424CFE512657508AFFE98262D73123B129C9333.udd" 6336
"E:/Documents/SIKAT OJT/Game Project/Project/ProjectLumina/Content/Assets/UI/Gameplay/QuestionandTimeIndicator.uasset" 6337
"C:/Users/minukey/AppData/Local/UnrealEngine/Common/DerivedDataCache/6/3/2/MATSM_0BA69734E4FD45E082FA4560DBE25454_GLSL_ES3_1_ANDROID_18786__BC5N_NOCCBN_N__20C269DD2C8C52FF0C6AA6FFC1F3D6673BE7AD6A.udd" 6338
"C:/Users/minukey/AppData/Local/UnrealEngine/Common/DerivedDataCache/9/2/1/TEXTURE_E01F4250BECD420DA9CE63B5EECEC2C2_AUTODXT_8EE8545A4853B84ECB67F99780FB7__6DD4E178E1416F8F48868FB9108B1EF093145DA2.udd" 6339
"C:/Users/minukey/AppData/Local/UnrealEngine/Common/DerivedDataCache/7/5/9/TEXTURE_E01F4250BECD420DA9CE63B5EECEC2C2_ASTC_RGBAUTO_38_8EE8545A4853B84ECB67F__20228DFBF02BCF8B639667B2580CCB6820819482.udd" 6340
"C:/Users/minukey/AppData/Local/UnrealEngine/Common/DerivedDataCache/2/9/7/MATSM_0BA69734E4FD45E082FA4560DBE25454_SF_VULKAN_ES31_ANDROID_2336__BC5N_NOCCB__D35B1B7AC8434C0FC3240EBDACD6F46F30C04312.udd" 6341
"C:/Users/minukey/AppData/Local/UnrealEngine/Common/DerivedDataCache/0/2/4/MATSM_0BA69734E4FD45E082FA4560DBE25454_GLSL_ES3_1_ANDROID_18786__BC5N_NOCCBN_N__310D41D8022A6014A91FEDEC9FA87FF10BA16652.udd" 6342
"C:/Users/minukey/AppData/Local/UnrealEngine/Common/DerivedDataCache/0/5/1/TEXTURE_E01F4250BECD420DA9CE63B5EECEC2C2_AUTOETC2_8EE8545A4853B84ECB67F99780FB__520A959852E4B09C97679C9A07DC2B2F3A7EE9A6.udd" 6343
"C:/Users/minukey/AppData/Local/UnrealEngine/Common/DerivedDataCache/9/9/7/TEXTURE_E01F4250BECD420DA9CE63B5EECEC2C2_ASTC_RGBAUTO_38_F1C25F0F47FCEF77B75CC__738D825FC73D72EA15DF4F6046D3907D8FC41325.udd" 6344
"C:/Users/minukey/AppData/Local/UnrealEngine/Common/DerivedDataCache/9/9/2/TEXTURE_E01F4250BECD420DA9CE63B5EECEC2C2_ASTC_RGBAUTO_38_F1C25F0F47FCEF77B75CC__A47BD424D3C3430F3B18223D7CD398FC6F4A4672.udd" 6345
"C:/Users/minukey/AppData/Local/UnrealEngine/Common/DerivedDataCache/2/7/6/TEXTURE_E01F4250BECD420DA9CE63B5EECEC2C2_AUTOETC2_F1C25F0F47FCEF77B75CC5A627AF__29F75CDA688D54BF1B2D179369FAAAD412F4FE44.udd" 6346
"C:/Users/minukey/AppData/Local/UnrealEngine/Common/DerivedDataCache/6/5/6/TEXTURE_E01F4250BECD420DA9CE63B5EECEC2C2_AUTODXT_F1C25F0F47FCEF77B75CC5A627AFC__7C56DBFD7D4CB8224E782DC9787DD0DC0E28E55A.udd" 6347
"C:/Users/minukey/AppData/Local/UnrealEngine/Common/DerivedDataCache/0/4/0/TEXTURE_E01F4250BECD420DA9CE63B5EECEC2C2_AUTOETC2_F1C25F0F47FCEF77B75CC5A627AF__2B6FEB39DB658E4E97C3F39FAB9570E29846C565.udd" 6348
"C:/Users/minukey/AppData/Local/UnrealEngine/Common/DerivedDataCache/8/6/2/TEXTURE_E01F4250BECD420DA9CE63B5EECEC2C2_AUTODXT_F1C25F0F47FCEF77B75CC5A627AFC__BAEF5928F2335DDE0A8DBD8CFA59EE795271D47B.udd" 6349
"C:/Users/minukey/AppData/Local/UnrealEngine/Common/DerivedDataCache/4/2/6/TEXTURE_E01F4250BECD420DA9CE63B5EECEC2C2_ASTC_RGBAUTO_38_6A5B1F91492FC4DADB6D1__BE4A5BB3D68E9187CE294DF71CDFAEB382D4F982.udd" 6350
"C:/Users/minukey/AppData/Local/UnrealEngine/Common/DerivedDataCache/7/3/3/TEXTURE_E01F4250BECD420DA9CE63B5EECEC2C2_AUTOETC2_6A5B1F91492FC4DADB6D158E9AF5__B283C00E9A62BC1D2BFEC699FE2E04F9E35EEE6E.udd" 6351
"C:/Users/minukey/AppData/Local/UnrealEngine/Common/DerivedDataCache/1/5/7/TEXTURE_E01F4250BECD420DA9CE63B5EECEC2C2_ASTC_RGBAUTO_38_3844E1CA48EE4C371C379__C41DB6EBD5F3CAC6865278E3E1A5E274C2606B49.udd" 6352
"C:/Users/minukey/AppData/Local/UnrealEngine/Common/DerivedDataCache/4/1/4/TEXTURE_E01F4250BECD420DA9CE63B5EECEC2C2_AUTODXT_6A5B1F91492FC4DADB6D158E9AF54__611DA1683192AAF485736A3846730FED5E26F30D.udd" 6353
"C:/Users/minukey/AppData/Local/UnrealEngine/Common/DerivedDataCache/9/8/1/TEXTURE_E01F4250BECD420DA9CE63B5EECEC2C2_ASTC_RGBAUTO_38_3844E1CA48EE4C371C379__0A9B8F1817247A5E54A9B7F6608846558E574252.udd" 6354
"C:/Users/minukey/AppData/Local/UnrealEngine/Common/DerivedDataCache/3/7/7/TEXTURE_E01F4250BECD420DA9CE63B5EECEC2C2_ASTC_RGBAUTO_38_3844E1CA48EE4C371C379__3AE74A0D248BA5CD35FCDF68B72DA41995ED900F.udd" 6355
"C:/Users/minukey/AppData/Local/UnrealEngine/Common/DerivedDataCache/3/1/5/TEXTURE_E01F4250BECD420DA9CE63B5EECEC2C2_AUTODXT_3844E1CA48EE4C371C379B9B1A5CD__AE6C8C678E8F1B257007926DCEC1F70E48B4BDAF.udd" 6356
"C:/Users/minukey/AppData/Local/UnrealEngine/Common/DerivedDataCache/7/8/4/TEXTURE_E01F4250BECD420DA9CE63B5EECEC2C2_ASTC_RGBAUTO_38_3844E1CA48EE4C371C379__5E2B246D8538EEE84B9C6399A93C31F425C1F11F.udd" 6357
"C:/Users/minukey/AppData/Local/UnrealEngine/Common/DerivedDataCache/7/2/9/TEXTURE_E01F4250BECD420DA9CE63B5EECEC2C2_ASTC_RGBAUTO_38_3844E1CA48EE4C371C379__D1518E12307805F71A89AFA894CF8B332E6A826D.udd" 6358
"C:/Users/minukey/AppData/Local/UnrealEngine/Common/DerivedDataCache/7/3/3/TEXTURE_E01F4250BECD420DA9CE63B5EECEC2C2_AUTOETC2_3844E1CA48EE4C371C379B9B1A5C__30BF1779180FA8032C9EB6CE168353B57282C8E7.udd" 6359
"C:/Users/minukey/AppData/Local/UnrealEngine/Common/DerivedDataCache/5/5/6/TEXTURE_E01F4250BECD420DA9CE63B5EECEC2C2_AUTODXT_3844E1CA48EE4C371C379B9B1A5CD__2166DFD9C51BA5E295A527A5988A2F0555AD59C3.udd" 6360
"C:/Users/minukey/AppData/Local/UnrealEngine/Common/DerivedDataCache/8/9/7/TEXTURE_E01F4250BECD420DA9CE63B5EECEC2C2_AUTODXT_3844E1CA48EE4C371C379B9B1A5CD__00672125A459D68033E262366749542DA52831E3.udd" 6361
"C:/Users/minukey/AppData/Local/UnrealEngine/Common/DerivedDataCache/2/1/2/TEXTURE_E01F4250BECD420DA9CE63B5EECEC2C2_AUTOETC2_3844E1CA48EE4C371C379B9B1A5C__487833A8EFBC19B3D6E6A6847A2BA83A0001C74A.udd" 6362
"C:/Users/minukey/AppData/Local/UnrealEngine/Common/DerivedDataCache/7/0/7/TEXTURE_E01F4250BECD420DA9CE63B5EECEC2C2_AUTODXT_3844E1CA48EE4C371C379B9B1A5CD__AB67BDB0A82CB9CA44C2162FAE544857F703B8A8.udd" 6363
"C:/Users/minukey/AppData/Local/UnrealEngine/Common/DerivedDataCache/8/5/5/TEXTURE_E01F4250BECD420DA9CE63B5EECEC2C2_AUTODXT_3844E1CA48EE4C371C379B9B1A5CD__B5A71474266EF5C44B3F5BF33D9F266E4474327B.udd" 6364
"C:/Users/minukey/AppData/Local/UnrealEngine/Common/DerivedDataCache/4/1/8/TEXTURE_E01F4250BECD420DA9CE63B5EECEC2C2_AUTOETC2_3844E1CA48EE4C371C379B9B1A5C__855A6D0627E64E603E6B65E818736545FCF4AFC6.udd" 6365
"C:/Users/minukey/AppData/Local/UnrealEngine/Common/DerivedDataCache/4/8/4/TEXTURE_E01F4250BECD420DA9CE63B5EECEC2C2_BGRA8_A62B228F4C3B19B9D4B93DAD6C8B0C9__1543EB5BBFCB584C8694E0A8FC8DA20C79BDE12A.udd" 6366
"C:/Users/minukey/AppData/Local/UnrealEngine/Common/DerivedDataCache/1/2/9/TEXTURE_E01F4250BECD420DA9CE63B5EECEC2C2_AUTOETC2_3844E1CA48EE4C371C379B9B1A5C__4C8D6FAC9C93E2878B69350015071CA105A6400D.udd" 6367
"C:/Users/minukey/AppData/Local/UnrealEngine/Common/DerivedDataCache/1/3/7/TEXTURE_E01F4250BECD420DA9CE63B5EECEC2C2_BGRA8_1ED543064B7B8A2249B2A0ACA27FDA2__AF1ECBEB3D6AB5293FB3B868D5A2D2444C34BC7D.udd" 6368
"C:/Users/minukey/AppData/Local/UnrealEngine/Common/DerivedDataCache/9/7/7/TEXTURE_E01F4250BECD420DA9CE63B5EECEC2C2_AUTOETC2_3844E1CA48EE4C371C379B9B1A5C__A12E14502C5FE7A8B98D48AA07F20BD7909DA293.udd" 6369
"C:/Users/minukey/AppData/Local/UnrealEngine/Common/DerivedDataCache/8/7/8/TEXTURE_E01F4250BECD420DA9CE63B5EECEC2C2_BGRA8_1A531DED4ADF6561CA985E89F7B77C7__5747F90125C23B03F70DC19C1202722186BCA728.udd" 6370
"C:/Users/minukey/AppData/Local/UnrealEngine/Common/DerivedDataCache/1/5/1/TEXTURE_E01F4250BECD420DA9CE63B5EECEC2C2_ASTC_RGBAUTO_38_9A25C5FA47FB21AE7F814__0AFD2874DE2D4EA4D714D50C947D07CF069DF5AC.udd" 6371
"C:/Users/minukey/AppData/Local/UnrealEngine/Common/DerivedDataCache/6/6/6/TEXTURE_E01F4250BECD420DA9CE63B5EECEC2C2_AUTODXT_9A25C5FA47FB21AE7F814CB2FA53B__1D7BE19F501B6DAEB6066AD147CD3BC32DCFDCB0.udd" 6372
"C:/Users/minukey/AppData/Local/UnrealEngine/Common/DerivedDataCache/7/8/3/TEXTURE_E01F4250BECD420DA9CE63B5EECEC2C2_ASTC_RGBAUTO_38_9A25C5FA47FB21AE7F814__67C09DA6D7E8F15F427DFD8EE24E9C76869C5468.udd" 6373
"C:/Users/minukey/AppData/Local/UnrealEngine/Common/DerivedDataCache/2/2/6/TEXTURE_E01F4250BECD420DA9CE63B5EECEC2C2_ASTC_RGBAUTO_38_9A25C5FA47FB21AE7F814__62E04B6A940C56403E3174F6354C664A618018A7.udd" 6374
"C:/Users/minukey/AppData/Local/UnrealEngine/Common/DerivedDataCache/2/1/7/TEXTURE_E01F4250BECD420DA9CE63B5EECEC2C2_AUTODXT_9A25C5FA47FB21AE7F814CB2FA53B__09BF6F8E587B4BD7B5562C81271AEBB5547DA4CA.udd" 6375
"C:/Users/minukey/AppData/Local/UnrealEngine/Common/DerivedDataCache/5/0/7/TEXTURE_E01F4250BECD420DA9CE63B5EECEC2C2_ASTC_RGBAUTO_38_9A25C5FA47FB21AE7F814__3874C5EFDF88DB071DF64A49FAAACCDB909F74AA.udd" 6376
"C:/Users/minukey/AppData/Local/UnrealEngine/Common/DerivedDataCache/0/9/0/TEXTURE_E01F4250BECD420DA9CE63B5EECEC2C2_AUTOETC2_9A25C5FA47FB21AE7F814CB2FA53__AB34AAE5A16998047BAB8313C08AC1C304753784.udd" 6377
"C:/Users/minukey/AppData/Local/UnrealEngine/Common/DerivedDataCache/2/9/1/TEXTURE_E01F4250BECD420DA9CE63B5EECEC2C2_AUTODXT_9A25C5FA47FB21AE7F814CB2FA53B__0719E02DAC3E672D0E8A642C18D2C02B67FCFEE1.udd" 6378
"E:/Documents/SIKAT OJT/Game Project/Project/ProjectLumina/Content/Assets/UI/Gameplay/BackgroundShape2.uasset" 6379
"E:/Documents/SIKAT OJT/Game Project/Project/ProjectLumina/Content/Assets/UI/Gameplay/PH_QuestionBox.uasset" 6380
"C:/Users/minukey/AppData/Local/UnrealEngine/Common/DerivedDataCache/8/7/1/TEXTURE_E01F4250BECD420DA9CE63B5EECEC2C2_AUTODXT_9A25C5FA47FB21AE7F814CB2FA53B__8A50F182B836E513A3C904F58493815A596B96FC.udd" 6381
"C:/Users/minukey/AppData/Local/UnrealEngine/Common/DerivedDataCache/2/7/6/TEXTURE_E01F4250BECD420DA9CE63B5EECEC2C2_AUTOETC2_9A25C5FA47FB21AE7F814CB2FA53__4472711571B2827C933E07D3B5F965648A977392.udd" 6382
"C:/Users/minukey/AppData/Local/UnrealEngine/Common/DerivedDataCache/8/1/8/TEXTURE_E01F4250BECD420DA9CE63B5EECEC2C2_ASTC_RGBAUTO_38_109F387E441E5D3CCACB4__0A32EE03FCF3055E300161B4FE8B5754764A2B2F.udd" 6383
"C:/Users/minukey/AppData/Local/UnrealEngine/Common/DerivedDataCache/3/2/9/TEXTURE_E01F4250BECD420DA9CE63B5EECEC2C2_AUTOETC2_9A25C5FA47FB21AE7F814CB2FA53__39295CD4009A9A035CDF7011C21D22924F655426.udd" 6384
"C:/Users/minukey/AppData/Local/UnrealEngine/Common/DerivedDataCache/9/5/9/TEXTURE_E01F4250BECD420DA9CE63B5EECEC2C2_AUTOETC2_9A25C5FA47FB21AE7F814CB2FA53__B18F6B2DF3EA327F91F1451F6E68B7E499838F30.udd" 6385
"C:/Users/minukey/AppData/Local/UnrealEngine/Common/DerivedDataCache/4/2/0/TEXTURE_E01F4250BECD420DA9CE63B5EECEC2C2_AUTODXT_109F387E441E5D3CCACB4890187AD__9C2CB27558E4BC96F9BDE4C19CF2F7D32199E147.udd" 6386
"C:/Users/minukey/AppData/Local/UnrealEngine/Common/DerivedDataCache/8/2/7/TEXTURE_E01F4250BECD420DA9CE63B5EECEC2C2_AUTOETC2_109F387E441E5D3CCACB4890187A__F699E9797DE13DF60C2258AF0C5A9D5432E4C62C.udd" 6387
"E:/Documents/SIKAT OJT/Game Project/Project/ProjectLumina/Content/Assets/UI/GameOver/TipProfileIcon.uasset" 6388
"E:/Documents/SIKAT OJT/Game Project/Project/ProjectLumina/Content/Assets/UI/Gameplay/BackgroundShape.uasset" 6389
"E:/Documents/SIKAT OJT/Game Project/Project/ProjectLumina/Content/Assets/Sprites/Distributor/Portrait_Distributor.uasset" 6390
"E:/Documents/SIKAT OJT/Game Project/Project/ProjectLumina/Content/Assets/SlateBrushes/SB_AnswerButtonPressed.uasset" 6391
"C:/Users/minukey/AppData/Local/UnrealEngine/Common/DerivedDataCache/9/4/7/TEXTURE_E01F4250BECD420DA9CE63B5EECEC2C2_BGRA8_F2D7439146D648DE452D058E20C095B__C637D66A39EDA25440C438CF11844FA2C44E857D.udd" 6392
"C:/Users/minukey/AppData/Local/UnrealEngine/Common/DerivedDataCache/3/9/0/TEXTURE_E01F4250BECD420DA9CE63B5EECEC2C2_BGRA8_045426B341F8A997137DD2BD8BFCDDA__6A2D521E7662B6C37120E76787CA0B687E161B5B.udd" 6393
"C:/Users/minukey/AppData/Local/UnrealEngine/Common/DerivedDataCache/4/3/0/TEXTURE_E01F4250BECD420DA9CE63B5EECEC2C2_BGRA8_54CD99044D038C8C064F49A014E0BD2__8617707321E6B3529ABC4F0EC051D40F07608468.udd" 6394
"C:/Users/minukey/AppData/Local/UnrealEngine/Common/DerivedDataCache/3/1/1/TEXTURE_E01F4250BECD420DA9CE63B5EECEC2C2_BGRA8_23144C2645F6743F6F1269BDFD120DF__4DA0DD747E704DF80D74D70E9CC0243B7F849AAB.udd" 6395
"C:/Users/minukey/AppData/Local/UnrealEngine/Common/DerivedDataCache/0/6/5/TEXTURE_E01F4250BECD420DA9CE63B5EECEC2C2_BGRA8_459478FB40A5D5BE53F631AFD2301C6__87CF027B22C451FC03CFED7B22B7D81EF4DFF320.udd" 6396
"C:/Users/minukey/AppData/Local/UnrealEngine/Common/DerivedDataCache/1/4/0/TEXTURE_E01F4250BECD420DA9CE63B5EECEC2C2_BGRA8_ECFA051B4BBE406E836BAB83F60C646__098F3DCC33940CC16F932BBA52FEFBB2DBBD36CF.udd" 6397
"C:/Users/minukey/AppData/Local/UnrealEngine/Common/DerivedDataCache/5/0/8/TEXTURE_E01F4250BECD420DA9CE63B5EECEC2C2_ASTC_RGBAUTO_38_014D8A8B46B53C6FB421F__AF2FBC7B7219BF4600EA0D0A1A888D4F1DE2336C.udd" 6398
"C:/Users/minukey/AppData/Local/UnrealEngine/Common/DerivedDataCache/6/4/5/TEXTURE_E01F4250BECD420DA9CE63B5EECEC2C2_AUTODXT_014D8A8B46B53C6FB421F2B7DE46C__E0B16E61C0977AC921DC6408933DBFF9CC6E3AED.udd" 6399
"C:/Users/minukey/AppData/Local/UnrealEngine/Common/DerivedDataCache/1/3/6/TEXTURE_E01F4250BECD420DA9CE63B5EECEC2C2_AUTOETC2_014D8A8B46B53C6FB421F2B7DE46__EDDD9FC363156DC2AC9C2879570B3D3A6E57B375.udd" 6400
"C:/Users/minukey/AppData/Local/UnrealEngine/Common/DerivedDataCache/0/5/8/TEXTURE_E01F4250BECD420DA9CE63B5EECEC2C2_BGRA8_13BB27DA464092B5EB8EB586CD4C747__01BC865C3255BED7E884E5230E3D0464040D0FAE.udd" 6401
"C:/Users/minukey/AppData/Local/UnrealEngine/Common/DerivedDataCache/2/7/7/TEXTURE_E01F4250BECD420DA9CE63B5EECEC2C2_ASTC_RGBAUTO_38_4FF693A74B284544808DC__9FBA91B9C409B90F6DC95890E174FAD2941CEDD0.udd" 6402
"C:/Users/minukey/AppData/Local/UnrealEngine/Common/DerivedDataCache/7/7/7/TEXTURE_E01F4250BECD420DA9CE63B5EECEC2C2_AUTODXT_4FF693A74B284544808DCEB86D817__DA19220F8566244BA518A7CE50976ED1EB891BB3.udd" 6403
"C:/Users/minukey/AppData/Local/UnrealEngine/Common/DerivedDataCache/6/2/2/TEXTURE_E01F4250BECD420DA9CE63B5EECEC2C2_AUTOETC2_4FF693A74B284544808DCEB86D81__141B8D7873A95961D771626831679C5D38175616.udd" 6404
"C:/Users/minukey/AppData/Local/UnrealEngine/Common/DerivedDataCache/4/2/5/TEXTURE_E01F4250BECD420DA9CE63B5EECEC2C2_ASTC_RGBAUTO_38_DA8DE17F4CEEB6861AE2A__C84C136D9F50D10A66084FE7FD46E5B6FDA4BBA4.udd" 6405
"C:/Users/minukey/AppData/Local/UnrealEngine/Common/DerivedDataCache/0/5/6/TEXTURE_E01F4250BECD420DA9CE63B5EECEC2C2_AUTODXT_DA8DE17F4CEEB6861AE2A69689B6C__05C04752348B6D38EC0518567DBD059E1E6DF3C1.udd" 6406
"C:/Users/minukey/AppData/Local/UnrealEngine/Common/DerivedDataCache/5/1/5/TEXTURE_E01F4250BECD420DA9CE63B5EECEC2C2_AUTOETC2_DA8DE17F4CEEB6861AE2A69689B6__6720A4AFD985B54D981A080D27345043365EA29E.udd" 6407
"E:/Documents/SIKAT OJT/Game Project/Project/ProjectLumina/Content/Assets/SlateBrushes/SB_AnswerButton.uasset" 6408
"E:/Documents/SIKAT OJT/Game Project/Project/ProjectLumina/Content/Assets/Placeholders/Sprites/Character/PhoenixWright.uasset" 6409
"C:/Users/minukey/AppData/Local/UnrealEngine/Common/DerivedDataCache/0/3/2/TEXTURE_E01F4250BECD420DA9CE63B5EECEC2C2_AUTODXT_E730561248BF24391E9C64A86DFAE__711AB589860E4FDB9780DE049224684C109845AB.udd" 6410
"C:/Users/minukey/AppData/Local/UnrealEngine/Common/DerivedDataCache/7/3/1/TEXTURE_E01F4250BECD420DA9CE63B5EECEC2C2_ASTC_RGBAUTO_38_E730561248BF24391E9C6__2A7A498FA8DEB874485871DBB9C39FCDF553A8DE.udd" 6411
"E:/Documents/SIKAT OJT/Game Project/Project/ProjectLumina/Content/Assets/Placeholders/Sprites/Character/MilesEdgeworth.uasset" 6412
"C:/Users/minukey/AppData/Local/UnrealEngine/Common/DerivedDataCache/9/8/2/TEXTURE_E01F4250BECD420DA9CE63B5EECEC2C2_AUTOETC2_E730561248BF24391E9C64A86DFA__7CED8EB18F5EC015674DAC781FE1BDD708B0442A.udd" 6413
"C:/Users/minukey/AppData/Local/UnrealEngine/Common/DerivedDataCache/2/2/3/TEXTURE_E01F4250BECD420DA9CE63B5EECEC2C2_ASTC_RGBAUTO_38_F89D8111434E064BC1DF0__65E5B29CEBEDB331391888B82E47945800F7238D.udd" 6414
"C:/Users/minukey/AppData/Local/UnrealEngine/Common/DerivedDataCache/8/7/8/TEXTURE_E01F4250BECD420DA9CE63B5EECEC2C2_AUTOETC2_F89D8111434E064BC1DF01918EB7__A0C845622E50129C28941D8FD38CF6C1668F9A20.udd" 6415
"C:/Users/minukey/AppData/Local/UnrealEngine/Common/DerivedDataCache/2/2/2/TEXTURE_E01F4250BECD420DA9CE63B5EECEC2C2_AUTODXT_F89D8111434E064BC1DF01918EB77__5CF9623C46802ADC81B89D31AEC78EB892D8887D.udd" 6416
"E:/Documents/SIKAT OJT/Game Project/Project/ProjectLumina/Content/Assets/Placeholders/Cutscenes/EVGB_Cutscene7.uasset" 6417
"C:/Users/minukey/AppData/Local/UnrealEngine/Common/DerivedDataCache/2/2/8/TEXTURE_E01F4250BECD420DA9CE63B5EECEC2C2_ASTC_RGBAUTO_38_C9EB0C3146E1662DCB7A4__795AC42FFB1C9C70C05ABA9A3794761087708CF2.udd" 6418
"E:/Documents/SIKAT OJT/Game Project/Project/ProjectLumina/Content/Assets/Placeholders/Cutscenes/EVGB_Cutscene6.uasset" 6419
"E:/Documents/SIKAT OJT/Game Project/Project/ProjectLumina/Content/Assets/Placeholders/Cutscenes/EVGB_Cutscene5.uasset" 6420
"C:/Users/minukey/AppData/Local/UnrealEngine/Common/DerivedDataCache/1/8/4/TEXTURE_E01F4250BECD420DA9CE63B5EECEC2C2_AUTODXT_C9EB0C3146E1662DCB7A40999D503__2F8B397486608B695B0AB4B276325F8E1C83B5DF.udd" 6421
"C:/Users/minukey/AppData/Local/UnrealEngine/Common/DerivedDataCache/3/7/1/TEXTURE_E01F4250BECD420DA9CE63B5EECEC2C2_AUTOETC2_C9EB0C3146E1662DCB7A40999D50__81396E5B8A608A9ED73BB83EA0F63010078BA1A2.udd" 6422
"E:/Documents/SIKAT OJT/Game Project/Project/ProjectLumina/Content/Assets/Placeholders/Cutscenes/EVGB_Cutscene4.uasset" 6423
"E:/Documents/SIKAT OJT/Game Project/Project/ProjectLumina/Content/Assets/Placeholders/Cutscenes/EVGB_Cutscene3.uasset" 6424
"C:/Users/minukey/AppData/Local/UnrealEngine/Common/DerivedDataCache/8/1/1/TEXTURE_E01F4250BECD420DA9CE63B5EECEC2C2_AUTODXT_E1B7288D4BDC2EBCBEEDBBB228CDE__21A3CD661C798D32091C89D71F60B42808A54B22.udd" 6425
"C:/Users/minukey/AppData/Local/UnrealEngine/Common/DerivedDataCache/1/1/0/TEXTURE_E01F4250BECD420DA9CE63B5EECEC2C2_ASTC_RGBAUTO_38_E1B7288D4BDC2EBCBEEDB__C4DA397C17C8B667C66F00F7F0BA4DBD295FA4DB.udd" 6426
"C:/Users/minukey/AppData/Local/UnrealEngine/Common/DerivedDataCache/7/0/1/TEXTURE_E01F4250BECD420DA9CE63B5EECEC2C2_AUTOETC2_E1B7288D4BDC2EBCBEEDBBB228CD__C664B87C4A33025BF517C7D5A25200B9B7E992D4.udd" 6427
"C:/Users/minukey/AppData/Local/UnrealEngine/Common/DerivedDataCache/8/4/3/TEXTURE_E01F4250BECD420DA9CE63B5EECEC2C2_ASTC_RGBAUTO_38_0FF6BA014EE6D51AD8935__1A2527A22F0F49AD8E8E88DA9A74F4B5A69E677C.udd" 6428
"C:/Users/minukey/AppData/Local/UnrealEngine/Common/DerivedDataCache/8/8/1/TEXTURE_E01F4250BECD420DA9CE63B5EECEC2C2_AUTODXT_0FF6BA014EE6D51AD8935399972AD__8660DE8D1F98789F114AEED2946D9EA9A787C450.udd" 6429
"C:/Users/minukey/AppData/Local/UnrealEngine/Common/DerivedDataCache/5/6/3/TEXTURE_E01F4250BECD420DA9CE63B5EECEC2C2_AUTOETC2_0FF6BA014EE6D51AD8935399972A__7119641AF8D8D9A4F508146DA4C96433E205034B.udd" 6430
"E:/Documents/SIKAT OJT/Game Project/Project/ProjectLumina/Content/Assets/Placeholders/Cutscenes/EVGB_Cutscene2.uasset" 6431
"E:/Documents/SIKAT OJT/Game Project/Project/ProjectLumina/Content/Assets/Placeholders/Cutscenes/EVGB_Cutscene1.uasset" 6432
"C:/Users/minukey/AppData/Local/UnrealEngine/Common/DerivedDataCache/9/0/3/TEXTURE_E01F4250BECD420DA9CE63B5EECEC2C2_ASTC_RGBAUTO_38_7291C3344D2CA3389F752__87129B509D230ABD3C41F8F4336E303124898547.udd" 6433
"C:/Users/minukey/AppData/Local/UnrealEngine/Common/DerivedDataCache/0/0/6/TEXTURE_E01F4250BECD420DA9CE63B5EECEC2C2_AUTODXT_7291C3344D2CA3389F752F97A4430__43D8E27FC7CEEF1B82ADBE135D98056C74F87562.udd" 6434
"C:/Users/minukey/AppData/Local/UnrealEngine/Common/DerivedDataCache/6/5/8/TEXTURE_E01F4250BECD420DA9CE63B5EECEC2C2_AUTOETC2_7291C3344D2CA3389F752F97A443__DAEF7CA1C8E6D058246A189D7CDD875C8DF16B33.udd" 6435
"C:/Users/minukey/AppData/Local/UnrealEngine/Common/DerivedDataCache/6/9/9/TEXTURE_E01F4250BECD420DA9CE63B5EECEC2C2_ASTC_RGBAUTO_38_6138AB614E919C5163725__F4B65E156C16AD96984805B890C5D93B150D68F5.udd" 6436
"C:/Users/minukey/AppData/Local/UnrealEngine/Common/DerivedDataCache/3/4/5/TEXTURE_E01F4250BECD420DA9CE63B5EECEC2C2_AUTOETC2_6138AB614E919C51637259A667E0__4C82D78621E69D11BB0FD38D125E8D6DA7282EF3.udd" 6437
"C:/Users/minukey/AppData/Local/UnrealEngine/Common/DerivedDataCache/9/2/6/TEXTURE_E01F4250BECD420DA9CE63B5EECEC2C2_AUTODXT_6138AB614E919C51637259A667E04__577E36D0745BD8BE85B4CB39E06CBF4C0A8A9018.udd" 6438
"C:/Users/minukey/AppData/Local/UnrealEngine/Common/DerivedDataCache/2/5/8/TEXTURE_E01F4250BECD420DA9CE63B5EECEC2C2_ASTC_RGBAUTO_38_9643C4B24DB7C2B3E3B9E__A534BE35079FF4683C2B4068B1A53E276E2B8866.udd" 6439
"C:/Users/minukey/AppData/Local/UnrealEngine/Common/DerivedDataCache/9/5/6/TEXTURE_E01F4250BECD420DA9CE63B5EECEC2C2_AUTODXT_9643C4B24DB7C2B3E3B9EA9CD49AB__D868076FE7AE0E5739062A39855B9E8FC59642D8.udd" 6440
"C:/Users/minukey/AppData/Local/UnrealEngine/Common/DerivedDataCache/2/8/6/TEXTURE_E01F4250BECD420DA9CE63B5EECEC2C2_ASTC_RGBAUTO_38_278C9A1F4DF89C936F194__28EDD34EFC83791E94B4BFF55A47C14B0789BEB2.udd" 6441
"C:/Users/minukey/AppData/Local/UnrealEngine/Common/DerivedDataCache/7/5/1/TEXTURE_E01F4250BECD420DA9CE63B5EECEC2C2_AUTODXT_278C9A1F4DF89C936F1949A30477E__CC5587D8EF4823654021EB4DE68AF8B400D3B029.udd" 6442
"C:/Users/minukey/AppData/Local/UnrealEngine/Common/DerivedDataCache/2/2/4/TEXTURE_E01F4250BECD420DA9CE63B5EECEC2C2_AUTOETC2_278C9A1F4DF89C936F1949A30477__558FC9D00BC4291F9AA6DAA13CC168F4E7320818.udd" 6443
"C:/Users/minukey/AppData/Local/UnrealEngine/Common/DerivedDataCache/9/8/0/TEXTURE_E01F4250BECD420DA9CE63B5EECEC2C2_AUTOETC2_9643C4B24DB7C2B3E3B9EA9CD49A__6C58BAEB4DE92362621151FFD5DD8F25B2246E85.udd" 6444
"E:/Documents/SIKAT OJT/Game Project/Project/ProjectLumina/Content/Assets/Material/DefaultSpriteMaterial.uasset" 6445
"C:/Users/minukey/AppData/Local/UnrealEngine/Common/DerivedDataCache/1/5/7/MATSM_0BA69734E4FD45E082FA4560DBE25454_SF_VULKAN_ES31_ANDROID_2336__BC5N_NOCCB__7B4EB72B7FD1C5F723BC9E6EEA3A5AC834136A61.udd" 6446
"E:/Documents/SIKAT OJT/Game Project/Project/ProjectLumina/Content/Assets/IllustrationEvents/Chap6/EVGB_PH_Bench.uasset" 6447
"C:/Users/minukey/AppData/Local/UnrealEngine/Common/DerivedDataCache/1/2/4/MATSM_0BA69734E4FD45E082FA4560DBE25454_GLSL_ES3_1_ANDROID_18786__BC5N_NOCCBN_N__2F3599E9BFBAFE3B107EF6B59D7BB85FBD8E5E05.udd" 6448
"C:/Users/minukey/AppData/Local/UnrealEngine/Common/DerivedDataCache/7/9/3/TEXTURE_E01F4250BECD420DA9CE63B5EECEC2C2_ASTC_RGBAUTO_38_345C529E4C7FB7664A964__C47742CEB4A02ED35EDE105258284D3206082665.udd" 6449
"C:/Users/minukey/AppData/Local/UnrealEngine/Common/DerivedDataCache/2/8/5/TEXTURE_E01F4250BECD420DA9CE63B5EECEC2C2_AUTODXT_345C529E4C7FB7664A96478DB2769__34E12E55FAB38B861A8864385705DCABE50B253E.udd" 6450
"C:/Users/minukey/AppData/Local/UnrealEngine/Common/DerivedDataCache/6/1/4/TEXTURE_E01F4250BECD420DA9CE63B5EECEC2C2_AUTOETC2_345C529E4C7FB7664A96478DB276__AF8BBC6F72AE60F013AD702A74C32415EE89DE0A.udd" 6451
"E:/Documents/SIKAT OJT/Game Project/Project/ProjectLumina/Content/Assets/IllustrationEvents/EVBG_CutscenePlaceholder.uasset" 6452
"C:/Users/minukey/AppData/Local/UnrealEngine/Common/DerivedDataCache/7/3/7/TEXTURE_E01F4250BECD420DA9CE63B5EECEC2C2_ASTC_RGBAUTO_38_D0FCD11F4D864B0CC961A__05B94605E69D065C384C9166DDBF8F344DB3072E.udd" 6453
"C:/Users/minukey/AppData/Local/UnrealEngine/Common/DerivedDataCache/8/8/2/TEXTURE_E01F4250BECD420DA9CE63B5EECEC2C2_AUTODXT_D0FCD11F4D864B0CC961A1A2FEFAD__5069D451A57CF2B05934F13EEDFE37F54829ED81.udd" 6454
"C:/Users/minukey/AppData/Local/UnrealEngine/Common/DerivedDataCache/1/0/7/TEXTURE_E01F4250BECD420DA9CE63B5EECEC2C2_AUTOETC2_D0FCD11F4D864B0CC961A1A2FEFA__75A9855C7265DF0686ABAC9443AE588C7A36AB9E.udd" 6455
"E:/Documents/SIKAT OJT/Game Project/Project/ProjectLumina/Content/Assets/Fonts/Pelisse.uasset" 6456
"E:/Documents/SIKAT OJT/Game Project/Project/ProjectLumina/Content/Assets/Fonts/Pelisse_Font.uasset" 6457
"E:/Documents/SIKAT OJT/Game Project/Project/ProjectLumina/Content/Assets/Fonts/PelisseExtraBold.uasset" 6458
"E:/Documents/SIKAT OJT/Game Project/Project/ProjectLumina/Content/Assets/Fonts/PelisseExtraBold_Font.uasset" 6459
"E:/Documents/SIKAT OJT/Game Project/Project/ProjectLumina/Content/Assets/Fonts/PelisseBoldItalic.uasset" 6460
"E:/Documents/SIKAT OJT/Game Project/Project/ProjectLumina/Content/Assets/Fonts/PelisseBoldItalic_Font.uasset" 6461
"E:/Documents/SIKAT OJT/Game Project/Project/ProjectLumina/Content/Assets/Fonts/PassionOne-Black.uasset" 6462
"E:/Documents/SIKAT OJT/Game Project/Project/ProjectLumina/Content/Assets/Fonts/PassionOne-Black_Font.uasset" 6463
"E:/Documents/SIKAT OJT/Game Project/Project/ProjectLumina/Content/Assets/Fonts/FriendlySansItalic-Yqv28_Font.uasset" 6464
"E:/Documents/SIKAT OJT/Game Project/Project/ProjectLumina/Content/Assets/Fonts/FriendlySansItalic-Yqv28.uasset" 6465
"E:/Documents/SIKAT OJT/Game Project/Project/ProjectLumina/Content/Assets/Fonts/FriendlySans-8OxvB.uasset" 6466
"E:/Documents/SIKAT OJT/Game Project/Project/ProjectLumina/Content/Assets/Fonts/FriendlySans-8OxvB_Font.uasset" 6467
"E:/Documents/SIKAT OJT/Game Project/Project/ProjectLumina/Content/Assets/Fonts/DosisSemibold-pxJd.uasset" 6468
"E:/Documents/SIKAT OJT/Game Project/Project/ProjectLumina/Content/Assets/Fonts/DosisSemibold-pxJd_Font.uasset" 6469
"E:/Documents/SIKAT OJT/Game Project/Project/ProjectLumina/Content/Assets/Fonts/DosisMedium-xP6m.uasset" 6470
"E:/Documents/SIKAT OJT/Game Project/Project/ProjectLumina/Content/Assets/Fonts/DosisMedium-xP6m_Font.uasset" 6471
"E:/Documents/SIKAT OJT/Game Project/Project/ProjectLumina/Content/Assets/Fonts/DosisLight-3jdp.uasset" 6472
"E:/Documents/SIKAT OJT/Game Project/Project/ProjectLumina/Content/Assets/Fonts/DosisLight-3jdp_Font.uasset" 6473
"E:/Documents/SIKAT OJT/Game Project/Project/ProjectLumina/Content/Assets/Fonts/DosisBook-ZZm3.uasset" 6474
"E:/Documents/SIKAT OJT/Game Project/Project/ProjectLumina/Content/Assets/Fonts/DosisBook-ZZm3_Font.uasset" 6475
"E:/Documents/SIKAT OJT/Game Project/Project/ProjectLumina/Content/Assets/Fonts/DosisBold-OLR6.uasset" 6476
"E:/Documents/SIKAT OJT/Game Project/Project/ProjectLumina/Content/Assets/Fonts/DosisBold-OLR6_Font.uasset" 6477
"E:/Documents/SIKAT OJT/Game Project/Project/ProjectLumina/Content/Assets/Fonts/CafeDeParisSans-BWwJx_Font.uasset" 6478
"E:/Documents/SIKAT OJT/Game Project/Project/ProjectLumina/Content/Assets/Fonts/CafeDeParisSans-BWwJx.uasset" 6479
"E:/Documents/SIKAT OJT/Game Project/Project/ProjectLumina/Content/Assets/Backgrounds/Chap8/BGPH_TractionDistrict.uasset" 6480
"E:/Documents/SIKAT OJT/Game Project/Project/ProjectLumina/Content/Assets/Backgrounds/Chap9/BGPH_Scalehaven.uasset" 6481
"C:/Users/minukey/AppData/Local/UnrealEngine/Common/DerivedDataCache/1/1/0/TEXTURE_E01F4250BECD420DA9CE63B5EECEC2C2_ASTC_RGBAUTO_38_7C29ABC242BE70860071F__2B040A6E0E1F5B092B16D4C7943B0B7FBE5B64ED.udd" 6482
"C:/Users/minukey/AppData/Local/UnrealEngine/Common/DerivedDataCache/7/4/3/TEXTURE_E01F4250BECD420DA9CE63B5EECEC2C2_AUTODXT_7C29ABC242BE70860071F984553F8__D26A63CC46CEA65B9414953A3D1E687ECD4586E2.udd" 6483
"C:/Users/minukey/AppData/Local/UnrealEngine/Common/DerivedDataCache/7/3/8/TEXTURE_E01F4250BECD420DA9CE63B5EECEC2C2_AUTOETC2_7C29ABC242BE70860071F984553F__225D7CFBEF236245AC3EDEF51B555CE1C79413E9.udd" 6484
"C:/Users/minukey/AppData/Local/UnrealEngine/Common/DerivedDataCache/9/3/0/TEXTURE_E01F4250BECD420DA9CE63B5EECEC2C2_AUTODXT_FF29F7E64CE485B2B66A61AD6C536__77702EFE42D7FB049A9EC4E6128F32E7D22D12D5.udd" 6485
"C:/Users/minukey/AppData/Local/UnrealEngine/Common/DerivedDataCache/0/5/6/TEXTURE_E01F4250BECD420DA9CE63B5EECEC2C2_ASTC_RGBAUTO_38_FF29F7E64CE485B2B66A6__036AB4E1C84EB72BDA700C27DD9CCC9D6AF5394A.udd" 6486
"C:/Users/minukey/AppData/Local/UnrealEngine/Common/DerivedDataCache/4/5/4/TEXTURE_E01F4250BECD420DA9CE63B5EECEC2C2_AUTOETC2_FF29F7E64CE485B2B66A61AD6C53__2837A6C9C918DC4B84C53A8E0F7FFB0BE52A15A1.udd" 6487
"E:/Documents/SIKAT OJT/Game Project/Project/ProjectLumina/Content/Assets/Backgrounds/Chap7/BGPH_SIKATOffice.uasset" 6488
"C:/Users/minukey/AppData/Local/UnrealEngine/Common/DerivedDataCache/0/2/8/TEXTURE_E01F4250BECD420DA9CE63B5EECEC2C2_ASTC_RGBAUTO_38_A18BD0F24EBD3DB7BF120__C9D04C61D8E387BA5F519C3AA6ABED74DBFE1609.udd" 6489
"C:/Users/minukey/AppData/Local/UnrealEngine/Common/DerivedDataCache/9/6/6/TEXTURE_E01F4250BECD420DA9CE63B5EECEC2C2_AUTODXT_A18BD0F24EBD3DB7BF120C8D270F0__BD089751A96D208BC5B4D49412D12622FC289627.udd" 6490
"C:/Users/minukey/AppData/Local/UnrealEngine/Common/DerivedDataCache/5/7/7/TEXTURE_E01F4250BECD420DA9CE63B5EECEC2C2_AUTOETC2_A18BD0F24EBD3DB7BF120C8D270F__E26A181DC3507CE8731B1283D918246F344CBC11.udd" 6491
"E:/Documents/SIKAT OJT/Game Project/Project/ProjectLumina/Content/Assets/Backgrounds/Chap6/BGPH_ProofsideDistrict.uasset" 6492
"C:/Users/minukey/AppData/Local/UnrealEngine/Common/DerivedDataCache/0/7/1/TEXTURE_E01F4250BECD420DA9CE63B5EECEC2C2_ASTC_RGBAUTO_38_9728B9954BFD9AA92A93F__182853E138AD9E817BA30602173975BAAD55573A.udd" 6493
"C:/Users/minukey/AppData/Local/UnrealEngine/Common/DerivedDataCache/7/8/4/TEXTURE_E01F4250BECD420DA9CE63B5EECEC2C2_AUTODXT_9728B9954BFD9AA92A93F9A6A7428__F7DF5DD0910361BBAC7FC44149DC9A561040636B.udd" 6494
"C:/Users/minukey/AppData/Local/UnrealEngine/Common/DerivedDataCache/0/9/4/TEXTURE_E01F4250BECD420DA9CE63B5EECEC2C2_AUTOETC2_9728B9954BFD9AA92A93F9A6A742__BE897E0F98A2EB53E904B9CBC42F5F045CDC97BD.udd" 6495
"E:/Documents/SIKAT OJT/Game Project/Project/ProjectLumina/Content/Assets/Backgrounds/Chap5/BGPH_DR3AMCenter.uasset" 6496
"C:/Users/minukey/AppData/Local/UnrealEngine/Common/DerivedDataCache/4/7/4/TEXTURE_E01F4250BECD420DA9CE63B5EECEC2C2_ASTC_RGBAUTO_38_F82E86244AE0933001242__B98CF51106D756006076933B9D4738730A4A50AD.udd" 6497
"C:/Users/minukey/AppData/Local/UnrealEngine/Common/DerivedDataCache/3/7/8/TEXTURE_E01F4250BECD420DA9CE63B5EECEC2C2_AUTODXT_F82E86244AE0933001242BB5E20A0__99D560C7FF1CE7508CD1AE879D74BD64E31FA919.udd" 6498
"C:/Users/minukey/AppData/Local/UnrealEngine/Common/DerivedDataCache/1/7/7/TEXTURE_E01F4250BECD420DA9CE63B5EECEC2C2_AUTOETC2_F82E86244AE0933001242BB5E20A__74AD964C85310CDD2617698F14C683520DAE4EE5.udd" 6499
"E:/Documents/SIKAT OJT/Game Project/Project/ProjectLumina/Content/Assets/Backgrounds/Chap11/BGPH_SiliconValley.uasset" 6500
"E:/Documents/SIKAT OJT/Game Project/Project/ProjectLumina/Content/Assets/Backgrounds/Chap3/BGPH_SparkFest.uasset" 6501
"E:/Documents/SIKAT OJT/Game Project/Project/ProjectLumina/Content/Assets/Backgrounds/Chap10/BGPH_SparkFestV2.uasset" 6502
"C:/Users/minukey/AppData/Local/UnrealEngine/Common/DerivedDataCache/7/6/3/TEXTURE_E01F4250BECD420DA9CE63B5EECEC2C2_ASTC_RGBAUTO_38_1F36BCDD40959C4AB94EF__1307C022E7378C0D4BEFEA5AEAC7DD9990EB0E5D.udd" 6503
"C:/Users/minukey/AppData/Local/UnrealEngine/Common/DerivedDataCache/7/3/2/TEXTURE_E01F4250BECD420DA9CE63B5EECEC2C2_BGRA8_8E04B90E49F4B9EA81F9AB9EF5C2DE9__87F5F8D9C65329083B8441159A49D05AA9463554.udd" 6504
"C:/Users/minukey/AppData/Local/UnrealEngine/Common/DerivedDataCache/2/7/3/TEXTURE_E01F4250BECD420DA9CE63B5EECEC2C2_AUTOETC2_1F36BCDD40959C4AB94EF89699E0__39D6ACE97C32D2289E94CC472CBF0FD2730114EA.udd" 6505
"C:/Users/minukey/AppData/Local/UnrealEngine/Common/DerivedDataCache/6/3/7/TEXTURE_E01F4250BECD420DA9CE63B5EECEC2C2_AUTODXT_1F36BCDD40959C4AB94EF89699E06__5A6665CAEA0472000B3C452122D94C2D1A1CED9C.udd" 6506
"C:/Users/minukey/AppData/Local/UnrealEngine/Common/DerivedDataCache/7/8/0/TEXTURE_E01F4250BECD420DA9CE63B5EECEC2C2_ASTC_RGBAUTO_38_895CBB4F439903E431E34__02077694C2A2D27CA2BEB6B3A116571257E434FE.udd" 6507
"E:/Documents/SIKAT OJT/Game Project/Project/ProjectLumina/Content/Assets/Backgrounds/Chap10/BGPH_ConferenceRoom.uasset" 6508
"C:/Users/minukey/AppData/Local/UnrealEngine/Common/DerivedDataCache/5/2/6/TEXTURE_E01F4250BECD420DA9CE63B5EECEC2C2_AUTOETC2_895CBB4F439903E431E3488DE6FF__E678FAF84CF3A4B16BAB0E6562798474A06EB3C8.udd" 6509
"C:/Users/minukey/AppData/Local/UnrealEngine/Common/DerivedDataCache/2/6/3/TEXTURE_E01F4250BECD420DA9CE63B5EECEC2C2_AUTODXT_895CBB4F439903E431E3488DE6FF7__2783E732213F66D2DFB73DAFDCEE1CF518372494.udd" 6510
"C:/Users/minukey/AppData/Local/UnrealEngine/Common/DerivedDataCache/9/0/3/TEXTURE_E01F4250BECD420DA9CE63B5EECEC2C2_ASTC_RGBAUTO_38_D7AB567B4C0FAB8B124FF__37FD4836038E55186844B5C9E236BA268D796F90.udd" 6511
"C:/Users/minukey/AppData/Local/UnrealEngine/Common/DerivedDataCache/0/9/3/TEXTURE_E01F4250BECD420DA9CE63B5EECEC2C2_AUTODXT_D7AB567B4C0FAB8B124FF4B8EDD0B__C48F01A162BB79B05398B6FC9FB03FAA20ABE7B1.udd" 6512
"C:/Users/minukey/AppData/Local/UnrealEngine/Common/DerivedDataCache/0/9/1/TEXTURE_E01F4250BECD420DA9CE63B5EECEC2C2_AUTOETC2_D7AB567B4C0FAB8B124FF4B8EDD0__821953A1ADF93A7CE5A587D748C9A5D5A34FCE81.udd" 6513
"E:/Documents/SIKAT OJT/Game Project/Project/ProjectLumina/Content/Assets/Backgrounds/Backgrounds/BG_Dining.uasset" 6514
"C:/Users/minukey/AppData/Local/UnrealEngine/Common/DerivedDataCache/2/5/9/TEXTURE_E01F4250BECD420DA9CE63B5EECEC2C2_BGRA8_94564F0C4A0A50F5BE0AF4A571574B0__6E85A8278848D348678914DD3971CA9F5AAFDDDB.udd" 6515
"E:/Documents/SIKAT OJT/Game Project/Project/ProjectLumina/Content/Assets/Audio/UI/floraphonic__PIXABAY_/Yes.uasset" 6516
"E:/Documents/SIKAT OJT/Game Project/Project/ProjectLumina/Content/Assets/Audio/UI/floraphonic__PIXABAY_/No.uasset" 6517
"E:/Documents/SIKAT OJT/Game Project/Project/ProjectLumina/Content/Assets/Audio/UI/floraphonic__PIXABAY_/No_Cue.uasset" 6518
"E:/Documents/SIKAT OJT/Game Project/Project/ProjectLumina/Content/Assets/Audio/UI/Dragon_Studio__PIXABAY_/Timer.uasset" 6519
"E:/Documents/SIKAT OJT/Game Project/Project/ProjectLumina/Content/Assets/Audio/UI/Dragon_Studio__PIXABAY_/Heartbeat.uasset" 6520
"E:/Documents/SIKAT OJT/Game Project/Project/ProjectLumina/Content/Assets/Audio/UI/Alpix__Pixabay_/Game_Over.uasset" 6521
"E:/Documents/SIKAT OJT/Game Project/Project/ProjectLumina/Content/Assets/Audio/Music/Tim_Beek__itchio_/The_Protagonist.uasset" 6522
"E:/Documents/SIKAT OJT/Game Project/Project/ProjectLumina/Content/Assets/Audio/Music/Tim_Beek__itchio_/The_Protagonist_Cue.uasset" 6523
"E:/Documents/SIKAT OJT/Game Project/Project/ProjectLumina/Content/Assets/Audio/Music/FulminisIctus__itchio_/AMBIANCE/University.uasset" 6524
"E:/Documents/SIKAT OJT/Game Project/Project/ProjectLumina/Content/Assets/Audio/Music/FulminisIctus__itchio_/Shenanigans_.uasset" 6525
"E:/Documents/SIKAT OJT/Game Project/Project/ProjectLumina/Content/Assets/Audio/Music/FulminisIctus__itchio_/Severed.uasset" 6526
"E:/Documents/SIKAT OJT/Game Project/Project/ProjectLumina/Content/Assets/Audio/Music/FulminisIctus__itchio_/Idle_Chatter.uasset" 6527
"E:/Documents/SIKAT OJT/Game Project/Project/ProjectLumina/Content/Assets/Audio/Music/FulminisIctus__itchio_/Relax.uasset" 6528
"E:/Documents/SIKAT OJT/Game Project/Project/ProjectLumina/Content/Assets/Audio/Music/FulminisIctus__itchio_/Doll_Dance.uasset" 6529
"E:/Documents/SIKAT OJT/Game Project/Project/ProjectLumina/Content/Assets/Audio/Music/FulminisIctus__itchio_/Birds_+_Crickets.uasset" 6530
"E:/Documents/SIKAT OJT/Game Project/Project/ProjectLumina/Content/Assets/Audio/Music/David_KBD__itchio_/DavidKBD_-_Tropical_Pack_-_03_-_Heartbeats_-_Bossanova.uasset" 6531
"E:/Documents/SIKAT OJT/Game Project/Project/ProjectLumina/Content/Assets/Audio/Music/Chajamakesmusic__itchio_/yeahhhhh_yuh.uasset" 6532
"E:/Documents/SIKAT OJT/Game Project/Project/ProjectLumina/Content/Assets/Audio/Music/Bell_Kalengar__itchio_/Lounge/WAV_Blessing.uasset" 6533
"E:/Documents/SIKAT OJT/Game Project/Project/ProjectLumina/Content/Assets/Audio/Music/Bell_Kalengar__itchio_/Investigation/WAV_Suspicious.uasset" 6534
"E:/Documents/SIKAT OJT/Game Project/Project/ProjectLumina/Content/Assets/Audio/Music/Bell_Kalengar__itchio_/Investigation/WAV_Paranormal_Investigation.uasset" 6535
"E:/Documents/SIKAT OJT/Game Project/Project/ProjectLumina/Content/Assets/Audio/Music/Bell_Kalengar__itchio_/Investigation/WAV_Case_File.uasset" 6536
"E:/Documents/SIKAT OJT/Game Project/Project/ProjectLumina/Content/Assets/Audio/Music/Bell_Kalengar__itchio_/Emotional/WAV_Your_Name__Softly.uasset" 6537
"E:/Documents/SIKAT OJT/Game Project/Project/ProjectLumina/Content/Assets/Audio/Music/Bell_Kalengar__itchio_/Emotional/WAV_Where_You_Used_to_Be.uasset" 6538
"E:/Documents/SIKAT OJT/Game Project/Project/ProjectLumina/Content/Assets/Audio/Music/Bell_Kalengar__itchio_/Emotional/WAV_Jonquil.uasset" 6539
"E:/Documents/SIKAT OJT/Game Project/Project/ProjectLumina/Content/Assets/Audio/Music/Bell_Kalengar__itchio_/Comedy/WAV_Help__I_Fell_for_the_Side_Character.uasset" 6540
"E:/Documents/SIKAT OJT/Game Project/Project/ProjectLumina/Content/Assets/Audio/Music/Bell_Kalengar__itchio_/Comedy/WAV_Accidentally_Fell_for_the_Tsundere_.uasset" 6541
"E:/Documents/SIKAT OJT/Game Project/Project/ProjectLumina/Content/Assets/Audio/FX/nextdialogue_Cue.uasset" 6542
"E:/Documents/SIKAT OJT/Game Project/Project/ProjectLumina/Content/Assets/Audio/Ambience/FulminisIctus__itchio_/Birds_+_Crickets.uasset" 6543
"E:/Documents/SIKAT OJT/Game Project/Project/ProjectLumina/Content/Assets/Audio/Ambience/freesound_community__Pixabay_/Fireworks.uasset" 6544
"E:/Documents/SIKAT OJT/Game Project/Project/ProjectLumina/Content/Assets/Audio/Ambience/freesound_community__Pixabay_/3D_Printer.uasset" 6545
"E:/Documents/SIKAT OJT/Game Project/Project/ProjectLumina/Content/GQ_Test-Ideation.uasset" 6546
"E:/Documents/SIKAT OJT/Game Project/Project/ProjectLumina/Content/DP_SampleQnATable.uasset" 6547
"E:/Documents/SIKAT OJT/Game Project/Project/ProjectLumina/Content/DP_Enter_BP.uasset" 6548
"E:/Documents/SIKAT OJT/Game Project/Project/ProjectLumina/Content/DP_DataTable_2.uasset" 6549
"E:/Documents/SIKAT OJT/Game Project/Project/ProjectLumina/Content/DP_DataTable.uasset" 6550
"C:/Users/minukey/AppData/Local/UnrealEngine/Common/DerivedDataCache/0/7/8/STREAMEDAUDIO_BC6E92FBBD314E3B9B9EC6778749EB5E_OGG10000$2D1$2D1$2D1$2D1$2D1_4_B4A233D34CAE5E2073EE1E96FA59F9EC.udd" 6551
"C:/Users/minukey/AppData/Local/UnrealEngine/Common/DerivedDataCache/2/3/9/STREAMEDAUDIO_BC6E92FBBD314E3B9B9EC6778749EB5E_OGG10000$2D1$2D1$2D1$2D1$2D1_4_83ECD4D24531938CD4B09ABE0FCF3733.udd" 6552
"C:/Users/minukey/AppData/Local/UnrealEngine/Common/DerivedDataCache/3/4/0/STREAMEDAUDIO_BC6E92FBBD314E3B9B9EC6778749EB5E_OGG10000$2D1$2D1$2D1$2D1$2D1_4_890EDCF446A6A99500644E949B583BE3.udd" 6553
"C:/Users/minukey/AppData/Local/UnrealEngine/Common/DerivedDataCache/7/6/9/STREAMEDAUDIO_BC6E92FBBD314E3B9B9EC6778749EB5E_OGG10000$2D1$2D1$2D1$2D1$2D1_4_0E9931654F9AA373BF91A3B8E9529D93.udd" 6554
"C:/Users/minukey/AppData/Local/UnrealEngine/Common/DerivedDataCache/9/6/2/STREAMEDAUDIO_BC6E92FBBD314E3B9B9EC6778749EB5E_OGG10000$2D1$2D1$2D1$2D1$2D1_4_07CF230E4CD70243FE6BB7A26E3D2871.udd" 6555
"C:/Users/minukey/AppData/Local/UnrealEngine/Common/DerivedDataCache/3/6/2/STREAMEDAUDIO_BC6E92FBBD314E3B9B9EC6778749EB5E_OGG10000$2D1$2D1$2D1$2D1$2D1_4_05F569EC46390048ACB337B509936D8A.udd" 6556
"C:/Users/minukey/AppData/Local/UnrealEngine/Common/DerivedDataCache/6/6/4/STREAMEDAUDIO_BC6E92FBBD314E3B9B9EC6778749EB5E_OGG10000$2D1$2D1$2D1$2D1$2D1_4_DFD1AE23432E734B39CFB78E34875CAC.udd" 6557
"C:/Users/minukey/AppData/Local/UnrealEngine/Common/DerivedDataCache/5/5/9/STREAMEDAUDIO_BC6E92FBBD314E3B9B9EC6778749EB5E_OGG10000$2D1$2D1$2D1$2D1$2D1_4_D47D6472499A0FF986FE9CBEDBAE2EC7.udd" 6558
"C:/Users/minukey/AppData/Local/UnrealEngine/Common/DerivedDataCache/9/6/6/STREAMEDAUDIO_BC6E92FBBD314E3B9B9EC6778749EB5E_OGG10000$2D1$2D1$2D1$2D1$2D1_4_AD488B754E39562E26920DA0B3C26324.udd" 6559
"C:/Users/minukey/AppData/Local/UnrealEngine/Common/DerivedDataCache/3/5/4/STREAMEDAUDIO_BC6E92FBBD314E3B9B9EC6778749EB5E_OGG10000$2D1$2D1$2D1$2D1$2D1_4_2D94BB1E45997A7A7ECD6D8669C53967.udd" 6560
"C:/Users/minukey/AppData/Local/UnrealEngine/Common/DerivedDataCache/7/5/1/STREAMEDAUDIO_BC6E92FBBD314E3B9B9EC6778749EB5E_OGG10000$2D1$2D1$2D1$2D1$2D1_4_0341218B4C9E9D924A6399B86A00619C.udd" 6561
"C:/Users/minukey/AppData/Local/UnrealEngine/Common/DerivedDataCache/8/4/4/STREAMEDAUDIO_BC6E92FBBD314E3B9B9EC6778749EB5E_OGG10000$2D1$2D1$2D1$2D1$2D1_4_1DCCADBA4E28D0D7970C09B444D892E8.udd" 6562
"C:/Users/minukey/AppData/Local/UnrealEngine/Common/DerivedDataCache/2/7/8/STREAMEDAUDIO_BC6E92FBBD314E3B9B9EC6778749EB5E_OGG10000$2D1$2D1$2D1$2D1$2D1_4_19B8A9864DB92A9EDB7A1E9E2452D04C.udd" 6563
"C:/Users/minukey/AppData/Local/UnrealEngine/Common/DerivedDataCache/0/2/2/STREAMEDAUDIO_BC6E92FBBD314E3B9B9EC6778749EB5E_OGG10000$2D1$2D1$2D1$2D1$2D1_4_5C1CBB1F411E0F975A231AAF5456399D.udd" 6564
"C:/Users/minukey/AppData/Local/UnrealEngine/Common/DerivedDataCache/2/7/9/STREAMEDAUDIO_BC6E92FBBD314E3B9B9EC6778749EB5E_OGG10000$2D1$2D1$2D1$2D1$2D1_4_D4B1361C4727B9C9FF1CAC8ACE6FC6E9.udd" 6565
"C:/Users/minukey/AppData/Local/UnrealEngine/Common/DerivedDataCache/8/6/3/STREAMEDAUDIO_BC6E92FBBD314E3B9B9EC6778749EB5E_OGG10000$2D1$2D1$2D1$2D1$2D1_4_B0E23ECE418A58BDE5319E8E286B76D7.udd" 6566
"C:/Users/minukey/AppData/Local/UnrealEngine/Common/DerivedDataCache/3/4/4/STREAMEDAUDIO_BC6E92FBBD314E3B9B9EC6778749EB5E_OGG10000$2D1$2D1$2D1$2D1$2D1_4_5B7DF94E4E725985C8601FB95FD5A1BB.udd" 6567
"C:/Users/minukey/AppData/Local/UnrealEngine/Common/DerivedDataCache/3/1/8/STREAMEDAUDIO_BC6E92FBBD314E3B9B9EC6778749EB5E_OGG10000$2D1$2D1$2D1$2D1$2D1_4_7EF2C10F43679228C5F6719AFE3928E9.udd" 6568
"C:/Users/minukey/AppData/Local/UnrealEngine/Common/DerivedDataCache/5/2/2/STREAMEDAUDIO_BC6E92FBBD314E3B9B9EC6778749EB5E_OGG10000$2D1$2D1$2D1$2D1$2D1_4_F5B2C71049DD0DC9F8DC798DAB501133.udd" 6569
"C:/Users/minukey/AppData/Local/UnrealEngine/Common/DerivedDataCache/2/4/3/STREAMEDAUDIO_BC6E92FBBD314E3B9B9EC6778749EB5E_OGG10000$2D1$2D1$2D1$2D1$2D1_4_42C8EDEC4C42396761788C835AF31A29.udd" 6570
"C:/Users/minukey/AppData/Local/UnrealEngine/Common/DerivedDataCache/4/2/4/STREAMEDAUDIO_BC6E92FBBD314E3B9B9EC6778749EB5E_OGG10000$2D1$2D1$2D1$2D1$2D1_4_F9B9BA084DE81244C5A28BBEE239AD87.udd" 6571
"C:/Users/minukey/AppData/Local/UnrealEngine/Common/DerivedDataCache/8/7/7/STREAMEDAUDIO_BC6E92FBBD314E3B9B9EC6778749EB5E_OGG10000$2D1$2D1$2D1$2D1$2D1_4_28BE4BEF424ED3F55941BE8EC84AEBD6.udd" 6572
"C:/Users/minukey/AppData/Local/UnrealEngine/Common/DerivedDataCache/8/4/1/STREAMEDAUDIO_BC6E92FBBD314E3B9B9EC6778749EB5E_OGG10000$2D1$2D1$2D1$2D1$2D1_4_302C59734491FFE9EB4CD2B073C5CE7A.udd" 6573
"C:/Users/minukey/AppData/Local/UnrealEngine/Common/DerivedDataCache/6/0/0/STREAMEDAUDIO_BC6E92FBBD314E3B9B9EC6778749EB5E_OGG10000$2D1$2D1$2D1$2D1$2D1_4_CB171392414CC42CD4A4C7B383857FEE.udd" 6574
"C:/Users/minukey/AppData/Local/UnrealEngine/Common/DerivedDataCache/4/8/9/STREAMEDAUDIO_BC6E92FBBD314E3B9B9EC6778749EB5E_OGG10000$2D1$2D1$2D1$2D1$2D1_4_C535A97041D188F17ECCD0BDFDBBC7EB.udd" 6575
"C:/Users/minukey/AppData/Local/UnrealEngine/Common/DerivedDataCache/4/7/2/STREAMEDAUDIO_BC6E92FBBD314E3B9B9EC6778749EB5E_OGG10000$2D1$2D1$2D1$2D1$2D1_4_BC4CC44E424A39A8F2A059BFCA008AB9.udd" 6576
"C:/Users/minukey/AppData/Local/UnrealEngine/Common/DerivedDataCache/7/3/6/STREAMEDAUDIO_BC6E92FBBD314E3B9B9EC6778749EB5E_OGG10000$2D1$2D1$2D1$2D1$2D1_4_3DEF9ADC4911FBAFE5597593B2BC1317.udd" 6577
