"E:/Documents/SIKAT OJT/Game Project/Project/ProjectLumina/Content/Blueprints/Enum/Enum_QuestionType.uasset" 0
"E:/Documents/SIKAT OJT/Game Project/Project/ProjectLumina/Content/Blueprints/Enum/Enum_QuestionType.uexp" 1
"E:/Documents/SIKAT OJT/Game Project/Project/ProjectLumina/Content/Structure/ST_Question.uasset" 2
"E:/Documents/SIKAT OJT/Game Project/Project/ProjectLumina/Content/Structure/ST_Question.uexp" 3
"E:/Documents/SIKAT OJT/Game Project/Project/ProjectLumina/Content/DP_SampleQnATable.uasset" 4
"E:/Documents/SIKAT OJT/Game Project/Project/ProjectLumina/Content/DP_SampleQnATable.uexp" 5
"E:/Documents/SIKAT OJT/Game Project/Project/ProjectLumina/Content/DP_SampleFillBlanksTable.uasset" 6
"E:/Documents/SIKAT OJT/Game Project/Project/ProjectLumina/Content/DP_SampleFillBlanksTable.uexp" 7
"E:/Documents/SIKAT OJT/Game Project/Project/ProjectLumina/Content/References/ConceptGameplay_FillBlanks.uasset" 8
"E:/Documents/SIKAT OJT/Game Project/Project/ProjectLumina/Content/References/ConceptGameplay_FillBlanks.uexp" 9
"E:/Documents/SIKAT OJT/Game Project/Project/ProjectLumina/Content/Assets/UI/Gameplay/ProblemMatching/Border_AnswerSlot.uasset" 10
"E:/Documents/SIKAT OJT/Game Project/Project/ProjectLumina/Content/Assets/UI/Gameplay/ProblemMatching/Border_AnswerSlot.uexp" 11
"E:/Documents/SIKAT OJT/Game Project/Project/ProjectLumina/Content/Assets/Fonts/PassionOne-Regular.uasset" 12
"E:/Documents/SIKAT OJT/Game Project/Project/ProjectLumina/Content/Assets/Fonts/PassionOne-Regular.uexp" 13
"E:/Documents/SIKAT OJT/Game Project/Project/ProjectLumina/Content/Assets/Fonts/PassionOne-Regular.ufont" 14
"E:/Documents/SIKAT OJT/Game Project/Project/ProjectLumina/Content/Assets/Fonts/PassionOne-Regular_Font.uasset" 15
"E:/Documents/SIKAT OJT/Game Project/Project/ProjectLumina/Content/Assets/Fonts/PassionOne-Regular_Font.uexp" 16
"E:/Documents/SIKAT OJT/Game Project/Project/ProjectLumina/Content/Blueprints/Widgets/Gameplay/ProblemMatcing/WG_PM-DragVisual.uasset" 17
"E:/Documents/SIKAT OJT/Game Project/Project/ProjectLumina/Content/Blueprints/Widgets/Gameplay/ProblemMatcing/WG_PM-DragVisual.uexp" 18
"E:/Documents/SIKAT OJT/Game Project/Project/ProjectLumina/Content/Blueprints/Widgets/Gameplay/ProblemMatcing/BP_PM-DragOperation.uasset" 19
"E:/Documents/SIKAT OJT/Game Project/Project/ProjectLumina/Content/Blueprints/Widgets/Gameplay/ProblemMatcing/BP_PM-DragOperation.uexp" 20
"E:/Documents/SIKAT OJT/Game Project/Project/ProjectLumina/Content/Assets/UI/Gameplay/ProblemMatching/Border_AnswerSlotPressed.uasset" 21
"E:/Documents/SIKAT OJT/Game Project/Project/ProjectLumina/Content/Assets/UI/Gameplay/ProblemMatching/Border_AnswerSlotPressed.uexp" 22
"E:/Documents/SIKAT OJT/Game Project/Project/ProjectLumina/Content/Blueprints/Widgets/Gameplay/ProblemMatcing/WG_PM-DraggableButton.uasset" 23
"E:/Documents/SIKAT OJT/Game Project/Project/ProjectLumina/Content/Blueprints/Widgets/Gameplay/ProblemMatcing/WG_PM-DraggableButton.uexp" 24
"E:/Documents/SIKAT OJT/Game Project/Project/ProjectLumina/Content/Assets/UI/Gameplay/Icon/ICON_PMQuestionNum.uasset" 25
"E:/Documents/SIKAT OJT/Game Project/Project/ProjectLumina/Content/Assets/UI/Gameplay/Icon/ICON_PMQuestionNum.uexp" 26
"E:/Documents/SIKAT OJT/Game Project/Project/ProjectLumina/Content/Blueprints/Widgets/Gameplay/ProblemMatcing/WG_PMAnswerSlot.uasset" 27
"E:/Documents/SIKAT OJT/Game Project/Project/ProjectLumina/Content/Blueprints/Widgets/Gameplay/ProblemMatcing/WG_PMAnswerSlot.uexp" 28
"E:/Documents/SIKAT OJT/Game Project/Project/ProjectLumina/Content/Assets/UI/Gameplay/ProblemMatching/Border_Problem.uasset" 29
"E:/Documents/SIKAT OJT/Game Project/Project/ProjectLumina/Content/Assets/UI/Gameplay/ProblemMatching/Border_Problem.uexp" 30
"E:/Documents/SIKAT OJT/Game Project/Project/ProjectLumina/Content/Blueprints/Widgets/Gameplay/ProblemMatcing/WG_PM-Problem.uasset" 31
"E:/Documents/SIKAT OJT/Game Project/Project/ProjectLumina/Content/Blueprints/Widgets/Gameplay/ProblemMatcing/WG_PM-Problem.uexp" 32
"E:/Documents/SIKAT OJT/Game Project/Project/ProjectLumina/Content/Assets/UI/Gameplay/Icon/ICON_PMQuestionNumPressed.uasset" 33
"E:/Documents/SIKAT OJT/Game Project/Project/ProjectLumina/Content/Assets/UI/Gameplay/Icon/ICON_PMQuestionNumPressed.uexp" 34
"E:/Documents/SIKAT OJT/Game Project/Project/ProjectLumina/Content/Blueprints/Widgets/Gameplay/ProblemMatcing/WG_PM-Answer.uasset" 35
"E:/Documents/SIKAT OJT/Game Project/Project/ProjectLumina/Content/Blueprints/Widgets/Gameplay/ProblemMatcing/WG_PM-Answer.uexp" 36
"E:/Documents/SIKAT OJT/Game Project/Project/ProjectLumina/Content/Assets/UI/Gameplay/FillBlanks/DragItem_BorderNoShadow.uasset" 37
"E:/Documents/SIKAT OJT/Game Project/Project/ProjectLumina/Content/Assets/UI/Gameplay/FillBlanks/DragItem_BorderNoShadow.uexp" 38
"E:/Documents/SIKAT OJT/Game Project/Project/ProjectLumina/Content/Blueprints/Widgets/Gameplay/FillBlanks/Drag/WBP_DragVisual.uasset" 39
"E:/Documents/SIKAT OJT/Game Project/Project/ProjectLumina/Content/Blueprints/Widgets/Gameplay/FillBlanks/Drag/WBP_DragVisual.uexp" 40
"E:/Documents/SIKAT OJT/Game Project/Project/ProjectLumina/Content/Blueprints/Widgets/Gameplay/FillBlanks/Drag/BP_DragOperation.uasset" 41
"E:/Documents/SIKAT OJT/Game Project/Project/ProjectLumina/Content/Blueprints/Widgets/Gameplay/FillBlanks/Drag/BP_DragOperation.uexp" 42
"E:/Documents/SIKAT OJT/Game Project/Project/ProjectLumina/Content/Assets/UI/Gameplay/FillBlanks/DragItem_Border.uasset" 43
"E:/Documents/SIKAT OJT/Game Project/Project/ProjectLumina/Content/Assets/UI/Gameplay/FillBlanks/DragItem_Border.uexp" 44
"E:/Documents/SIKAT OJT/Game Project/Project/ProjectLumina/Content/Blueprints/Widgets/Gameplay/FillBlanks/Drag/WBP_DraggableButton.uasset" 45
"E:/Documents/SIKAT OJT/Game Project/Project/ProjectLumina/Content/Blueprints/Widgets/Gameplay/FillBlanks/Drag/WBP_DraggableButton.uexp" 46
"E:/Documents/SIKAT OJT/Game Project/Project/ProjectLumina/Content/Assets/UI/Gameplay/Indicator/UI_IndicatorBorderAlt.uasset" 47
"E:/Documents/SIKAT OJT/Game Project/Project/ProjectLumina/Content/Assets/UI/Gameplay/Indicator/UI_IndicatorBorderAlt.uexp" 48
"E:/Documents/SIKAT OJT/Game Project/Project/ProjectLumina/Content/Assets/UI/Gameplay/Indicator/UI_IndicatorBorder.uasset" 49
"E:/Documents/SIKAT OJT/Game Project/Project/ProjectLumina/Content/Assets/UI/Gameplay/Indicator/UI_IndicatorBorder.uexp" 50
"E:/Documents/SIKAT OJT/Game Project/Project/ProjectLumina/Content/Blueprints/Widgets/Gameplay/FillBlanks/Drag/WBP_TextBox.uasset" 51
"E:/Documents/SIKAT OJT/Game Project/Project/ProjectLumina/Content/Blueprints/Widgets/Gameplay/FillBlanks/Drag/WBP_TextBox.uexp" 52
"E:/Documents/SIKAT OJT/Game Project/Project/ProjectLumina/Content/Assets/UI/Settings/Settings_FPSButtonSelected.uasset" 53
"E:/Documents/SIKAT OJT/Game Project/Project/ProjectLumina/Content/Assets/UI/Settings/Settings_FPSButtonSelected.uexp" 54
"E:/Documents/SIKAT OJT/Game Project/Project/ProjectLumina/Content/Assets/UI/Settings/Settings_FPSButton.uasset" 55
"E:/Documents/SIKAT OJT/Game Project/Project/ProjectLumina/Content/Assets/UI/Settings/Settings_FPSButton.uexp" 56
"E:/Documents/SIKAT OJT/Game Project/Project/ProjectLumina/Content/Blueprints/Enum/Enum_Framerate.uasset" 57
"E:/Documents/SIKAT OJT/Game Project/Project/ProjectLumina/Content/Blueprints/Enum/Enum_Framerate.uexp" 58
"E:/Documents/SIKAT OJT/Game Project/Project/ProjectLumina/Content/Blueprints/Enum/Enum_CurrentChapterFinished.uasset" 59
"E:/Documents/SIKAT OJT/Game Project/Project/ProjectLumina/Content/Blueprints/Enum/Enum_CurrentChapterFinished.uexp" 60
"E:/Documents/SIKAT OJT/Game Project/Project/ProjectLumina/Content/Blueprints/SaveGame/BP_SaveGame.uasset" 61
"E:/Documents/SIKAT OJT/Game Project/Project/ProjectLumina/Content/Blueprints/SaveGame/BP_SaveGame.uexp" 62
"E:/Documents/SIKAT OJT/Game Project/Project/ProjectLumina/Content/Blueprints/Sound/SM_MasterMix.uasset" 63
"E:/Documents/SIKAT OJT/Game Project/Project/ProjectLumina/Content/Blueprints/Sound/SM_MasterMix.uexp" 64
"E:/Documents/SIKAT OJT/Game Project/Project/ProjectLumina/Content/Blueprints/Enum/Enum_GameMode.uasset" 65
"E:/Documents/SIKAT OJT/Game Project/Project/ProjectLumina/Content/Blueprints/Enum/Enum_GameMode.uexp" 66
"E:/Documents/SIKAT OJT/Game Project/Project/ProjectLumina/Content/Blueprints/Enum/Enum_SavedSlotPicked.uasset" 67
"E:/Documents/SIKAT OJT/Game Project/Project/ProjectLumina/Content/Blueprints/Enum/Enum_SavedSlotPicked.uexp" 68
"E:/Documents/SIKAT OJT/Game Project/Project/ProjectLumina/Content/Blueprints/Sound/SC_Music.uasset" 69
"E:/Documents/SIKAT OJT/Game Project/Project/ProjectLumina/Content/Blueprints/Sound/SC_Music.uexp" 70
"E:/Documents/SIKAT OJT/Game Project/Project/ProjectLumina/Content/Blueprints/Sound/SC_Master.uasset" 71
"E:/Documents/SIKAT OJT/Game Project/Project/ProjectLumina/Content/Blueprints/Sound/SC_Master.uexp" 72
"E:/Documents/SIKAT OJT/Game Project/Project/ProjectLumina/Content/Blueprints/Sound/SC_SFX.uasset" 73
"E:/Documents/SIKAT OJT/Game Project/Project/ProjectLumina/Content/Blueprints/Sound/SC_SFX.uexp" 74
"E:/Documents/SIKAT OJT/Game Project/Project/ProjectLumina/Content/Blueprints/GameInstance/BP_GameInst.uasset" 75
"E:/Documents/SIKAT OJT/Game Project/Project/ProjectLumina/Content/Blueprints/GameInstance/BP_GameInst.uexp" 76
"E:/Documents/SIKAT OJT/Game Project/Project/ProjectLumina/Content/Assets/UI/HUD/UI_RequirementCounter.uasset" 77
"E:/Documents/SIKAT OJT/Game Project/Project/ProjectLumina/Content/Assets/UI/HUD/UI_RequirementCounter.uexp" 78
"E:/Documents/SIKAT OJT/Game Project/Project/ProjectLumina/Content/Assets/UI/Gameplay/Intro/IntroBox.uasset" 79
"E:/Documents/SIKAT OJT/Game Project/Project/ProjectLumina/Content/Assets/UI/Gameplay/Intro/IntroBox.uexp" 80
"E:/Documents/SIKAT OJT/Game Project/Project/ProjectLumina/Content/Assets/Audio/FX/button.uasset" 81
"E:/Documents/SIKAT OJT/Game Project/Project/ProjectLumina/Content/Assets/Audio/FX/button.uexp" 82
"E:/Documents/SIKAT OJT/Game Project/Project/ProjectLumina/Content/Blueprints/Widgets/PopUps/UI_InputName.uasset" 83
"E:/Documents/SIKAT OJT/Game Project/Project/ProjectLumina/Content/Blueprints/Widgets/PopUps/UI_InputName.uexp" 84
"E:/Documents/SIKAT OJT/Game Project/Project/ProjectLumina/Content/Blueprints/Enum/Enum_GameplayOutroState.uasset" 85
"E:/Documents/SIKAT OJT/Game Project/Project/ProjectLumina/Content/Blueprints/Enum/Enum_GameplayOutroState.uexp" 86
"E:/Documents/SIKAT OJT/Game Project/Project/ProjectLumina/Content/Blueprints/Widgets/Transitions/UI_Transition.uasset" 87
"E:/Documents/SIKAT OJT/Game Project/Project/ProjectLumina/Content/Blueprints/Widgets/Transitions/UI_Transition.uexp" 88
"E:/Documents/SIKAT OJT/Game Project/Project/ProjectLumina/Content/Assets/UI/Gameplay/Intro/Icons/ICON_Validation.uasset" 89
"E:/Documents/SIKAT OJT/Game Project/Project/ProjectLumina/Content/Assets/UI/Gameplay/Intro/Icons/ICON_Validation.uexp" 90
"E:/Documents/SIKAT OJT/Game Project/Project/ProjectLumina/Content/Assets/UI/Gameplay/Intro/Icons/ICON_Validation.ubulk" 91
"E:/Documents/SIKAT OJT/Game Project/Project/ProjectLumina/Content/Assets/UI/Gameplay/Intro/Icons/ICON_Pitching.uasset" 92
"E:/Documents/SIKAT OJT/Game Project/Project/ProjectLumina/Content/Assets/UI/Gameplay/Intro/Icons/ICON_Pitching.uexp" 93
"E:/Documents/SIKAT OJT/Game Project/Project/ProjectLumina/Content/Assets/UI/Gameplay/Intro/Icons/ICON_Pitching.ubulk" 94
"E:/Documents/SIKAT OJT/Game Project/Project/ProjectLumina/Content/Assets/UI/Gameplay/Intro/Icons/ICON_Investors.uasset" 95
"E:/Documents/SIKAT OJT/Game Project/Project/ProjectLumina/Content/Assets/UI/Gameplay/Intro/Icons/ICON_Investors.uexp" 96
"E:/Documents/SIKAT OJT/Game Project/Project/ProjectLumina/Content/Assets/UI/Gameplay/Intro/Icons/ICON_Investors.ubulk" 97
"E:/Documents/SIKAT OJT/Game Project/Project/ProjectLumina/Content/Assets/UI/Gameplay/Intro/Icons/ICON_Ideation.uasset" 98
"E:/Documents/SIKAT OJT/Game Project/Project/ProjectLumina/Content/Assets/UI/Gameplay/Intro/Icons/ICON_Ideation.uexp" 99
"E:/Documents/SIKAT OJT/Game Project/Project/ProjectLumina/Content/Assets/UI/Gameplay/Intro/Icons/ICON_Ideation.ubulk" 100
"E:/Documents/SIKAT OJT/Game Project/Project/ProjectLumina/Content/Assets/UI/Gameplay/Intro/Icons/ICON_Growth.uasset" 101
"E:/Documents/SIKAT OJT/Game Project/Project/ProjectLumina/Content/Assets/UI/Gameplay/Intro/Icons/ICON_Growth.uexp" 102
"E:/Documents/SIKAT OJT/Game Project/Project/ProjectLumina/Content/Assets/UI/Gameplay/Intro/Icons/ICON_Growth.ubulk" 103
"E:/Documents/SIKAT OJT/Game Project/Project/ProjectLumina/Content/Assets/UI/Gameplay/Intro/Icons/ICON_EarlyTraction.uasset" 104
"E:/Documents/SIKAT OJT/Game Project/Project/ProjectLumina/Content/Assets/UI/Gameplay/Intro/Icons/ICON_EarlyTraction.uexp" 105
"E:/Documents/SIKAT OJT/Game Project/Project/ProjectLumina/Content/Assets/UI/Gameplay/Intro/Icons/ICON_EarlyTraction.ubulk" 106
"E:/Documents/SIKAT OJT/Game Project/Project/ProjectLumina/Content/Assets/UI/Gameplay/Intro/NPC_PortraitPlaceholder.uasset" 107
"E:/Documents/SIKAT OJT/Game Project/Project/ProjectLumina/Content/Assets/UI/Gameplay/Intro/NPC_PortraitPlaceholder.uexp" 108
"E:/Documents/SIKAT OJT/Game Project/Project/ProjectLumina/Content/Assets/Placeholders/Background/PH_CityBackground.uasset" 109
"E:/Documents/SIKAT OJT/Game Project/Project/ProjectLumina/Content/Assets/Placeholders/Background/PH_CityBackground.uexp" 110
"E:/Documents/SIKAT OJT/Game Project/Project/ProjectLumina/Content/Assets/Fonts/PassionOne-Bold.uasset" 111
"E:/Documents/SIKAT OJT/Game Project/Project/ProjectLumina/Content/Assets/Fonts/PassionOne-Bold.uexp" 112
"E:/Documents/SIKAT OJT/Game Project/Project/ProjectLumina/Content/Assets/Fonts/PassionOne-Bold.ufont" 113
"E:/Documents/SIKAT OJT/Game Project/Project/ProjectLumina/Content/Assets/Fonts/PassionOne-Bold_Font.uasset" 114
"E:/Documents/SIKAT OJT/Game Project/Project/ProjectLumina/Content/Assets/Fonts/PassionOne-Bold_Font.uexp" 115
"E:/Documents/SIKAT OJT/Game Project/Project/ProjectLumina/Content/Assets/Audio/Music/SondangSirait419__Pixabay_/Quiz_Game.uasset" 116
"E:/Documents/SIKAT OJT/Game Project/Project/ProjectLumina/Content/Assets/Audio/Music/SondangSirait419__Pixabay_/Quiz_Game.uexp" 117
"E:/Documents/SIKAT OJT/Game Project/Project/ProjectLumina/Content/Assets/Audio/FX/countscore.uasset" 118
"E:/Documents/SIKAT OJT/Game Project/Project/ProjectLumina/Content/Assets/Audio/FX/countscore.uexp" 119
"E:/Documents/SIKAT OJT/Game Project/Project/ProjectLumina/Content/Assets/Audio/FX/countdown.uasset" 120
"E:/Documents/SIKAT OJT/Game Project/Project/ProjectLumina/Content/Assets/Audio/FX/countdown.uexp" 121
"E:/Documents/SIKAT OJT/Game Project/Project/ProjectLumina/Content/Assets/Audio/FX/correctgameplay.uasset" 122
"E:/Documents/SIKAT OJT/Game Project/Project/ProjectLumina/Content/Assets/Audio/FX/correctgameplay.uexp" 123
"../../../Engine/Content/Functions/Engine_MaterialFunctions01/Density/ExponentialDensity.uasset" 124
"../../../Engine/Content/Functions/Engine_MaterialFunctions01/Density/ExponentialDensity.uexp" 125
"../../../Engine/Content/Functions/Engine_MaterialFunctions01/Gradient/RadialGradientExponential.uasset" 126
"../../../Engine/Content/Functions/Engine_MaterialFunctions01/Gradient/RadialGradientExponential.uexp" 127
"E:/Documents/SIKAT OJT/Game Project/Project/ProjectLumina/Content/TopDownBP/Blueprints/M_Cursor_Decal.uasset" 128
"E:/Documents/SIKAT OJT/Game Project/Project/ProjectLumina/Content/TopDownBP/Blueprints/M_Cursor_Decal.uexp" 129
"E:/Documents/SIKAT OJT/Game Project/Project/ProjectLumina/Content/Mannequin/Character/Mesh/SK_Mannequin_PhysicsAsset.uasset" 130
"E:/Documents/SIKAT OJT/Game Project/Project/ProjectLumina/Content/Mannequin/Character/Mesh/SK_Mannequin_PhysicsAsset.uexp" 131
"E:/Documents/SIKAT OJT/Game Project/Project/ProjectLumina/Content/Mannequin/Character/Textures/T_UE4Logo_N.uasset" 132
"E:/Documents/SIKAT OJT/Game Project/Project/ProjectLumina/Content/Mannequin/Character/Textures/T_UE4Logo_N.uexp" 133
"E:/Documents/SIKAT OJT/Game Project/Project/ProjectLumina/Content/Mannequin/Character/Textures/T_UE4Logo_N.ubulk" 134
"E:/Documents/SIKAT OJT/Game Project/Project/ProjectLumina/Content/Mannequin/Character/Textures/T_UE4Logo_Mask.uasset" 135
"E:/Documents/SIKAT OJT/Game Project/Project/ProjectLumina/Content/Mannequin/Character/Textures/T_UE4Logo_Mask.uexp" 136
"E:/Documents/SIKAT OJT/Game Project/Project/ProjectLumina/Content/Mannequin/Character/Textures/T_UE4Logo_Mask.ubulk" 137
"E:/Documents/SIKAT OJT/Game Project/Project/ProjectLumina/Content/Mannequin/Character/Textures/T_Male_N.uasset" 138
"E:/Documents/SIKAT OJT/Game Project/Project/ProjectLumina/Content/Mannequin/Character/Textures/T_Male_N.uexp" 139
"E:/Documents/SIKAT OJT/Game Project/Project/ProjectLumina/Content/Mannequin/Character/Textures/T_Male_N.ubulk" 140
"E:/Documents/SIKAT OJT/Game Project/Project/ProjectLumina/Content/Mannequin/Character/Textures/T_Male_Mask.uasset" 141
"E:/Documents/SIKAT OJT/Game Project/Project/ProjectLumina/Content/Mannequin/Character/Textures/T_Male_Mask.uexp" 142
"E:/Documents/SIKAT OJT/Game Project/Project/ProjectLumina/Content/Mannequin/Character/Textures/T_Male_Mask.ubulk" 143
"E:/Documents/SIKAT OJT/Game Project/Project/ProjectLumina/Content/Mannequin/Character/Materials/MaterialLayers/T_ML_Rubber_Blue_01_N.uasset" 144
"E:/Documents/SIKAT OJT/Game Project/Project/ProjectLumina/Content/Mannequin/Character/Materials/MaterialLayers/T_ML_Rubber_Blue_01_N.uexp" 145
"E:/Documents/SIKAT OJT/Game Project/Project/ProjectLumina/Content/Mannequin/Character/Materials/MaterialLayers/T_ML_Rubber_Blue_01_N.ubulk" 146
"E:/Documents/SIKAT OJT/Game Project/Project/ProjectLumina/Content/Mannequin/Character/Materials/MaterialLayers/T_ML_Rubber_Blue_01_D.uasset" 147
"E:/Documents/SIKAT OJT/Game Project/Project/ProjectLumina/Content/Mannequin/Character/Materials/MaterialLayers/T_ML_Rubber_Blue_01_D.uexp" 148
"E:/Documents/SIKAT OJT/Game Project/Project/ProjectLumina/Content/Mannequin/Character/Materials/MaterialLayers/T_ML_Rubber_Blue_01_D.ubulk" 149
"E:/Documents/SIKAT OJT/Game Project/Project/ProjectLumina/Content/Mannequin/Character/Materials/MaterialLayers/T_ML_Aluminum01_N.uasset" 150
"E:/Documents/SIKAT OJT/Game Project/Project/ProjectLumina/Content/Mannequin/Character/Materials/MaterialLayers/T_ML_Aluminum01_N.uexp" 151
"E:/Documents/SIKAT OJT/Game Project/Project/ProjectLumina/Content/Mannequin/Character/Materials/MaterialLayers/T_ML_Aluminum01_N.ubulk" 152
"E:/Documents/SIKAT OJT/Game Project/Project/ProjectLumina/Content/Mannequin/Character/Materials/MaterialLayers/T_ML_Aluminum01.uasset" 153
"E:/Documents/SIKAT OJT/Game Project/Project/ProjectLumina/Content/Mannequin/Character/Materials/MaterialLayers/T_ML_Aluminum01.uexp" 154
"E:/Documents/SIKAT OJT/Game Project/Project/ProjectLumina/Content/Mannequin/Character/Materials/MaterialLayers/T_ML_Aluminum01.ubulk" 155
"E:/Documents/SIKAT OJT/Game Project/Project/ProjectLumina/Content/Mannequin/Character/Materials/MaterialLayers/ML_SoftMetal_UE4.uasset" 156
"E:/Documents/SIKAT OJT/Game Project/Project/ProjectLumina/Content/Mannequin/Character/Materials/MaterialLayers/ML_SoftMetal_UE4.uexp" 157
"E:/Documents/SIKAT OJT/Game Project/Project/ProjectLumina/Content/Mannequin/Character/Materials/MaterialLayers/ML_Plastic_Shiny_Beige_LOGO.uasset" 158
"E:/Documents/SIKAT OJT/Game Project/Project/ProjectLumina/Content/Mannequin/Character/Materials/MaterialLayers/ML_Plastic_Shiny_Beige_LOGO.uexp" 159
"E:/Documents/SIKAT OJT/Game Project/Project/ProjectLumina/Content/Mannequin/Character/Materials/MaterialLayers/ML_Plastic_Shiny_Beige.uasset" 160
"E:/Documents/SIKAT OJT/Game Project/Project/ProjectLumina/Content/Mannequin/Character/Materials/MaterialLayers/ML_Plastic_Shiny_Beige.uexp" 161
"E:/Documents/SIKAT OJT/Game Project/Project/ProjectLumina/Content/Mannequin/Character/Materials/MaterialLayers/ML_GlossyBlack_Latex_UE4.uasset" 162
"E:/Documents/SIKAT OJT/Game Project/Project/ProjectLumina/Content/Mannequin/Character/Materials/MaterialLayers/ML_GlossyBlack_Latex_UE4.uexp" 163
"../../../Engine/Content/Functions/MaterialLayerFunctions/MatLayerBlend_Simple.uasset" 164
"../../../Engine/Content/Functions/MaterialLayerFunctions/MatLayerBlend_Simple.uexp" 165
"../../../Engine/Content/Functions/Engine_MaterialFunctions02/Utility/BlendAngleCorrectedNormals.uasset" 166
"../../../Engine/Content/Functions/Engine_MaterialFunctions02/Utility/BlendAngleCorrectedNormals.uexp" 167
"../../../Engine/Content/Functions/MaterialLayerFunctions/MatLayerBlend_NormalBlend.uasset" 168
"../../../Engine/Content/Functions/MaterialLayerFunctions/MatLayerBlend_NormalBlend.uexp" 169
"E:/Documents/SIKAT OJT/Game Project/Project/ProjectLumina/Content/Mannequin/Character/Materials/M_Male_Body.uasset" 170
"E:/Documents/SIKAT OJT/Game Project/Project/ProjectLumina/Content/Mannequin/Character/Materials/M_Male_Body.uexp" 171
"E:/Documents/SIKAT OJT/Game Project/Project/ProjectLumina/Content/Mannequin/Character/Materials/M_UE4Man_ChestLogo.uasset" 172
"E:/Documents/SIKAT OJT/Game Project/Project/ProjectLumina/Content/Mannequin/Character/Materials/M_UE4Man_ChestLogo.uexp" 173
"E:/Documents/SIKAT OJT/Game Project/Project/ProjectLumina/Content/Mannequin/Character/Mesh/UE4_Mannequin_Skeleton.uasset" 174
"E:/Documents/SIKAT OJT/Game Project/Project/ProjectLumina/Content/Mannequin/Character/Mesh/UE4_Mannequin_Skeleton.uexp" 175
"E:/Documents/SIKAT OJT/Game Project/Project/ProjectLumina/Content/Mannequin/Character/Mesh/SK_Mannequin.uasset" 176
"E:/Documents/SIKAT OJT/Game Project/Project/ProjectLumina/Content/Mannequin/Character/Mesh/SK_Mannequin.uexp" 177
"E:/Documents/SIKAT OJT/Game Project/Project/ProjectLumina/Content/Mannequin/Animations/ThirdPersonWalk.uasset" 178
"E:/Documents/SIKAT OJT/Game Project/Project/ProjectLumina/Content/Mannequin/Animations/ThirdPersonWalk.uexp" 179
"E:/Documents/SIKAT OJT/Game Project/Project/ProjectLumina/Content/Mannequin/Animations/ThirdPersonRun.uasset" 180
"E:/Documents/SIKAT OJT/Game Project/Project/ProjectLumina/Content/Mannequin/Animations/ThirdPersonRun.uexp" 181
"E:/Documents/SIKAT OJT/Game Project/Project/ProjectLumina/Content/Mannequin/Animations/ThirdPersonIdle.uasset" 182
"E:/Documents/SIKAT OJT/Game Project/Project/ProjectLumina/Content/Mannequin/Animations/ThirdPersonIdle.uexp" 183
"E:/Documents/SIKAT OJT/Game Project/Project/ProjectLumina/Content/Mannequin/Animations/ThirdPerson_IdleRun_2D.uasset" 184
"E:/Documents/SIKAT OJT/Game Project/Project/ProjectLumina/Content/Mannequin/Animations/ThirdPerson_IdleRun_2D.uexp" 185
"E:/Documents/SIKAT OJT/Game Project/Project/ProjectLumina/Content/Mannequin/Animations/ThirdPerson_Jump.uasset" 186
"E:/Documents/SIKAT OJT/Game Project/Project/ProjectLumina/Content/Mannequin/Animations/ThirdPerson_Jump.uexp" 187
"E:/Documents/SIKAT OJT/Game Project/Project/ProjectLumina/Content/Mannequin/Animations/ThirdPersonJump_Start.uasset" 188
"E:/Documents/SIKAT OJT/Game Project/Project/ProjectLumina/Content/Mannequin/Animations/ThirdPersonJump_Start.uexp" 189
"E:/Documents/SIKAT OJT/Game Project/Project/ProjectLumina/Content/Mannequin/Animations/ThirdPersonJump_Loop.uasset" 190
"E:/Documents/SIKAT OJT/Game Project/Project/ProjectLumina/Content/Mannequin/Animations/ThirdPersonJump_Loop.uexp" 191
"E:/Documents/SIKAT OJT/Game Project/Project/ProjectLumina/Content/Mannequin/Animations/ThirdPerson_AnimBP.uasset" 192
"E:/Documents/SIKAT OJT/Game Project/Project/ProjectLumina/Content/Mannequin/Animations/ThirdPerson_AnimBP.uexp" 193
"E:/Documents/SIKAT OJT/Game Project/Project/ProjectLumina/Content/Assets/UI/Tutorial/Contents/Story/Dialogue/Content_Dialogue.uasset" 194
"E:/Documents/SIKAT OJT/Game Project/Project/ProjectLumina/Content/Assets/UI/Tutorial/Contents/Story/Dialogue/Content_Dialogue.uexp" 195
"E:/Documents/SIKAT OJT/Game Project/Project/ProjectLumina/Content/Assets/UI/Tutorial/TT_TutorialScreenTitle.uasset" 196
"E:/Documents/SIKAT OJT/Game Project/Project/ProjectLumina/Content/Assets/UI/Tutorial/TT_TutorialScreenTitle.uexp" 197
"E:/Documents/SIKAT OJT/Game Project/Project/ProjectLumina/Content/Assets/UI/Buttons/BTN_BackPressed.uasset" 198
"E:/Documents/SIKAT OJT/Game Project/Project/ProjectLumina/Content/Assets/UI/Buttons/BTN_BackPressed.uexp" 199
"E:/Documents/SIKAT OJT/Game Project/Project/ProjectLumina/Content/Assets/UI/Buttons/BTN_Back.uasset" 200
"E:/Documents/SIKAT OJT/Game Project/Project/ProjectLumina/Content/Assets/UI/Buttons/BTN_Back.uexp" 201
"E:/Documents/SIKAT OJT/Game Project/Project/ProjectLumina/Content/Blueprints/Widgets/Tutorial/Screens/Story/WG_Story-Dialogues.uasset" 202
"E:/Documents/SIKAT OJT/Game Project/Project/ProjectLumina/Content/Blueprints/Widgets/Tutorial/Screens/Story/WG_Story-Dialogues.uexp" 203
"E:/Documents/SIKAT OJT/Game Project/Project/ProjectLumina/Content/Assets/UI/Tutorial/Contents/Story/Choices/Content_Choices.uasset" 204
"E:/Documents/SIKAT OJT/Game Project/Project/ProjectLumina/Content/Assets/UI/Tutorial/Contents/Story/Choices/Content_Choices.uexp" 205
"E:/Documents/SIKAT OJT/Game Project/Project/ProjectLumina/Content/Blueprints/Widgets/Tutorial/Screens/Story/WG_Story-Choices.uasset" 206
"E:/Documents/SIKAT OJT/Game Project/Project/ProjectLumina/Content/Blueprints/Widgets/Tutorial/Screens/Story/WG_Story-Choices.uexp" 207
"E:/Documents/SIKAT OJT/Game Project/Project/ProjectLumina/Content/Assets/UI/Tutorial/Contents/Story/Chapter_Selection/Content_ChapterSelection2.uasset" 208
"E:/Documents/SIKAT OJT/Game Project/Project/ProjectLumina/Content/Assets/UI/Tutorial/Contents/Story/Chapter_Selection/Content_ChapterSelection2.uexp" 209
"E:/Documents/SIKAT OJT/Game Project/Project/ProjectLumina/Content/Assets/UI/Tutorial/Contents/Story/Chapter_Selection/Content_ChapterSelection1.uasset" 210
"E:/Documents/SIKAT OJT/Game Project/Project/ProjectLumina/Content/Assets/UI/Tutorial/Contents/Story/Chapter_Selection/Content_ChapterSelection1.uexp" 211
"E:/Documents/SIKAT OJT/Game Project/Project/ProjectLumina/Content/Assets/UI/Tutorial/Buttons/BTN_SwitchPagesPressed.uasset" 212
"E:/Documents/SIKAT OJT/Game Project/Project/ProjectLumina/Content/Assets/UI/Tutorial/Buttons/BTN_SwitchPagesPressed.uexp" 213
"E:/Documents/SIKAT OJT/Game Project/Project/ProjectLumina/Content/Assets/UI/Tutorial/Buttons/BTN_SwitchPages.uasset" 214
"E:/Documents/SIKAT OJT/Game Project/Project/ProjectLumina/Content/Assets/UI/Tutorial/Buttons/BTN_SwitchPages.uexp" 215
"E:/Documents/SIKAT OJT/Game Project/Project/ProjectLumina/Content/Blueprints/Widgets/Tutorial/Screens/Story/WG_Story-ChapterSelection.uasset" 216
"E:/Documents/SIKAT OJT/Game Project/Project/ProjectLumina/Content/Blueprints/Widgets/Tutorial/Screens/Story/WG_Story-ChapterSelection.uexp" 217
"E:/Documents/SIKAT OJT/Game Project/Project/ProjectLumina/Content/Assets/UI/Tutorial/Contents/Progression/Money_and_Requirements/Content_MoneyAndRequirements2.uasset" 218
"E:/Documents/SIKAT OJT/Game Project/Project/ProjectLumina/Content/Assets/UI/Tutorial/Contents/Progression/Money_and_Requirements/Content_MoneyAndRequirements2.uexp" 219
"E:/Documents/SIKAT OJT/Game Project/Project/ProjectLumina/Content/Assets/UI/Tutorial/Contents/Progression/Money_and_Requirements/Content_MoneyAndRequirements1.uasset" 220
"E:/Documents/SIKAT OJT/Game Project/Project/ProjectLumina/Content/Assets/UI/Tutorial/Contents/Progression/Money_and_Requirements/Content_MoneyAndRequirements1.uexp" 221
"E:/Documents/SIKAT OJT/Game Project/Project/ProjectLumina/Content/Blueprints/Widgets/Tutorial/Screens/Progression/WG_Progression.uasset" 222
"E:/Documents/SIKAT OJT/Game Project/Project/ProjectLumina/Content/Blueprints/Widgets/Tutorial/Screens/Progression/WG_Progression.uexp" 223
"E:/Documents/SIKAT OJT/Game Project/Project/ProjectLumina/Content/Assets/UI/Tutorial/Contents/Gameplay/Time_and_Score/Content_TimeAndScore.uasset" 224
"E:/Documents/SIKAT OJT/Game Project/Project/ProjectLumina/Content/Assets/UI/Tutorial/Contents/Gameplay/Time_and_Score/Content_TimeAndScore.uexp" 225
"E:/Documents/SIKAT OJT/Game Project/Project/ProjectLumina/Content/Blueprints/Widgets/Tutorial/Screens/Gameplay/WG_Gameplay-TimerAndScore.uasset" 226
"E:/Documents/SIKAT OJT/Game Project/Project/ProjectLumina/Content/Blueprints/Widgets/Tutorial/Screens/Gameplay/WG_Gameplay-TimerAndScore.uexp" 227
"E:/Documents/SIKAT OJT/Game Project/Project/ProjectLumina/Content/Assets/UI/Tutorial/Contents/Gameplay/Main_Gameplay_Overview/Concept_MainGameplayOverview.uasset" 228
"E:/Documents/SIKAT OJT/Game Project/Project/ProjectLumina/Content/Assets/UI/Tutorial/Contents/Gameplay/Main_Gameplay_Overview/Concept_MainGameplayOverview.uexp" 229
"E:/Documents/SIKAT OJT/Game Project/Project/ProjectLumina/Content/Blueprints/Widgets/Tutorial/Screens/Gameplay/WG_Gameplay-Overview.uasset" 230
"E:/Documents/SIKAT OJT/Game Project/Project/ProjectLumina/Content/Blueprints/Widgets/Tutorial/Screens/Gameplay/WG_Gameplay-Overview.uexp" 231
"E:/Documents/SIKAT OJT/Game Project/Project/ProjectLumina/Content/Assets/UI/Tutorial/Contents/Gameplay/Multiple_Choice/Content_MultipleChoice.uasset" 232
"E:/Documents/SIKAT OJT/Game Project/Project/ProjectLumina/Content/Assets/UI/Tutorial/Contents/Gameplay/Multiple_Choice/Content_MultipleChoice.uexp" 233
"E:/Documents/SIKAT OJT/Game Project/Project/ProjectLumina/Content/Blueprints/Widgets/Tutorial/Screens/Gameplay/WG_Gameplay-MultpleChoice.uasset" 234
"E:/Documents/SIKAT OJT/Game Project/Project/ProjectLumina/Content/Blueprints/Widgets/Tutorial/Screens/Gameplay/WG_Gameplay-MultpleChoice.uexp" 235
"E:/Documents/SIKAT OJT/Game Project/Project/ProjectLumina/Content/Assets/UI/Tutorial/Contents/Gameplay/MatchingProblem/Content_MatchingProblem4.uasset" 236
"E:/Documents/SIKAT OJT/Game Project/Project/ProjectLumina/Content/Assets/UI/Tutorial/Contents/Gameplay/MatchingProblem/Content_MatchingProblem4.uexp" 237
"E:/Documents/SIKAT OJT/Game Project/Project/ProjectLumina/Content/Assets/UI/Tutorial/Contents/Gameplay/MatchingProblem/Content_MatchingProblem3.uasset" 238
"E:/Documents/SIKAT OJT/Game Project/Project/ProjectLumina/Content/Assets/UI/Tutorial/Contents/Gameplay/MatchingProblem/Content_MatchingProblem3.uexp" 239
"E:/Documents/SIKAT OJT/Game Project/Project/ProjectLumina/Content/Assets/UI/Tutorial/Contents/Gameplay/MatchingProblem/Content_MatchingProblem2.uasset" 240
"E:/Documents/SIKAT OJT/Game Project/Project/ProjectLumina/Content/Assets/UI/Tutorial/Contents/Gameplay/MatchingProblem/Content_MatchingProblem2.uexp" 241
"E:/Documents/SIKAT OJT/Game Project/Project/ProjectLumina/Content/Assets/UI/Tutorial/Contents/Gameplay/MatchingProblem/Content_MatchingProblem1.uasset" 242
"E:/Documents/SIKAT OJT/Game Project/Project/ProjectLumina/Content/Assets/UI/Tutorial/Contents/Gameplay/MatchingProblem/Content_MatchingProblem1.uexp" 243
"E:/Documents/SIKAT OJT/Game Project/Project/ProjectLumina/Content/Blueprints/Widgets/Tutorial/Screens/Gameplay/WG_Gameplay-MatchingProblem.uasset" 244
"E:/Documents/SIKAT OJT/Game Project/Project/ProjectLumina/Content/Blueprints/Widgets/Tutorial/Screens/Gameplay/WG_Gameplay-MatchingProblem.uexp" 245
"E:/Documents/SIKAT OJT/Game Project/Project/ProjectLumina/Content/Assets/UI/Tutorial/Contents/Gameplay/Fill_in_the_Blanks/Content_FillBlanks4.uasset" 246
"E:/Documents/SIKAT OJT/Game Project/Project/ProjectLumina/Content/Assets/UI/Tutorial/Contents/Gameplay/Fill_in_the_Blanks/Content_FillBlanks4.uexp" 247
"E:/Documents/SIKAT OJT/Game Project/Project/ProjectLumina/Content/Assets/UI/Tutorial/Contents/Gameplay/Fill_in_the_Blanks/Content_FillBlanks3.uasset" 248
"E:/Documents/SIKAT OJT/Game Project/Project/ProjectLumina/Content/Assets/UI/Tutorial/Contents/Gameplay/Fill_in_the_Blanks/Content_FillBlanks3.uexp" 249
"E:/Documents/SIKAT OJT/Game Project/Project/ProjectLumina/Content/Assets/UI/Tutorial/Contents/Gameplay/Fill_in_the_Blanks/Content_FillBlanks2.uasset" 250
"E:/Documents/SIKAT OJT/Game Project/Project/ProjectLumina/Content/Assets/UI/Tutorial/Contents/Gameplay/Fill_in_the_Blanks/Content_FillBlanks2.uexp" 251
"E:/Documents/SIKAT OJT/Game Project/Project/ProjectLumina/Content/Assets/UI/Tutorial/Contents/Gameplay/Fill_in_the_Blanks/Content_FillBlanks1.uasset" 252
"E:/Documents/SIKAT OJT/Game Project/Project/ProjectLumina/Content/Assets/UI/Tutorial/Contents/Gameplay/Fill_in_the_Blanks/Content_FillBlanks1.uexp" 253
"E:/Documents/SIKAT OJT/Game Project/Project/ProjectLumina/Content/Blueprints/Widgets/Tutorial/Screens/Gameplay/WG_Gameplay-FillBlanks.uasset" 254
"E:/Documents/SIKAT OJT/Game Project/Project/ProjectLumina/Content/Blueprints/Widgets/Tutorial/Screens/Gameplay/WG_Gameplay-FillBlanks.uexp" 255
"E:/Documents/SIKAT OJT/Game Project/Project/ProjectLumina/Content/Assets/UI/Tutorial/Contents/Gameplay/Enumeration/Content_Enumeration2.uasset" 256
"E:/Documents/SIKAT OJT/Game Project/Project/ProjectLumina/Content/Assets/UI/Tutorial/Contents/Gameplay/Enumeration/Content_Enumeration2.uexp" 257
"E:/Documents/SIKAT OJT/Game Project/Project/ProjectLumina/Content/Assets/UI/Tutorial/Contents/Gameplay/Enumeration/Content_Enumeration1.uasset" 258
"E:/Documents/SIKAT OJT/Game Project/Project/ProjectLumina/Content/Assets/UI/Tutorial/Contents/Gameplay/Enumeration/Content_Enumeration1.uexp" 259
"E:/Documents/SIKAT OJT/Game Project/Project/ProjectLumina/Content/Blueprints/Widgets/Tutorial/Screens/Gameplay/WG_Gameplay-Enumeration.uasset" 260
"E:/Documents/SIKAT OJT/Game Project/Project/ProjectLumina/Content/Blueprints/Widgets/Tutorial/Screens/Gameplay/WG_Gameplay-Enumeration.uexp" 261
"E:/Documents/SIKAT OJT/Game Project/Project/ProjectLumina/Content/Assets/UI/Buttons/BTN_TutorialCategoryPressed.uasset" 262
"E:/Documents/SIKAT OJT/Game Project/Project/ProjectLumina/Content/Assets/UI/Buttons/BTN_TutorialCategoryPressed.uexp" 263
"E:/Documents/SIKAT OJT/Game Project/Project/ProjectLumina/Content/Assets/UI/Buttons/BTN_TutorialCategory.uasset" 264
"E:/Documents/SIKAT OJT/Game Project/Project/ProjectLumina/Content/Assets/UI/Buttons/BTN_TutorialCategory.uexp" 265
"E:/Documents/SIKAT OJT/Game Project/Project/ProjectLumina/Content/Blueprints/Widgets/Tutorial/WG_TutorialItem.uasset" 266
"E:/Documents/SIKAT OJT/Game Project/Project/ProjectLumina/Content/Blueprints/Widgets/Tutorial/WG_TutorialItem.uexp" 267
"E:/Documents/SIKAT OJT/Game Project/Project/ProjectLumina/Content/Blueprints/Widgets/Tutorial/WG_StoryTutorials.uasset" 268
"E:/Documents/SIKAT OJT/Game Project/Project/ProjectLumina/Content/Blueprints/Widgets/Tutorial/WG_StoryTutorials.uexp" 269
"E:/Documents/SIKAT OJT/Game Project/Project/ProjectLumina/Content/Blueprints/Widgets/Tutorial/WG_ProgressionTutorials.uasset" 270
"E:/Documents/SIKAT OJT/Game Project/Project/ProjectLumina/Content/Blueprints/Widgets/Tutorial/WG_ProgressionTutorials.uexp" 271
"E:/Documents/SIKAT OJT/Game Project/Project/ProjectLumina/Content/Blueprints/Widgets/Tutorial/WG_GameplayTutorials.uasset" 272
"E:/Documents/SIKAT OJT/Game Project/Project/ProjectLumina/Content/Blueprints/Widgets/Tutorial/WG_GameplayTutorials.uexp" 273
"E:/Documents/SIKAT OJT/Game Project/Project/ProjectLumina/Content/Assets/UI/Settings/BTN/BD_SelectionTopAlt.uasset" 274
"E:/Documents/SIKAT OJT/Game Project/Project/ProjectLumina/Content/Assets/UI/Settings/BTN/BD_SelectionTopAlt.uexp" 275
"E:/Documents/SIKAT OJT/Game Project/Project/ProjectLumina/Content/Assets/UI/Settings/BTN/BD_SelectionTop.uasset" 276
"E:/Documents/SIKAT OJT/Game Project/Project/ProjectLumina/Content/Assets/UI/Settings/BTN/BD_SelectionTop.uexp" 277
"E:/Documents/SIKAT OJT/Game Project/Project/ProjectLumina/Content/Assets/UI/Settings/BTN/BD_SelectionMidAlt.uasset" 278
"E:/Documents/SIKAT OJT/Game Project/Project/ProjectLumina/Content/Assets/UI/Settings/BTN/BD_SelectionMidAlt.uexp" 279
"E:/Documents/SIKAT OJT/Game Project/Project/ProjectLumina/Content/Assets/UI/Settings/BTN/BD_SelectionMid.uasset" 280
"E:/Documents/SIKAT OJT/Game Project/Project/ProjectLumina/Content/Assets/UI/Settings/BTN/BD_SelectionMid.uexp" 281
"E:/Documents/SIKAT OJT/Game Project/Project/ProjectLumina/Content/Assets/UI/Settings/BTN/BD_SelectionBotAlt.uasset" 282
"E:/Documents/SIKAT OJT/Game Project/Project/ProjectLumina/Content/Assets/UI/Settings/BTN/BD_SelectionBotAlt.uexp" 283
"E:/Documents/SIKAT OJT/Game Project/Project/ProjectLumina/Content/Assets/UI/Settings/BTN/BD_SelectionBot.uasset" 284
"E:/Documents/SIKAT OJT/Game Project/Project/ProjectLumina/Content/Assets/UI/Settings/BTN/BD_SelectionBot.uexp" 285
"E:/Documents/SIKAT OJT/Game Project/Project/ProjectLumina/Content/Blueprints/Widgets/Settings/Display/ScreenMode/BTN_ScreenMode.uasset" 286
"E:/Documents/SIKAT OJT/Game Project/Project/ProjectLumina/Content/Blueprints/Widgets/Settings/Display/ScreenMode/BTN_ScreenMode.uexp" 287
"E:/Documents/SIKAT OJT/Game Project/Project/ProjectLumina/Content/Blueprints/Widgets/Settings/Display/ScreenMode/WG_ScreenModeSelection.uasset" 288
"E:/Documents/SIKAT OJT/Game Project/Project/ProjectLumina/Content/Blueprints/Widgets/Settings/Display/ScreenMode/WG_ScreenModeSelection.uexp" 289
"E:/Documents/SIKAT OJT/Game Project/Project/ProjectLumina/Content/Blueprints/Widgets/Settings/Display/Resolution/BTN_Resolution.uasset" 290
"E:/Documents/SIKAT OJT/Game Project/Project/ProjectLumina/Content/Blueprints/Widgets/Settings/Display/Resolution/BTN_Resolution.uexp" 291
"E:/Documents/SIKAT OJT/Game Project/Project/ProjectLumina/Content/Blueprints/Widgets/Settings/Display/Resolution/WG_ResolutionSelection.uasset" 292
"E:/Documents/SIKAT OJT/Game Project/Project/ProjectLumina/Content/Blueprints/Widgets/Settings/Display/Resolution/WG_ResolutionSelection.uexp" 293
"E:/Documents/SIKAT OJT/Game Project/Project/ProjectLumina/Content/Blueprints/Widgets/Settings/Display/Framerate/BTN_Framerate.uasset" 294
"E:/Documents/SIKAT OJT/Game Project/Project/ProjectLumina/Content/Blueprints/Widgets/Settings/Display/Framerate/BTN_Framerate.uexp" 295
"E:/Documents/SIKAT OJT/Game Project/Project/ProjectLumina/Content/Blueprints/Widgets/Settings/Display/Framerate/WG_FramerateSelection.uasset" 296
"E:/Documents/SIKAT OJT/Game Project/Project/ProjectLumina/Content/Blueprints/Widgets/Settings/Display/Framerate/WG_FramerateSelection.uexp" 297
"E:/Documents/SIKAT OJT/Game Project/Project/ProjectLumina/Content/Assets/UI/Settings/SwitchOn.uasset" 298
"E:/Documents/SIKAT OJT/Game Project/Project/ProjectLumina/Content/Assets/UI/Settings/SwitchOn.uexp" 299
"E:/Documents/SIKAT OJT/Game Project/Project/ProjectLumina/Content/Assets/UI/Settings/SwitchOff.uasset" 300
"E:/Documents/SIKAT OJT/Game Project/Project/ProjectLumina/Content/Assets/UI/Settings/SwitchOff.uexp" 301
"E:/Documents/SIKAT OJT/Game Project/Project/ProjectLumina/Content/Assets/UI/Settings/IMG_ArrowDown.uasset" 302
"E:/Documents/SIKAT OJT/Game Project/Project/ProjectLumina/Content/Assets/UI/Settings/IMG_ArrowDown.uexp" 303
"E:/Documents/SIKAT OJT/Game Project/Project/ProjectLumina/Content/Assets/UI/Settings/BTN_OptionsAlt.uasset" 304
"E:/Documents/SIKAT OJT/Game Project/Project/ProjectLumina/Content/Assets/UI/Settings/BTN_OptionsAlt.uexp" 305
"E:/Documents/SIKAT OJT/Game Project/Project/ProjectLumina/Content/Assets/UI/Settings/BTN_Options.uasset" 306
"E:/Documents/SIKAT OJT/Game Project/Project/ProjectLumina/Content/Assets/UI/Settings/BTN_Options.uexp" 307
"E:/Documents/SIKAT OJT/Game Project/Project/ProjectLumina/Content/Blueprints/Widgets/Settings/Display/WG_DisplaySetting.uasset" 308
"E:/Documents/SIKAT OJT/Game Project/Project/ProjectLumina/Content/Blueprints/Widgets/Settings/Display/WG_DisplaySetting.uexp" 309
"E:/Documents/SIKAT OJT/Game Project/Project/ProjectLumina/Content/Assets/UI/Settings/SettingsNormalThumbImage.uasset" 310
"E:/Documents/SIKAT OJT/Game Project/Project/ProjectLumina/Content/Assets/UI/Settings/SettingsNormalThumbImage.uexp" 311
"E:/Documents/SIKAT OJT/Game Project/Project/ProjectLumina/Content/Assets/UI/Settings/SettingsNormalBarImage.uasset" 312
"E:/Documents/SIKAT OJT/Game Project/Project/ProjectLumina/Content/Assets/UI/Settings/SettingsNormalBarImage.uexp" 313
"E:/Documents/SIKAT OJT/Game Project/Project/ProjectLumina/Content/Assets/UI/Buttons/BTN_IncreasePressed.uasset" 314
"E:/Documents/SIKAT OJT/Game Project/Project/ProjectLumina/Content/Assets/UI/Buttons/BTN_IncreasePressed.uexp" 315
"E:/Documents/SIKAT OJT/Game Project/Project/ProjectLumina/Content/Assets/UI/Buttons/BTN_Increase.uasset" 316
"E:/Documents/SIKAT OJT/Game Project/Project/ProjectLumina/Content/Assets/UI/Buttons/BTN_Increase.uexp" 317
"E:/Documents/SIKAT OJT/Game Project/Project/ProjectLumina/Content/Assets/UI/Buttons/BTN_DecreasePressed.uasset" 318
"E:/Documents/SIKAT OJT/Game Project/Project/ProjectLumina/Content/Assets/UI/Buttons/BTN_DecreasePressed.uexp" 319
"E:/Documents/SIKAT OJT/Game Project/Project/ProjectLumina/Content/Assets/UI/Buttons/BTN_Decrease.uasset" 320
"E:/Documents/SIKAT OJT/Game Project/Project/ProjectLumina/Content/Assets/UI/Buttons/BTN_Decrease.uexp" 321
"E:/Documents/SIKAT OJT/Game Project/Project/ProjectLumina/Content/Assets/Audio/FX/nextdialogue.uasset" 322
"E:/Documents/SIKAT OJT/Game Project/Project/ProjectLumina/Content/Assets/Audio/FX/nextdialogue.uexp" 323
"E:/Documents/SIKAT OJT/Game Project/Project/ProjectLumina/Content/Blueprints/Widgets/Settings/Dialogue/WG_DialogueSetting.uasset" 324
"E:/Documents/SIKAT OJT/Game Project/Project/ProjectLumina/Content/Blueprints/Widgets/Settings/Dialogue/WG_DialogueSetting.uexp" 325
"E:/Documents/SIKAT OJT/Game Project/Project/ProjectLumina/Content/Blueprints/Widgets/Settings/Audio/WG_AudioSetting.uasset" 326
"E:/Documents/SIKAT OJT/Game Project/Project/ProjectLumina/Content/Blueprints/Widgets/Settings/Audio/WG_AudioSetting.uexp" 327
"E:/Documents/SIKAT OJT/Game Project/Project/ProjectLumina/Content/Assets/UI/Settings/TT_Options.uasset" 328
"E:/Documents/SIKAT OJT/Game Project/Project/ProjectLumina/Content/Assets/UI/Settings/TT_Options.uexp" 329
"E:/Documents/SIKAT OJT/Game Project/Project/ProjectLumina/Content/Assets/UI/Settings/BD_Options.uasset" 330
"E:/Documents/SIKAT OJT/Game Project/Project/ProjectLumina/Content/Assets/UI/Settings/BD_Options.uexp" 331
"E:/Documents/SIKAT OJT/Game Project/Project/ProjectLumina/Content/Blueprints/Enum/Enum_Menus.uasset" 332
"E:/Documents/SIKAT OJT/Game Project/Project/ProjectLumina/Content/Blueprints/Enum/Enum_Menus.uexp" 333
"E:/Documents/SIKAT OJT/Game Project/Project/ProjectLumina/Content/Assets/UI/LevelSelect/LVLSelect_Border.uasset" 334
"E:/Documents/SIKAT OJT/Game Project/Project/ProjectLumina/Content/Assets/UI/LevelSelect/LVLSelect_Border.uexp" 335
"E:/Documents/SIKAT OJT/Game Project/Project/ProjectLumina/Content/Blueprints/Widgets/Settings/WG_OptionsSelection.uasset" 336
"E:/Documents/SIKAT OJT/Game Project/Project/ProjectLumina/Content/Blueprints/Widgets/Settings/WG_OptionsSelection.uexp" 337
"E:/Documents/SIKAT OJT/Game Project/Project/ProjectLumina/Content/Assets/UI/Dialogue/DialogueChoice.uasset" 338
"E:/Documents/SIKAT OJT/Game Project/Project/ProjectLumina/Content/Assets/UI/Dialogue/DialogueChoice.uexp" 339
"E:/Documents/SIKAT OJT/Game Project/Project/ProjectLumina/Content/Assets/UI/Dialogue/DialogueChoicePressed.uasset" 340
"E:/Documents/SIKAT OJT/Game Project/Project/ProjectLumina/Content/Assets/UI/Dialogue/DialogueChoicePressed.uexp" 341
"E:/Documents/SIKAT OJT/Game Project/Project/ProjectLumina/Content/Assets/Audio/FX/fail.uasset" 342
"E:/Documents/SIKAT OJT/Game Project/Project/ProjectLumina/Content/Assets/Audio/FX/fail.uexp" 343
"E:/Documents/SIKAT OJT/Game Project/Project/ProjectLumina/Content/Blueprints/Widgets/PopUps/UI_QuitGame.uasset" 344
"E:/Documents/SIKAT OJT/Game Project/Project/ProjectLumina/Content/Blueprints/Widgets/PopUps/UI_QuitGame.uexp" 345
"E:/Documents/SIKAT OJT/Game Project/Project/ProjectLumina/Content/Blueprints/Character/BP_Character.uasset" 346
"E:/Documents/SIKAT OJT/Game Project/Project/ProjectLumina/Content/Blueprints/Character/BP_Character.uexp" 347
"E:/Documents/SIKAT OJT/Game Project/Project/ProjectLumina/Content/Assets/UI/Icons/ICON_StoryPlay.uasset" 348
"E:/Documents/SIKAT OJT/Game Project/Project/ProjectLumina/Content/Assets/UI/Icons/ICON_StoryPlay.uexp" 349
"E:/Documents/SIKAT OJT/Game Project/Project/ProjectLumina/Content/Assets/UI/Icons/ICON_StoryPlay.ubulk" 350
"E:/Documents/SIKAT OJT/Game Project/Project/ProjectLumina/Content/Assets/UI/Icons/ICON_QuickPlay.uasset" 351
"E:/Documents/SIKAT OJT/Game Project/Project/ProjectLumina/Content/Assets/UI/Icons/ICON_QuickPlay.uexp" 352
"E:/Documents/SIKAT OJT/Game Project/Project/ProjectLumina/Content/Assets/UI/Icons/ICON_QuickPlay.ubulk" 353
"E:/Documents/SIKAT OJT/Game Project/Project/ProjectLumina/Content/Blueprints/Widgets/PopUps/UI_SelectGameMode.uasset" 354
"E:/Documents/SIKAT OJT/Game Project/Project/ProjectLumina/Content/Blueprints/Widgets/PopUps/UI_SelectGameMode.uexp" 355
"E:/Documents/SIKAT OJT/Game Project/Project/ProjectLumina/Content/Blueprints/Widgets/PopUps/UI_DeleteSave.uasset" 356
"E:/Documents/SIKAT OJT/Game Project/Project/ProjectLumina/Content/Blueprints/Widgets/PopUps/UI_DeleteSave.uexp" 357
"E:/Documents/SIKAT OJT/Game Project/Project/ProjectLumina/Content/Assets/UI/Settings/BTN_ClosePressed.uasset" 358
"E:/Documents/SIKAT OJT/Game Project/Project/ProjectLumina/Content/Assets/UI/Settings/BTN_ClosePressed.uexp" 359
"E:/Documents/SIKAT OJT/Game Project/Project/ProjectLumina/Content/Assets/UI/Settings/BTN_Close.uasset" 360
"E:/Documents/SIKAT OJT/Game Project/Project/ProjectLumina/Content/Assets/UI/Settings/BTN_Close.uexp" 361
"E:/Documents/SIKAT OJT/Game Project/Project/ProjectLumina/Content/Assets/UI/Icons/AddSave/UI_AddSave.uasset" 362
"E:/Documents/SIKAT OJT/Game Project/Project/ProjectLumina/Content/Assets/UI/Icons/AddSave/UI_AddSave.uexp" 363
"E:/Documents/SIKAT OJT/Game Project/Project/ProjectLumina/Content/Assets/UI/HUD/HUD_MoneyCounter.uasset" 364
"E:/Documents/SIKAT OJT/Game Project/Project/ProjectLumina/Content/Assets/UI/HUD/HUD_MoneyCounter.uexp" 365
"E:/Documents/SIKAT OJT/Game Project/Project/ProjectLumina/Content/Assets/Sprites/Hikari/SideWalking/Hikari_SideWalking000.uasset" 366
"E:/Documents/SIKAT OJT/Game Project/Project/ProjectLumina/Content/Assets/Sprites/Hikari/SideWalking/Hikari_SideWalking000.uexp" 367
"E:/Documents/SIKAT OJT/Game Project/Project/ProjectLumina/Content/Assets/Sprites/Hikari/SideWalking/Hikari_SideWalking000_Sprite.uasset" 368
"E:/Documents/SIKAT OJT/Game Project/Project/ProjectLumina/Content/Assets/Sprites/Hikari/SideWalking/Hikari_SideWalking000_Sprite.uexp" 369
"E:/Documents/SIKAT OJT/Game Project/Project/ProjectLumina/Content/Assets/Sprites/Hikari/SideWalking/Hikari_SideWalking003.uasset" 370
"E:/Documents/SIKAT OJT/Game Project/Project/ProjectLumina/Content/Assets/Sprites/Hikari/SideWalking/Hikari_SideWalking003.uexp" 371
"E:/Documents/SIKAT OJT/Game Project/Project/ProjectLumina/Content/Assets/Sprites/Hikari/SideWalking/Hikari_SideWalking003_Sprite.uasset" 372
"E:/Documents/SIKAT OJT/Game Project/Project/ProjectLumina/Content/Assets/Sprites/Hikari/SideWalking/Hikari_SideWalking003_Sprite.uexp" 373
"E:/Documents/SIKAT OJT/Game Project/Project/ProjectLumina/Content/Assets/Sprites/Hikari/SideWalking/Hikari_SideWalking002.uasset" 374
"E:/Documents/SIKAT OJT/Game Project/Project/ProjectLumina/Content/Assets/Sprites/Hikari/SideWalking/Hikari_SideWalking002.uexp" 375
"E:/Documents/SIKAT OJT/Game Project/Project/ProjectLumina/Content/Assets/Sprites/Hikari/SideWalking/Hikari_SideWalking002_Sprite.uasset" 376
"E:/Documents/SIKAT OJT/Game Project/Project/ProjectLumina/Content/Assets/Sprites/Hikari/SideWalking/Hikari_SideWalking002_Sprite.uexp" 377
"E:/Documents/SIKAT OJT/Game Project/Project/ProjectLumina/Content/Assets/Sprites/Hikari/SideWalking/Hikari_SideWalking001.uasset" 378
"E:/Documents/SIKAT OJT/Game Project/Project/ProjectLumina/Content/Assets/Sprites/Hikari/SideWalking/Hikari_SideWalking001.uexp" 379
"E:/Documents/SIKAT OJT/Game Project/Project/ProjectLumina/Content/Assets/Sprites/Hikari/SideWalking/Hikari_SideWalking001_Sprite.uasset" 380
"E:/Documents/SIKAT OJT/Game Project/Project/ProjectLumina/Content/Assets/Sprites/Hikari/SideWalking/Hikari_SideWalking001_Sprite.uexp" 381
"E:/Documents/SIKAT OJT/Game Project/Project/ProjectLumina/Content/Assets/Sprites/Hikari/SideWalking/Hikari_SideWalking.uasset" 382
"E:/Documents/SIKAT OJT/Game Project/Project/ProjectLumina/Content/Assets/Sprites/Hikari/SideWalking/Hikari_SideWalking.uexp" 383
"E:/Documents/SIKAT OJT/Game Project/Project/ProjectLumina/Content/Assets/Audio/FX/loadgame.uasset" 384
"E:/Documents/SIKAT OJT/Game Project/Project/ProjectLumina/Content/Assets/Audio/FX/loadgame.uexp" 385
"E:/Documents/SIKAT OJT/Game Project/Project/ProjectLumina/Content/Blueprints/Widgets/MainMenu/UI_FileSelect.uasset" 386
"E:/Documents/SIKAT OJT/Game Project/Project/ProjectLumina/Content/Blueprints/Widgets/MainMenu/UI_FileSelect.uexp" 387
"E:/Documents/SIKAT OJT/Game Project/Project/ProjectLumina/Content/Assets/Fonts/PelisseItalic.uasset" 388
"E:/Documents/SIKAT OJT/Game Project/Project/ProjectLumina/Content/Assets/Fonts/PelisseItalic.uexp" 389
"E:/Documents/SIKAT OJT/Game Project/Project/ProjectLumina/Content/Assets/Fonts/PelisseItalic.ufont" 390
"E:/Documents/SIKAT OJT/Game Project/Project/ProjectLumina/Content/Assets/Fonts/PelisseItalic_Font.uasset" 391
"E:/Documents/SIKAT OJT/Game Project/Project/ProjectLumina/Content/Assets/Fonts/PelisseItalic_Font.uexp" 392
"E:/Documents/SIKAT OJT/Game Project/Project/ProjectLumina/Content/Assets/Fonts/PelisseBold.uasset" 393
"E:/Documents/SIKAT OJT/Game Project/Project/ProjectLumina/Content/Assets/Fonts/PelisseBold.uexp" 394
"E:/Documents/SIKAT OJT/Game Project/Project/ProjectLumina/Content/Assets/Fonts/PelisseBold.ufont" 395
"E:/Documents/SIKAT OJT/Game Project/Project/ProjectLumina/Content/Assets/Fonts/PelisseBold_Font.uasset" 396
"E:/Documents/SIKAT OJT/Game Project/Project/ProjectLumina/Content/Assets/Fonts/PelisseBold_Font.uexp" 397
"E:/Documents/SIKAT OJT/Game Project/Project/ProjectLumina/Content/Blueprints/Widgets/TitleScreen/UI_TitleScreen.uasset" 398
"E:/Documents/SIKAT OJT/Game Project/Project/ProjectLumina/Content/Blueprints/Widgets/TitleScreen/UI_TitleScreen.uexp" 399
"E:/Documents/SIKAT OJT/Game Project/Project/ProjectLumina/Content/Assets/UI/Icons/TitleScreen/Icon_Play.uasset" 400
"E:/Documents/SIKAT OJT/Game Project/Project/ProjectLumina/Content/Assets/UI/Icons/TitleScreen/Icon_Play.uexp" 401
"E:/Documents/SIKAT OJT/Game Project/Project/ProjectLumina/Content/Assets/UI/Icons/TitleScreen/Icon_Options.uasset" 402
"E:/Documents/SIKAT OJT/Game Project/Project/ProjectLumina/Content/Assets/UI/Icons/TitleScreen/Icon_Options.uexp" 403
"E:/Documents/SIKAT OJT/Game Project/Project/ProjectLumina/Content/Assets/UI/Icons/TitleScreen/Icon_Info.uasset" 404
"E:/Documents/SIKAT OJT/Game Project/Project/ProjectLumina/Content/Assets/UI/Icons/TitleScreen/Icon_Info.uexp" 405
"E:/Documents/SIKAT OJT/Game Project/Project/ProjectLumina/Content/Blueprints/Widgets/MainMenu/UI_MainMenu.uasset" 406
"E:/Documents/SIKAT OJT/Game Project/Project/ProjectLumina/Content/Blueprints/Widgets/MainMenu/UI_MainMenu.uexp" 407
"E:/Documents/SIKAT OJT/Game Project/Project/ProjectLumina/Content/Assets/UI/Tutorial/Selection/TT_How_to_Play.uasset" 408
"E:/Documents/SIKAT OJT/Game Project/Project/ProjectLumina/Content/Assets/UI/Tutorial/Selection/TT_How_to_Play.uexp" 409
"E:/Documents/SIKAT OJT/Game Project/Project/ProjectLumina/Content/Blueprints/Widgets/Tutorial/WG_TutorialSelection.uasset" 410
"E:/Documents/SIKAT OJT/Game Project/Project/ProjectLumina/Content/Blueprints/Widgets/Tutorial/WG_TutorialSelection.uexp" 411
"E:/Documents/SIKAT OJT/Game Project/Project/ProjectLumina/Content/Blueprints/Widgets/PopUps/UI_QuitToLevelSelect.uasset" 412
"E:/Documents/SIKAT OJT/Game Project/Project/ProjectLumina/Content/Blueprints/Widgets/PopUps/UI_QuitToLevelSelect.uexp" 413
"E:/Documents/SIKAT OJT/Game Project/Project/ProjectLumina/Content/Blueprints/Enum/Dialogue/Enum_VisualFX.uasset" 414
"E:/Documents/SIKAT OJT/Game Project/Project/ProjectLumina/Content/Blueprints/Enum/Dialogue/Enum_VisualFX.uexp" 415
"E:/Documents/SIKAT OJT/Game Project/Project/ProjectLumina/Content/Blueprints/Enum/Dialogue/Enum_ChoicesAmount.uasset" 416
"E:/Documents/SIKAT OJT/Game Project/Project/ProjectLumina/Content/Blueprints/Enum/Dialogue/Enum_ChoicesAmount.uexp" 417
"E:/Documents/SIKAT OJT/Game Project/Project/ProjectLumina/Content/Blueprints/Enum/Dialogue/Enum_CharacterSettings.uasset" 418
"E:/Documents/SIKAT OJT/Game Project/Project/ProjectLumina/Content/Blueprints/Enum/Dialogue/Enum_CharacterSettings.uexp" 419
"E:/Documents/SIKAT OJT/Game Project/Project/ProjectLumina/Content/Blueprints/Enum/Dialogue/Enum_CharacterNames.uasset" 420
"E:/Documents/SIKAT OJT/Game Project/Project/ProjectLumina/Content/Blueprints/Enum/Dialogue/Enum_CharacterNames.uexp" 421
"E:/Documents/SIKAT OJT/Game Project/Project/ProjectLumina/Content/Blueprints/Enum/Enum_PortraitEffect.uasset" 422
"E:/Documents/SIKAT OJT/Game Project/Project/ProjectLumina/Content/Blueprints/Enum/Enum_PortraitEffect.uexp" 423
"E:/Documents/SIKAT OJT/Game Project/Project/ProjectLumina/Content/Structure/Dialogue/S_Dialogue.uasset" 424
"E:/Documents/SIKAT OJT/Game Project/Project/ProjectLumina/Content/Structure/Dialogue/S_Dialogue.uexp" 425
"E:/Documents/SIKAT OJT/Game Project/Project/ProjectLumina/Content/Assets/UI/SaveLoad/BTN_SaveChoicePressed.uasset" 426
"E:/Documents/SIKAT OJT/Game Project/Project/ProjectLumina/Content/Assets/UI/SaveLoad/BTN_SaveChoicePressed.uexp" 427
"E:/Documents/SIKAT OJT/Game Project/Project/ProjectLumina/Content/Assets/UI/SaveLoad/BTN_SaveChoice.uasset" 428
"E:/Documents/SIKAT OJT/Game Project/Project/ProjectLumina/Content/Assets/UI/SaveLoad/BTN_SaveChoice.uexp" 429
"E:/Documents/SIKAT OJT/Game Project/Project/ProjectLumina/Content/Assets/UI/SaveLoad/Border_SaveLoad.uasset" 430
"E:/Documents/SIKAT OJT/Game Project/Project/ProjectLumina/Content/Assets/UI/SaveLoad/Border_SaveLoad.uexp" 431
"E:/Documents/SIKAT OJT/Game Project/Project/ProjectLumina/Content/Assets/UI/LevelSelect/TitleText/TT_Save.uasset" 432
"E:/Documents/SIKAT OJT/Game Project/Project/ProjectLumina/Content/Assets/UI/LevelSelect/TitleText/TT_Save.uexp" 433
"E:/Documents/SIKAT OJT/Game Project/Project/ProjectLumina/Content/Assets/Backgrounds/Chap4/EVBG_SparkFest.uasset" 434
"E:/Documents/SIKAT OJT/Game Project/Project/ProjectLumina/Content/Assets/Backgrounds/Chap4/EVBG_SparkFest.uexp" 435
"E:/Documents/SIKAT OJT/Game Project/Project/ProjectLumina/Content/Blueprints/Widgets/PopUps/UI_SaveGame.uasset" 436
"E:/Documents/SIKAT OJT/Game Project/Project/ProjectLumina/Content/Blueprints/Widgets/PopUps/UI_SaveGame.uexp" 437
"E:/Documents/SIKAT OJT/Game Project/Project/ProjectLumina/Content/Assets/UI/LevelSelect/TitleText/TT_Load.uasset" 438
"E:/Documents/SIKAT OJT/Game Project/Project/ProjectLumina/Content/Assets/UI/LevelSelect/TitleText/TT_Load.uexp" 439
"E:/Documents/SIKAT OJT/Game Project/Project/ProjectLumina/Content/Assets/Backgrounds/Chap10/EVBG_Pitching.uasset" 440
"E:/Documents/SIKAT OJT/Game Project/Project/ProjectLumina/Content/Assets/Backgrounds/Chap10/EVBG_Pitching.uexp" 441
"E:/Documents/SIKAT OJT/Game Project/Project/ProjectLumina/Content/Blueprints/Widgets/PopUps/UI_LoadGame.uasset" 442
"E:/Documents/SIKAT OJT/Game Project/Project/ProjectLumina/Content/Blueprints/Widgets/PopUps/UI_LoadGame.uexp" 443
"E:/Documents/SIKAT OJT/Game Project/Project/ProjectLumina/Content/Blueprints/Widgets/DialogueSystem/HUD/Log/HUD_LogGridPanel.uasset" 444
"E:/Documents/SIKAT OJT/Game Project/Project/ProjectLumina/Content/Blueprints/Widgets/DialogueSystem/HUD/Log/HUD_LogGridPanel.uexp" 445
"E:/Documents/SIKAT OJT/Game Project/Project/ProjectLumina/Content/Blueprints/Widgets/DialogueSystem/HUD/Log/HUD_LogMain.uasset" 446
"E:/Documents/SIKAT OJT/Game Project/Project/ProjectLumina/Content/Blueprints/Widgets/DialogueSystem/HUD/Log/HUD_LogMain.uexp" 447
"E:/Documents/SIKAT OJT/Game Project/Project/ProjectLumina/Content/Assets/Sprites/Hikari/Portrait_HikariNeutral.uasset" 448
"E:/Documents/SIKAT OJT/Game Project/Project/ProjectLumina/Content/Assets/Sprites/Hikari/Portrait_HikariNeutral.uexp" 449
"E:/Documents/SIKAT OJT/Game Project/Project/ProjectLumina/Content/Blueprints/Widgets/DialogueSystem/HUD/Log/HUD_LogData.uasset" 450
"E:/Documents/SIKAT OJT/Game Project/Project/ProjectLumina/Content/Blueprints/Widgets/DialogueSystem/HUD/Log/HUD_LogData.uexp" 451
"E:/Documents/SIKAT OJT/Game Project/Project/ProjectLumina/Content/Blueprints/Widgets/DialogueSystem/HUD/Choices/HUD_ChoicesGridPanel.uasset" 452
"E:/Documents/SIKAT OJT/Game Project/Project/ProjectLumina/Content/Blueprints/Widgets/DialogueSystem/HUD/Choices/HUD_ChoicesGridPanel.uexp" 453
"E:/Documents/SIKAT OJT/Game Project/Project/ProjectLumina/Content/Blueprints/Enum/Dialogue/Enum_DialogueState.uasset" 454
"E:/Documents/SIKAT OJT/Game Project/Project/ProjectLumina/Content/Blueprints/Enum/Dialogue/Enum_DialogueState.uexp" 455
"E:/Documents/SIKAT OJT/Game Project/Project/ProjectLumina/Content/Assets/UI/Gameplay/Answers/BTN_MutipleQAnswerPressed.uasset" 456
"E:/Documents/SIKAT OJT/Game Project/Project/ProjectLumina/Content/Assets/UI/Gameplay/Answers/BTN_MutipleQAnswerPressed.uexp" 457
"E:/Documents/SIKAT OJT/Game Project/Project/ProjectLumina/Content/Assets/UI/Gameplay/Answers/BTN_MutipleQAnswer.uasset" 458
"E:/Documents/SIKAT OJT/Game Project/Project/ProjectLumina/Content/Assets/UI/Gameplay/Answers/BTN_MutipleQAnswer.uexp" 459
"E:/Documents/SIKAT OJT/Game Project/Project/ProjectLumina/Content/Blueprints/Widgets/DialogueSystem/HUD/Choices/HUD_ChoiceBTN.uasset" 460
"E:/Documents/SIKAT OJT/Game Project/Project/ProjectLumina/Content/Blueprints/Widgets/DialogueSystem/HUD/Choices/HUD_ChoiceBTN.uexp" 461
"E:/Documents/SIKAT OJT/Game Project/Project/ProjectLumina/Content/Assets/UI/Settings/SettingsBTN_Info.uasset" 462
"E:/Documents/SIKAT OJT/Game Project/Project/ProjectLumina/Content/Assets/UI/Settings/SettingsBTN_Info.uexp" 463
"E:/Documents/SIKAT OJT/Game Project/Project/ProjectLumina/Content/Assets/Sprites/Hikari/Portrait_HikariSad.uasset" 464
"E:/Documents/SIKAT OJT/Game Project/Project/ProjectLumina/Content/Assets/Sprites/Hikari/Portrait_HikariSad.uexp" 465
"E:/Documents/SIKAT OJT/Game Project/Project/ProjectLumina/Content/Assets/Placeholders/Cutscenes/EVGB_Cutscene8.uasset" 466
"E:/Documents/SIKAT OJT/Game Project/Project/ProjectLumina/Content/Assets/Placeholders/Cutscenes/EVGB_Cutscene8.uexp" 467
"E:/Documents/SIKAT OJT/Game Project/Project/ProjectLumina/Content/Assets/UI/Dialogue/DialogueState/ICON_SelectingDialogueChoiceStateAlt.uasset" 468
"E:/Documents/SIKAT OJT/Game Project/Project/ProjectLumina/Content/Assets/UI/Dialogue/DialogueState/ICON_SelectingDialogueChoiceStateAlt.uexp" 469
"E:/Documents/SIKAT OJT/Game Project/Project/ProjectLumina/Content/Assets/UI/Dialogue/DialogueState/ICON_SelectingDialogueChoiceState.uasset" 470
"E:/Documents/SIKAT OJT/Game Project/Project/ProjectLumina/Content/Assets/UI/Dialogue/DialogueState/ICON_SelectingDialogueChoiceState.uexp" 471
"E:/Documents/SIKAT OJT/Game Project/Project/ProjectLumina/Content/Assets/UI/Dialogue/TT_TheEnd.uasset" 472
"E:/Documents/SIKAT OJT/Game Project/Project/ProjectLumina/Content/Assets/UI/Dialogue/TT_TheEnd.uexp" 473
"E:/Documents/SIKAT OJT/Game Project/Project/ProjectLumina/Content/Assets/UI/Dialogue/NextDialogueIndicator.uasset" 474
"E:/Documents/SIKAT OJT/Game Project/Project/ProjectLumina/Content/Assets/UI/Dialogue/NextDialogueIndicator.uexp" 475
"E:/Documents/SIKAT OJT/Game Project/Project/ProjectLumina/Content/Assets/UI/Dialogue/Dialouge_TextBoxAlt.uasset" 476
"E:/Documents/SIKAT OJT/Game Project/Project/ProjectLumina/Content/Assets/UI/Dialogue/Dialouge_TextBoxAlt.uexp" 477
"E:/Documents/SIKAT OJT/Game Project/Project/ProjectLumina/Content/Assets/UI/Dialogue/Dialogue_TextBox.uasset" 478
"E:/Documents/SIKAT OJT/Game Project/Project/ProjectLumina/Content/Assets/UI/Dialogue/Dialogue_TextBox.uexp" 479
"E:/Documents/SIKAT OJT/Game Project/Project/ProjectLumina/Content/Assets/UI/Dialogue/Dialogue_NametagRightSide.uasset" 480
"E:/Documents/SIKAT OJT/Game Project/Project/ProjectLumina/Content/Assets/UI/Dialogue/Dialogue_NametagRightSide.uexp" 481
"E:/Documents/SIKAT OJT/Game Project/Project/ProjectLumina/Content/Assets/UI/Dialogue/Dialogue_NametagLeftSide.uasset" 482
"E:/Documents/SIKAT OJT/Game Project/Project/ProjectLumina/Content/Assets/UI/Dialogue/Dialogue_NametagLeftSide.uexp" 483
"E:/Documents/SIKAT OJT/Game Project/Project/ProjectLumina/Content/Assets/UI/Dialogue/Dialogue_NametagCenter.uasset" 484
"E:/Documents/SIKAT OJT/Game Project/Project/ProjectLumina/Content/Assets/UI/Dialogue/Dialogue_NametagCenter.uexp" 485
"E:/Documents/SIKAT OJT/Game Project/Project/ProjectLumina/Content/Assets/UI/Buttons/BTN_HideUIPressed.uasset" 486
"E:/Documents/SIKAT OJT/Game Project/Project/ProjectLumina/Content/Assets/UI/Buttons/BTN_HideUIPressed.uexp" 487
"E:/Documents/SIKAT OJT/Game Project/Project/ProjectLumina/Content/Assets/UI/Buttons/BTN_HideUI.uasset" 488
"E:/Documents/SIKAT OJT/Game Project/Project/ProjectLumina/Content/Assets/UI/Buttons/BTN_HideUI.uexp" 489
"E:/Documents/SIKAT OJT/Game Project/Project/ProjectLumina/Content/Assets/Backgrounds/Chap8/EVGB_UnIQEvolve.uasset" 490
"E:/Documents/SIKAT OJT/Game Project/Project/ProjectLumina/Content/Assets/Backgrounds/Chap8/EVGB_UnIQEvolve.uexp" 491
"E:/Documents/SIKAT OJT/Game Project/Project/ProjectLumina/Content/Assets/Backgrounds/Chap6/EVBG_Bench.uasset" 492
"E:/Documents/SIKAT OJT/Game Project/Project/ProjectLumina/Content/Assets/Backgrounds/Chap6/EVBG_Bench.uexp" 493
"E:/Documents/SIKAT OJT/Game Project/Project/ProjectLumina/Content/Assets/Backgrounds/Chap3/EVBG_Forest.uasset" 494
"E:/Documents/SIKAT OJT/Game Project/Project/ProjectLumina/Content/Assets/Backgrounds/Chap3/EVBG_Forest.uexp" 495
"E:/Documents/SIKAT OJT/Game Project/Project/ProjectLumina/Content/Assets/Backgrounds/Chap2/Events/EVBG_Farewell.uasset" 496
"E:/Documents/SIKAT OJT/Game Project/Project/ProjectLumina/Content/Assets/Backgrounds/Chap2/Events/EVBG_Farewell.uexp" 497
"E:/Documents/SIKAT OJT/Game Project/Project/ProjectLumina/Content/Assets/Backgrounds/Chap1/Events/EVBG_Kitchen.uasset" 498
"E:/Documents/SIKAT OJT/Game Project/Project/ProjectLumina/Content/Assets/Backgrounds/Chap1/Events/EVBG_Kitchen.uexp" 499
"E:/Documents/SIKAT OJT/Game Project/Project/ProjectLumina/Content/Assets/Backgrounds/Backgrounds/BG_ForestExt.uasset" 500
"E:/Documents/SIKAT OJT/Game Project/Project/ProjectLumina/Content/Assets/Backgrounds/Backgrounds/BG_ForestExt.uexp" 501
"E:/Documents/SIKAT OJT/Game Project/Project/ProjectLumina/Content/Assets/Audio/Ambience/freesound_community__Pixabay_/Light.uasset" 502
"E:/Documents/SIKAT OJT/Game Project/Project/ProjectLumina/Content/Assets/Audio/Ambience/freesound_community__Pixabay_/Light.uexp" 503
"E:/Documents/SIKAT OJT/Game Project/Project/ProjectLumina/Content/Blueprints/Widgets/DialogueSystem/HUD/Dialogue/HUD_Dialogue.uasset" 504
"E:/Documents/SIKAT OJT/Game Project/Project/ProjectLumina/Content/Blueprints/Widgets/DialogueSystem/HUD/Dialogue/HUD_Dialogue.uexp" 505
"E:/Documents/SIKAT OJT/Game Project/Project/ProjectLumina/Content/Assets/UI/Settings/SettingsWindowBorder.uasset" 506
"E:/Documents/SIKAT OJT/Game Project/Project/ProjectLumina/Content/Assets/UI/Settings/SettingsWindowBorder.uexp" 507
"E:/Documents/SIKAT OJT/Game Project/Project/ProjectLumina/Content/Assets/UI/Settings/SettingsBTN_TutorialPressed.uasset" 508
"E:/Documents/SIKAT OJT/Game Project/Project/ProjectLumina/Content/Assets/UI/Settings/SettingsBTN_TutorialPressed.uexp" 509
"E:/Documents/SIKAT OJT/Game Project/Project/ProjectLumina/Content/Assets/UI/Settings/SettingsBTN_Tutorial.uasset" 510
"E:/Documents/SIKAT OJT/Game Project/Project/ProjectLumina/Content/Assets/UI/Settings/SettingsBTN_Tutorial.uexp" 511
"E:/Documents/SIKAT OJT/Game Project/Project/ProjectLumina/Content/Assets/UI/Settings/SettingsBTN_InfoPressed.uasset" 512
"E:/Documents/SIKAT OJT/Game Project/Project/ProjectLumina/Content/Assets/UI/Settings/SettingsBTN_InfoPressed.uexp" 513
"E:/Documents/SIKAT OJT/Game Project/Project/ProjectLumina/Content/Blueprints/Enum/Enum_PauseState.uasset" 514
"E:/Documents/SIKAT OJT/Game Project/Project/ProjectLumina/Content/Blueprints/Enum/Enum_PauseState.uexp" 515
"E:/Documents/SIKAT OJT/Game Project/Project/ProjectLumina/Content/Blueprints/Widgets/Settings/WG_Settings.uasset" 516
"E:/Documents/SIKAT OJT/Game Project/Project/ProjectLumina/Content/Blueprints/Widgets/Settings/WG_Settings.uexp" 517
"E:/Documents/SIKAT OJT/Game Project/Project/ProjectLumina/Content/Assets/UI/PauseMenu/Pause_LineShape.uasset" 518
"E:/Documents/SIKAT OJT/Game Project/Project/ProjectLumina/Content/Assets/UI/PauseMenu/Pause_LineShape.uexp" 519
"E:/Documents/SIKAT OJT/Game Project/Project/ProjectLumina/Content/Assets/UI/PauseMenu/Pause_BoxShape.uasset" 520
"E:/Documents/SIKAT OJT/Game Project/Project/ProjectLumina/Content/Assets/UI/PauseMenu/Pause_BoxShape.uexp" 521
"E:/Documents/SIKAT OJT/Game Project/Project/ProjectLumina/Content/Assets/UI/PauseMenu/Icon_Time.uasset" 522
"E:/Documents/SIKAT OJT/Game Project/Project/ProjectLumina/Content/Assets/UI/PauseMenu/Icon_Time.uexp" 523
"E:/Documents/SIKAT OJT/Game Project/Project/ProjectLumina/Content/Assets/UI/PauseMenu/Icon_Questions.uasset" 524
"E:/Documents/SIKAT OJT/Game Project/Project/ProjectLumina/Content/Assets/UI/PauseMenu/Icon_Questions.uexp" 525
"E:/Documents/SIKAT OJT/Game Project/Project/ProjectLumina/Content/Assets/UI/PauseMenu/BTN_Settings_Pressed.uasset" 526
"E:/Documents/SIKAT OJT/Game Project/Project/ProjectLumina/Content/Assets/UI/PauseMenu/BTN_Settings_Pressed.uexp" 527
"E:/Documents/SIKAT OJT/Game Project/Project/ProjectLumina/Content/Assets/UI/PauseMenu/BTN_Settings.uasset" 528
"E:/Documents/SIKAT OJT/Game Project/Project/ProjectLumina/Content/Assets/UI/PauseMenu/BTN_Settings.uexp" 529
"E:/Documents/SIKAT OJT/Game Project/Project/ProjectLumina/Content/Assets/UI/PauseMenu/BTN_Resume_Pressed.uasset" 530
"E:/Documents/SIKAT OJT/Game Project/Project/ProjectLumina/Content/Assets/UI/PauseMenu/BTN_Resume_Pressed.uexp" 531
"E:/Documents/SIKAT OJT/Game Project/Project/ProjectLumina/Content/Assets/UI/PauseMenu/BTN_Resume.uasset" 532
"E:/Documents/SIKAT OJT/Game Project/Project/ProjectLumina/Content/Assets/UI/PauseMenu/BTN_Resume.uexp" 533
"E:/Documents/SIKAT OJT/Game Project/Project/ProjectLumina/Content/Assets/UI/PauseMenu/BTN_Restart_Pressed.uasset" 534
"E:/Documents/SIKAT OJT/Game Project/Project/ProjectLumina/Content/Assets/UI/PauseMenu/BTN_Restart_Pressed.uexp" 535
"E:/Documents/SIKAT OJT/Game Project/Project/ProjectLumina/Content/Assets/UI/PauseMenu/BTN_Restart.uasset" 536
"E:/Documents/SIKAT OJT/Game Project/Project/ProjectLumina/Content/Assets/UI/PauseMenu/BTN_Restart.uexp" 537
"E:/Documents/SIKAT OJT/Game Project/Project/ProjectLumina/Content/Assets/UI/PauseMenu/BTN_QuitPressed.uasset" 538
"E:/Documents/SIKAT OJT/Game Project/Project/ProjectLumina/Content/Assets/UI/PauseMenu/BTN_QuitPressed.uexp" 539
"E:/Documents/SIKAT OJT/Game Project/Project/ProjectLumina/Content/Assets/UI/PauseMenu/BTN_Quit.uasset" 540
"E:/Documents/SIKAT OJT/Game Project/Project/ProjectLumina/Content/Assets/UI/PauseMenu/BTN_Quit.uexp" 541
"E:/Documents/SIKAT OJT/Game Project/Project/ProjectLumina/Content/Assets/UI/PauseMenu/BTN_PauseYesPressed.uasset" 542
"E:/Documents/SIKAT OJT/Game Project/Project/ProjectLumina/Content/Assets/UI/PauseMenu/BTN_PauseYesPressed.uexp" 543
"E:/Documents/SIKAT OJT/Game Project/Project/ProjectLumina/Content/Assets/UI/PauseMenu/BTN_PauseYes.uasset" 544
"E:/Documents/SIKAT OJT/Game Project/Project/ProjectLumina/Content/Assets/UI/PauseMenu/BTN_PauseYes.uexp" 545
"E:/Documents/SIKAT OJT/Game Project/Project/ProjectLumina/Content/Assets/UI/PauseMenu/BTN_PauseNo_Pressed.uasset" 546
"E:/Documents/SIKAT OJT/Game Project/Project/ProjectLumina/Content/Assets/UI/PauseMenu/BTN_PauseNo_Pressed.uexp" 547
"E:/Documents/SIKAT OJT/Game Project/Project/ProjectLumina/Content/Assets/UI/PauseMenu/BTN_PauseNo.uasset" 548
"E:/Documents/SIKAT OJT/Game Project/Project/ProjectLumina/Content/Assets/UI/PauseMenu/BTN_PauseNo.uexp" 549
"E:/Documents/SIKAT OJT/Game Project/Project/ProjectLumina/Content/Assets/Placeholders/UI/PauseMenu/PH_Powerup3.uasset" 550
"E:/Documents/SIKAT OJT/Game Project/Project/ProjectLumina/Content/Assets/Placeholders/UI/PauseMenu/PH_Powerup3.uexp" 551
"E:/Documents/SIKAT OJT/Game Project/Project/ProjectLumina/Content/Assets/Placeholders/UI/PauseMenu/PH_Powerup2.uasset" 552
"E:/Documents/SIKAT OJT/Game Project/Project/ProjectLumina/Content/Assets/Placeholders/UI/PauseMenu/PH_Powerup2.uexp" 553
"E:/Documents/SIKAT OJT/Game Project/Project/ProjectLumina/Content/Assets/Placeholders/UI/PauseMenu/PH_Powerup1.uasset" 554
"E:/Documents/SIKAT OJT/Game Project/Project/ProjectLumina/Content/Assets/Placeholders/UI/PauseMenu/PH_Powerup1.uexp" 555
"E:/Documents/SIKAT OJT/Game Project/Project/ProjectLumina/Content/Assets/Fonts/LilitaOne-rvwl9.uasset" 556
"E:/Documents/SIKAT OJT/Game Project/Project/ProjectLumina/Content/Assets/Fonts/LilitaOne-rvwl9.uexp" 557
"E:/Documents/SIKAT OJT/Game Project/Project/ProjectLumina/Content/Assets/Fonts/LilitaOne-rvwl9.ufont" 558
"E:/Documents/SIKAT OJT/Game Project/Project/ProjectLumina/Content/Assets/Fonts/LilitaOne-rvwl9_Font.uasset" 559
"E:/Documents/SIKAT OJT/Game Project/Project/ProjectLumina/Content/Assets/Fonts/LilitaOne-rvwl9_Font.uexp" 560
"E:/Documents/SIKAT OJT/Game Project/Project/ProjectLumina/Content/Assets/Fonts/Digitalt-04no.uasset" 561
"E:/Documents/SIKAT OJT/Game Project/Project/ProjectLumina/Content/Assets/Fonts/Digitalt-04no.uexp" 562
"E:/Documents/SIKAT OJT/Game Project/Project/ProjectLumina/Content/Assets/Fonts/Digitalt-04no.ufont" 563
"E:/Documents/SIKAT OJT/Game Project/Project/ProjectLumina/Content/Assets/Fonts/Digitalt-04no_Font.uasset" 564
"E:/Documents/SIKAT OJT/Game Project/Project/ProjectLumina/Content/Assets/Fonts/Digitalt-04no_Font.uexp" 565
"E:/Documents/SIKAT OJT/Game Project/Project/ProjectLumina/Content/Blueprints/Widgets/Pause/WG_Pause.uasset" 566
"E:/Documents/SIKAT OJT/Game Project/Project/ProjectLumina/Content/Blueprints/Widgets/Pause/WG_Pause.uexp" 567
"E:/Documents/SIKAT OJT/Game Project/Project/ProjectLumina/Content/TopDownBP/Blueprints/TopDownCharacter.uasset" 568
"E:/Documents/SIKAT OJT/Game Project/Project/ProjectLumina/Content/TopDownBP/Blueprints/TopDownCharacter.uexp" 569
"E:/Documents/SIKAT OJT/Game Project/Project/ProjectLumina/Content/Blueprints/Widgets/Gameplay/WG_GameplayIntro.uasset" 570
"E:/Documents/SIKAT OJT/Game Project/Project/ProjectLumina/Content/Blueprints/Widgets/Gameplay/WG_GameplayIntro.uexp" 571
"E:/Documents/SIKAT OJT/Game Project/Project/ProjectLumina/Content/Assets/Audio/Music/XtremeFreddy/afterfail.uasset" 572
"E:/Documents/SIKAT OJT/Game Project/Project/ProjectLumina/Content/Assets/Audio/Music/XtremeFreddy/afterfail.uexp" 573
"E:/Documents/SIKAT OJT/Game Project/Project/ProjectLumina/Content/Assets/Audio/Music/Alba_MacKanna__Pixabay_/complete.uasset" 574
"E:/Documents/SIKAT OJT/Game Project/Project/ProjectLumina/Content/Assets/Audio/Music/Alba_MacKanna__Pixabay_/complete.uexp" 575
"E:/Documents/SIKAT OJT/Game Project/Project/ProjectLumina/Content/Assets/Audio/FX/correct.uasset" 576
"E:/Documents/SIKAT OJT/Game Project/Project/ProjectLumina/Content/Assets/Audio/FX/correct.uexp" 577
"E:/Documents/SIKAT OJT/Game Project/Project/ProjectLumina/Content/Blueprints/Widgets/Gameplay/WG_GameplayResult.uasset" 578
"E:/Documents/SIKAT OJT/Game Project/Project/ProjectLumina/Content/Blueprints/Widgets/Gameplay/WG_GameplayResult.uexp" 579
"E:/Documents/SIKAT OJT/Game Project/Project/ProjectLumina/Content/Assets/UI/Gameplay/ItemSelect/SkipButton.uasset" 580
"E:/Documents/SIKAT OJT/Game Project/Project/ProjectLumina/Content/Assets/UI/Gameplay/ItemSelect/SkipButton.uexp" 581
"E:/Documents/SIKAT OJT/Game Project/Project/ProjectLumina/Content/Assets/UI/Gameplay/ItemSelect/ItemSelectButtonPressed.uasset" 582
"E:/Documents/SIKAT OJT/Game Project/Project/ProjectLumina/Content/Assets/UI/Gameplay/ItemSelect/ItemSelectButtonPressed.uexp" 583
"E:/Documents/SIKAT OJT/Game Project/Project/ProjectLumina/Content/Assets/UI/Gameplay/ItemSelect/ItemSelectButton.uasset" 584
"E:/Documents/SIKAT OJT/Game Project/Project/ProjectLumina/Content/Assets/UI/Gameplay/ItemSelect/ItemSelectButton.uexp" 585
"E:/Documents/SIKAT OJT/Game Project/Project/ProjectLumina/Content/Assets/UI/Gameplay/ItemsSlot.uasset" 586
"E:/Documents/SIKAT OJT/Game Project/Project/ProjectLumina/Content/Assets/UI/Gameplay/ItemsSlot.uexp" 587
"E:/Documents/SIKAT OJT/Game Project/Project/ProjectLumina/Content/Blueprints/Widgets/Gameplay/DP_ItemSelect.uasset" 588
"E:/Documents/SIKAT OJT/Game Project/Project/ProjectLumina/Content/Blueprints/Widgets/Gameplay/DP_ItemSelect.uexp" 589
"E:/Documents/SIKAT OJT/Game Project/Project/ProjectLumina/Content/Assets/UI/HUD/HUD_MoneyCounterAlt.uasset" 590
"E:/Documents/SIKAT OJT/Game Project/Project/ProjectLumina/Content/Assets/UI/HUD/HUD_MoneyCounterAlt.uexp" 591
"E:/Documents/SIKAT OJT/Game Project/Project/ProjectLumina/Content/Assets/UI/Gameplay/Timer/TimerClockBase.uasset" 592
"E:/Documents/SIKAT OJT/Game Project/Project/ProjectLumina/Content/Assets/UI/Gameplay/Timer/TimerClockBase.uexp" 593
"E:/Documents/SIKAT OJT/Game Project/Project/ProjectLumina/Content/Assets/UI/Gameplay/Timer/TimerClock.uasset" 594
"E:/Documents/SIKAT OJT/Game Project/Project/ProjectLumina/Content/Assets/UI/Gameplay/Timer/TimerClock.uexp" 595
"E:/Documents/SIKAT OJT/Game Project/Project/ProjectLumina/Content/Assets/UI/Gameplay/Restart/BTN_RestartPressed.uasset" 596
"E:/Documents/SIKAT OJT/Game Project/Project/ProjectLumina/Content/Assets/UI/Gameplay/Restart/BTN_RestartPressed.uexp" 597
"E:/Documents/SIKAT OJT/Game Project/Project/ProjectLumina/Content/Assets/UI/Gameplay/Restart/BTN_Restart.uasset" 598
"E:/Documents/SIKAT OJT/Game Project/Project/ProjectLumina/Content/Assets/UI/Gameplay/Restart/BTN_Restart.uexp" 599
"E:/Documents/SIKAT OJT/Game Project/Project/ProjectLumina/Content/Assets/UI/Gameplay/FillBlanks/BTN_SubmitPressed.uasset" 600
"E:/Documents/SIKAT OJT/Game Project/Project/ProjectLumina/Content/Assets/UI/Gameplay/FillBlanks/BTN_SubmitPressed.uexp" 601
"E:/Documents/SIKAT OJT/Game Project/Project/ProjectLumina/Content/Assets/UI/Gameplay/FillBlanks/BTN_Submit.uasset" 602
"E:/Documents/SIKAT OJT/Game Project/Project/ProjectLumina/Content/Assets/UI/Gameplay/FillBlanks/BTN_Submit.uexp" 603
"E:/Documents/SIKAT OJT/Game Project/Project/ProjectLumina/Content/Assets/UI/Gameplay/PH_AnswerBox_2.uasset" 604
"E:/Documents/SIKAT OJT/Game Project/Project/ProjectLumina/Content/Assets/UI/Gameplay/PH_AnswerBox_2.uexp" 605
"E:/Documents/SIKAT OJT/Game Project/Project/ProjectLumina/Content/Assets/UI/Gameplay/PH_AnswerBoxPressed_2.uasset" 606
"E:/Documents/SIKAT OJT/Game Project/Project/ProjectLumina/Content/Assets/UI/Gameplay/PH_AnswerBoxPressed_2.uexp" 607
"E:/Documents/SIKAT OJT/Game Project/Project/ProjectLumina/Content/Assets/UI/Gameplay/PH_AnswerBoxPressed.uasset" 608
"E:/Documents/SIKAT OJT/Game Project/Project/ProjectLumina/Content/Assets/UI/Gameplay/PH_AnswerBoxPressed.uexp" 609
"E:/Documents/SIKAT OJT/Game Project/Project/ProjectLumina/Content/Assets/UI/Gameplay/PH_AnswerBox.uasset" 610
"E:/Documents/SIKAT OJT/Game Project/Project/ProjectLumina/Content/Assets/UI/Gameplay/PH_AnswerBox.uexp" 611
"E:/Documents/SIKAT OJT/Game Project/Project/ProjectLumina/Content/Assets/UI/Buttons/BTN_PausePressed.uasset" 612
"E:/Documents/SIKAT OJT/Game Project/Project/ProjectLumina/Content/Assets/UI/Buttons/BTN_PausePressed.uexp" 613
"E:/Documents/SIKAT OJT/Game Project/Project/ProjectLumina/Content/Assets/UI/Buttons/BTN_Pause.uasset" 614
"E:/Documents/SIKAT OJT/Game Project/Project/ProjectLumina/Content/Assets/UI/Buttons/BTN_Pause.uexp" 615
"E:/Documents/SIKAT OJT/Game Project/Project/ProjectLumina/Content/Assets/Audio/UI/lowtimer.uasset" 616
"E:/Documents/SIKAT OJT/Game Project/Project/ProjectLumina/Content/Assets/Audio/UI/lowtimer.uexp" 617
"E:/Documents/SIKAT OJT/Game Project/Project/ProjectLumina/Content/Blueprints/Widgets/Gameplay/WG_MainGameplay.uasset" 618
"E:/Documents/SIKAT OJT/Game Project/Project/ProjectLumina/Content/Blueprints/Widgets/Gameplay/WG_MainGameplay.uexp" 619
"../../../Engine/Content/EngineMaterials/T_Default_Material_Grid_N.uasset" 620
"../../../Engine/Content/EngineMaterials/T_Default_Material_Grid_N.uexp" 621
"../../../Engine/Content/EngineMaterials/T_Default_Material_Grid_N.ubulk" 622
"../../../Engine/Content/EngineMaterials/T_Default_Material_Grid_M.uasset" 623
"../../../Engine/Content/EngineMaterials/T_Default_Material_Grid_M.uexp" 624
"../../../Engine/Content/EngineMaterials/T_Default_Material_Grid_M.ubulk" 625
"../../../Engine/Content/Functions/Engine_MaterialFunctions01/Opacity/CameraDepthFade.uasset" 626
"../../../Engine/Content/Functions/Engine_MaterialFunctions01/Opacity/CameraDepthFade.uexp" 627
"../../../Engine/Content/EngineMaterials/WorldGridMaterial.uasset" 628
"../../../Engine/Content/EngineMaterials/WorldGridMaterial.uexp" 629
"../../../Engine/Content/BasicShapes/Plane.uasset" 630
"../../../Engine/Content/BasicShapes/Plane.uexp" 631
"../../../Engine/Content/BasicShapes/BasicShapeMaterial.uasset" 632
"../../../Engine/Content/BasicShapes/BasicShapeMaterial.uexp" 633
"E:/Documents/SIKAT OJT/Game Project/Project/ProjectLumina/Content/DP_Enter_BP.uasset" 634
"E:/Documents/SIKAT OJT/Game Project/Project/ProjectLumina/Content/DP_Enter_BP.uexp" 635
"E:/Documents/SIKAT OJT/Game Project/Project/ProjectLumina/Content/GQ_Test-Ideation.uasset" 636
"E:/Documents/SIKAT OJT/Game Project/Project/ProjectLumina/Content/GQ_Test-Ideation.uexp" 637
"E:/Documents/SIKAT OJT/Game Project/Project/ProjectLumina/Content/Assets/Audio/Ambience/freesound_community__Pixabay_/3D_Printer.uasset" 638
"E:/Documents/SIKAT OJT/Game Project/Project/ProjectLumina/Content/Assets/Audio/Ambience/freesound_community__Pixabay_/3D_Printer.uexp" 639
"E:/Documents/SIKAT OJT/Game Project/Project/ProjectLumina/Content/Assets/Audio/Ambience/freesound_community__Pixabay_/Fireworks.uasset" 640
"E:/Documents/SIKAT OJT/Game Project/Project/ProjectLumina/Content/Assets/Audio/Ambience/freesound_community__Pixabay_/Fireworks.uexp" 641
"E:/Documents/SIKAT OJT/Game Project/Project/ProjectLumina/Content/Assets/Audio/Ambience/FulminisIctus__itchio_/Birds_+_Crickets.uasset" 642
"E:/Documents/SIKAT OJT/Game Project/Project/ProjectLumina/Content/Assets/Audio/Ambience/FulminisIctus__itchio_/Birds_+_Crickets.uexp" 643
"E:/Documents/SIKAT OJT/Game Project/Project/ProjectLumina/Content/Assets/Audio/FX/nextdialogue_Cue.uasset" 644
"E:/Documents/SIKAT OJT/Game Project/Project/ProjectLumina/Content/Assets/Audio/FX/nextdialogue_Cue.uexp" 645
"E:/Documents/SIKAT OJT/Game Project/Project/ProjectLumina/Content/Assets/Audio/Music/Bell_Kalengar__itchio_/Comedy/WAV_Accidentally_Fell_for_the_Tsundere_.uasset" 646
"E:/Documents/SIKAT OJT/Game Project/Project/ProjectLumina/Content/Assets/Audio/Music/Bell_Kalengar__itchio_/Comedy/WAV_Accidentally_Fell_for_the_Tsundere_.uexp" 647
"E:/Documents/SIKAT OJT/Game Project/Project/ProjectLumina/Content/Assets/Audio/Music/Bell_Kalengar__itchio_/Comedy/WAV_Help__I_Fell_for_the_Side_Character.uasset" 648
"E:/Documents/SIKAT OJT/Game Project/Project/ProjectLumina/Content/Assets/Audio/Music/Bell_Kalengar__itchio_/Comedy/WAV_Help__I_Fell_for_the_Side_Character.uexp" 649
"E:/Documents/SIKAT OJT/Game Project/Project/ProjectLumina/Content/Assets/Audio/Music/Bell_Kalengar__itchio_/Emotional/WAV_Jonquil.uasset" 650
"E:/Documents/SIKAT OJT/Game Project/Project/ProjectLumina/Content/Assets/Audio/Music/Bell_Kalengar__itchio_/Emotional/WAV_Jonquil.uexp" 651
"E:/Documents/SIKAT OJT/Game Project/Project/ProjectLumina/Content/Assets/Audio/Music/Bell_Kalengar__itchio_/Emotional/WAV_Where_You_Used_to_Be.uasset" 652
"E:/Documents/SIKAT OJT/Game Project/Project/ProjectLumina/Content/Assets/Audio/Music/Bell_Kalengar__itchio_/Emotional/WAV_Where_You_Used_to_Be.uexp" 653
"E:/Documents/SIKAT OJT/Game Project/Project/ProjectLumina/Content/Assets/Audio/Music/Bell_Kalengar__itchio_/Emotional/WAV_Your_Name__Softly.uasset" 654
"E:/Documents/SIKAT OJT/Game Project/Project/ProjectLumina/Content/Assets/Audio/Music/Bell_Kalengar__itchio_/Emotional/WAV_Your_Name__Softly.uexp" 655
"E:/Documents/SIKAT OJT/Game Project/Project/ProjectLumina/Content/Assets/Audio/Music/Bell_Kalengar__itchio_/Investigation/WAV_Case_File.uasset" 656
"E:/Documents/SIKAT OJT/Game Project/Project/ProjectLumina/Content/Assets/Audio/Music/Bell_Kalengar__itchio_/Investigation/WAV_Case_File.uexp" 657
"E:/Documents/SIKAT OJT/Game Project/Project/ProjectLumina/Content/Assets/Audio/Music/Bell_Kalengar__itchio_/Investigation/WAV_Paranormal_Investigation.uasset" 658
"E:/Documents/SIKAT OJT/Game Project/Project/ProjectLumina/Content/Assets/Audio/Music/Bell_Kalengar__itchio_/Investigation/WAV_Paranormal_Investigation.uexp" 659
"E:/Documents/SIKAT OJT/Game Project/Project/ProjectLumina/Content/Assets/Audio/Music/Bell_Kalengar__itchio_/Investigation/WAV_Suspicious.uasset" 660
"E:/Documents/SIKAT OJT/Game Project/Project/ProjectLumina/Content/Assets/Audio/Music/Bell_Kalengar__itchio_/Investigation/WAV_Suspicious.uexp" 661
"E:/Documents/SIKAT OJT/Game Project/Project/ProjectLumina/Content/Assets/Audio/Music/Bell_Kalengar__itchio_/Lounge/WAV_Blessing.uasset" 662
"E:/Documents/SIKAT OJT/Game Project/Project/ProjectLumina/Content/Assets/Audio/Music/Bell_Kalengar__itchio_/Lounge/WAV_Blessing.uexp" 663
"E:/Documents/SIKAT OJT/Game Project/Project/ProjectLumina/Content/Assets/Audio/Music/Chajamakesmusic__itchio_/yeahhhhh_yuh.uasset" 664
"E:/Documents/SIKAT OJT/Game Project/Project/ProjectLumina/Content/Assets/Audio/Music/Chajamakesmusic__itchio_/yeahhhhh_yuh.uexp" 665
"E:/Documents/SIKAT OJT/Game Project/Project/ProjectLumina/Content/Assets/Audio/Music/David_KBD__itchio_/DavidKBD_-_Tropical_Pack_-_03_-_Heartbeats_-_Bossanova.uasset" 666
"E:/Documents/SIKAT OJT/Game Project/Project/ProjectLumina/Content/Assets/Audio/Music/David_KBD__itchio_/DavidKBD_-_Tropical_Pack_-_03_-_Heartbeats_-_Bossanova.uexp" 667
"E:/Documents/SIKAT OJT/Game Project/Project/ProjectLumina/Content/Assets/Audio/Music/FulminisIctus__itchio_/Birds_+_Crickets.uasset" 668
"E:/Documents/SIKAT OJT/Game Project/Project/ProjectLumina/Content/Assets/Audio/Music/FulminisIctus__itchio_/Birds_+_Crickets.uexp" 669
"E:/Documents/SIKAT OJT/Game Project/Project/ProjectLumina/Content/Assets/Audio/Music/FulminisIctus__itchio_/Doll_Dance.uasset" 670
"E:/Documents/SIKAT OJT/Game Project/Project/ProjectLumina/Content/Assets/Audio/Music/FulminisIctus__itchio_/Doll_Dance.uexp" 671
"E:/Documents/SIKAT OJT/Game Project/Project/ProjectLumina/Content/Assets/Audio/Music/FulminisIctus__itchio_/Idle_Chatter.uasset" 672
"E:/Documents/SIKAT OJT/Game Project/Project/ProjectLumina/Content/Assets/Audio/Music/FulminisIctus__itchio_/Idle_Chatter.uexp" 673
"E:/Documents/SIKAT OJT/Game Project/Project/ProjectLumina/Content/Assets/Audio/Music/FulminisIctus__itchio_/Relax.uasset" 674
"E:/Documents/SIKAT OJT/Game Project/Project/ProjectLumina/Content/Assets/Audio/Music/FulminisIctus__itchio_/Relax.uexp" 675
"E:/Documents/SIKAT OJT/Game Project/Project/ProjectLumina/Content/Assets/Audio/Music/FulminisIctus__itchio_/Severed.uasset" 676
"E:/Documents/SIKAT OJT/Game Project/Project/ProjectLumina/Content/Assets/Audio/Music/FulminisIctus__itchio_/Severed.uexp" 677
"E:/Documents/SIKAT OJT/Game Project/Project/ProjectLumina/Content/Assets/Audio/Music/FulminisIctus__itchio_/Shenanigans_.uasset" 678
"E:/Documents/SIKAT OJT/Game Project/Project/ProjectLumina/Content/Assets/Audio/Music/FulminisIctus__itchio_/Shenanigans_.uexp" 679
"E:/Documents/SIKAT OJT/Game Project/Project/ProjectLumina/Content/Assets/Audio/Music/FulminisIctus__itchio_/AMBIANCE/University.uasset" 680
"E:/Documents/SIKAT OJT/Game Project/Project/ProjectLumina/Content/Assets/Audio/Music/FulminisIctus__itchio_/AMBIANCE/University.uexp" 681
"E:/Documents/SIKAT OJT/Game Project/Project/ProjectLumina/Content/Assets/Audio/Music/Tim_Beek__itchio_/The_Protagonist.uasset" 682
"E:/Documents/SIKAT OJT/Game Project/Project/ProjectLumina/Content/Assets/Audio/Music/Tim_Beek__itchio_/The_Protagonist.uexp" 683
"E:/Documents/SIKAT OJT/Game Project/Project/ProjectLumina/Content/Assets/Audio/Music/Tim_Beek__itchio_/The_Protagonist_Cue.uasset" 684
"E:/Documents/SIKAT OJT/Game Project/Project/ProjectLumina/Content/Assets/Audio/Music/Tim_Beek__itchio_/The_Protagonist_Cue.uexp" 685
"E:/Documents/SIKAT OJT/Game Project/Project/ProjectLumina/Content/Assets/Audio/UI/Alpix__Pixabay_/Game_Over.uasset" 686
"E:/Documents/SIKAT OJT/Game Project/Project/ProjectLumina/Content/Assets/Audio/UI/Alpix__Pixabay_/Game_Over.uexp" 687
"E:/Documents/SIKAT OJT/Game Project/Project/ProjectLumina/Content/Assets/Audio/UI/Dragon_Studio__PIXABAY_/Heartbeat.uasset" 688
"E:/Documents/SIKAT OJT/Game Project/Project/ProjectLumina/Content/Assets/Audio/UI/Dragon_Studio__PIXABAY_/Heartbeat.uexp" 689
"E:/Documents/SIKAT OJT/Game Project/Project/ProjectLumina/Content/Assets/Audio/UI/Dragon_Studio__PIXABAY_/Timer.uasset" 690
"E:/Documents/SIKAT OJT/Game Project/Project/ProjectLumina/Content/Assets/Audio/UI/Dragon_Studio__PIXABAY_/Timer.uexp" 691
"E:/Documents/SIKAT OJT/Game Project/Project/ProjectLumina/Content/Assets/Audio/UI/floraphonic__PIXABAY_/No.uasset" 692
"E:/Documents/SIKAT OJT/Game Project/Project/ProjectLumina/Content/Assets/Audio/UI/floraphonic__PIXABAY_/No.uexp" 693
"E:/Documents/SIKAT OJT/Game Project/Project/ProjectLumina/Content/Assets/Audio/UI/floraphonic__PIXABAY_/No_Cue.uasset" 694
"E:/Documents/SIKAT OJT/Game Project/Project/ProjectLumina/Content/Assets/Audio/UI/floraphonic__PIXABAY_/No_Cue.uexp" 695
"E:/Documents/SIKAT OJT/Game Project/Project/ProjectLumina/Content/Assets/Audio/UI/floraphonic__PIXABAY_/Yes.uasset" 696
"E:/Documents/SIKAT OJT/Game Project/Project/ProjectLumina/Content/Assets/Audio/UI/floraphonic__PIXABAY_/Yes.uexp" 697
"E:/Documents/SIKAT OJT/Game Project/Project/ProjectLumina/Content/Assets/Backgrounds/Backgrounds/BG_Dining.uasset" 698
"E:/Documents/SIKAT OJT/Game Project/Project/ProjectLumina/Content/Assets/Backgrounds/Backgrounds/BG_Dining.uexp" 699
"E:/Documents/SIKAT OJT/Game Project/Project/ProjectLumina/Content/Assets/Backgrounds/Chap10/BGPH_ConferenceRoom.uasset" 700
"E:/Documents/SIKAT OJT/Game Project/Project/ProjectLumina/Content/Assets/Backgrounds/Chap10/BGPH_ConferenceRoom.uexp" 701
"E:/Documents/SIKAT OJT/Game Project/Project/ProjectLumina/Content/Assets/Backgrounds/Chap10/BGPH_SparkFestV2.uasset" 702
"E:/Documents/SIKAT OJT/Game Project/Project/ProjectLumina/Content/Assets/Backgrounds/Chap10/BGPH_SparkFestV2.uexp" 703
"E:/Documents/SIKAT OJT/Game Project/Project/ProjectLumina/Content/Assets/Backgrounds/Chap11/BGPH_SiliconValley.uasset" 704
"E:/Documents/SIKAT OJT/Game Project/Project/ProjectLumina/Content/Assets/Backgrounds/Chap11/BGPH_SiliconValley.uexp" 705
"E:/Documents/SIKAT OJT/Game Project/Project/ProjectLumina/Content/Assets/Backgrounds/Chap3/BGPH_SparkFest.uasset" 706
"E:/Documents/SIKAT OJT/Game Project/Project/ProjectLumina/Content/Assets/Backgrounds/Chap3/BGPH_SparkFest.uexp" 707
"E:/Documents/SIKAT OJT/Game Project/Project/ProjectLumina/Content/Assets/Backgrounds/Chap5/BGPH_DR3AMCenter.uasset" 708
"E:/Documents/SIKAT OJT/Game Project/Project/ProjectLumina/Content/Assets/Backgrounds/Chap5/BGPH_DR3AMCenter.uexp" 709
"E:/Documents/SIKAT OJT/Game Project/Project/ProjectLumina/Content/Assets/Backgrounds/Chap6/BGPH_ProofsideDistrict.uasset" 710
"E:/Documents/SIKAT OJT/Game Project/Project/ProjectLumina/Content/Assets/Backgrounds/Chap6/BGPH_ProofsideDistrict.uexp" 711
"E:/Documents/SIKAT OJT/Game Project/Project/ProjectLumina/Content/Assets/Backgrounds/Chap7/BGPH_SIKATOffice.uasset" 712
"E:/Documents/SIKAT OJT/Game Project/Project/ProjectLumina/Content/Assets/Backgrounds/Chap7/BGPH_SIKATOffice.uexp" 713
"E:/Documents/SIKAT OJT/Game Project/Project/ProjectLumina/Content/Assets/Backgrounds/Chap8/BGPH_TractionDistrict.uasset" 714
"E:/Documents/SIKAT OJT/Game Project/Project/ProjectLumina/Content/Assets/Backgrounds/Chap8/BGPH_TractionDistrict.uexp" 715
"E:/Documents/SIKAT OJT/Game Project/Project/ProjectLumina/Content/Assets/Backgrounds/Chap9/BGPH_Scalehaven.uasset" 716
"E:/Documents/SIKAT OJT/Game Project/Project/ProjectLumina/Content/Assets/Backgrounds/Chap9/BGPH_Scalehaven.uexp" 717
"E:/Documents/SIKAT OJT/Game Project/Project/ProjectLumina/Content/Assets/Fonts/CafeDeParisSans-BWwJx.uasset" 718
"E:/Documents/SIKAT OJT/Game Project/Project/ProjectLumina/Content/Assets/Fonts/CafeDeParisSans-BWwJx.uexp" 719
"E:/Documents/SIKAT OJT/Game Project/Project/ProjectLumina/Content/Assets/Fonts/CafeDeParisSans-BWwJx.ufont" 720
"E:/Documents/SIKAT OJT/Game Project/Project/ProjectLumina/Content/Assets/Fonts/CafeDeParisSans-BWwJx_Font.uasset" 721
"E:/Documents/SIKAT OJT/Game Project/Project/ProjectLumina/Content/Assets/Fonts/CafeDeParisSans-BWwJx_Font.uexp" 722
"E:/Documents/SIKAT OJT/Game Project/Project/ProjectLumina/Content/Assets/Fonts/DosisBold-OLR6.uasset" 723
"E:/Documents/SIKAT OJT/Game Project/Project/ProjectLumina/Content/Assets/Fonts/DosisBold-OLR6.uexp" 724
"E:/Documents/SIKAT OJT/Game Project/Project/ProjectLumina/Content/Assets/Fonts/DosisBold-OLR6.ufont" 725
"E:/Documents/SIKAT OJT/Game Project/Project/ProjectLumina/Content/Assets/Fonts/DosisBold-OLR6_Font.uasset" 726
"E:/Documents/SIKAT OJT/Game Project/Project/ProjectLumina/Content/Assets/Fonts/DosisBold-OLR6_Font.uexp" 727
"E:/Documents/SIKAT OJT/Game Project/Project/ProjectLumina/Content/Assets/Fonts/DosisBook-ZZm3.uasset" 728
"E:/Documents/SIKAT OJT/Game Project/Project/ProjectLumina/Content/Assets/Fonts/DosisBook-ZZm3.uexp" 729
"E:/Documents/SIKAT OJT/Game Project/Project/ProjectLumina/Content/Assets/Fonts/DosisBook-ZZm3.ufont" 730
"E:/Documents/SIKAT OJT/Game Project/Project/ProjectLumina/Content/Assets/Fonts/DosisBook-ZZm3_Font.uasset" 731
"E:/Documents/SIKAT OJT/Game Project/Project/ProjectLumina/Content/Assets/Fonts/DosisBook-ZZm3_Font.uexp" 732
"E:/Documents/SIKAT OJT/Game Project/Project/ProjectLumina/Content/Assets/Fonts/DosisLight-3jdp.uasset" 733
"E:/Documents/SIKAT OJT/Game Project/Project/ProjectLumina/Content/Assets/Fonts/DosisLight-3jdp.uexp" 734
"E:/Documents/SIKAT OJT/Game Project/Project/ProjectLumina/Content/Assets/Fonts/DosisLight-3jdp.ufont" 735
"E:/Documents/SIKAT OJT/Game Project/Project/ProjectLumina/Content/Assets/Fonts/DosisLight-3jdp_Font.uasset" 736
"E:/Documents/SIKAT OJT/Game Project/Project/ProjectLumina/Content/Assets/Fonts/DosisLight-3jdp_Font.uexp" 737
"E:/Documents/SIKAT OJT/Game Project/Project/ProjectLumina/Content/Assets/Fonts/DosisMedium-xP6m.uasset" 738
"E:/Documents/SIKAT OJT/Game Project/Project/ProjectLumina/Content/Assets/Fonts/DosisMedium-xP6m.uexp" 739
"E:/Documents/SIKAT OJT/Game Project/Project/ProjectLumina/Content/Assets/Fonts/DosisMedium-xP6m.ufont" 740
"E:/Documents/SIKAT OJT/Game Project/Project/ProjectLumina/Content/Assets/Fonts/DosisMedium-xP6m_Font.uasset" 741
"E:/Documents/SIKAT OJT/Game Project/Project/ProjectLumina/Content/Assets/Fonts/DosisMedium-xP6m_Font.uexp" 742
"E:/Documents/SIKAT OJT/Game Project/Project/ProjectLumina/Content/Assets/Fonts/DosisSemibold-pxJd.uasset" 743
"E:/Documents/SIKAT OJT/Game Project/Project/ProjectLumina/Content/Assets/Fonts/DosisSemibold-pxJd.uexp" 744
"E:/Documents/SIKAT OJT/Game Project/Project/ProjectLumina/Content/Assets/Fonts/DosisSemibold-pxJd.ufont" 745
"E:/Documents/SIKAT OJT/Game Project/Project/ProjectLumina/Content/Assets/Fonts/DosisSemibold-pxJd_Font.uasset" 746
"E:/Documents/SIKAT OJT/Game Project/Project/ProjectLumina/Content/Assets/Fonts/DosisSemibold-pxJd_Font.uexp" 747
"E:/Documents/SIKAT OJT/Game Project/Project/ProjectLumina/Content/Assets/Fonts/FriendlySans-8OxvB.uasset" 748
"E:/Documents/SIKAT OJT/Game Project/Project/ProjectLumina/Content/Assets/Fonts/FriendlySans-8OxvB.uexp" 749
"E:/Documents/SIKAT OJT/Game Project/Project/ProjectLumina/Content/Assets/Fonts/FriendlySans-8OxvB.ufont" 750
"E:/Documents/SIKAT OJT/Game Project/Project/ProjectLumina/Content/Assets/Fonts/FriendlySans-8OxvB_Font.uasset" 751
"E:/Documents/SIKAT OJT/Game Project/Project/ProjectLumina/Content/Assets/Fonts/FriendlySans-8OxvB_Font.uexp" 752
"E:/Documents/SIKAT OJT/Game Project/Project/ProjectLumina/Content/Assets/Fonts/FriendlySansItalic-Yqv28.uasset" 753
"E:/Documents/SIKAT OJT/Game Project/Project/ProjectLumina/Content/Assets/Fonts/FriendlySansItalic-Yqv28.uexp" 754
"E:/Documents/SIKAT OJT/Game Project/Project/ProjectLumina/Content/Assets/Fonts/FriendlySansItalic-Yqv28.ufont" 755
"E:/Documents/SIKAT OJT/Game Project/Project/ProjectLumina/Content/Assets/Fonts/FriendlySansItalic-Yqv28_Font.uasset" 756
"E:/Documents/SIKAT OJT/Game Project/Project/ProjectLumina/Content/Assets/Fonts/FriendlySansItalic-Yqv28_Font.uexp" 757
"E:/Documents/SIKAT OJT/Game Project/Project/ProjectLumina/Content/Assets/Fonts/PassionOne-Black.uasset" 758
"E:/Documents/SIKAT OJT/Game Project/Project/ProjectLumina/Content/Assets/Fonts/PassionOne-Black.uexp" 759
"E:/Documents/SIKAT OJT/Game Project/Project/ProjectLumina/Content/Assets/Fonts/PassionOne-Black.ufont" 760
"E:/Documents/SIKAT OJT/Game Project/Project/ProjectLumina/Content/Assets/Fonts/PassionOne-Black_Font.uasset" 761
"E:/Documents/SIKAT OJT/Game Project/Project/ProjectLumina/Content/Assets/Fonts/PassionOne-Black_Font.uexp" 762
"E:/Documents/SIKAT OJT/Game Project/Project/ProjectLumina/Content/Assets/Fonts/PelisseBoldItalic.uasset" 763
"E:/Documents/SIKAT OJT/Game Project/Project/ProjectLumina/Content/Assets/Fonts/PelisseBoldItalic.uexp" 764
"E:/Documents/SIKAT OJT/Game Project/Project/ProjectLumina/Content/Assets/Fonts/PelisseBoldItalic.ufont" 765
"E:/Documents/SIKAT OJT/Game Project/Project/ProjectLumina/Content/Assets/Fonts/PelisseBoldItalic_Font.uasset" 766
"E:/Documents/SIKAT OJT/Game Project/Project/ProjectLumina/Content/Assets/Fonts/PelisseBoldItalic_Font.uexp" 767
"E:/Documents/SIKAT OJT/Game Project/Project/ProjectLumina/Content/Assets/Fonts/PelisseExtraBold.uasset" 768
"E:/Documents/SIKAT OJT/Game Project/Project/ProjectLumina/Content/Assets/Fonts/PelisseExtraBold.uexp" 769
"E:/Documents/SIKAT OJT/Game Project/Project/ProjectLumina/Content/Assets/Fonts/PelisseExtraBold.ufont" 770
"E:/Documents/SIKAT OJT/Game Project/Project/ProjectLumina/Content/Assets/Fonts/PelisseExtraBold_Font.uasset" 771
"E:/Documents/SIKAT OJT/Game Project/Project/ProjectLumina/Content/Assets/Fonts/PelisseExtraBold_Font.uexp" 772
"E:/Documents/SIKAT OJT/Game Project/Project/ProjectLumina/Content/Assets/Fonts/Pelisse.uasset" 773
"E:/Documents/SIKAT OJT/Game Project/Project/ProjectLumina/Content/Assets/Fonts/Pelisse.uexp" 774
"E:/Documents/SIKAT OJT/Game Project/Project/ProjectLumina/Content/Assets/Fonts/Pelisse.ufont" 775
"E:/Documents/SIKAT OJT/Game Project/Project/ProjectLumina/Content/Assets/Fonts/Pelisse_Font.uasset" 776
"E:/Documents/SIKAT OJT/Game Project/Project/ProjectLumina/Content/Assets/Fonts/Pelisse_Font.uexp" 777
"E:/Documents/SIKAT OJT/Game Project/Project/ProjectLumina/Content/Assets/IllustrationEvents/EVBG_CutscenePlaceholder.uasset" 778
"E:/Documents/SIKAT OJT/Game Project/Project/ProjectLumina/Content/Assets/IllustrationEvents/EVBG_CutscenePlaceholder.uexp" 779
"E:/Documents/SIKAT OJT/Game Project/Project/ProjectLumina/Content/Assets/IllustrationEvents/Chap6/EVGB_PH_Bench.uasset" 780
"E:/Documents/SIKAT OJT/Game Project/Project/ProjectLumina/Content/Assets/IllustrationEvents/Chap6/EVGB_PH_Bench.uexp" 781
"../../../Engine/Plugins/2D/Paper2D/Content/PlaceholderTextures/DummySpriteTexture.uasset" 782
"../../../Engine/Plugins/2D/Paper2D/Content/PlaceholderTextures/DummySpriteTexture.uexp" 783
"../../../Engine/Plugins/2D/Paper2D/Content/PlaceholderTextures/DummySpriteTexture.ubulk" 784
"E:/Documents/SIKAT OJT/Game Project/Project/ProjectLumina/Content/Assets/Material/DefaultSpriteMaterial.uasset" 785
"E:/Documents/SIKAT OJT/Game Project/Project/ProjectLumina/Content/Assets/Material/DefaultSpriteMaterial.uexp" 786
"E:/Documents/SIKAT OJT/Game Project/Project/ProjectLumina/Content/Assets/Placeholders/Cutscenes/EVGB_Cutscene1.uasset" 787
"E:/Documents/SIKAT OJT/Game Project/Project/ProjectLumina/Content/Assets/Placeholders/Cutscenes/EVGB_Cutscene1.uexp" 788
"E:/Documents/SIKAT OJT/Game Project/Project/ProjectLumina/Content/Assets/Placeholders/Cutscenes/EVGB_Cutscene2.uasset" 789
"E:/Documents/SIKAT OJT/Game Project/Project/ProjectLumina/Content/Assets/Placeholders/Cutscenes/EVGB_Cutscene2.uexp" 790
"E:/Documents/SIKAT OJT/Game Project/Project/ProjectLumina/Content/Assets/Placeholders/Cutscenes/EVGB_Cutscene3.uasset" 791
"E:/Documents/SIKAT OJT/Game Project/Project/ProjectLumina/Content/Assets/Placeholders/Cutscenes/EVGB_Cutscene3.uexp" 792
"E:/Documents/SIKAT OJT/Game Project/Project/ProjectLumina/Content/Assets/Placeholders/Cutscenes/EVGB_Cutscene4.uasset" 793
"E:/Documents/SIKAT OJT/Game Project/Project/ProjectLumina/Content/Assets/Placeholders/Cutscenes/EVGB_Cutscene4.uexp" 794
"E:/Documents/SIKAT OJT/Game Project/Project/ProjectLumina/Content/Assets/Placeholders/Cutscenes/EVGB_Cutscene5.uasset" 795
"E:/Documents/SIKAT OJT/Game Project/Project/ProjectLumina/Content/Assets/Placeholders/Cutscenes/EVGB_Cutscene5.uexp" 796
"E:/Documents/SIKAT OJT/Game Project/Project/ProjectLumina/Content/Assets/Placeholders/Cutscenes/EVGB_Cutscene6.uasset" 797
"E:/Documents/SIKAT OJT/Game Project/Project/ProjectLumina/Content/Assets/Placeholders/Cutscenes/EVGB_Cutscene6.uexp" 798
"E:/Documents/SIKAT OJT/Game Project/Project/ProjectLumina/Content/Assets/Placeholders/Cutscenes/EVGB_Cutscene7.uasset" 799
"E:/Documents/SIKAT OJT/Game Project/Project/ProjectLumina/Content/Assets/Placeholders/Cutscenes/EVGB_Cutscene7.uexp" 800
"E:/Documents/SIKAT OJT/Game Project/Project/ProjectLumina/Content/Assets/Placeholders/Sprites/Character/MilesEdgeworth.uasset" 801
"E:/Documents/SIKAT OJT/Game Project/Project/ProjectLumina/Content/Assets/Placeholders/Sprites/Character/MilesEdgeworth.uexp" 802
"E:/Documents/SIKAT OJT/Game Project/Project/ProjectLumina/Content/Assets/Placeholders/Sprites/Character/PhoenixWright.uasset" 803
"E:/Documents/SIKAT OJT/Game Project/Project/ProjectLumina/Content/Assets/Placeholders/Sprites/Character/PhoenixWright.uexp" 804
"E:/Documents/SIKAT OJT/Game Project/Project/ProjectLumina/Content/Assets/SlateBrushes/SB_AnswerButton.uasset" 805
"E:/Documents/SIKAT OJT/Game Project/Project/ProjectLumina/Content/Assets/SlateBrushes/SB_AnswerButton.uexp" 806
"E:/Documents/SIKAT OJT/Game Project/Project/ProjectLumina/Content/Assets/SlateBrushes/SB_AnswerButtonPressed.uasset" 807
"E:/Documents/SIKAT OJT/Game Project/Project/ProjectLumina/Content/Assets/SlateBrushes/SB_AnswerButtonPressed.uexp" 808
"E:/Documents/SIKAT OJT/Game Project/Project/ProjectLumina/Content/Assets/Sprites/Distributor/Portrait_Distributor.uasset" 809
"E:/Documents/SIKAT OJT/Game Project/Project/ProjectLumina/Content/Assets/Sprites/Distributor/Portrait_Distributor.uexp" 810
"E:/Documents/SIKAT OJT/Game Project/Project/ProjectLumina/Content/Assets/UI/GameOver/TipProfileIcon.uasset" 811
"E:/Documents/SIKAT OJT/Game Project/Project/ProjectLumina/Content/Assets/UI/GameOver/TipProfileIcon.uexp" 812
"E:/Documents/SIKAT OJT/Game Project/Project/ProjectLumina/Content/Assets/UI/Gameplay/BackgroundShape.uasset" 813
"E:/Documents/SIKAT OJT/Game Project/Project/ProjectLumina/Content/Assets/UI/Gameplay/BackgroundShape.uexp" 814
"E:/Documents/SIKAT OJT/Game Project/Project/ProjectLumina/Content/Assets/UI/Gameplay/BackgroundShape2.uasset" 815
"E:/Documents/SIKAT OJT/Game Project/Project/ProjectLumina/Content/Assets/UI/Gameplay/BackgroundShape2.uexp" 816
"E:/Documents/SIKAT OJT/Game Project/Project/ProjectLumina/Content/Assets/UI/Gameplay/PH_QuestionBox.uasset" 817
"E:/Documents/SIKAT OJT/Game Project/Project/ProjectLumina/Content/Assets/UI/Gameplay/PH_QuestionBox.uexp" 818
"E:/Documents/SIKAT OJT/Game Project/Project/ProjectLumina/Content/Assets/UI/Gameplay/QuestionandTimeIndicator.uasset" 819
"E:/Documents/SIKAT OJT/Game Project/Project/ProjectLumina/Content/Assets/UI/Gameplay/QuestionandTimeIndicator.uexp" 820
"E:/Documents/SIKAT OJT/Game Project/Project/ProjectLumina/Content/Assets/UI/Gameplay/SettingsButton.uasset" 821
"E:/Documents/SIKAT OJT/Game Project/Project/ProjectLumina/Content/Assets/UI/Gameplay/SettingsButton.uexp" 822
"E:/Documents/SIKAT OJT/Game Project/Project/ProjectLumina/Content/Assets/UI/Gameplay/Indicator/UI_IndicatorBorderGold.uasset" 823
"E:/Documents/SIKAT OJT/Game Project/Project/ProjectLumina/Content/Assets/UI/Gameplay/Indicator/UI_IndicatorBorderGold.uexp" 824
"E:/Documents/SIKAT OJT/Game Project/Project/ProjectLumina/Content/Assets/UI/Icons/Money/Icon_Money.uasset" 825
"E:/Documents/SIKAT OJT/Game Project/Project/ProjectLumina/Content/Assets/UI/Icons/Money/Icon_Money.uexp" 826
"E:/Documents/SIKAT OJT/Game Project/Project/ProjectLumina/Content/Assets/UI/Settings/SettingsIcon.uasset" 827
"E:/Documents/SIKAT OJT/Game Project/Project/ProjectLumina/Content/Assets/UI/Settings/SettingsIcon.uexp" 828
"E:/Documents/SIKAT OJT/Game Project/Project/ProjectLumina/Content/Assets/UI/SplashScreen/Q4Logo.uasset" 829
"E:/Documents/SIKAT OJT/Game Project/Project/ProjectLumina/Content/Assets/UI/SplashScreen/Q4Logo.uexp" 830
"E:/Documents/SIKAT OJT/Game Project/Project/ProjectLumina/Content/Assets/UI/SplashScreen/Q4Logo.ubulk" 831
"E:/Documents/SIKAT OJT/Game Project/Project/ProjectLumina/Content/Assets/UI/TitleLogo/TitleLogo.uasset" 832
"E:/Documents/SIKAT OJT/Game Project/Project/ProjectLumina/Content/Assets/UI/TitleLogo/TitleLogo.uexp" 833
"E:/Documents/SIKAT OJT/Game Project/Project/ProjectLumina/Content/Assets/UI/TitleLogo/TitleLogoNoMascot1.uasset" 834
"E:/Documents/SIKAT OJT/Game Project/Project/ProjectLumina/Content/Assets/UI/TitleLogo/TitleLogoNoMascot1.uexp" 835
"E:/Documents/SIKAT OJT/Game Project/Project/ProjectLumina/Content/Assets/UI/TitleLogo/TitleLogoNoMascot.uasset" 836
"E:/Documents/SIKAT OJT/Game Project/Project/ProjectLumina/Content/Assets/UI/TitleLogo/TitleLogoNoMascot.uexp" 837
"E:/Documents/SIKAT OJT/Game Project/Project/ProjectLumina/Content/Assets/UI/TitleLogo/TitleLogoNoMascot_Mat.uasset" 838
"E:/Documents/SIKAT OJT/Game Project/Project/ProjectLumina/Content/Assets/UI/TitleLogo/TitleLogoNoMascot_Mat.uexp" 839
"E:/Documents/SIKAT OJT/Game Project/Project/ProjectLumina/Content/Assets/UI/TitleLogo/TitleLogo_Llewie.uasset" 840
"E:/Documents/SIKAT OJT/Game Project/Project/ProjectLumina/Content/Assets/UI/TitleLogo/TitleLogo_Llewie.uexp" 841
"../../../Engine/Content/Functions/Engine_MaterialFunctions02/ExampleContent/Textures/flipbook.uasset" 842
"../../../Engine/Content/Functions/Engine_MaterialFunctions02/ExampleContent/Textures/flipbook.uexp" 843
"../../../Engine/Content/Functions/Engine_MaterialFunctions02/ExampleContent/Textures/flipbook.ubulk" 844
"../../../Engine/Content/Functions/Engine_MaterialFunctions02/ExampleContent/Textures/DebugNumberPeriod.uasset" 845
"../../../Engine/Content/Functions/Engine_MaterialFunctions02/ExampleContent/Textures/DebugNumberPeriod.uexp" 846
"../../../Engine/Content/Functions/Engine_MaterialFunctions02/ExampleContent/DebugNumberStrip.uasset" 847
"../../../Engine/Content/Functions/Engine_MaterialFunctions02/ExampleContent/DebugNumberStrip.uexp" 848
"../../../Engine/Content/EngineMaterials/DefaultDiffuse.uasset" 849
"../../../Engine/Content/EngineMaterials/DefaultDiffuse.uexp" 850
"../../../Engine/Content/EngineMaterials/DefaultDiffuse.ubulk" 851
"../../../Engine/Content/Functions/Engine_MaterialFunctions01/Texturing/TextureCropping.uasset" 852
"../../../Engine/Content/Functions/Engine_MaterialFunctions01/Texturing/TextureCropping.uexp" 853
"../../../Engine/Content/Functions/Engine_MaterialFunctions01/Texturing/ComputeMipLevel.uasset" 854
"../../../Engine/Content/Functions/Engine_MaterialFunctions01/Texturing/ComputeMipLevel.uexp" 855
"../../../Engine/Content/Functions/Engine_MaterialFunctions02/Utility/DebugScalarValues.uasset" 856
"../../../Engine/Content/Functions/Engine_MaterialFunctions02/Utility/DebugScalarValues.uexp" 857
"../../../Engine/Content/Functions/Engine_MaterialFunctions02/Utility/BreakOutFloat2Components.uasset" 858
"../../../Engine/Content/Functions/Engine_MaterialFunctions02/Utility/BreakOutFloat2Components.uexp" 859
"../../../Engine/Content/Functions/Engine_MaterialFunctions02/Utility/DebugFloat2Values.uasset" 860
"../../../Engine/Content/Functions/Engine_MaterialFunctions02/Utility/DebugFloat2Values.uexp" 861
"../../../Engine/Content/Functions/Engine_MaterialFunctions02/Texturing/FlipBook.uasset" 862
"../../../Engine/Content/Functions/Engine_MaterialFunctions02/Texturing/FlipBook.uexp" 863
"E:/Documents/SIKAT OJT/Game Project/Project/ProjectLumina/Content/Assets/UI/TitleScreen/HIkariWalk/MAT_HikariWalk.uasset" 864
"E:/Documents/SIKAT OJT/Game Project/Project/ProjectLumina/Content/Assets/UI/TitleScreen/HIkariWalk/MAT_HikariWalk.uexp" 865
"../../../Engine/Plugins/2D/Paper2D/Content/DefaultSpriteMaterial.uasset" 866
"../../../Engine/Plugins/2D/Paper2D/Content/DefaultSpriteMaterial.uexp" 867
"../../../Engine/Plugins/2D/Paper2D/Content/TranslucentUnlitSpriteMaterial.uasset" 868
"../../../Engine/Plugins/2D/Paper2D/Content/TranslucentUnlitSpriteMaterial.uexp" 869
"E:/Documents/SIKAT OJT/Game Project/Project/ProjectLumina/Content/Assets/UI/TitleScreen/HIkariWalk/MI_HikariWalk.uasset" 870
"E:/Documents/SIKAT OJT/Game Project/Project/ProjectLumina/Content/Assets/UI/TitleScreen/HIkariWalk/MI_HikariWalk.uexp" 871
"E:/Documents/SIKAT OJT/Game Project/Project/ProjectLumina/Content/Assets/UI/TitleScreen/HIkariWalk/Render_00007.uasset" 872
"E:/Documents/SIKAT OJT/Game Project/Project/ProjectLumina/Content/Assets/UI/TitleScreen/HIkariWalk/Render_00007.uexp" 873
"E:/Documents/SIKAT OJT/Game Project/Project/ProjectLumina/Content/Assets/UI/TitleScreen/HIkariWalk/Render_00006.uasset" 874
"E:/Documents/SIKAT OJT/Game Project/Project/ProjectLumina/Content/Assets/UI/TitleScreen/HIkariWalk/Render_00006.uexp" 875
"E:/Documents/SIKAT OJT/Game Project/Project/ProjectLumina/Content/Assets/UI/TitleScreen/HIkariWalk/Render_00005.uasset" 876
"E:/Documents/SIKAT OJT/Game Project/Project/ProjectLumina/Content/Assets/UI/TitleScreen/HIkariWalk/Render_00005.uexp" 877
"E:/Documents/SIKAT OJT/Game Project/Project/ProjectLumina/Content/Assets/UI/TitleScreen/HIkariWalk/Render_00004.uasset" 878
"E:/Documents/SIKAT OJT/Game Project/Project/ProjectLumina/Content/Assets/UI/TitleScreen/HIkariWalk/Render_00004.uexp" 879
"E:/Documents/SIKAT OJT/Game Project/Project/ProjectLumina/Content/Assets/UI/TitleScreen/HIkariWalk/Render_00003.uasset" 880
"E:/Documents/SIKAT OJT/Game Project/Project/ProjectLumina/Content/Assets/UI/TitleScreen/HIkariWalk/Render_00003.uexp" 881
"E:/Documents/SIKAT OJT/Game Project/Project/ProjectLumina/Content/Assets/UI/TitleScreen/HIkariWalk/Render_00002.uasset" 882
"E:/Documents/SIKAT OJT/Game Project/Project/ProjectLumina/Content/Assets/UI/TitleScreen/HIkariWalk/Render_00002.uexp" 883
"E:/Documents/SIKAT OJT/Game Project/Project/ProjectLumina/Content/Assets/UI/TitleScreen/HIkariWalk/Render_00001.uasset" 884
"E:/Documents/SIKAT OJT/Game Project/Project/ProjectLumina/Content/Assets/UI/TitleScreen/HIkariWalk/Render_00001.uexp" 885
"E:/Documents/SIKAT OJT/Game Project/Project/ProjectLumina/Content/Assets/UI/TitleScreen/HIkariWalk/Render_00000.uasset" 886
"E:/Documents/SIKAT OJT/Game Project/Project/ProjectLumina/Content/Assets/UI/TitleScreen/HIkariWalk/Render_00000.uexp" 887
"E:/Documents/SIKAT OJT/Game Project/Project/ProjectLumina/Content/Assets/UI/TitleScreen/HIkariWalk/T2DA_HikariWalk.uasset" 888
"E:/Documents/SIKAT OJT/Game Project/Project/ProjectLumina/Content/Assets/UI/TitleScreen/HIkariWalk/T2DA_HikariWalk.uexp" 889
"E:/Documents/SIKAT OJT/Game Project/Project/ProjectLumina/Content/Assets/UI/Window/AS_Border.uasset" 890
"E:/Documents/SIKAT OJT/Game Project/Project/ProjectLumina/Content/Assets/UI/Window/AS_Border.uexp" 891
"E:/Documents/SIKAT OJT/Game Project/Project/ProjectLumina/Content/Blueprints/Widgets/DialogueSystem/AC/AC_DialogueSystem.uasset" 892
"E:/Documents/SIKAT OJT/Game Project/Project/ProjectLumina/Content/Blueprints/Widgets/DialogueSystem/AC/AC_DialogueSystem.uexp" 893
"E:/Documents/SIKAT OJT/Game Project/Project/ProjectLumina/Content/Assets/UI/Gameplay/Indicator/UI_IndicatorBorder2.uasset" 894
"E:/Documents/SIKAT OJT/Game Project/Project/ProjectLumina/Content/Assets/UI/Gameplay/Indicator/UI_IndicatorBorder2.uexp" 895
"E:/Documents/SIKAT OJT/Game Project/Project/ProjectLumina/Content/Assets/UI/Gameplay/PauseButton.uasset" 896
"E:/Documents/SIKAT OJT/Game Project/Project/ProjectLumina/Content/Assets/UI/Gameplay/PauseButton.uexp" 897
"E:/Documents/SIKAT OJT/Game Project/Project/ProjectLumina/Content/Blueprints/Widgets/Gameplay/FillBlanks/UI_GPFillBlanks.uasset" 898
"E:/Documents/SIKAT OJT/Game Project/Project/ProjectLumina/Content/Blueprints/Widgets/Gameplay/FillBlanks/UI_GPFillBlanks.uexp" 899
"E:/Documents/SIKAT OJT/Game Project/Project/ProjectLumina/Content/Blueprints/Widgets/Gameplay/ProblemMatcing/WG_QuestionNum.uasset" 900
"E:/Documents/SIKAT OJT/Game Project/Project/ProjectLumina/Content/Blueprints/Widgets/Gameplay/ProblemMatcing/WG_QuestionNum.uexp" 901
"E:/Documents/SIKAT OJT/Game Project/Project/ProjectLumina/Content/Blueprints/Widgets/LevelSelect/UI_LevelSelect2.uasset" 902
"E:/Documents/SIKAT OJT/Game Project/Project/ProjectLumina/Content/Blueprints/Widgets/LevelSelect/UI_LevelSelect2.uexp" 903
"E:/Documents/SIKAT OJT/Game Project/Project/ProjectLumina/Content/Blueprints/Widgets/MainCanvas/UI_MainCanvas.uasset" 904
"E:/Documents/SIKAT OJT/Game Project/Project/ProjectLumina/Content/Blueprints/Widgets/MainCanvas/UI_MainCanvas.uexp" 905
"E:/Documents/SIKAT OJT/Game Project/Project/ProjectLumina/Content/Structure/ST_LevelData.uasset" 906
"E:/Documents/SIKAT OJT/Game Project/Project/ProjectLumina/Content/Structure/ST_LevelData.uexp" 907
"E:/Documents/SIKAT OJT/Game Project/Project/ProjectLumina/Content/Structure/LevelSelect/DT_Level4ButtonData.uasset" 908
"E:/Documents/SIKAT OJT/Game Project/Project/ProjectLumina/Content/Structure/LevelSelect/DT_Level4ButtonData.uexp" 909
"E:/Documents/SIKAT OJT/Game Project/Project/ProjectLumina/Content/Structure/LevelSelect/DT_Level3ButtonData.uasset" 910
"E:/Documents/SIKAT OJT/Game Project/Project/ProjectLumina/Content/Structure/LevelSelect/DT_Level3ButtonData.uexp" 911
"E:/Documents/SIKAT OJT/Game Project/Project/ProjectLumina/Content/Structure/LevelSelect/DT_Level2ButtonData.uasset" 912
"E:/Documents/SIKAT OJT/Game Project/Project/ProjectLumina/Content/Structure/LevelSelect/DT_Level2ButtonData.uexp" 913
"E:/Documents/SIKAT OJT/Game Project/Project/ProjectLumina/Content/Structure/LevelSelect/DT_Level1ButtonData.uasset" 914
"E:/Documents/SIKAT OJT/Game Project/Project/ProjectLumina/Content/Structure/LevelSelect/DT_Level1ButtonData.uexp" 915
"E:/Documents/SIKAT OJT/Game Project/Project/ProjectLumina/Content/Blueprints/Enum/Enum_LevelPressed.uasset" 916
"E:/Documents/SIKAT OJT/Game Project/Project/ProjectLumina/Content/Blueprints/Enum/Enum_LevelPressed.uexp" 917
"E:/Documents/SIKAT OJT/Game Project/Project/ProjectLumina/Content/Assets/UI/LevelSelect/PopUp/Buttons/PopUpButtonPressed.uasset" 918
"E:/Documents/SIKAT OJT/Game Project/Project/ProjectLumina/Content/Assets/UI/LevelSelect/PopUp/Buttons/PopUpButtonPressed.uexp" 919
"E:/Documents/SIKAT OJT/Game Project/Project/ProjectLumina/Content/Assets/UI/LevelSelect/PopUp/Buttons/LVLSelect_PopUpButton.uasset" 920
"E:/Documents/SIKAT OJT/Game Project/Project/ProjectLumina/Content/Assets/UI/LevelSelect/PopUp/Buttons/LVLSelect_PopUpButton.uexp" 921
"E:/Documents/SIKAT OJT/Game Project/Project/ProjectLumina/Content/Assets/UI/LevelSelect/PopUp/LevelSelectStoryIndicatorComplete.uasset" 922
"E:/Documents/SIKAT OJT/Game Project/Project/ProjectLumina/Content/Assets/UI/LevelSelect/PopUp/LevelSelectStoryIndicatorComplete.uexp" 923
"E:/Documents/SIKAT OJT/Game Project/Project/ProjectLumina/Content/Assets/UI/LevelSelect/PopUp/LevelSelectStoryIndicator.uasset" 924
"E:/Documents/SIKAT OJT/Game Project/Project/ProjectLumina/Content/Assets/UI/LevelSelect/PopUp/LevelSelectStoryIndicator.uexp" 925
"E:/Documents/SIKAT OJT/Game Project/Project/ProjectLumina/Content/Assets/UI/LevelSelect/PopUp/LevelSelectIndicatorBorderCompleted.uasset" 926
"E:/Documents/SIKAT OJT/Game Project/Project/ProjectLumina/Content/Assets/UI/LevelSelect/PopUp/LevelSelectIndicatorBorderCompleted.uexp" 927
"E:/Documents/SIKAT OJT/Game Project/Project/ProjectLumina/Content/Assets/UI/LevelSelect/PopUp/LevelSelectIndicatorBorder.uasset" 928
"E:/Documents/SIKAT OJT/Game Project/Project/ProjectLumina/Content/Assets/UI/LevelSelect/PopUp/LevelSelectIndicatorBorder.uexp" 929
"E:/Documents/SIKAT OJT/Game Project/Project/ProjectLumina/Content/Assets/UI/Icons/Unlocked/ICN_Unlocked.uasset" 930
"E:/Documents/SIKAT OJT/Game Project/Project/ProjectLumina/Content/Assets/UI/Icons/Unlocked/ICN_Unlocked.uexp" 931
"E:/Documents/SIKAT OJT/Game Project/Project/ProjectLumina/Content/Blueprints/Widgets/LevelSelect/UI_LevelSelectPopUpButton.uasset" 932
"E:/Documents/SIKAT OJT/Game Project/Project/ProjectLumina/Content/Blueprints/Widgets/LevelSelect/UI_LevelSelectPopUpButton.uexp" 933
"E:/Documents/SIKAT OJT/Game Project/Project/ProjectLumina/Content/Assets/UI/LevelSelect/PopUp/TitleTexts/TT_SparkFest.uasset" 934
"E:/Documents/SIKAT OJT/Game Project/Project/ProjectLumina/Content/Assets/UI/LevelSelect/PopUp/TitleTexts/TT_SparkFest.uexp" 935
"E:/Documents/SIKAT OJT/Game Project/Project/ProjectLumina/Content/Assets/UI/LevelSelect/PopUp/TitleTexts/TT_SiliconeValley.uasset" 936
"E:/Documents/SIKAT OJT/Game Project/Project/ProjectLumina/Content/Assets/UI/LevelSelect/PopUp/TitleTexts/TT_SiliconeValley.uexp" 937
"E:/Documents/SIKAT OJT/Game Project/Project/ProjectLumina/Content/Assets/UI/LevelSelect/PopUp/TitleTexts/TT_SIKATropolis.uasset" 938
"E:/Documents/SIKAT OJT/Game Project/Project/ProjectLumina/Content/Assets/UI/LevelSelect/PopUp/TitleTexts/TT_SIKATropolis.uexp" 939
"E:/Documents/SIKAT OJT/Game Project/Project/ProjectLumina/Content/Assets/UI/LevelSelect/PopUp/TitleTexts/TT_Luminavale.uasset" 940
"E:/Documents/SIKAT OJT/Game Project/Project/ProjectLumina/Content/Assets/UI/LevelSelect/PopUp/TitleTexts/TT_Luminavale.uexp" 941
"E:/Documents/SIKAT OJT/Game Project/Project/ProjectLumina/Content/Assets/UI/LevelSelect/PopUp/TitleTexts/TT_City.uasset" 942
"E:/Documents/SIKAT OJT/Game Project/Project/ProjectLumina/Content/Assets/UI/LevelSelect/PopUp/TitleTexts/TT_City.uexp" 943
"E:/Documents/SIKAT OJT/Game Project/Project/ProjectLumina/Content/Assets/UI/LevelSelect/PopUp/Buttons/LVLSelect_BTN_ClosePressed.uasset" 944
"E:/Documents/SIKAT OJT/Game Project/Project/ProjectLumina/Content/Assets/UI/LevelSelect/PopUp/Buttons/LVLSelect_BTN_ClosePressed.uexp" 945
"E:/Documents/SIKAT OJT/Game Project/Project/ProjectLumina/Content/Assets/UI/LevelSelect/PopUp/Buttons/LVLSelect_BTN_Close.uasset" 946
"E:/Documents/SIKAT OJT/Game Project/Project/ProjectLumina/Content/Assets/UI/LevelSelect/PopUp/Buttons/LVLSelect_BTN_Close.uexp" 947
"E:/Documents/SIKAT OJT/Game Project/Project/ProjectLumina/Content/Assets/UI/LevelSelect/PopUp/LVLSelect_PopUpBox.uasset" 948
"E:/Documents/SIKAT OJT/Game Project/Project/ProjectLumina/Content/Assets/UI/LevelSelect/PopUp/LVLSelect_PopUpBox.uexp" 949
"E:/Documents/SIKAT OJT/Game Project/Project/ProjectLumina/Content/Blueprints/Widgets/LevelSelect/UI_LevelSelectWindow.uasset" 950
"E:/Documents/SIKAT OJT/Game Project/Project/ProjectLumina/Content/Blueprints/Widgets/LevelSelect/UI_LevelSelectWindow.uexp" 951
"E:/Documents/SIKAT OJT/Game Project/Project/ProjectLumina/Content/Assets/UI/TitleScreen/TitleScreenBG.uasset" 952
"E:/Documents/SIKAT OJT/Game Project/Project/ProjectLumina/Content/Assets/UI/TitleScreen/TitleScreenBG.uexp" 953
"E:/Documents/SIKAT OJT/Game Project/Project/ProjectLumina/Content/Assets/UI/TitleScreen/CloudTitle.uasset" 954
"E:/Documents/SIKAT OJT/Game Project/Project/ProjectLumina/Content/Assets/UI/TitleScreen/CloudTitle.uexp" 955
"E:/Documents/SIKAT OJT/Game Project/Project/ProjectLumina/Content/Assets/UI/LevelSelect/PopUp/TitleTexts/TT_StoryPlay.uasset" 956
"E:/Documents/SIKAT OJT/Game Project/Project/ProjectLumina/Content/Assets/UI/LevelSelect/PopUp/TitleTexts/TT_StoryPlay.uexp" 957
"E:/Documents/SIKAT OJT/Game Project/Project/ProjectLumina/Content/Assets/UI/LevelSelect/Continue/BTN_ContinuePressed.uasset" 958
"E:/Documents/SIKAT OJT/Game Project/Project/ProjectLumina/Content/Assets/UI/LevelSelect/Continue/BTN_ContinuePressed.uexp" 959
"E:/Documents/SIKAT OJT/Game Project/Project/ProjectLumina/Content/Assets/UI/LevelSelect/Continue/BTN_Continue.uasset" 960
"E:/Documents/SIKAT OJT/Game Project/Project/ProjectLumina/Content/Assets/UI/LevelSelect/Continue/BTN_Continue.uexp" 961
"E:/Documents/SIKAT OJT/Game Project/Project/ProjectLumina/Content/Assets/UI/LevelSelect/Island_SparkFestOutline.uasset" 962
"E:/Documents/SIKAT OJT/Game Project/Project/ProjectLumina/Content/Assets/UI/LevelSelect/Island_SparkFestOutline.uexp" 963
"E:/Documents/SIKAT OJT/Game Project/Project/ProjectLumina/Content/Assets/UI/LevelSelect/Island_SparkFestHovered.uasset" 964
"E:/Documents/SIKAT OJT/Game Project/Project/ProjectLumina/Content/Assets/UI/LevelSelect/Island_SparkFestHovered.uexp" 965
"E:/Documents/SIKAT OJT/Game Project/Project/ProjectLumina/Content/Assets/UI/LevelSelect/Island_SparkFest.uasset" 966
"E:/Documents/SIKAT OJT/Game Project/Project/ProjectLumina/Content/Assets/UI/LevelSelect/Island_SparkFest.uexp" 967
"E:/Documents/SIKAT OJT/Game Project/Project/ProjectLumina/Content/Assets/UI/LevelSelect/Island_LuminavaleOutline.uasset" 968
"E:/Documents/SIKAT OJT/Game Project/Project/ProjectLumina/Content/Assets/UI/LevelSelect/Island_LuminavaleOutline.uexp" 969
"E:/Documents/SIKAT OJT/Game Project/Project/ProjectLumina/Content/Assets/UI/LevelSelect/Island_LuminavaleHovered.uasset" 970
"E:/Documents/SIKAT OJT/Game Project/Project/ProjectLumina/Content/Assets/UI/LevelSelect/Island_LuminavaleHovered.uexp" 971
"E:/Documents/SIKAT OJT/Game Project/Project/ProjectLumina/Content/Assets/UI/LevelSelect/Island_ForestOutline.uasset" 972
"E:/Documents/SIKAT OJT/Game Project/Project/ProjectLumina/Content/Assets/UI/LevelSelect/Island_ForestOutline.uexp" 973
"E:/Documents/SIKAT OJT/Game Project/Project/ProjectLumina/Content/Assets/UI/LevelSelect/Island_ForestHovered.uasset" 974
"E:/Documents/SIKAT OJT/Game Project/Project/ProjectLumina/Content/Assets/UI/LevelSelect/Island_ForestHovered.uexp" 975
"E:/Documents/SIKAT OJT/Game Project/Project/ProjectLumina/Content/Assets/UI/LevelSelect/Island_Forest.uasset" 976
"E:/Documents/SIKAT OJT/Game Project/Project/ProjectLumina/Content/Assets/UI/LevelSelect/Island_Forest.uexp" 977
"E:/Documents/SIKAT OJT/Game Project/Project/ProjectLumina/Content/Assets/UI/LevelSelect/Island_CityOutline.uasset" 978
"E:/Documents/SIKAT OJT/Game Project/Project/ProjectLumina/Content/Assets/UI/LevelSelect/Island_CityOutline.uexp" 979
"E:/Documents/SIKAT OJT/Game Project/Project/ProjectLumina/Content/Assets/UI/LevelSelect/Island_CityHovered.uasset" 980
"E:/Documents/SIKAT OJT/Game Project/Project/ProjectLumina/Content/Assets/UI/LevelSelect/Island_CityHovered.uexp" 981
"E:/Documents/SIKAT OJT/Game Project/Project/ProjectLumina/Content/Assets/UI/LevelSelect/Island_City.uasset" 982
"E:/Documents/SIKAT OJT/Game Project/Project/ProjectLumina/Content/Assets/UI/LevelSelect/Island_City.uexp" 983
"E:/Documents/SIKAT OJT/Game Project/Project/ProjectLumina/Content/Assets/UI/LevelSelect/BTN_Luminavale.uasset" 984
"E:/Documents/SIKAT OJT/Game Project/Project/ProjectLumina/Content/Assets/UI/LevelSelect/BTN_Luminavale.uexp" 985
"E:/Documents/SIKAT OJT/Game Project/Project/ProjectLumina/Content/Assets/Placeholders/Background/PH_Background.uasset" 986
"E:/Documents/SIKAT OJT/Game Project/Project/ProjectLumina/Content/Assets/Placeholders/Background/PH_Background.uexp" 987
"E:/Documents/SIKAT OJT/Game Project/Project/ProjectLumina/Content/Assets/UI/Buttons/BTN_HomePressed.uasset" 988
"E:/Documents/SIKAT OJT/Game Project/Project/ProjectLumina/Content/Assets/UI/Buttons/BTN_HomePressed.uexp" 989
"E:/Documents/SIKAT OJT/Game Project/Project/ProjectLumina/Content/Assets/UI/Buttons/BTN_Home.uasset" 990
"E:/Documents/SIKAT OJT/Game Project/Project/ProjectLumina/Content/Assets/UI/Buttons/BTN_Home.uexp" 991
"E:/Documents/SIKAT OJT/Game Project/Project/ProjectLumina/Content/Assets/Backgrounds/Chap1/BG_Garage.uasset" 992
"E:/Documents/SIKAT OJT/Game Project/Project/ProjectLumina/Content/Assets/Backgrounds/Chap1/BG_Garage.uexp" 993
"E:/Documents/SIKAT OJT/Game Project/Project/ProjectLumina/Content/Assets/Backgrounds/Backgrounds/BG_SparkFestv2.uasset" 994
"E:/Documents/SIKAT OJT/Game Project/Project/ProjectLumina/Content/Assets/Backgrounds/Backgrounds/BG_SparkFestv2.uexp" 995
"E:/Documents/SIKAT OJT/Game Project/Project/ProjectLumina/Content/Assets/Backgrounds/Backgrounds/BG_Silicone.uasset" 996
"E:/Documents/SIKAT OJT/Game Project/Project/ProjectLumina/Content/Assets/Backgrounds/Backgrounds/BG_Silicone.uexp" 997
"E:/Documents/SIKAT OJT/Game Project/Project/ProjectLumina/Content/Assets/Backgrounds/Backgrounds/BG_SIKATROPOLIS.uasset" 998
"E:/Documents/SIKAT OJT/Game Project/Project/ProjectLumina/Content/Assets/Backgrounds/Backgrounds/BG_SIKATROPOLIS.uexp" 999
"E:/Documents/SIKAT OJT/Game Project/Project/ProjectLumina/Content/Blueprints/Widgets/LevelSelect/UI_LVLSelect.uasset" 1000
"E:/Documents/SIKAT OJT/Game Project/Project/ProjectLumina/Content/Blueprints/Widgets/LevelSelect/UI_LVLSelect.uexp" 1001
"E:/Documents/SIKAT OJT/Game Project/Project/ProjectLumina/Content/Blueprints/Widgets/QuickPlaySelect/UI_QuickPlaySelect.uasset" 1002
"E:/Documents/SIKAT OJT/Game Project/Project/ProjectLumina/Content/Blueprints/Widgets/QuickPlaySelect/UI_QuickPlaySelect.uexp" 1003
"E:/Documents/SIKAT OJT/Game Project/Project/ProjectLumina/Content/Blueprints/Widgets/SplashScreen/Widget.uasset" 1004
"E:/Documents/SIKAT OJT/Game Project/Project/ProjectLumina/Content/Blueprints/Widgets/SplashScreen/Widget.uexp" 1005
"E:/Documents/SIKAT OJT/Game Project/Project/ProjectLumina/Content/Blueprints/Enum/Enum_CurrentEmotionPlayer.uasset" 1006
"E:/Documents/SIKAT OJT/Game Project/Project/ProjectLumina/Content/Blueprints/Enum/Enum_CurrentEmotionPlayer.uexp" 1007
"E:/Documents/SIKAT OJT/Game Project/Project/ProjectLumina/Content/Blueprints/Enum/Enum_CurrentEmotionNPC.uasset" 1008
"E:/Documents/SIKAT OJT/Game Project/Project/ProjectLumina/Content/Blueprints/Enum/Enum_CurrentEmotionNPC.uexp" 1009
"E:/Documents/SIKAT OJT/Game Project/Project/ProjectLumina/Content/Blueprints/Conversation/S_Conversation.uasset" 1010
"E:/Documents/SIKAT OJT/Game Project/Project/ProjectLumina/Content/Blueprints/Conversation/S_Conversation.uexp" 1011
"E:/Documents/SIKAT OJT/Game Project/Project/ProjectLumina/Content/Dialogues/DL_ChTemplate.uasset" 1012
"E:/Documents/SIKAT OJT/Game Project/Project/ProjectLumina/Content/Dialogues/DL_ChTemplate.uexp" 1013
"E:/Documents/SIKAT OJT/Game Project/Project/ProjectLumina/Content/Assets/Sprites/Hikari/Portrait_HikariThinking.uasset" 1014
"E:/Documents/SIKAT OJT/Game Project/Project/ProjectLumina/Content/Assets/Sprites/Hikari/Portrait_HikariThinking.uexp" 1015
"E:/Documents/SIKAT OJT/Game Project/Project/ProjectLumina/Content/Assets/Sprites/Hikari/Portrait_HikariLaughing.uasset" 1016
"E:/Documents/SIKAT OJT/Game Project/Project/ProjectLumina/Content/Assets/Sprites/Hikari/Portrait_HikariLaughing.uexp" 1017
"E:/Documents/SIKAT OJT/Game Project/Project/ProjectLumina/Content/Assets/Sprites/Hikari/Portrait_HikariConfused.uasset" 1018
"E:/Documents/SIKAT OJT/Game Project/Project/ProjectLumina/Content/Assets/Sprites/Hikari/Portrait_HikariConfused.uexp" 1019
"E:/Documents/SIKAT OJT/Game Project/Project/ProjectLumina/Content/Dialogues/Ch01/DL_Ch1.uasset" 1020
"E:/Documents/SIKAT OJT/Game Project/Project/ProjectLumina/Content/Dialogues/Ch01/DL_Ch1.uexp" 1021
"E:/Documents/SIKAT OJT/Game Project/Project/ProjectLumina/Content/Blueprints/Widgets/Dialogue/WBP_Conv_Answer.uasset" 1022
"E:/Documents/SIKAT OJT/Game Project/Project/ProjectLumina/Content/Blueprints/Widgets/Dialogue/WBP_Conv_Answer.uexp" 1023
"E:/Documents/SIKAT OJT/Game Project/Project/ProjectLumina/Content/Blueprints/Widgets/Dialogue/WBP_Conv_Player.uasset" 1024
"E:/Documents/SIKAT OJT/Game Project/Project/ProjectLumina/Content/Blueprints/Widgets/Dialogue/WBP_Conv_Player.uexp" 1025
"E:/Documents/SIKAT OJT/Game Project/Project/ProjectLumina/Content/Blueprints/Enum/Enum_PlayerSpeaking.uasset" 1026
"E:/Documents/SIKAT OJT/Game Project/Project/ProjectLumina/Content/Blueprints/Enum/Enum_PlayerSpeaking.uexp" 1027
"E:/Documents/SIKAT OJT/Game Project/Project/ProjectLumina/Content/Blueprints/Conversation/BPC_Conversant.uasset" 1028
"E:/Documents/SIKAT OJT/Game Project/Project/ProjectLumina/Content/Blueprints/Conversation/BPC_Conversant.uexp" 1029
"E:/Documents/SIKAT OJT/Game Project/Project/ProjectLumina/Content/Assets/UI/Dialogue/Dialogue_Nametag.uasset" 1030
"E:/Documents/SIKAT OJT/Game Project/Project/ProjectLumina/Content/Assets/UI/Dialogue/Dialogue_Nametag.uexp" 1031
"E:/Documents/SIKAT OJT/Game Project/Project/ProjectLumina/Content/Blueprints/Widgets/Dialogue/WBP_Conv_Main.uasset" 1032
"E:/Documents/SIKAT OJT/Game Project/Project/ProjectLumina/Content/Blueprints/Widgets/Dialogue/WBP_Conv_Main.uexp" 1033
"E:/Documents/SIKAT OJT/Game Project/Project/ProjectLumina/Content/Blueprints/Widgets/Dialogue/WBP_Conv_NPC.uasset" 1034
"E:/Documents/SIKAT OJT/Game Project/Project/ProjectLumina/Content/Blueprints/Widgets/Dialogue/WBP_Conv_NPC.uexp" 1035
"E:/Documents/SIKAT OJT/Game Project/Project/ProjectLumina/Content/Assets/IllustrationEvents/Chap2/Chap2_Illustration.uasset" 1036
"E:/Documents/SIKAT OJT/Game Project/Project/ProjectLumina/Content/Assets/IllustrationEvents/Chap2/Chap2_Illustration.uexp" 1037
"E:/Documents/SIKAT OJT/Game Project/Project/ProjectLumina/Content/Assets/Backgrounds/Chap1/BG_Dining.uasset" 1038
"E:/Documents/SIKAT OJT/Game Project/Project/ProjectLumina/Content/Assets/Backgrounds/Chap1/BG_Dining.uexp" 1039
"E:/Documents/SIKAT OJT/Game Project/Project/ProjectLumina/Content/Assets/Backgrounds/Backgrounds/BG_Garage.uasset" 1040
"E:/Documents/SIKAT OJT/Game Project/Project/ProjectLumina/Content/Assets/Backgrounds/Backgrounds/BG_Garage.uexp" 1041
"E:/Documents/SIKAT OJT/Game Project/Project/ProjectLumina/Content/Assets/Backgrounds/Backgrounds/BG_Forest.uasset" 1042
"E:/Documents/SIKAT OJT/Game Project/Project/ProjectLumina/Content/Assets/Backgrounds/Backgrounds/BG_Forest.uexp" 1043
"E:/Documents/SIKAT OJT/Game Project/Project/ProjectLumina/Content/Assets/Audio/Music/FulminisIctus__itchio_/BG/Idle_Chatter.uasset" 1044
"E:/Documents/SIKAT OJT/Game Project/Project/ProjectLumina/Content/Assets/Audio/Music/FulminisIctus__itchio_/BG/Idle_Chatter.uexp" 1045
"E:/Documents/SIKAT OJT/Game Project/Project/ProjectLumina/Content/Assets/Audio/Music/FulminisIctus__itchio_/BG/Doll_Dance.uasset" 1046
"E:/Documents/SIKAT OJT/Game Project/Project/ProjectLumina/Content/Assets/Audio/Music/FulminisIctus__itchio_/BG/Doll_Dance.uexp" 1047
"E:/Documents/SIKAT OJT/Game Project/Project/ProjectLumina/Content/Assets/Audio/Music/Bell_Kalengar__itchio_/Comedy/WAV_Cooking_Time_.uasset" 1048
"E:/Documents/SIKAT OJT/Game Project/Project/ProjectLumina/Content/Assets/Audio/Music/Bell_Kalengar__itchio_/Comedy/WAV_Cooking_Time_.uexp" 1049
"E:/Documents/SIKAT OJT/Game Project/Project/ProjectLumina/Content/Dialogues/Ch01/BP_DL-Ch1.uasset" 1050
"E:/Documents/SIKAT OJT/Game Project/Project/ProjectLumina/Content/Dialogues/Ch01/BP_DL-Ch1.uexp" 1051
"E:/Documents/SIKAT OJT/Game Project/Project/ProjectLumina/Content/Dialogues/Ch010/DL_Ch10_3Backup.uasset" 1052
"E:/Documents/SIKAT OJT/Game Project/Project/ProjectLumina/Content/Dialogues/Ch010/DL_Ch10_3Backup.uexp" 1053
"E:/Documents/SIKAT OJT/Game Project/Project/ProjectLumina/Content/Assets/Sprites/UnIQ-Egg/Portrait_UnIQ-Egg-Neutral.uasset" 1054
"E:/Documents/SIKAT OJT/Game Project/Project/ProjectLumina/Content/Assets/Sprites/UnIQ-Egg/Portrait_UnIQ-Egg-Neutral.uexp" 1055
"E:/Documents/SIKAT OJT/Game Project/Project/ProjectLumina/Content/Assets/Sprites/UnIQ-Egg/Portrait_UnIQ-Egg-Exclamation.uasset" 1056
"E:/Documents/SIKAT OJT/Game Project/Project/ProjectLumina/Content/Assets/Sprites/UnIQ-Egg/Portrait_UnIQ-Egg-Exclamation.uexp" 1057
"E:/Documents/SIKAT OJT/Game Project/Project/ProjectLumina/Content/Assets/Sprites/Mother/Portrait_Mother.uasset" 1058
"E:/Documents/SIKAT OJT/Game Project/Project/ProjectLumina/Content/Assets/Sprites/Mother/Portrait_Mother.uexp" 1059
"E:/Documents/SIKAT OJT/Game Project/Project/ProjectLumina/Content/Dialogues/Ch02/DL_Ch2.uasset" 1060
"E:/Documents/SIKAT OJT/Game Project/Project/ProjectLumina/Content/Dialogues/Ch02/DL_Ch2.uexp" 1061
"E:/Documents/SIKAT OJT/Game Project/Project/ProjectLumina/Content/Assets/Audio/Music/Bell_Kalengar__itchio_/Emotional/WAV_Falling_Leaves.uasset" 1062
"E:/Documents/SIKAT OJT/Game Project/Project/ProjectLumina/Content/Assets/Audio/Music/Bell_Kalengar__itchio_/Emotional/WAV_Falling_Leaves.uexp" 1063
"E:/Documents/SIKAT OJT/Game Project/Project/ProjectLumina/Content/Dialogues/Ch02/BP_DL-Ch2.uasset" 1064
"E:/Documents/SIKAT OJT/Game Project/Project/ProjectLumina/Content/Dialogues/Ch02/BP_DL-Ch2.uexp" 1065
"E:/Documents/SIKAT OJT/Game Project/Project/ProjectLumina/Content/Dialogues/Ch03/DL_Ch3.uasset" 1066
"E:/Documents/SIKAT OJT/Game Project/Project/ProjectLumina/Content/Dialogues/Ch03/DL_Ch3.uexp" 1067
"E:/Documents/SIKAT OJT/Game Project/Project/ProjectLumina/Content/Assets/Backgrounds/Backgrounds/BG_SparkFest.uasset" 1068
"E:/Documents/SIKAT OJT/Game Project/Project/ProjectLumina/Content/Assets/Backgrounds/Backgrounds/BG_SparkFest.uexp" 1069
"E:/Documents/SIKAT OJT/Game Project/Project/ProjectLumina/Content/Assets/Audio/Music/FulminisIctus__itchio_/BG/Time_for_Rest.uasset" 1070
"E:/Documents/SIKAT OJT/Game Project/Project/ProjectLumina/Content/Assets/Audio/Music/FulminisIctus__itchio_/BG/Time_for_Rest.uexp" 1071
"E:/Documents/SIKAT OJT/Game Project/Project/ProjectLumina/Content/Assets/Audio/Music/FulminisIctus__itchio_/BG/Magical_Main.uasset" 1072
"E:/Documents/SIKAT OJT/Game Project/Project/ProjectLumina/Content/Assets/Audio/Music/FulminisIctus__itchio_/BG/Magical_Main.uexp" 1073
"E:/Documents/SIKAT OJT/Game Project/Project/ProjectLumina/Content/Assets/Audio/Music/FulminisIctus__itchio_/AMBIANCE/Birds_+_Crickets.uasset" 1074
"E:/Documents/SIKAT OJT/Game Project/Project/ProjectLumina/Content/Assets/Audio/Music/FulminisIctus__itchio_/AMBIANCE/Birds_+_Crickets.uexp" 1075
"E:/Documents/SIKAT OJT/Game Project/Project/ProjectLumina/Content/Assets/Audio/Music/freesound_community__Pixabay_/Fireworks.uasset" 1076
"E:/Documents/SIKAT OJT/Game Project/Project/ProjectLumina/Content/Assets/Audio/Music/freesound_community__Pixabay_/Fireworks.uexp" 1077
"E:/Documents/SIKAT OJT/Game Project/Project/ProjectLumina/Content/Dialogues/Ch03/BP_DL-Ch3.uasset" 1078
"E:/Documents/SIKAT OJT/Game Project/Project/ProjectLumina/Content/Dialogues/Ch03/BP_DL-Ch3.uexp" 1079
"E:/Documents/SIKAT OJT/Game Project/Project/ProjectLumina/Content/Dialogues/Ch04/DL_Ch4-2.uasset" 1080
"E:/Documents/SIKAT OJT/Game Project/Project/ProjectLumina/Content/Dialogues/Ch04/DL_Ch4-2.uexp" 1081
"E:/Documents/SIKAT OJT/Game Project/Project/ProjectLumina/Content/Assets/Audio/Music/Bell_Kalengar__itchio_/Investigation/WAV_Reasoning.uasset" 1082
"E:/Documents/SIKAT OJT/Game Project/Project/ProjectLumina/Content/Assets/Audio/Music/Bell_Kalengar__itchio_/Investigation/WAV_Reasoning.uexp" 1083
"E:/Documents/SIKAT OJT/Game Project/Project/ProjectLumina/Content/Dialogues/Ch04/BP_DL-Ch4-2.uasset" 1084
"E:/Documents/SIKAT OJT/Game Project/Project/ProjectLumina/Content/Dialogues/Ch04/BP_DL-Ch4-2.uexp" 1085
"E:/Documents/SIKAT OJT/Game Project/Project/ProjectLumina/Content/Assets/Sprites/Guard/Portrait_Guard.uasset" 1086
"E:/Documents/SIKAT OJT/Game Project/Project/ProjectLumina/Content/Assets/Sprites/Guard/Portrait_Guard.uexp" 1087
"E:/Documents/SIKAT OJT/Game Project/Project/ProjectLumina/Content/Dialogues/Ch05/DL_Ch5.uasset" 1088
"E:/Documents/SIKAT OJT/Game Project/Project/ProjectLumina/Content/Dialogues/Ch05/DL_Ch5.uexp" 1089
"E:/Documents/SIKAT OJT/Game Project/Project/ProjectLumina/Content/Assets/Backgrounds/Backgrounds/BG_Fablab.uasset" 1090
"E:/Documents/SIKAT OJT/Game Project/Project/ProjectLumina/Content/Assets/Backgrounds/Backgrounds/BG_Fablab.uexp" 1091
"E:/Documents/SIKAT OJT/Game Project/Project/ProjectLumina/Content/Assets/Audio/Music/freesound_community__Pixabay_/Peoples.uasset" 1092
"E:/Documents/SIKAT OJT/Game Project/Project/ProjectLumina/Content/Assets/Audio/Music/freesound_community__Pixabay_/Peoples.uexp" 1093
"E:/Documents/SIKAT OJT/Game Project/Project/ProjectLumina/Content/Assets/Audio/Music/freesound_community__Pixabay_/3D_Printer.uasset" 1094
"E:/Documents/SIKAT OJT/Game Project/Project/ProjectLumina/Content/Assets/Audio/Music/freesound_community__Pixabay_/3D_Printer.uexp" 1095
"E:/Documents/SIKAT OJT/Game Project/Project/ProjectLumina/Content/Assets/Audio/Music/Alex_Coldfire__Itchio_/Peaceful_Sky.uasset" 1096
"E:/Documents/SIKAT OJT/Game Project/Project/ProjectLumina/Content/Assets/Audio/Music/Alex_Coldfire__Itchio_/Peaceful_Sky.uexp" 1097
"E:/Documents/SIKAT OJT/Game Project/Project/ProjectLumina/Content/Dialogues/Ch05/BP_DL-Ch5.uasset" 1098
"E:/Documents/SIKAT OJT/Game Project/Project/ProjectLumina/Content/Dialogues/Ch05/BP_DL-Ch5.uexp" 1099
"E:/Documents/SIKAT OJT/Game Project/Project/ProjectLumina/Content/Dialogues/Ch06/DL_Ch6.uasset" 1100
"E:/Documents/SIKAT OJT/Game Project/Project/ProjectLumina/Content/Dialogues/Ch06/DL_Ch6.uexp" 1101
"E:/Documents/SIKAT OJT/Game Project/Project/ProjectLumina/Content/Assets/Backgrounds/Backgrounds/BG_Proofside.uasset" 1102
"E:/Documents/SIKAT OJT/Game Project/Project/ProjectLumina/Content/Assets/Backgrounds/Backgrounds/BG_Proofside.uexp" 1103
"E:/Documents/SIKAT OJT/Game Project/Project/ProjectLumina/Content/Assets/Audio/Music/Bell_Kalengar__itchio_/Lounge/WAV_Everyday_Life.uasset" 1104
"E:/Documents/SIKAT OJT/Game Project/Project/ProjectLumina/Content/Assets/Audio/Music/Bell_Kalengar__itchio_/Lounge/WAV_Everyday_Life.uexp" 1105
"E:/Documents/SIKAT OJT/Game Project/Project/ProjectLumina/Content/GQ_Test-Validation.uasset" 1106
"E:/Documents/SIKAT OJT/Game Project/Project/ProjectLumina/Content/GQ_Test-Validation.uexp" 1107
"E:/Documents/SIKAT OJT/Game Project/Project/ProjectLumina/Content/Dialogues/Ch06/BP_DL-Ch6.uasset" 1108
"E:/Documents/SIKAT OJT/Game Project/Project/ProjectLumina/Content/Dialogues/Ch06/BP_DL-Ch6.uexp" 1109
"E:/Documents/SIKAT OJT/Game Project/Project/ProjectLumina/Content/Dialogues/Ch06/DL_Ch6_2.uasset" 1110
"E:/Documents/SIKAT OJT/Game Project/Project/ProjectLumina/Content/Dialogues/Ch06/DL_Ch6_2.uexp" 1111
"E:/Documents/SIKAT OJT/Game Project/Project/ProjectLumina/Content/Assets/IllustrationEvents/Chap6/EVGB_Bench.uasset" 1112
"E:/Documents/SIKAT OJT/Game Project/Project/ProjectLumina/Content/Assets/IllustrationEvents/Chap6/EVGB_Bench.uexp" 1113
"E:/Documents/SIKAT OJT/Game Project/Project/ProjectLumina/Content/Assets/Audio/Music/Bell_Kalengar__itchio_/Comedy/WAV_The_Art_of_Courtship_Requires_Many_Save_Slots.uasset" 1114
"E:/Documents/SIKAT OJT/Game Project/Project/ProjectLumina/Content/Assets/Audio/Music/Bell_Kalengar__itchio_/Comedy/WAV_The_Art_of_Courtship_Requires_Many_Save_Slots.uexp" 1115
"E:/Documents/SIKAT OJT/Game Project/Project/ProjectLumina/Content/Dialogues/Ch06/BP_DL-Ch6_2.uasset" 1116
"E:/Documents/SIKAT OJT/Game Project/Project/ProjectLumina/Content/Dialogues/Ch06/BP_DL-Ch6_2.uexp" 1117
"E:/Documents/SIKAT OJT/Game Project/Project/ProjectLumina/Content/Assets/Sprites/Officer/Portrait_Officer.uasset" 1118
"E:/Documents/SIKAT OJT/Game Project/Project/ProjectLumina/Content/Assets/Sprites/Officer/Portrait_Officer.uexp" 1119
"E:/Documents/SIKAT OJT/Game Project/Project/ProjectLumina/Content/Dialogues/Ch07/DL_Ch7.uasset" 1120
"E:/Documents/SIKAT OJT/Game Project/Project/ProjectLumina/Content/Dialogues/Ch07/DL_Ch7.uexp" 1121
"E:/Documents/SIKAT OJT/Game Project/Project/ProjectLumina/Content/Blueprints/Enum/Enum_ObtainMoney.uasset" 1122
"E:/Documents/SIKAT OJT/Game Project/Project/ProjectLumina/Content/Blueprints/Enum/Enum_ObtainMoney.uexp" 1123
"E:/Documents/SIKAT OJT/Game Project/Project/ProjectLumina/Content/Blueprints/Widgets/PopUps/UI_ObtainMoney.uasset" 1124
"E:/Documents/SIKAT OJT/Game Project/Project/ProjectLumina/Content/Blueprints/Widgets/PopUps/UI_ObtainMoney.uexp" 1125
"E:/Documents/SIKAT OJT/Game Project/Project/ProjectLumina/Content/Blueprints/Enum/Enum_UnIQForm.uasset" 1126
"E:/Documents/SIKAT OJT/Game Project/Project/ProjectLumina/Content/Blueprints/Enum/Enum_UnIQForm.uexp" 1127
"E:/Documents/SIKAT OJT/Game Project/Project/ProjectLumina/Content/Assets/UI/Icons/GameOverTip/Icon_UniQMid.uasset" 1128
"E:/Documents/SIKAT OJT/Game Project/Project/ProjectLumina/Content/Assets/UI/Icons/GameOverTip/Icon_UniQMid.uexp" 1129
"E:/Documents/SIKAT OJT/Game Project/Project/ProjectLumina/Content/Assets/UI/Icons/GameOverTip/Icon_UnIQ-Egg.uasset" 1130
"E:/Documents/SIKAT OJT/Game Project/Project/ProjectLumina/Content/Assets/UI/Icons/GameOverTip/Icon_UnIQ-Egg.uexp" 1131
"E:/Documents/SIKAT OJT/Game Project/Project/ProjectLumina/Content/Assets/UI/GameOver/GameOverTipBox.uasset" 1132
"E:/Documents/SIKAT OJT/Game Project/Project/ProjectLumina/Content/Assets/UI/GameOver/GameOverTipBox.uexp" 1133
"E:/Documents/SIKAT OJT/Game Project/Project/ProjectLumina/Content/Assets/UI/GameOver/GameOverBox.uasset" 1134
"E:/Documents/SIKAT OJT/Game Project/Project/ProjectLumina/Content/Assets/UI/GameOver/GameOverBox.uexp" 1135
"E:/Documents/SIKAT OJT/Game Project/Project/ProjectLumina/Content/Blueprints/Widgets/GameOver/UI_GameOver.uasset" 1136
"E:/Documents/SIKAT OJT/Game Project/Project/ProjectLumina/Content/Blueprints/Widgets/GameOver/UI_GameOver.uexp" 1137
"E:/Documents/SIKAT OJT/Game Project/Project/ProjectLumina/Content/Blueprints/Widgets/PopUps/ChooseInvestor/UI_RegistrationFee.uasset" 1138
"E:/Documents/SIKAT OJT/Game Project/Project/ProjectLumina/Content/Blueprints/Widgets/PopUps/ChooseInvestor/UI_RegistrationFee.uexp" 1139
"E:/Documents/SIKAT OJT/Game Project/Project/ProjectLumina/Content/Assets/Backgrounds/Backgrounds/BG_SIKAT.uasset" 1140
"E:/Documents/SIKAT OJT/Game Project/Project/ProjectLumina/Content/Assets/Backgrounds/Backgrounds/BG_SIKAT.uexp" 1141
"E:/Documents/SIKAT OJT/Game Project/Project/ProjectLumina/Content/Assets/Audio/Music/Bell_Kalengar__itchio_/Lounge/WAV_Sidewalk.uasset" 1142
"E:/Documents/SIKAT OJT/Game Project/Project/ProjectLumina/Content/Assets/Audio/Music/Bell_Kalengar__itchio_/Lounge/WAV_Sidewalk.uexp" 1143
"E:/Documents/SIKAT OJT/Game Project/Project/ProjectLumina/Content/Dialogues/Ch07/BP_DL-Ch7.uasset" 1144
"E:/Documents/SIKAT OJT/Game Project/Project/ProjectLumina/Content/Dialogues/Ch07/BP_DL-Ch7.uexp" 1145
"E:/Documents/SIKAT OJT/Game Project/Project/ProjectLumina/Content/GameplayQuestions/GQ_Test-EarlyTraction.uasset" 1146
"E:/Documents/SIKAT OJT/Game Project/Project/ProjectLumina/Content/GameplayQuestions/GQ_Test-EarlyTraction.uexp" 1147
"E:/Documents/SIKAT OJT/Game Project/Project/ProjectLumina/Content/Dialogues/Ch08/DL_Ch8.uasset" 1148
"E:/Documents/SIKAT OJT/Game Project/Project/ProjectLumina/Content/Dialogues/Ch08/DL_Ch8.uexp" 1149
"E:/Documents/SIKAT OJT/Game Project/Project/ProjectLumina/Content/Assets/Backgrounds/Backgrounds/BG_Traction.uasset" 1150
"E:/Documents/SIKAT OJT/Game Project/Project/ProjectLumina/Content/Assets/Backgrounds/Backgrounds/BG_Traction.uexp" 1151
"E:/Documents/SIKAT OJT/Game Project/Project/ProjectLumina/Content/Assets/Audio/Music/Bell_Kalengar__itchio_/Lounge/WAV_Moments.uasset" 1152
"E:/Documents/SIKAT OJT/Game Project/Project/ProjectLumina/Content/Assets/Audio/Music/Bell_Kalengar__itchio_/Lounge/WAV_Moments.uexp" 1153
"E:/Documents/SIKAT OJT/Game Project/Project/ProjectLumina/Content/Dialogues/Ch08/BP_DL-Ch8.uasset" 1154
"E:/Documents/SIKAT OJT/Game Project/Project/ProjectLumina/Content/Dialogues/Ch08/BP_DL-Ch8.uexp" 1155
"E:/Documents/SIKAT OJT/Game Project/Project/ProjectLumina/Content/Dialogues/Ch08/DL_Ch8_2.uasset" 1156
"E:/Documents/SIKAT OJT/Game Project/Project/ProjectLumina/Content/Dialogues/Ch08/DL_Ch8_2.uexp" 1157
"E:/Documents/SIKAT OJT/Game Project/Project/ProjectLumina/Content/Assets/Audio/Music/Bell_Kalengar__itchio_/Comedy/WAV_Chaotic_Periods.uasset" 1158
"E:/Documents/SIKAT OJT/Game Project/Project/ProjectLumina/Content/Assets/Audio/Music/Bell_Kalengar__itchio_/Comedy/WAV_Chaotic_Periods.uexp" 1159
"E:/Documents/SIKAT OJT/Game Project/Project/ProjectLumina/Content/Dialogues/Ch08/BP_DL-Ch8_2.uasset" 1160
"E:/Documents/SIKAT OJT/Game Project/Project/ProjectLumina/Content/Dialogues/Ch08/BP_DL-Ch8_2.uexp" 1161
"E:/Documents/SIKAT OJT/Game Project/Project/ProjectLumina/Content/Assets/Sprites/UniQ-Mid/UniQ-Mid.uasset" 1162
"E:/Documents/SIKAT OJT/Game Project/Project/ProjectLumina/Content/Assets/Sprites/UniQ-Mid/UniQ-Mid.uexp" 1163
"E:/Documents/SIKAT OJT/Game Project/Project/ProjectLumina/Content/Dialogues/Ch09/DL_Ch9.uasset" 1164
"E:/Documents/SIKAT OJT/Game Project/Project/ProjectLumina/Content/Dialogues/Ch09/DL_Ch9.uexp" 1165
"E:/Documents/SIKAT OJT/Game Project/Project/ProjectLumina/Content/Assets/Backgrounds/Backgrounds/BG_Workshop.uasset" 1166
"E:/Documents/SIKAT OJT/Game Project/Project/ProjectLumina/Content/Assets/Backgrounds/Backgrounds/BG_Workshop.uexp" 1167
"E:/Documents/SIKAT OJT/Game Project/Project/ProjectLumina/Content/Assets/Backgrounds/Backgrounds/BG_Scaling.uasset" 1168
"E:/Documents/SIKAT OJT/Game Project/Project/ProjectLumina/Content/Assets/Backgrounds/Backgrounds/BG_Scaling.uexp" 1169
"E:/Documents/SIKAT OJT/Game Project/Project/ProjectLumina/Content/Assets/Audio/Music/FulminisIctus__itchio_/BG/Relax.uasset" 1170
"E:/Documents/SIKAT OJT/Game Project/Project/ProjectLumina/Content/Assets/Audio/Music/FulminisIctus__itchio_/BG/Relax.uexp" 1171
"E:/Documents/SIKAT OJT/Game Project/Project/ProjectLumina/Content/Assets/Audio/Music/Chajamakesmusic__itchio_/regrowth_wip.uasset" 1172
"E:/Documents/SIKAT OJT/Game Project/Project/ProjectLumina/Content/Assets/Audio/Music/Chajamakesmusic__itchio_/regrowth_wip.uexp" 1173
"E:/Documents/SIKAT OJT/Game Project/Project/ProjectLumina/Content/GQ_Test-Growth.uasset" 1174
"E:/Documents/SIKAT OJT/Game Project/Project/ProjectLumina/Content/GQ_Test-Growth.uexp" 1175
"E:/Documents/SIKAT OJT/Game Project/Project/ProjectLumina/Content/Dialogues/Ch09/BP_DL-Ch9.uasset" 1176
"E:/Documents/SIKAT OJT/Game Project/Project/ProjectLumina/Content/Dialogues/Ch09/BP_DL-Ch9.uexp" 1177
"E:/Documents/SIKAT OJT/Game Project/Project/ProjectLumina/Content/Dialogues/Ch09/DL_Ch9_2.uasset" 1178
"E:/Documents/SIKAT OJT/Game Project/Project/ProjectLumina/Content/Dialogues/Ch09/DL_Ch9_2.uexp" 1179
"E:/Documents/SIKAT OJT/Game Project/Project/ProjectLumina/Content/Assets/UI/PopUps/PopUps_Terms_and_Conditions.uasset" 1180
"E:/Documents/SIKAT OJT/Game Project/Project/ProjectLumina/Content/Assets/UI/PopUps/PopUps_Terms_and_Conditions.uexp" 1181
"E:/Documents/SIKAT OJT/Game Project/Project/ProjectLumina/Content/Assets/UI/Buttons/BTN_SkipPressed.uasset" 1182
"E:/Documents/SIKAT OJT/Game Project/Project/ProjectLumina/Content/Assets/UI/Buttons/BTN_SkipPressed.uexp" 1183
"E:/Documents/SIKAT OJT/Game Project/Project/ProjectLumina/Content/Assets/UI/Buttons/BTN_Skip.uasset" 1184
"E:/Documents/SIKAT OJT/Game Project/Project/ProjectLumina/Content/Assets/UI/Buttons/BTN_Skip.uexp" 1185
"E:/Documents/SIKAT OJT/Game Project/Project/ProjectLumina/Content/Blueprints/Widgets/PopUps/UI_TermsAndConditions.uasset" 1186
"E:/Documents/SIKAT OJT/Game Project/Project/ProjectLumina/Content/Blueprints/Widgets/PopUps/UI_TermsAndConditions.uexp" 1187
"E:/Documents/SIKAT OJT/Game Project/Project/ProjectLumina/Content/Assets/Audio/Ambience/freesound_community__Pixabay_/Paper.uasset" 1188
"E:/Documents/SIKAT OJT/Game Project/Project/ProjectLumina/Content/Assets/Audio/Ambience/freesound_community__Pixabay_/Paper.uexp" 1189
"E:/Documents/SIKAT OJT/Game Project/Project/ProjectLumina/Content/Dialogues/Ch09/BP_DL-Ch9_2.uasset" 1190
"E:/Documents/SIKAT OJT/Game Project/Project/ProjectLumina/Content/Dialogues/Ch09/BP_DL-Ch9_2.uexp" 1191
"E:/Documents/SIKAT OJT/Game Project/Project/ProjectLumina/Content/Dialogues/Ch09/DL_Ch9_GO.uasset" 1192
"E:/Documents/SIKAT OJT/Game Project/Project/ProjectLumina/Content/Dialogues/Ch09/DL_Ch9_GO.uexp" 1193
"E:/Documents/SIKAT OJT/Game Project/Project/ProjectLumina/Content/Assets/Backgrounds/Chap9/BGPH_MCWarehouse.uasset" 1194
"E:/Documents/SIKAT OJT/Game Project/Project/ProjectLumina/Content/Assets/Backgrounds/Chap9/BGPH_MCWarehouse.uexp" 1195
"E:/Documents/SIKAT OJT/Game Project/Project/ProjectLumina/Content/Dialogues/Ch09/BP_DL-Ch9_GO.uasset" 1196
"E:/Documents/SIKAT OJT/Game Project/Project/ProjectLumina/Content/Dialogues/Ch09/BP_DL-Ch9_GO.uexp" 1197
"E:/Documents/SIKAT OJT/Game Project/Project/ProjectLumina/Content/Assets/Placeholders/Sprites/Character/Thalassa/Thalassa_Gramarye_OA.uasset" 1198
"E:/Documents/SIKAT OJT/Game Project/Project/ProjectLumina/Content/Assets/Placeholders/Sprites/Character/Thalassa/Thalassa_Gramarye_OA.uexp" 1199
"E:/Documents/SIKAT OJT/Game Project/Project/ProjectLumina/Content/Dialogues/DL_Chap2Test/DL_Chap2.uasset" 1200
"E:/Documents/SIKAT OJT/Game Project/Project/ProjectLumina/Content/Dialogues/DL_Chap2Test/DL_Chap2.uexp" 1201
"E:/Documents/SIKAT OJT/Game Project/Project/ProjectLumina/Content/Dialogues/DL_Chap2Test/BP_DLChap2.uasset" 1202
"E:/Documents/SIKAT OJT/Game Project/Project/ProjectLumina/Content/Dialogues/DL_Chap2Test/BP_DLChap2.uexp" 1203
"E:/Documents/SIKAT OJT/Game Project/Project/ProjectLumina/Content/GameplayQuestions/GQ_Test-Growth.uasset" 1204
"E:/Documents/SIKAT OJT/Game Project/Project/ProjectLumina/Content/GameplayQuestions/GQ_Test-Growth.uexp" 1205
"E:/Documents/SIKAT OJT/Game Project/Project/ProjectLumina/Content/GameplayQuestions/GQ_Test-Investors.uasset" 1206
"E:/Documents/SIKAT OJT/Game Project/Project/ProjectLumina/Content/GameplayQuestions/GQ_Test-Investors.uexp" 1207
"E:/Documents/SIKAT OJT/Game Project/Project/ProjectLumina/Content/GameplayQuestions/GQ_Test-Pitching.uasset" 1208
"E:/Documents/SIKAT OJT/Game Project/Project/ProjectLumina/Content/GameplayQuestions/GQ_Test-Pitching.uexp" 1209
"E:/Documents/SIKAT OJT/Game Project/Project/ProjectLumina/Content/GameplayQuestions/GQ_Test-Validation.uasset" 1210
"E:/Documents/SIKAT OJT/Game Project/Project/ProjectLumina/Content/GameplayQuestions/GQ_Test-Validation.uexp" 1211
"E:/Documents/SIKAT OJT/Game Project/Project/ProjectLumina/Content/GameplayQuestions/GQ_TEst.uasset" 1212
"E:/Documents/SIKAT OJT/Game Project/Project/ProjectLumina/Content/GameplayQuestions/GQ_TEst.uexp" 1213
"E:/Documents/SIKAT OJT/Game Project/Project/ProjectLumina/Content/GameplayQuestions/Ch4/GQ_Ch4.uasset" 1214
"E:/Documents/SIKAT OJT/Game Project/Project/ProjectLumina/Content/GameplayQuestions/Ch4/GQ_Ch4.uexp" 1215
"E:/Documents/SIKAT OJT/Game Project/Project/ProjectLumina/Content/Mannequin/Animations/ThirdPersonJump_End.uasset" 1216
"E:/Documents/SIKAT OJT/Game Project/Project/ProjectLumina/Content/Mannequin/Animations/ThirdPersonJump_End.uexp" 1217
"E:/Documents/SIKAT OJT/Game Project/Project/ProjectLumina/Content/Mannequin/Character/Mesh/SK_Mannequin_Female_PhysicsAsset.uasset" 1218
"E:/Documents/SIKAT OJT/Game Project/Project/ProjectLumina/Content/Mannequin/Character/Mesh/SK_Mannequin_Female_PhysicsAsset.uexp" 1219
"E:/Documents/SIKAT OJT/Game Project/Project/ProjectLumina/Content/Mannequin/Character/Textures/T_Female_N.uasset" 1220
"E:/Documents/SIKAT OJT/Game Project/Project/ProjectLumina/Content/Mannequin/Character/Textures/T_Female_N.uexp" 1221
"E:/Documents/SIKAT OJT/Game Project/Project/ProjectLumina/Content/Mannequin/Character/Textures/T_Female_N.ubulk" 1222
"E:/Documents/SIKAT OJT/Game Project/Project/ProjectLumina/Content/Mannequin/Character/Textures/T_Female_Mask.uasset" 1223
"E:/Documents/SIKAT OJT/Game Project/Project/ProjectLumina/Content/Mannequin/Character/Textures/T_Female_Mask.uexp" 1224
"E:/Documents/SIKAT OJT/Game Project/Project/ProjectLumina/Content/Mannequin/Character/Textures/T_Female_Mask.ubulk" 1225
"E:/Documents/SIKAT OJT/Game Project/Project/ProjectLumina/Content/Mannequin/Character/Materials/MI_Female_Body.uasset" 1226
"E:/Documents/SIKAT OJT/Game Project/Project/ProjectLumina/Content/Mannequin/Character/Materials/MI_Female_Body.uexp" 1227
"E:/Documents/SIKAT OJT/Game Project/Project/ProjectLumina/Content/Mannequin/Character/Mesh/SK_Mannequin_Female.uasset" 1228
"E:/Documents/SIKAT OJT/Game Project/Project/ProjectLumina/Content/Mannequin/Character/Mesh/SK_Mannequin_Female.uexp" 1229
"E:/Documents/SIKAT OJT/Game Project/Project/ProjectLumina/Content/SideScrollerBP/Blueprints/SideScrollerCharacter.uasset" 1230
"E:/Documents/SIKAT OJT/Game Project/Project/ProjectLumina/Content/SideScrollerBP/Blueprints/SideScrollerCharacter.uexp" 1231
"E:/Documents/SIKAT OJT/Game Project/Project/ProjectLumina/Content/SideScrollerBP/Blueprints/SideScrollerGameMode.uasset" 1232
"E:/Documents/SIKAT OJT/Game Project/Project/ProjectLumina/Content/SideScrollerBP/Blueprints/SideScrollerGameMode.uexp" 1233
"E:/Documents/SIKAT OJT/Game Project/Project/ProjectLumina/Content/SideScrollerBP/Meshes/CubeMaterial.uasset" 1234
"E:/Documents/SIKAT OJT/Game Project/Project/ProjectLumina/Content/SideScrollerBP/Meshes/CubeMaterial.uexp" 1235
"E:/Documents/SIKAT OJT/Game Project/Project/ProjectLumina/Content/SideScrollerBP/Meshes/Ramp_Mesh.uasset" 1236
"E:/Documents/SIKAT OJT/Game Project/Project/ProjectLumina/Content/SideScrollerBP/Meshes/Ramp_Mesh.uexp" 1237
"E:/Documents/SIKAT OJT/Game Project/Project/ProjectLumina/Content/Sprites/Tiles.uasset" 1238
"E:/Documents/SIKAT OJT/Game Project/Project/ProjectLumina/Content/Sprites/Tiles.uexp" 1239
"E:/Documents/SIKAT OJT/Game Project/Project/ProjectLumina/Content/Sprites/Tiles_TileSet.uasset" 1240
"E:/Documents/SIKAT OJT/Game Project/Project/ProjectLumina/Content/Sprites/Tiles_TileSet.uexp" 1241
"E:/Documents/SIKAT OJT/Game Project/Project/ProjectLumina/Content/Sprites/NewPaperTileMap.uasset" 1242
"E:/Documents/SIKAT OJT/Game Project/Project/ProjectLumina/Content/Sprites/NewPaperTileMap.uexp" 1243
"E:/Documents/SIKAT OJT/Game Project/Project/ProjectLumina/Content/Sprites/NewPaperTileMap1.uasset" 1244
"E:/Documents/SIKAT OJT/Game Project/Project/ProjectLumina/Content/Sprites/NewPaperTileMap1.uexp" 1245
"E:/Documents/SIKAT OJT/Game Project/Project/ProjectLumina/Content/Structure/FillBlanks/DP_Structure.uasset" 1246
"E:/Documents/SIKAT OJT/Game Project/Project/ProjectLumina/Content/Structure/FillBlanks/DP_Structure.uexp" 1247
"../../../Engine/Content/Animation/DefaultAnimBoneCompressionSettings.uasset" 1248
"../../../Engine/Content/Animation/DefaultAnimBoneCompressionSettings.uexp" 1249
"../../../Engine/Content/Animation/DefaultAnimCurveCompressionSettings.uasset" 1250
"../../../Engine/Content/Animation/DefaultAnimCurveCompressionSettings.uexp" 1251
"../../../Engine/Content/ArtTools/RenderToTexture/Meshes/S_1_Unit_Plane.uasset" 1252
"../../../Engine/Content/ArtTools/RenderToTexture/Meshes/S_1_Unit_Plane.uexp" 1253
"../../../Engine/Content/EngineMaterials/DefaultMaterial.uasset" 1254
"../../../Engine/Content/EngineMaterials/DefaultMaterial.uexp" 1255
"../../../Engine/Content/BasicShapes/Cone.uasset" 1256
"../../../Engine/Content/BasicShapes/Cone.uexp" 1257
"../../../Engine/Content/BasicShapes/Cube.uasset" 1258
"../../../Engine/Content/BasicShapes/Cube.uexp" 1259
"../../../Engine/Content/EngineDamageTypes/DmgTypeBP_Environmental.uasset" 1260
"../../../Engine/Content/EngineDamageTypes/DmgTypeBP_Environmental.uexp" 1261
"../../../Engine/Content/EngineDebugMaterials/DebugEditorMaterial.uasset" 1262
"../../../Engine/Content/EngineDebugMaterials/DebugEditorMaterial.uexp" 1263
"../../../Engine/Content/EngineDebugMaterials/DebugMeshMaterial.uasset" 1264
"../../../Engine/Content/EngineDebugMaterials/DebugMeshMaterial.uexp" 1265
"../../../Engine/Content/EngineDebugMaterials/M_SimpleUnlitTranslucent.uasset" 1266
"../../../Engine/Content/EngineDebugMaterials/M_SimpleUnlitTranslucent.uexp" 1267
"../../../Engine/Content/EngineDebugMaterials/VolumeToRender.uasset" 1268
"../../../Engine/Content/EngineDebugMaterials/VolumeToRender.uexp" 1269
"../../../Engine/Content/Functions/Engine_MaterialFunctions02/Utility/CameraDirectionVector.uasset" 1270
"../../../Engine/Content/Functions/Engine_MaterialFunctions02/Utility/CameraDirectionVector.uexp" 1271
"../../../Engine/Content/EngineDebugMaterials/M_VolumeRenderSphereTracePP.uasset" 1272
"../../../Engine/Content/EngineDebugMaterials/M_VolumeRenderSphereTracePP.uexp" 1273
"../../../Engine/Content/Functions/Engine_MaterialFunctions01/Shading/ConvertFromDiffSpec.uasset" 1274
"../../../Engine/Content/Functions/Engine_MaterialFunctions01/Shading/ConvertFromDiffSpec.uexp" 1275
"../../../Engine/Content/EngineDebugMaterials/VertexColorMaterial.uasset" 1276
"../../../Engine/Content/EngineDebugMaterials/VertexColorMaterial.uexp" 1277
"../../../Engine/Content/EngineDebugMaterials/WireframeMaterial.uasset" 1278
"../../../Engine/Content/EngineDebugMaterials/WireframeMaterial.uexp" 1279
"../../../Engine/Content/EngineFonts/Faces/RobotoRegular.uasset" 1280
"../../../Engine/Content/EngineFonts/Faces/RobotoRegular.uexp" 1281
"../../../Engine/Content/EngineFonts/Faces/RobotoRegular.ufont" 1282
"../../../Engine/Content/EngineFonts/Faces/RobotoLight.uasset" 1283
"../../../Engine/Content/EngineFonts/Faces/RobotoLight.uexp" 1284
"../../../Engine/Content/EngineFonts/Faces/RobotoLight.ufont" 1285
"../../../Engine/Content/EngineFonts/Faces/RobotoItalic.uasset" 1286
"../../../Engine/Content/EngineFonts/Faces/RobotoItalic.uexp" 1287
"../../../Engine/Content/EngineFonts/Faces/RobotoItalic.ufont" 1288
"../../../Engine/Content/EngineFonts/Faces/RobotoBoldItalic.uasset" 1289
"../../../Engine/Content/EngineFonts/Faces/RobotoBoldItalic.uexp" 1290
"../../../Engine/Content/EngineFonts/Faces/RobotoBoldItalic.ufont" 1291
"../../../Engine/Content/EngineFonts/Faces/RobotoBold.uasset" 1292
"../../../Engine/Content/EngineFonts/Faces/RobotoBold.uexp" 1293
"../../../Engine/Content/EngineFonts/Faces/RobotoBold.ufont" 1294
"../../../Engine/Content/EngineFonts/Faces/DroidSansFallback.uasset" 1295
"../../../Engine/Content/EngineFonts/Faces/DroidSansFallback.uexp" 1296
"../../../Engine/Content/EngineFonts/Faces/DroidSansFallback.ufont" 1297
"../../../Engine/Content/EngineFonts/Roboto.uasset" 1298
"../../../Engine/Content/EngineFonts/Roboto.uexp" 1299
"../../../Engine/Content/EngineMaterials/BaseFlattenNormalMap.uasset" 1300
"../../../Engine/Content/EngineMaterials/BaseFlattenNormalMap.uexp" 1301
"../../../Engine/Content/EngineMaterials/BaseFlattenGrayscaleMap.uasset" 1302
"../../../Engine/Content/EngineMaterials/BaseFlattenGrayscaleMap.uexp" 1303
"../../../Engine/Content/EngineMaterials/BaseFlattenEmissiveMap.uasset" 1304
"../../../Engine/Content/EngineMaterials/BaseFlattenEmissiveMap.uexp" 1305
"../../../Engine/Content/EngineMaterials/BaseFlattenDiffuseMap.uasset" 1306
"../../../Engine/Content/EngineMaterials/BaseFlattenDiffuseMap.uexp" 1307
"../../../Engine/Content/EngineMaterials/BaseFlattenMaterial.uasset" 1308
"../../../Engine/Content/EngineMaterials/BaseFlattenMaterial.uexp" 1309
"../../../Engine/Content/EngineMaterials/BlueNoise.uasset" 1310
"../../../Engine/Content/EngineMaterials/BlueNoise.uexp" 1311
"../../../Engine/Content/EngineMaterials/DefaultBloomKernel.uasset" 1312
"../../../Engine/Content/EngineMaterials/DefaultBloomKernel.uexp" 1313
"../../../Engine/Content/EngineMaterials/DefaultBokeh.uasset" 1314
"../../../Engine/Content/EngineMaterials/DefaultBokeh.uexp" 1315
"../../../Engine/Content/EngineMaterials/DefaultDeferredDecalMaterial.uasset" 1316
"../../../Engine/Content/EngineMaterials/DefaultDeferredDecalMaterial.uexp" 1317
"../../../Engine/Content/EngineMaterials/DefaultLightFunctionMaterial.uasset" 1318
"../../../Engine/Content/EngineMaterials/DefaultLightFunctionMaterial.uexp" 1319
"../../../Engine/Content/EngineMaterials/DefaultPhysicalMaterial.uasset" 1320
"../../../Engine/Content/EngineMaterials/DefaultPhysicalMaterial.uexp" 1321
"../../../Engine/Content/EngineMaterials/DefaultPostProcessMaterial.uasset" 1322
"../../../Engine/Content/EngineMaterials/DefaultPostProcessMaterial.uexp" 1323
"../../../Engine/Content/EngineFonts/RobotoDistanceField.uasset" 1324
"../../../Engine/Content/EngineFonts/RobotoDistanceField.uexp" 1325
"../../../Engine/Content/EngineMaterials/DefaultTextMaterialOpaque.uasset" 1326
"../../../Engine/Content/EngineMaterials/DefaultTextMaterialOpaque.uexp" 1327
"../../../Engine/Content/EngineMaterials/DefaultWhiteGrid.uasset" 1328
"../../../Engine/Content/EngineMaterials/DefaultWhiteGrid.uexp" 1329
"../../../Engine/Content/EngineMaterials/DefaultWhiteGrid.ubulk" 1330
"../../../Engine/Content/EngineMaterials/DefaultWhiteGrid_Low.uasset" 1331
"../../../Engine/Content/EngineMaterials/DefaultWhiteGrid_Low.uexp" 1332
"../../../Engine/Content/EngineMaterials/EmissiveMeshMaterial.uasset" 1333
"../../../Engine/Content/EngineMaterials/EmissiveMeshMaterial.uexp" 1334
"../../../Engine/Content/EngineMaterials/GizmoMaterial.uasset" 1335
"../../../Engine/Content/EngineMaterials/GizmoMaterial.uexp" 1336
"../../../Engine/Content/EngineMaterials/Good64x64TilingNoiseHighFreq.uasset" 1337
"../../../Engine/Content/EngineMaterials/Good64x64TilingNoiseHighFreq.uexp" 1338
"../../../Engine/Content/EngineMaterials/MiniFont.uasset" 1339
"../../../Engine/Content/EngineMaterials/MiniFont.uexp" 1340
"../../../Engine/Content/EngineMaterials/InvalidLightmapSettings.uasset" 1341
"../../../Engine/Content/EngineMaterials/InvalidLightmapSettings.uexp" 1342
"../../../Engine/Content/EngineMaterials/InvalidLightmapSettings.ubulk" 1343
"../../../Engine/Content/EngineMaterials/M_InvalidLightmapSettings.uasset" 1344
"../../../Engine/Content/EngineMaterials/M_InvalidLightmapSettings.uexp" 1345
"../../../Engine/Content/Functions/Engine_MaterialFunctions02/WorldPositionOffset/CameraOffset.uasset" 1346
"../../../Engine/Content/Functions/Engine_MaterialFunctions02/WorldPositionOffset/CameraOffset.uexp" 1347
"../../../Engine/Content/EngineMaterials/PhAT_JointLimitMaterial.uasset" 1348
"../../../Engine/Content/EngineMaterials/PhAT_JointLimitMaterial.uexp" 1349
"../../../Engine/Content/EngineMaterials/DefaultCalibrationColor.uasset" 1350
"../../../Engine/Content/EngineMaterials/DefaultCalibrationColor.uexp" 1351
"../../../Engine/Content/EngineMaterials/PPM_DefaultCalibrationColor.uasset" 1352
"../../../Engine/Content/EngineMaterials/PPM_DefaultCalibrationColor.uexp" 1353
"../../../Engine/Content/EngineMaterials/DefaultCalibrationGrayscale.uasset" 1354
"../../../Engine/Content/EngineMaterials/DefaultCalibrationGrayscale.uexp" 1355
"../../../Engine/Content/EngineMaterials/PPM_DefaultCalibrationGrayscale.uasset" 1356
"../../../Engine/Content/EngineMaterials/PPM_DefaultCalibrationGrayscale.uexp" 1357
"../../../Engine/Content/EngineMaterials/PreintegratedSkinBRDF.uasset" 1358
"../../../Engine/Content/EngineMaterials/PreintegratedSkinBRDF.uexp" 1359
"../../../Engine/Content/EngineMaterials/RemoveSurfaceMaterial.uasset" 1360
"../../../Engine/Content/EngineMaterials/RemoveSurfaceMaterial.uexp" 1361
"../../../Engine/Content/EngineMaterials/WeightMapPlaceholderTexture.uasset" 1362
"../../../Engine/Content/EngineMaterials/WeightMapPlaceholderTexture.uexp" 1363
"../../../Engine/Content/EngineResources/WhiteSquareTexture.uasset" 1364
"../../../Engine/Content/EngineResources/WhiteSquareTexture.uexp" 1365
"../../../Engine/Content/EngineMaterials/Widget3DPassThrough.uasset" 1366
"../../../Engine/Content/EngineMaterials/Widget3DPassThrough.uexp" 1367
"../../../Engine/Content/EngineMaterials/Widget3DPassThrough_Masked.uasset" 1368
"../../../Engine/Content/EngineMaterials/Widget3DPassThrough_Masked.uexp" 1369
"../../../Engine/Content/EngineMaterials/Widget3DPassThrough_Opaque.uasset" 1370
"../../../Engine/Content/EngineMaterials/Widget3DPassThrough_Opaque.uexp" 1371
"../../../Engine/Content/EngineMaterials/Widget3DPassThrough_Masked_OneSided.uasset" 1372
"../../../Engine/Content/EngineMaterials/Widget3DPassThrough_Masked_OneSided.uexp" 1373
"../../../Engine/Content/EngineMaterials/Widget3DPassThrough_Opaque_OneSided.uasset" 1374
"../../../Engine/Content/EngineMaterials/Widget3DPassThrough_Opaque_OneSided.uexp" 1375
"../../../Engine/Content/EngineMaterials/Widget3DPassThrough_Translucent.uasset" 1376
"../../../Engine/Content/EngineMaterials/Widget3DPassThrough_Translucent.uexp" 1377
"../../../Engine/Content/EngineMaterials/Widget3DPassThrough_Translucent_OneSided.uasset" 1378
"../../../Engine/Content/EngineMaterials/Widget3DPassThrough_Translucent_OneSided.uexp" 1379
"../../../Engine/Content/EngineMeshes/Cylinder.uasset" 1380
"../../../Engine/Content/EngineMeshes/Cylinder.uexp" 1381
"../../../Engine/Content/EngineMeshes/Sphere.uasset" 1382
"../../../Engine/Content/EngineMeshes/Sphere.uexp" 1383
"../../../Engine/Content/EngineResources/DefaultTexture.uasset" 1384
"../../../Engine/Content/EngineResources/DefaultTexture.uexp" 1385
"../../../Engine/Content/EngineResources/DefaultTexture.ubulk" 1386
"../../../Engine/Content/EngineResources/DefaultTextureCube.uasset" 1387
"../../../Engine/Content/EngineResources/DefaultTextureCube.uexp" 1388
"../../../Engine/Content/EngineResources/DefaultVolumeTexture2D.uasset" 1389
"../../../Engine/Content/EngineResources/DefaultVolumeTexture2D.uexp" 1390
"../../../Engine/Content/EngineResources/DefaultVolumeTexture.uasset" 1391
"../../../Engine/Content/EngineResources/DefaultVolumeTexture.uexp" 1392
"../../../Engine/Content/EngineResources/GradientTexture0.uasset" 1393
"../../../Engine/Content/EngineResources/GradientTexture0.uexp" 1394
"../../../Engine/Content/EngineSky/VolumetricClouds/T_NoiseShape64.uasset" 1395
"../../../Engine/Content/EngineSky/VolumetricClouds/T_NoiseShape64.uexp" 1396
"../../../Engine/Content/EngineSky/VolumetricClouds/T_NoiseShape64.ubulk" 1397
"../../../Engine/Content/EngineSky/VolumetricClouds/T_VolumeNoiseShape64.uasset" 1398
"../../../Engine/Content/EngineSky/VolumetricClouds/T_VolumeNoiseShape64.uexp" 1399
"../../../Engine/Content/EngineSky/VolumetricClouds/T_NoiseErosion.uasset" 1400
"../../../Engine/Content/EngineSky/VolumetricClouds/T_NoiseErosion.uexp" 1401
"../../../Engine/Content/EngineSky/VolumetricClouds/T_NoiseErosion.ubulk" 1402
"../../../Engine/Content/EngineSky/VolumetricClouds/T_VolumeNoiseErosion32.uasset" 1403
"../../../Engine/Content/EngineSky/VolumetricClouds/T_VolumeNoiseErosion32.uexp" 1404
"../../../Engine/Content/Functions/Engine_MaterialFunctions02/Utility/MakeFloat2.uasset" 1405
"../../../Engine/Content/Functions/Engine_MaterialFunctions02/Utility/MakeFloat2.uexp" 1406
"../../../Engine/Content/EngineSky/VolumetricClouds/CloudWeatherTexture.uasset" 1407
"../../../Engine/Content/EngineSky/VolumetricClouds/CloudWeatherTexture.uexp" 1408
"../../../Engine/Content/EngineSky/VolumetricClouds/CloudGradientTexture.uasset" 1409
"../../../Engine/Content/EngineSky/VolumetricClouds/CloudGradientTexture.uexp" 1410
"../../../Engine/Content/EngineSky/VolumetricClouds/m_SimpleVolumetricCloud.uasset" 1411
"../../../Engine/Content/EngineSky/VolumetricClouds/m_SimpleVolumetricCloud.uexp" 1412
"../../../Engine/Content/EngineSky/VolumetricClouds/m_SimpleVolumetricCloud_Inst.uasset" 1413
"../../../Engine/Content/EngineSky/VolumetricClouds/m_SimpleVolumetricCloud_Inst.uexp" 1414
"../../../Engine/Content/EngineSounds/Master.uasset" 1415
"../../../Engine/Content/EngineSounds/Master.uexp" 1416
"../../../Engine/Content/Functions/Engine_MaterialFunctions01/Shading/PowerToRoughness.uasset" 1417
"../../../Engine/Content/Functions/Engine_MaterialFunctions01/Shading/PowerToRoughness.uexp" 1418
"../../../Engine/Content/Maps/Templates/Thumbnails/Default.uasset" 1419
"../../../Engine/Content/Maps/Templates/Thumbnails/Default.uexp" 1420
"../../../Engine/Content/Maps/Templates/Thumbnails/TimeOfDay.uasset" 1421
"../../../Engine/Content/Maps/Templates/Thumbnails/TimeOfDay.uexp" 1422
"../../../Engine/Content/Maps/Templates/Thumbnails/VR-Basic.uasset" 1423
"../../../Engine/Content/Maps/Templates/Thumbnails/VR-Basic.uexp" 1424
"../../../Engine/Content/MobileResources/T_MobileControls_texture.uasset" 1425
"../../../Engine/Content/MobileResources/T_MobileControls_texture.uexp" 1426
"../../../Engine/Content/MobileResources/T_MobileMenu2.uasset" 1427
"../../../Engine/Content/MobileResources/T_MobileMenu2.uexp" 1428
"../../../Engine/Content/MobileResources/HUD/AnalogHat.uasset" 1429
"../../../Engine/Content/MobileResources/HUD/AnalogHat.uexp" 1430
"../../../Engine/Content/MobileResources/HUD/VirtualJoystick_Thumb.uasset" 1431
"../../../Engine/Content/MobileResources/HUD/VirtualJoystick_Thumb.uexp" 1432
"../../../Engine/Content/MobileResources/HUD/VirtualJoystick_Background.uasset" 1433
"../../../Engine/Content/MobileResources/HUD/VirtualJoystick_Background.uexp" 1434
"../../../Engine/Content/MobileResources/HUD/DefaultVirtualJoysticks.uasset" 1435
"../../../Engine/Content/MobileResources/HUD/DefaultVirtualJoysticks.uexp" 1436
"../../../Engine/Content/MobileResources/HUD/LeftVirtualJoystickOnly.uasset" 1437
"../../../Engine/Content/MobileResources/HUD/LeftVirtualJoystickOnly.uexp" 1438
"../../../Engine/Content/MobileResources/HUD/MobileHUDButton1_off.uasset" 1439
"../../../Engine/Content/MobileResources/HUD/MobileHUDButton1_off.uexp" 1440
"../../../Engine/Content/MobileResources/HUD/MobileHUDButton1_on.uasset" 1441
"../../../Engine/Content/MobileResources/HUD/MobileHUDButton1_on.uexp" 1442
"../../../Engine/Content/MobileResources/HUD/MobileHUDButton2_off.uasset" 1443
"../../../Engine/Content/MobileResources/HUD/MobileHUDButton2_off.uexp" 1444
"../../../Engine/Content/MobileResources/HUD/MobileHUDButton2_on.uasset" 1445
"../../../Engine/Content/MobileResources/HUD/MobileHUDButton2_on.uexp" 1446
"../../../Engine/Content/MobileResources/HUD/MobileHUDButton3.uasset" 1447
"../../../Engine/Content/MobileResources/HUD/MobileHUDButton3.uexp" 1448
"../../../Engine/Content/MobileResources/HUD/MobileHUDButtonFire.uasset" 1449
"../../../Engine/Content/MobileResources/HUD/MobileHUDButtonFire.uexp" 1450
"../../../Engine/Content/MobileResources/HUD/MobileHUDDirectionPad.uasset" 1451
"../../../Engine/Content/MobileResources/HUD/MobileHUDDirectionPad.uexp" 1452
"../../../Engine/Content/MobileResources/HUD/MobileHUDDirectionPad2.uasset" 1453
"../../../Engine/Content/MobileResources/HUD/MobileHUDDirectionPad2.uexp" 1454
"../../../Engine/Content/MobileResources/HUD/MobileHUDDirectionPad3.uasset" 1455
"../../../Engine/Content/MobileResources/HUD/MobileHUDDirectionPad3.uexp" 1456
"../../../Engine/Content/MobileResources/HUD/MobileHUDDirectionStick.uasset" 1457
"../../../Engine/Content/MobileResources/HUD/MobileHUDDirectionStick.uexp" 1458
"../../../Engine/Content/MobileResources/HUD/T_Castle_ThumbstickInner.uasset" 1459
"../../../Engine/Content/MobileResources/HUD/T_Castle_ThumbstickInner.uexp" 1460
"../../../Engine/Content/MobileResources/HUD/T_Castle_ThumbstickOutter.uasset" 1461
"../../../Engine/Content/MobileResources/HUD/T_Castle_ThumbstickOutter.uexp" 1462
"../../../Engine/Content/Tutorial/ContentIntroCurve.uasset" 1463
"../../../Engine/Content/Tutorial/ContentIntroCurve.uexp" 1464
"../../../Engine/Content/Tutorial/BlueprintTutorials/TutorialAssets/Blueprint_64x.uasset" 1465
"../../../Engine/Content/Tutorial/BlueprintTutorials/TutorialAssets/Blueprint_64x.uexp" 1466
"../../../Engine/Plugins/2D/Paper2D/Content/DummySprite.uasset" 1467
"../../../Engine/Plugins/2D/Paper2D/Content/DummySprite.uexp" 1468
"../../../Engine/Plugins/2D/Paper2D/Content/DefaultPaperTerrainMaterial.uasset" 1469
"../../../Engine/Plugins/2D/Paper2D/Content/DefaultPaperTerrainMaterial.uexp" 1470
"../../../Engine/Plugins/2D/Paper2D/Content/MaskedUnlitSpriteMaterial.uasset" 1471
"../../../Engine/Plugins/2D/Paper2D/Content/MaskedUnlitSpriteMaterial.uexp" 1472
"../../../Engine/Plugins/2D/Paper2D/Content/OpaqueUnlitSpriteMaterial.uasset" 1473
"../../../Engine/Plugins/2D/Paper2D/Content/OpaqueUnlitSpriteMaterial.uexp" 1474
"../../../Engine/Content/BasicShapes/Cylinder.uasset" 1475
"../../../Engine/Content/BasicShapes/Cylinder.uexp" 1476
"../../../Engine/Content/ArtTools/RenderToTexture/Materials/Debug/M_Emissive_Color.uasset" 1477
"../../../Engine/Content/ArtTools/RenderToTexture/Materials/Debug/M_Emissive_Color.uexp" 1478
"../../../Engine/Plugins/Lumin/MagicLeapPassableWorld/Content/MagicLeapARPinInfoActor.uasset" 1479
"../../../Engine/Plugins/Lumin/MagicLeapPassableWorld/Content/MagicLeapARPinInfoActor.uexp" 1480
"../../../Engine/Content/EngineResources/Black.uasset" 1481
"../../../Engine/Content/EngineResources/Black.uexp" 1482
"../../../Engine/Plugins/Runtime/OpenXR/Content/Devices/GoogleDaydream/MRTexture.uasset" 1483
"../../../Engine/Plugins/Runtime/OpenXR/Content/Devices/GoogleDaydream/MRTexture.uexp" 1484
"../../../Engine/Plugins/Runtime/OpenXR/Content/Devices/GoogleDaydream/MRTexture.ubulk" 1485
"../../../Engine/Plugins/Runtime/OpenXR/Content/Devices/GoogleDaydream/BaseTexture.uasset" 1486
"../../../Engine/Plugins/Runtime/OpenXR/Content/Devices/GoogleDaydream/BaseTexture.uexp" 1487
"../../../Engine/Plugins/Runtime/OpenXR/Content/Devices/GoogleDaydream/BaseTexture.ubulk" 1488
"../../../Engine/Plugins/Runtime/OpenXR/Content/Devices/M_XRController.uasset" 1489
"../../../Engine/Plugins/Runtime/OpenXR/Content/Devices/M_XRController.uexp" 1490
"../../../Engine/Plugins/Runtime/OpenXR/Content/Devices/GoogleDaydream/MI_GoogleDaydream.uasset" 1491
"../../../Engine/Plugins/Runtime/OpenXR/Content/Devices/GoogleDaydream/MI_GoogleDaydream.uexp" 1492
"../../../Engine/Plugins/Runtime/OpenXR/Content/Devices/GoogleDaydream/GoogleDaydreamController.uasset" 1493
"../../../Engine/Plugins/Runtime/OpenXR/Content/Devices/GoogleDaydream/GoogleDaydreamController.uexp" 1494
"../../../Engine/Plugins/Runtime/OpenXR/Content/Devices/HTCVive/BaseTexture.uasset" 1495
"../../../Engine/Plugins/Runtime/OpenXR/Content/Devices/HTCVive/BaseTexture.uexp" 1496
"../../../Engine/Plugins/Runtime/OpenXR/Content/Devices/HTCVive/BaseTexture.ubulk" 1497
"../../../Engine/Plugins/Runtime/OpenXR/Content/Devices/HTCVive/MI_HTCVive.uasset" 1498
"../../../Engine/Plugins/Runtime/OpenXR/Content/Devices/HTCVive/MI_HTCVive.uexp" 1499
"../../../Engine/Plugins/Runtime/OpenXR/Content/Devices/HTCVive/HTCViveController.uasset" 1500
"../../../Engine/Plugins/Runtime/OpenXR/Content/Devices/HTCVive/HTCViveController.uexp" 1501
"../../../Engine/Plugins/Runtime/OpenXR/Content/Devices/MicrosoftMixedReality/NormalTexture.uasset" 1502
"../../../Engine/Plugins/Runtime/OpenXR/Content/Devices/MicrosoftMixedReality/NormalTexture.uexp" 1503
"../../../Engine/Plugins/Runtime/OpenXR/Content/Devices/MicrosoftMixedReality/NormalTexture.ubulk" 1504
"../../../Engine/Plugins/Runtime/OpenXR/Content/Devices/MicrosoftMixedReality/MRTexture.uasset" 1505
"../../../Engine/Plugins/Runtime/OpenXR/Content/Devices/MicrosoftMixedReality/MRTexture.uexp" 1506
"../../../Engine/Plugins/Runtime/OpenXR/Content/Devices/MicrosoftMixedReality/MRTexture.ubulk" 1507
"../../../Engine/Plugins/Runtime/OpenXR/Content/Devices/MicrosoftMixedReality/EmissiveTexture.uasset" 1508
"../../../Engine/Plugins/Runtime/OpenXR/Content/Devices/MicrosoftMixedReality/EmissiveTexture.uexp" 1509
"../../../Engine/Plugins/Runtime/OpenXR/Content/Devices/MicrosoftMixedReality/EmissiveTexture.ubulk" 1510
"../../../Engine/Plugins/Runtime/OpenXR/Content/Devices/MicrosoftMixedReality/BaseTexture.uasset" 1511
"../../../Engine/Plugins/Runtime/OpenXR/Content/Devices/MicrosoftMixedReality/BaseTexture.uexp" 1512
"../../../Engine/Plugins/Runtime/OpenXR/Content/Devices/MicrosoftMixedReality/BaseTexture.ubulk" 1513
"../../../Engine/Plugins/Runtime/OpenXR/Content/Devices/MicrosoftMixedReality/MI_MicrosoftMixedReality.uasset" 1514
"../../../Engine/Plugins/Runtime/OpenXR/Content/Devices/MicrosoftMixedReality/MI_MicrosoftMixedReality.uexp" 1515
"../../../Engine/Plugins/Runtime/OpenXR/Content/Devices/MicrosoftMixedReality/Left/left_MicrosoftMixedRealityController.uasset" 1516
"../../../Engine/Plugins/Runtime/OpenXR/Content/Devices/MicrosoftMixedReality/Left/left_MicrosoftMixedRealityController.uexp" 1517
"../../../Engine/Plugins/Runtime/OpenXR/Content/Devices/MicrosoftMixedReality/Right/right_MicrosoftMixedRealityController.uasset" 1518
"../../../Engine/Plugins/Runtime/OpenXR/Content/Devices/MicrosoftMixedReality/Right/right_MicrosoftMixedRealityController.uexp" 1519
"../../../Engine/Plugins/Runtime/OpenXR/Content/Devices/OculusGo/BaseTexture.uasset" 1520
"../../../Engine/Plugins/Runtime/OpenXR/Content/Devices/OculusGo/BaseTexture.uexp" 1521
"../../../Engine/Plugins/Runtime/OpenXR/Content/Devices/OculusGo/BaseTexture.ubulk" 1522
"../../../Engine/Plugins/Runtime/OpenXR/Content/Devices/OculusGo/MI_OculusGo.uasset" 1523
"../../../Engine/Plugins/Runtime/OpenXR/Content/Devices/OculusGo/MI_OculusGo.uexp" 1524
"../../../Engine/Plugins/Runtime/OpenXR/Content/Devices/OculusGo/OculusGoController.uasset" 1525
"../../../Engine/Plugins/Runtime/OpenXR/Content/Devices/OculusGo/OculusGoController.uexp" 1526
"../../../Engine/Plugins/Runtime/OpenXR/Content/Devices/OculusTouch/MRTexture.uasset" 1527
"../../../Engine/Plugins/Runtime/OpenXR/Content/Devices/OculusTouch/MRTexture.uexp" 1528
"../../../Engine/Plugins/Runtime/OpenXR/Content/Devices/OculusTouch/MRTexture.ubulk" 1529
"../../../Engine/Plugins/Runtime/OpenXR/Content/Devices/OculusTouch/BaseTexture.uasset" 1530
"../../../Engine/Plugins/Runtime/OpenXR/Content/Devices/OculusTouch/BaseTexture.uexp" 1531
"../../../Engine/Plugins/Runtime/OpenXR/Content/Devices/OculusTouch/BaseTexture.ubulk" 1532
"../../../Engine/Plugins/Runtime/OpenXR/Content/Devices/OculusTouch/MI_OculusTouch.uasset" 1533
"../../../Engine/Plugins/Runtime/OpenXR/Content/Devices/OculusTouch/MI_OculusTouch.uexp" 1534
"../../../Engine/Plugins/Runtime/OpenXR/Content/Devices/OculusTouch/Left/left_OculusTouchController.uasset" 1535
"../../../Engine/Plugins/Runtime/OpenXR/Content/Devices/OculusTouch/Left/left_OculusTouchController.uexp" 1536
"../../../Engine/Plugins/Runtime/OpenXR/Content/Devices/OculusTouch/Right/right_OculusTouchController.uasset" 1537
"../../../Engine/Plugins/Runtime/OpenXR/Content/Devices/OculusTouch/Right/right_OculusTouchController.uexp" 1538
"../../../Engine/Plugins/Runtime/OpenXR/Content/Devices/OculusTouch_v2/MRTexture.uasset" 1539
"../../../Engine/Plugins/Runtime/OpenXR/Content/Devices/OculusTouch_v2/MRTexture.uexp" 1540
"../../../Engine/Plugins/Runtime/OpenXR/Content/Devices/OculusTouch_v2/MRTexture.ubulk" 1541
"../../../Engine/Plugins/Runtime/OpenXR/Content/Devices/OculusTouch_v2/BaseTexture.uasset" 1542
"../../../Engine/Plugins/Runtime/OpenXR/Content/Devices/OculusTouch_v2/BaseTexture.uexp" 1543
"../../../Engine/Plugins/Runtime/OpenXR/Content/Devices/OculusTouch_v2/BaseTexture.ubulk" 1544
"../../../Engine/Plugins/Runtime/OpenXR/Content/Devices/OculusTouch_v2/MI_OculusTouch_v2.uasset" 1545
"../../../Engine/Plugins/Runtime/OpenXR/Content/Devices/OculusTouch_v2/MI_OculusTouch_v2.uexp" 1546
"../../../Engine/Plugins/Runtime/OpenXR/Content/Devices/OculusTouch_v2/Left/left_OculusTouch_v2Controller.uasset" 1547
"../../../Engine/Plugins/Runtime/OpenXR/Content/Devices/OculusTouch_v2/Left/left_OculusTouch_v2Controller.uexp" 1548
"../../../Engine/Plugins/Runtime/OpenXR/Content/Devices/OculusTouch_v2/Right/right_OculusTouch_v2Controller.uasset" 1549
"../../../Engine/Plugins/Runtime/OpenXR/Content/Devices/OculusTouch_v2/Right/right_OculusTouch_v2Controller.uexp" 1550
"../../../Engine/Plugins/Runtime/OpenXR/Content/Devices/OculusTouch_v3/MRTexture.uasset" 1551
"../../../Engine/Plugins/Runtime/OpenXR/Content/Devices/OculusTouch_v3/MRTexture.uexp" 1552
"../../../Engine/Plugins/Runtime/OpenXR/Content/Devices/OculusTouch_v3/MRTexture.ubulk" 1553
"../../../Engine/Plugins/Runtime/OpenXR/Content/Devices/OculusTouch_v3/BaseTexture.uasset" 1554
"../../../Engine/Plugins/Runtime/OpenXR/Content/Devices/OculusTouch_v3/BaseTexture.uexp" 1555
"../../../Engine/Plugins/Runtime/OpenXR/Content/Devices/OculusTouch_v3/BaseTexture.ubulk" 1556
"../../../Engine/Plugins/Runtime/OpenXR/Content/Devices/OculusTouch_v3/MI_OculusTouch_v3.uasset" 1557
"../../../Engine/Plugins/Runtime/OpenXR/Content/Devices/OculusTouch_v3/MI_OculusTouch_v3.uexp" 1558
"../../../Engine/Plugins/Runtime/OpenXR/Content/Devices/OculusTouch_v3/Left/left_OculusTouch_v3Controller.uasset" 1559
"../../../Engine/Plugins/Runtime/OpenXR/Content/Devices/OculusTouch_v3/Left/left_OculusTouch_v3Controller.uexp" 1560
"../../../Engine/Plugins/Runtime/OpenXR/Content/Devices/OculusTouch_v3/Right/right_OculusTouch_v3Controller.uasset" 1561
"../../../Engine/Plugins/Runtime/OpenXR/Content/Devices/OculusTouch_v3/Right/right_OculusTouch_v3Controller.uexp" 1562
"../../../Engine/Plugins/Runtime/OpenXR/Content/Devices/ValveIndex/MRTexture.uasset" 1563
"../../../Engine/Plugins/Runtime/OpenXR/Content/Devices/ValveIndex/MRTexture.uexp" 1564
"../../../Engine/Plugins/Runtime/OpenXR/Content/Devices/ValveIndex/MRTexture.ubulk" 1565
"../../../Engine/Plugins/Runtime/OpenXR/Content/Devices/ValveIndex/BaseTexture.uasset" 1566
"../../../Engine/Plugins/Runtime/OpenXR/Content/Devices/ValveIndex/BaseTexture.uexp" 1567
"../../../Engine/Plugins/Runtime/OpenXR/Content/Devices/ValveIndex/BaseTexture.ubulk" 1568
"../../../Engine/Plugins/Runtime/OpenXR/Content/Devices/ValveIndex/Left/MI_left_ValveIndex.uasset" 1569
"../../../Engine/Plugins/Runtime/OpenXR/Content/Devices/ValveIndex/Left/MI_left_ValveIndex.uexp" 1570
"../../../Engine/Plugins/Runtime/OpenXR/Content/Devices/ValveIndex/Left/left_ValveIndexController.uasset" 1571
"../../../Engine/Plugins/Runtime/OpenXR/Content/Devices/ValveIndex/Left/left_ValveIndexController.uexp" 1572
"../../../Engine/Plugins/Runtime/OpenXR/Content/Devices/ValveIndex/Right/MI_right_ValveIndex.uasset" 1573
"../../../Engine/Plugins/Runtime/OpenXR/Content/Devices/ValveIndex/Right/MI_right_ValveIndex.uexp" 1574
"../../../Engine/Plugins/Runtime/OpenXR/Content/Devices/ValveIndex/Right/right_ValveIndexController.uasset" 1575
"../../../Engine/Plugins/Runtime/OpenXR/Content/Devices/ValveIndex/Right/right_ValveIndexController.uexp" 1576
"E:/Documents/SIKAT OJT/Game Project/Project/ProjectLumina/Content/Levels/DebuggingLevels/LVLDebug_DialogueRevamp_BuiltData.uasset" 1577
"E:/Documents/SIKAT OJT/Game Project/Project/ProjectLumina/Content/Levels/DebuggingLevels/LVLDebug_DialogueRevamp_BuiltData.uexp" 1578
"E:/Documents/SIKAT OJT/Game Project/Project/ProjectLumina/Content/Assets/Backgrounds/Chap1/BG_PM-Forest.uasset" 1579
"E:/Documents/SIKAT OJT/Game Project/Project/ProjectLumina/Content/Assets/Backgrounds/Chap1/BG_PM-Forest.uexp" 1580
"E:/Documents/SIKAT OJT/Game Project/Project/ProjectLumina/Content/DataTables/Dialogue/DT_DialogueInfo.uasset" 1581
"E:/Documents/SIKAT OJT/Game Project/Project/ProjectLumina/Content/DataTables/Dialogue/DT_DialogueInfo.uexp" 1582
"E:/Documents/SIKAT OJT/Game Project/Project/ProjectLumina/Content/Blueprints/Widgets/Border/UI_Border.uasset" 1583
"E:/Documents/SIKAT OJT/Game Project/Project/ProjectLumina/Content/Blueprints/Widgets/Border/UI_Border.uexp" 1584
"E:/Documents/SIKAT OJT/Game Project/Project/ProjectLumina/Content/Blueprints/GameMode/BP_HUDBorder.uasset" 1585
"E:/Documents/SIKAT OJT/Game Project/Project/ProjectLumina/Content/Blueprints/GameMode/BP_HUDBorder.uexp" 1586
"E:/Documents/SIKAT OJT/Game Project/Project/ProjectLumina/Content/Blueprints/BPI/BPI_GameModeRef.uasset" 1587
"E:/Documents/SIKAT OJT/Game Project/Project/ProjectLumina/Content/Blueprints/BPI/BPI_GameModeRef.uexp" 1588
"E:/Documents/SIKAT OJT/Game Project/Project/ProjectLumina/Content/Blueprints/GameMode/BP_GameMode.uasset" 1589
"E:/Documents/SIKAT OJT/Game Project/Project/ProjectLumina/Content/Blueprints/GameMode/BP_GameMode.uexp" 1590
"E:/Documents/SIKAT OJT/Game Project/Project/ProjectLumina/Content/Levels/DebuggingLevels/LVLDebug_DialogueRevamp.uexp" 1591
"E:/Documents/SIKAT OJT/Game Project/Project/ProjectLumina/Content/Levels/DebuggingLevels/LVLDebug_DialogueRevamp.umap" 1592
"../../../Engine/Content/MapTemplates/SM_Template_Map_Floor.uasset" 1593
"../../../Engine/Content/MapTemplates/SM_Template_Map_Floor.uexp" 1594
"../../../Engine/Content/EngineSky/T_Sky_Stars.uasset" 1595
"../../../Engine/Content/EngineSky/T_Sky_Stars.uexp" 1596
"../../../Engine/Content/EngineSky/T_Sky_Stars.ubulk" 1597
"../../../Engine/Content/EngineSky/T_Sky_Clouds_M.uasset" 1598
"../../../Engine/Content/EngineSky/T_Sky_Clouds_M.uexp" 1599
"../../../Engine/Content/EngineSky/T_Sky_Clouds_M.ubulk" 1600
"../../../Engine/Content/EngineSky/T_Sky_Blue.uasset" 1601
"../../../Engine/Content/EngineSky/T_Sky_Blue.uexp" 1602
"../../../Engine/Content/EngineSky/T_Sky_Blue.ubulk" 1603
"../../../Engine/Content/EngineSky/M_Sky_Panning_Clouds2.uasset" 1604
"../../../Engine/Content/EngineSky/M_Sky_Panning_Clouds2.uexp" 1605
"E:/Documents/SIKAT OJT/Game Project/Project/ProjectLumina/Content/Levels/DebuggingLevels/LVL_DebuggingLevel_BuiltData.uasset" 1606
"E:/Documents/SIKAT OJT/Game Project/Project/ProjectLumina/Content/Levels/DebuggingLevels/LVL_DebuggingLevel_BuiltData.uexp" 1607
"E:/Documents/SIKAT OJT/Game Project/Project/ProjectLumina/Content/Levels/DebuggingLevels/LVL_DebuggingLevel_BuiltData.ubulk" 1608
"../../../Engine/Content/EngineSky/SM_SkySphere.uasset" 1609
"../../../Engine/Content/EngineSky/SM_SkySphere.uexp" 1610
"../../../Engine/Content/EngineSky/C_Sky_Zenith_Color.uasset" 1611
"../../../Engine/Content/EngineSky/C_Sky_Zenith_Color.uexp" 1612
"../../../Engine/Content/EngineSky/C_Sky_Horizon_Color.uasset" 1613
"../../../Engine/Content/EngineSky/C_Sky_Horizon_Color.uexp" 1614
"../../../Engine/Content/EngineSky/C_Sky_Cloud_Color.uasset" 1615
"../../../Engine/Content/EngineSky/C_Sky_Cloud_Color.uexp" 1616
"../../../Engine/Content/EngineSky/BP_Sky_Sphere.uasset" 1617
"../../../Engine/Content/EngineSky/BP_Sky_Sphere.uexp" 1618
"E:/Documents/SIKAT OJT/Game Project/Project/ProjectLumina/Content/Levels/DebuggingLevels/LVL_DebuggingLevel.uexp" 1619
"E:/Documents/SIKAT OJT/Game Project/Project/ProjectLumina/Content/Levels/DebuggingLevels/LVL_DebuggingLevel.umap" 1620
"E:/Documents/SIKAT OJT/Game Project/Project/ProjectLumina/Content/Levels/DebuggingLevels/LVL_DialogueDebug_BuiltData.uasset" 1621
"E:/Documents/SIKAT OJT/Game Project/Project/ProjectLumina/Content/Levels/DebuggingLevels/LVL_DialogueDebug_BuiltData.uexp" 1622
"E:/Documents/SIKAT OJT/Game Project/Project/ProjectLumina/Content/Levels/DebuggingLevels/LVL_DialogueDebug_BuiltData.ubulk" 1623
"E:/Documents/SIKAT OJT/Game Project/Project/ProjectLumina/Content/Blueprints/Conversation/DT_Conversation_Example.uasset" 1624
"E:/Documents/SIKAT OJT/Game Project/Project/ProjectLumina/Content/Blueprints/Conversation/DT_Conversation_Example.uexp" 1625
"../../../Engine/Content/BasicShapes/Sphere.uasset" 1626
"../../../Engine/Content/BasicShapes/Sphere.uexp" 1627
"E:/Documents/SIKAT OJT/Game Project/Project/ProjectLumina/Content/Materials/Material_Test.uasset" 1628
"E:/Documents/SIKAT OJT/Game Project/Project/ProjectLumina/Content/Materials/Material_Test.uexp" 1629
"E:/Documents/SIKAT OJT/Game Project/Project/ProjectLumina/Content/Blueprints/Conversation/DT_PandE.uasset" 1630
"E:/Documents/SIKAT OJT/Game Project/Project/ProjectLumina/Content/Blueprints/Conversation/DT_PandE.uexp" 1631
"E:/Documents/SIKAT OJT/Game Project/Project/ProjectLumina/Content/Blueprints/Conversation/ConversationTester.uasset" 1632
"E:/Documents/SIKAT OJT/Game Project/Project/ProjectLumina/Content/Blueprints/Conversation/ConversationTester.uexp" 1633
"E:/Documents/SIKAT OJT/Game Project/Project/ProjectLumina/Content/Levels/DebuggingLevels/LVL_DialogueDebug.uexp" 1634
"E:/Documents/SIKAT OJT/Game Project/Project/ProjectLumina/Content/Levels/DebuggingLevels/LVL_DialogueDebug.umap" 1635
"E:/Documents/SIKAT OJT/Game Project/Project/ProjectLumina/Content/Blueprints/Widgets/Gameplay/FillBlanks/Drag/WBP_MainUI.uasset" 1636
"E:/Documents/SIKAT OJT/Game Project/Project/ProjectLumina/Content/Blueprints/Widgets/Gameplay/FillBlanks/Drag/WBP_MainUI.uexp" 1637
"E:/Documents/SIKAT OJT/Game Project/Project/ProjectLumina/Content/Levels/DebuggingLevels/LVL_DraggableButtonDebug.uexp" 1638
"E:/Documents/SIKAT OJT/Game Project/Project/ProjectLumina/Content/Levels/DebuggingLevels/LVL_DraggableButtonDebug.umap" 1639
"E:/Documents/SIKAT OJT/Game Project/Project/ProjectLumina/Content/Levels/DebuggingLevels/LVL_FillBlanksGPDebug.uexp" 1640
"E:/Documents/SIKAT OJT/Game Project/Project/ProjectLumina/Content/Levels/DebuggingLevels/LVL_FillBlanksGPDebug.umap" 1641
"E:/Documents/SIKAT OJT/Game Project/Project/ProjectLumina/Content/Blueprints/Enum/Enum_InvestorSelected.uasset" 1642
"E:/Documents/SIKAT OJT/Game Project/Project/ProjectLumina/Content/Blueprints/Enum/Enum_InvestorSelected.uexp" 1643
"E:/Documents/SIKAT OJT/Game Project/Project/ProjectLumina/Content/Assets/UI/PopUps/InvestorPopUp/PP_InvestorDialogue.uasset" 1644
"E:/Documents/SIKAT OJT/Game Project/Project/ProjectLumina/Content/Assets/UI/PopUps/InvestorPopUp/PP_InvestorDialogue.uexp" 1645
"E:/Documents/SIKAT OJT/Game Project/Project/ProjectLumina/Content/Assets/Sprites/Investors/Portrait_Investor3.uasset" 1646
"E:/Documents/SIKAT OJT/Game Project/Project/ProjectLumina/Content/Assets/Sprites/Investors/Portrait_Investor3.uexp" 1647
"E:/Documents/SIKAT OJT/Game Project/Project/ProjectLumina/Content/Assets/Sprites/Investors/Portrait_Investor2.uasset" 1648
"E:/Documents/SIKAT OJT/Game Project/Project/ProjectLumina/Content/Assets/Sprites/Investors/Portrait_Investor2.uexp" 1649
"E:/Documents/SIKAT OJT/Game Project/Project/ProjectLumina/Content/Assets/Sprites/Investors/Portrait_Investor1.uasset" 1650
"E:/Documents/SIKAT OJT/Game Project/Project/ProjectLumina/Content/Assets/Sprites/Investors/Portrait_Investor1.uexp" 1651
"E:/Documents/SIKAT OJT/Game Project/Project/ProjectLumina/Content/Blueprints/Widgets/PopUps/ChooseInvestor/UI_InvestorInfo.uasset" 1652
"E:/Documents/SIKAT OJT/Game Project/Project/ProjectLumina/Content/Blueprints/Widgets/PopUps/ChooseInvestor/UI_InvestorInfo.uexp" 1653
"E:/Documents/SIKAT OJT/Game Project/Project/ProjectLumina/Content/Assets/Sprites/Hikari/Portrait_HikariSuit.uasset" 1654
"E:/Documents/SIKAT OJT/Game Project/Project/ProjectLumina/Content/Assets/Sprites/Hikari/Portrait_HikariSuit.uexp" 1655
"E:/Documents/SIKAT OJT/Game Project/Project/ProjectLumina/Content/Blueprints/Widgets/PopUps/ChooseInvestor/UI_ChooseInvestor.uasset" 1656
"E:/Documents/SIKAT OJT/Game Project/Project/ProjectLumina/Content/Blueprints/Widgets/PopUps/ChooseInvestor/UI_ChooseInvestor.uexp" 1657
"E:/Documents/SIKAT OJT/Game Project/Project/ProjectLumina/Content/Levels/DebuggingLevels/LVL_InvestorPopUpDebug.uexp" 1658
"E:/Documents/SIKAT OJT/Game Project/Project/ProjectLumina/Content/Levels/DebuggingLevels/LVL_InvestorPopUpDebug.umap" 1659
"E:/Documents/SIKAT OJT/Game Project/Project/ProjectLumina/Content/Levels/DebuggingLevels/LVL_LevelSelectDebug_BuiltData.uasset" 1660
"E:/Documents/SIKAT OJT/Game Project/Project/ProjectLumina/Content/Levels/DebuggingLevels/LVL_LevelSelectDebug_BuiltData.uexp" 1661
"E:/Documents/SIKAT OJT/Game Project/Project/ProjectLumina/Content/Levels/DebuggingLevels/LVL_LevelSelectDebug_BuiltData.ubulk" 1662
"E:/Documents/SIKAT OJT/Game Project/Project/ProjectLumina/Content/Levels/DebuggingLevels/LVL_LevelSelectDebug.uexp" 1663
"E:/Documents/SIKAT OJT/Game Project/Project/ProjectLumina/Content/Levels/DebuggingLevels/LVL_LevelSelectDebug.umap" 1664
"E:/Documents/SIKAT OJT/Game Project/Project/ProjectLumina/Content/Levels/DebuggingLevels/LVL_MainGameplayFillBlanks_BuiltData.uasset" 1665
"E:/Documents/SIKAT OJT/Game Project/Project/ProjectLumina/Content/Levels/DebuggingLevels/LVL_MainGameplayFillBlanks_BuiltData.uexp" 1666
"E:/Documents/SIKAT OJT/Game Project/Project/ProjectLumina/Content/Levels/DebuggingLevels/LVL_MainGameplayFillBlanks_BuiltData.ubulk" 1667
"E:/Documents/SIKAT OJT/Game Project/Project/ProjectLumina/Content/DP_SampleFillBlanksTable1.uasset" 1668
"E:/Documents/SIKAT OJT/Game Project/Project/ProjectLumina/Content/DP_SampleFillBlanksTable1.uexp" 1669
"E:/Documents/SIKAT OJT/Game Project/Project/ProjectLumina/Content/Levels/DebuggingLevels/LVL_MainGameplayFillBlanks.uexp" 1670
"E:/Documents/SIKAT OJT/Game Project/Project/ProjectLumina/Content/Levels/DebuggingLevels/LVL_MainGameplayFillBlanks.umap" 1671
"E:/Documents/SIKAT OJT/Game Project/Project/ProjectLumina/Content/Levels/DebuggingLevels/LVL_MainGameplayProblemMatching_BuiltData.uasset" 1672
"E:/Documents/SIKAT OJT/Game Project/Project/ProjectLumina/Content/Levels/DebuggingLevels/LVL_MainGameplayProblemMatching_BuiltData.uexp" 1673
"E:/Documents/SIKAT OJT/Game Project/Project/ProjectLumina/Content/Levels/DebuggingLevels/LVL_MainGameplayProblemMatching_BuiltData.ubulk" 1674
"E:/Documents/SIKAT OJT/Game Project/Project/ProjectLumina/Content/DP_SampleProblemMatchingTable.uasset" 1675
"E:/Documents/SIKAT OJT/Game Project/Project/ProjectLumina/Content/DP_SampleProblemMatchingTable.uexp" 1676
"E:/Documents/SIKAT OJT/Game Project/Project/ProjectLumina/Content/Levels/DebuggingLevels/LVL_MainGameplayProblemMatching.uexp" 1677
"E:/Documents/SIKAT OJT/Game Project/Project/ProjectLumina/Content/Levels/DebuggingLevels/LVL_MainGameplayProblemMatching.umap" 1678
"E:/Documents/SIKAT OJT/Game Project/Project/ProjectLumina/Content/Levels/DebuggingLevels/LVL_MainGameplayQnA_BuiltData.uasset" 1679
"E:/Documents/SIKAT OJT/Game Project/Project/ProjectLumina/Content/Levels/DebuggingLevels/LVL_MainGameplayQnA_BuiltData.uexp" 1680
"E:/Documents/SIKAT OJT/Game Project/Project/ProjectLumina/Content/Levels/DebuggingLevels/LVL_MainGameplayQnA_BuiltData.ubulk" 1681
"E:/Documents/SIKAT OJT/Game Project/Project/ProjectLumina/Content/Levels/DebuggingLevels/LVL_MainGameplayQnA.uexp" 1682
"E:/Documents/SIKAT OJT/Game Project/Project/ProjectLumina/Content/Levels/DebuggingLevels/LVL_MainGameplayQnA.umap" 1683
"E:/Documents/SIKAT OJT/Game Project/Project/ProjectLumina/Content/Levels/DebuggingLevels/LVL_OptionsSelectionDebug.uexp" 1684
"E:/Documents/SIKAT OJT/Game Project/Project/ProjectLumina/Content/Levels/DebuggingLevels/LVL_OptionsSelectionDebug.umap" 1685
"E:/Documents/SIKAT OJT/Game Project/Project/ProjectLumina/Content/Levels/DebuggingLevels/LVL_QuickPlayDebug_BuiltData.uasset" 1686
"E:/Documents/SIKAT OJT/Game Project/Project/ProjectLumina/Content/Levels/DebuggingLevels/LVL_QuickPlayDebug_BuiltData.uexp" 1687
"E:/Documents/SIKAT OJT/Game Project/Project/ProjectLumina/Content/Blueprints/Widgets/PopUps/UI_PlayRandom.uasset" 1688
"E:/Documents/SIKAT OJT/Game Project/Project/ProjectLumina/Content/Blueprints/Widgets/PopUps/UI_PlayRandom.uexp" 1689
"E:/Documents/SIKAT OJT/Game Project/Project/ProjectLumina/Content/Blueprints/Widgets/QuickPlay/Texts/UI_TXT_Score.uasset" 1690
"E:/Documents/SIKAT OJT/Game Project/Project/ProjectLumina/Content/Blueprints/Widgets/QuickPlay/Texts/UI_TXT_Score.uexp" 1691
"E:/Documents/SIKAT OJT/Game Project/Project/ProjectLumina/Content/Blueprints/Widgets/QuickPlay/Texts/UI_TXT_Name.uasset" 1692
"E:/Documents/SIKAT OJT/Game Project/Project/ProjectLumina/Content/Blueprints/Widgets/QuickPlay/Texts/UI_TXT_Name.uexp" 1693
"E:/Documents/SIKAT OJT/Game Project/Project/ProjectLumina/Content/Assets/UI/QuickPlay/TT_Scores.uasset" 1694
"E:/Documents/SIKAT OJT/Game Project/Project/ProjectLumina/Content/Assets/UI/QuickPlay/TT_Scores.uexp" 1695
"E:/Documents/SIKAT OJT/Game Project/Project/ProjectLumina/Content/Blueprints/Enum/Enum_QPSelected.uasset" 1696
"E:/Documents/SIKAT OJT/Game Project/Project/ProjectLumina/Content/Blueprints/Enum/Enum_QPSelected.uexp" 1697
"E:/Documents/SIKAT OJT/Game Project/Project/ProjectLumina/Content/Blueprints/Widgets/QuickPlay/UI_QuickPlaySubMenu.uasset" 1698
"E:/Documents/SIKAT OJT/Game Project/Project/ProjectLumina/Content/Blueprints/Widgets/QuickPlay/UI_QuickPlaySubMenu.uexp" 1699
"E:/Documents/SIKAT OJT/Game Project/Project/ProjectLumina/Content/Assets/UI/QuickPlay/TT_QuickPlay.uasset" 1700
"E:/Documents/SIKAT OJT/Game Project/Project/ProjectLumina/Content/Assets/UI/QuickPlay/TT_QuickPlay.uexp" 1701
"E:/Documents/SIKAT OJT/Game Project/Project/ProjectLumina/Content/Assets/UI/Gameplay/Intro/Icons/ICON_Random.uasset" 1702
"E:/Documents/SIKAT OJT/Game Project/Project/ProjectLumina/Content/Assets/UI/Gameplay/Intro/Icons/ICON_Random.uexp" 1703
"E:/Documents/SIKAT OJT/Game Project/Project/ProjectLumina/Content/Assets/UI/Gameplay/Intro/Icons/ICON_Random.ubulk" 1704
"E:/Documents/SIKAT OJT/Game Project/Project/ProjectLumina/Content/Blueprints/Widgets/QuickPlay/UI_QuickPlay.uasset" 1705
"E:/Documents/SIKAT OJT/Game Project/Project/ProjectLumina/Content/Blueprints/Widgets/QuickPlay/UI_QuickPlay.uexp" 1706
"E:/Documents/SIKAT OJT/Game Project/Project/ProjectLumina/Content/Assets/Audio/Music/FulminisIctus__itchio_/BG/Shenanigans_.uasset" 1707
"E:/Documents/SIKAT OJT/Game Project/Project/ProjectLumina/Content/Assets/Audio/Music/FulminisIctus__itchio_/BG/Shenanigans_.uexp" 1708
"E:/Documents/SIKAT OJT/Game Project/Project/ProjectLumina/Content/Levels/DebuggingLevels/LVL_QuickPlayDebug.uexp" 1709
"E:/Documents/SIKAT OJT/Game Project/Project/ProjectLumina/Content/Levels/DebuggingLevels/LVL_QuickPlayDebug.umap" 1710
"E:/Documents/SIKAT OJT/Game Project/Project/ProjectLumina/Content/Blueprints/Enum/Enum_CurrentCountrySelected.uasset" 1711
"E:/Documents/SIKAT OJT/Game Project/Project/ProjectLumina/Content/Blueprints/Enum/Enum_CurrentCountrySelected.uexp" 1712
"E:/Documents/SIKAT OJT/Game Project/Project/ProjectLumina/Content/Assets/UI/CountrySelect/VN/Country_VNText.uasset" 1713
"E:/Documents/SIKAT OJT/Game Project/Project/ProjectLumina/Content/Assets/UI/CountrySelect/VN/Country_VNText.uexp" 1714
"E:/Documents/SIKAT OJT/Game Project/Project/ProjectLumina/Content/Assets/UI/CountrySelect/VN/Country_VNIsland.uasset" 1715
"E:/Documents/SIKAT OJT/Game Project/Project/ProjectLumina/Content/Assets/UI/CountrySelect/VN/Country_VNIsland.uexp" 1716
"E:/Documents/SIKAT OJT/Game Project/Project/ProjectLumina/Content/Assets/UI/CountrySelect/TH/Country_THText.uasset" 1717
"E:/Documents/SIKAT OJT/Game Project/Project/ProjectLumina/Content/Assets/UI/CountrySelect/TH/Country_THText.uexp" 1718
"E:/Documents/SIKAT OJT/Game Project/Project/ProjectLumina/Content/Assets/UI/CountrySelect/TH/Country_THIsland.uasset" 1719
"E:/Documents/SIKAT OJT/Game Project/Project/ProjectLumina/Content/Assets/UI/CountrySelect/TH/Country_THIsland.uexp" 1720
"E:/Documents/SIKAT OJT/Game Project/Project/ProjectLumina/Content/Assets/UI/CountrySelect/SG/Country_SGText.uasset" 1721
"E:/Documents/SIKAT OJT/Game Project/Project/ProjectLumina/Content/Assets/UI/CountrySelect/SG/Country_SGText.uexp" 1722
"E:/Documents/SIKAT OJT/Game Project/Project/ProjectLumina/Content/Assets/UI/CountrySelect/SG/Country_SGIsland.uasset" 1723
"E:/Documents/SIKAT OJT/Game Project/Project/ProjectLumina/Content/Assets/UI/CountrySelect/SG/Country_SGIsland.uexp" 1724
"E:/Documents/SIKAT OJT/Game Project/Project/ProjectLumina/Content/Assets/UI/CountrySelect/PH/Country_PHText.uasset" 1725
"E:/Documents/SIKAT OJT/Game Project/Project/ProjectLumina/Content/Assets/UI/CountrySelect/PH/Country_PHText.uexp" 1726
"E:/Documents/SIKAT OJT/Game Project/Project/ProjectLumina/Content/Assets/UI/CountrySelect/PH/Country_PHIsland.uasset" 1727
"E:/Documents/SIKAT OJT/Game Project/Project/ProjectLumina/Content/Assets/UI/CountrySelect/PH/Country_PHIsland.uexp" 1728
"E:/Documents/SIKAT OJT/Game Project/Project/ProjectLumina/Content/Assets/UI/CountrySelect/ID/Country_IDText.uasset" 1729
"E:/Documents/SIKAT OJT/Game Project/Project/ProjectLumina/Content/Assets/UI/CountrySelect/ID/Country_IDText.uexp" 1730
"E:/Documents/SIKAT OJT/Game Project/Project/ProjectLumina/Content/Assets/UI/CountrySelect/ID/Country_IDIsland.uasset" 1731
"E:/Documents/SIKAT OJT/Game Project/Project/ProjectLumina/Content/Assets/UI/CountrySelect/ID/Country_IDIsland.uexp" 1732
"E:/Documents/SIKAT OJT/Game Project/Project/ProjectLumina/Content/Assets/UI/CountrySelect/UI_CSHeader.uasset" 1733
"E:/Documents/SIKAT OJT/Game Project/Project/ProjectLumina/Content/Assets/UI/CountrySelect/UI_CSHeader.uexp" 1734
"E:/Documents/SIKAT OJT/Game Project/Project/ProjectLumina/Content/Assets/UI/Buttons/BTN_ArrowPressed.uasset" 1735
"E:/Documents/SIKAT OJT/Game Project/Project/ProjectLumina/Content/Assets/UI/Buttons/BTN_ArrowPressed.uexp" 1736
"E:/Documents/SIKAT OJT/Game Project/Project/ProjectLumina/Content/Assets/UI/Buttons/BTN_Arrow.uasset" 1737
"E:/Documents/SIKAT OJT/Game Project/Project/ProjectLumina/Content/Assets/UI/Buttons/BTN_Arrow.uexp" 1738
"E:/Documents/SIKAT OJT/Game Project/Project/ProjectLumina/Content/Blueprints/Widgets/LevelSelect/UI_CountrySelect.uasset" 1739
"E:/Documents/SIKAT OJT/Game Project/Project/ProjectLumina/Content/Blueprints/Widgets/LevelSelect/UI_CountrySelect.uexp" 1740
"E:/Documents/SIKAT OJT/Game Project/Project/ProjectLumina/Content/Levels/DebuggingLevels/LVL_SelectCountry.uexp" 1741
"E:/Documents/SIKAT OJT/Game Project/Project/ProjectLumina/Content/Levels/DebuggingLevels/LVL_SelectCountry.umap" 1742
"E:/Documents/SIKAT OJT/Game Project/Project/ProjectLumina/Content/Levels/DebuggingLevels/LVL_SettingsDebug_BuiltData.uasset" 1743
"E:/Documents/SIKAT OJT/Game Project/Project/ProjectLumina/Content/Levels/DebuggingLevels/LVL_SettingsDebug_BuiltData.uexp" 1744
"E:/Documents/SIKAT OJT/Game Project/Project/ProjectLumina/Content/Levels/DebuggingLevels/LVL_SettingsDebug_BuiltData.ubulk" 1745
"E:/Documents/SIKAT OJT/Game Project/Project/ProjectLumina/Content/Levels/DebuggingLevels/LVL_SettingsDebug.uexp" 1746
"E:/Documents/SIKAT OJT/Game Project/Project/ProjectLumina/Content/Levels/DebuggingLevels/LVL_SettingsDebug.umap" 1747
"E:/Documents/SIKAT OJT/Game Project/Project/ProjectLumina/Content/Levels/DebuggingLevels/LVL_TermsandConditionsWidget.uexp" 1748
"E:/Documents/SIKAT OJT/Game Project/Project/ProjectLumina/Content/Levels/DebuggingLevels/LVL_TermsandConditionsWidget.umap" 1749
"E:/Documents/SIKAT OJT/Game Project/Project/ProjectLumina/Content/Levels/DebuggingLevels/LVL_TutorialDebug.uexp" 1750
"E:/Documents/SIKAT OJT/Game Project/Project/ProjectLumina/Content/Levels/DebuggingLevels/LVL_TutorialDebug.umap" 1751
"E:/Documents/SIKAT OJT/Game Project/Project/ProjectLumina/Content/Levels/LevelSelect/LVL_LVLSelect_BuiltData.uasset" 1752
"E:/Documents/SIKAT OJT/Game Project/Project/ProjectLumina/Content/Levels/LevelSelect/LVL_LVLSelect_BuiltData.uexp" 1753
"E:/Documents/SIKAT OJT/Game Project/Project/ProjectLumina/Content/Levels/LevelSelect/LVL_LVLSelect.uexp" 1754
"E:/Documents/SIKAT OJT/Game Project/Project/ProjectLumina/Content/Levels/LevelSelect/LVL_LVLSelect.umap" 1755
"E:/Documents/SIKAT OJT/Game Project/Project/ProjectLumina/Content/Levels/LevelSelect/LVL_QuickPlay.uexp" 1756
"E:/Documents/SIKAT OJT/Game Project/Project/ProjectLumina/Content/Levels/LevelSelect/LVL_QuickPlay.umap" 1757
"E:/Documents/SIKAT OJT/Game Project/Project/ProjectLumina/Content/Levels/LoadGame/LVL_DialogueLoadGame.uexp" 1758
"E:/Documents/SIKAT OJT/Game Project/Project/ProjectLumina/Content/Levels/LoadGame/LVL_DialogueLoadGame.umap" 1759
"E:/Documents/SIKAT OJT/Game Project/Project/ProjectLumina/Content/Levels/LVL1/LVL1_Ch1.uexp" 1760
"E:/Documents/SIKAT OJT/Game Project/Project/ProjectLumina/Content/Levels/LVL1/LVL1_Ch1.umap" 1761
"E:/Documents/SIKAT OJT/Game Project/Project/ProjectLumina/Content/Levels/LVL1/LVL1_Ch2.uexp" 1762
"E:/Documents/SIKAT OJT/Game Project/Project/ProjectLumina/Content/Levels/LVL1/LVL1_Ch2.umap" 1763
"E:/Documents/SIKAT OJT/Game Project/Project/ProjectLumina/Content/Levels/LVL1/LVL1_Ch3.uexp" 1764
"E:/Documents/SIKAT OJT/Game Project/Project/ProjectLumina/Content/Levels/LVL1/LVL1_Ch3.umap" 1765
"E:/Documents/SIKAT OJT/Game Project/Project/ProjectLumina/Content/Dialogues/Ch01/Revamp/DL_Chap1.uasset" 1766
"E:/Documents/SIKAT OJT/Game Project/Project/ProjectLumina/Content/Dialogues/Ch01/Revamp/DL_Chap1.uexp" 1767
"E:/Documents/SIKAT OJT/Game Project/Project/ProjectLumina/Content/Levels/LVL1/Revamp/LVL1_Chap1.uexp" 1768
"E:/Documents/SIKAT OJT/Game Project/Project/ProjectLumina/Content/Levels/LVL1/Revamp/LVL1_Chap1.umap" 1769
"E:/Documents/SIKAT OJT/Game Project/Project/ProjectLumina/Content/Dialogues/Ch02/Revamp/DL_Chap2.uasset" 1770
"E:/Documents/SIKAT OJT/Game Project/Project/ProjectLumina/Content/Dialogues/Ch02/Revamp/DL_Chap2.uexp" 1771
"E:/Documents/SIKAT OJT/Game Project/Project/ProjectLumina/Content/Levels/LVL1/Revamp/LVL1_Chap2.uexp" 1772
"E:/Documents/SIKAT OJT/Game Project/Project/ProjectLumina/Content/Levels/LVL1/Revamp/LVL1_Chap2.umap" 1773
"E:/Documents/SIKAT OJT/Game Project/Project/ProjectLumina/Content/Assets/Backgrounds/Chap3/EVGB_Forest.uasset" 1774
"E:/Documents/SIKAT OJT/Game Project/Project/ProjectLumina/Content/Assets/Backgrounds/Chap3/EVGB_Forest.uexp" 1775
"E:/Documents/SIKAT OJT/Game Project/Project/ProjectLumina/Content/Assets/Audio/Music/FulminisIctus__itchio_/Time_for_Rest.uasset" 1776
"E:/Documents/SIKAT OJT/Game Project/Project/ProjectLumina/Content/Assets/Audio/Music/FulminisIctus__itchio_/Time_for_Rest.uexp" 1777
"E:/Documents/SIKAT OJT/Game Project/Project/ProjectLumina/Content/Assets/Audio/Music/FulminisIctus__itchio_/Magical_Main.uasset" 1778
"E:/Documents/SIKAT OJT/Game Project/Project/ProjectLumina/Content/Assets/Audio/Music/FulminisIctus__itchio_/Magical_Main.uexp" 1779
"E:/Documents/SIKAT OJT/Game Project/Project/ProjectLumina/Content/Dialogues/Ch03/Revamp/DL_Chap3.uasset" 1780
"E:/Documents/SIKAT OJT/Game Project/Project/ProjectLumina/Content/Dialogues/Ch03/Revamp/DL_Chap3.uexp" 1781
"E:/Documents/SIKAT OJT/Game Project/Project/ProjectLumina/Content/Levels/LVL1/Revamp/LVL1_Chap3.uexp" 1782
"E:/Documents/SIKAT OJT/Game Project/Project/ProjectLumina/Content/Levels/LVL1/Revamp/LVL1_Chap3.umap" 1783
"E:/Documents/SIKAT OJT/Game Project/Project/ProjectLumina/Content/Dialogues/Ch010/DL_Ch10.uasset" 1784
"E:/Documents/SIKAT OJT/Game Project/Project/ProjectLumina/Content/Dialogues/Ch010/DL_Ch10.uexp" 1785
"E:/Documents/SIKAT OJT/Game Project/Project/ProjectLumina/Content/GQ_Test-Pitching.uasset" 1786
"E:/Documents/SIKAT OJT/Game Project/Project/ProjectLumina/Content/GQ_Test-Pitching.uexp" 1787
"E:/Documents/SIKAT OJT/Game Project/Project/ProjectLumina/Content/Dialogues/Ch010/BP_DL-Ch10.uasset" 1788
"E:/Documents/SIKAT OJT/Game Project/Project/ProjectLumina/Content/Dialogues/Ch010/BP_DL-Ch10.uexp" 1789
"E:/Documents/SIKAT OJT/Game Project/Project/ProjectLumina/Content/Levels/LVL2/LVL2_Ch10.uexp" 1790
"E:/Documents/SIKAT OJT/Game Project/Project/ProjectLumina/Content/Levels/LVL2/LVL2_Ch10.umap" 1791
"E:/Documents/SIKAT OJT/Game Project/Project/ProjectLumina/Content/Dialogues/Ch010/DL_Ch10_2.uasset" 1792
"E:/Documents/SIKAT OJT/Game Project/Project/ProjectLumina/Content/Dialogues/Ch010/DL_Ch10_2.uexp" 1793
"E:/Documents/SIKAT OJT/Game Project/Project/ProjectLumina/Content/Assets/Backgrounds/Backgrounds/BG_Conference.uasset" 1794
"E:/Documents/SIKAT OJT/Game Project/Project/ProjectLumina/Content/Assets/Backgrounds/Backgrounds/BG_Conference.uexp" 1795
"E:/Documents/SIKAT OJT/Game Project/Project/ProjectLumina/Content/GQ_Test-Investors.uasset" 1796
"E:/Documents/SIKAT OJT/Game Project/Project/ProjectLumina/Content/GQ_Test-Investors.uexp" 1797
"E:/Documents/SIKAT OJT/Game Project/Project/ProjectLumina/Content/Dialogues/Ch010/BP_DL-Ch10_2.uasset" 1798
"E:/Documents/SIKAT OJT/Game Project/Project/ProjectLumina/Content/Dialogues/Ch010/BP_DL-Ch10_2.uexp" 1799
"E:/Documents/SIKAT OJT/Game Project/Project/ProjectLumina/Content/Levels/LVL2/LVL2_Ch10_2.uexp" 1800
"E:/Documents/SIKAT OJT/Game Project/Project/ProjectLumina/Content/Levels/LVL2/LVL2_Ch10_2.umap" 1801
"E:/Documents/SIKAT OJT/Game Project/Project/ProjectLumina/Content/Dialogues/Ch010/DL_Ch10_3.uasset" 1802
"E:/Documents/SIKAT OJT/Game Project/Project/ProjectLumina/Content/Dialogues/Ch010/DL_Ch10_3.uexp" 1803
"E:/Documents/SIKAT OJT/Game Project/Project/ProjectLumina/Content/Assets/Audio/Music/Bell_Kalengar__itchio_/Investigation/WAV_Intuition.uasset" 1804
"E:/Documents/SIKAT OJT/Game Project/Project/ProjectLumina/Content/Assets/Audio/Music/Bell_Kalengar__itchio_/Investigation/WAV_Intuition.uexp" 1805
"E:/Documents/SIKAT OJT/Game Project/Project/ProjectLumina/Content/Dialogues/Ch010/BP_DL-Ch10_3.uasset" 1806
"E:/Documents/SIKAT OJT/Game Project/Project/ProjectLumina/Content/Dialogues/Ch010/BP_DL-Ch10_3.uexp" 1807
"E:/Documents/SIKAT OJT/Game Project/Project/ProjectLumina/Content/Levels/LVL2/LVL2_Ch10_3.uexp" 1808
"E:/Documents/SIKAT OJT/Game Project/Project/ProjectLumina/Content/Levels/LVL2/LVL2_Ch10_3.umap" 1809
"E:/Documents/SIKAT OJT/Game Project/Project/ProjectLumina/Content/Dialogues/Ch010/DL_Ch10_GO_2.uasset" 1810
"E:/Documents/SIKAT OJT/Game Project/Project/ProjectLumina/Content/Dialogues/Ch010/DL_Ch10_GO_2.uexp" 1811
"E:/Documents/SIKAT OJT/Game Project/Project/ProjectLumina/Content/Dialogues/Ch010/DL_Ch10_GO.uasset" 1812
"E:/Documents/SIKAT OJT/Game Project/Project/ProjectLumina/Content/Dialogues/Ch010/DL_Ch10_GO.uexp" 1813
"E:/Documents/SIKAT OJT/Game Project/Project/ProjectLumina/Content/Dialogues/Ch010/BP_DL-Ch10_GO.uasset" 1814
"E:/Documents/SIKAT OJT/Game Project/Project/ProjectLumina/Content/Dialogues/Ch010/BP_DL-Ch10_GO.uexp" 1815
"E:/Documents/SIKAT OJT/Game Project/Project/ProjectLumina/Content/Levels/LVL2/LVL2_Ch10_GO.uexp" 1816
"E:/Documents/SIKAT OJT/Game Project/Project/ProjectLumina/Content/Levels/LVL2/LVL2_Ch10_GO.umap" 1817
"E:/Documents/SIKAT OJT/Game Project/Project/ProjectLumina/Content/Levels/LVL2/LVL2_Ch4-2.uexp" 1818
"E:/Documents/SIKAT OJT/Game Project/Project/ProjectLumina/Content/Levels/LVL2/LVL2_Ch4-2.umap" 1819
"E:/Documents/SIKAT OJT/Game Project/Project/ProjectLumina/Content/GameplayQuestions/GQ_Test-Ideation.uasset" 1820
"E:/Documents/SIKAT OJT/Game Project/Project/ProjectLumina/Content/GameplayQuestions/GQ_Test-Ideation.uexp" 1821
"E:/Documents/SIKAT OJT/Game Project/Project/ProjectLumina/Content/Dialogues/Ch04/DL_Ch4.uasset" 1822
"E:/Documents/SIKAT OJT/Game Project/Project/ProjectLumina/Content/Dialogues/Ch04/DL_Ch4.uexp" 1823
"E:/Documents/SIKAT OJT/Game Project/Project/ProjectLumina/Content/Assets/Audio/Music/FulminisIctus__itchio_/BG/Severed.uasset" 1824
"E:/Documents/SIKAT OJT/Game Project/Project/ProjectLumina/Content/Assets/Audio/Music/FulminisIctus__itchio_/BG/Severed.uexp" 1825
"E:/Documents/SIKAT OJT/Game Project/Project/ProjectLumina/Content/Dialogues/Ch04/BP_DL-Ch4.uasset" 1826
"E:/Documents/SIKAT OJT/Game Project/Project/ProjectLumina/Content/Dialogues/Ch04/BP_DL-Ch4.uexp" 1827
"E:/Documents/SIKAT OJT/Game Project/Project/ProjectLumina/Content/Levels/LVL2/LVL2_Ch4.uexp" 1828
"E:/Documents/SIKAT OJT/Game Project/Project/ProjectLumina/Content/Levels/LVL2/LVL2_Ch4.umap" 1829
"E:/Documents/SIKAT OJT/Game Project/Project/ProjectLumina/Content/Levels/LVL2/LVL2_Ch4_Game.uexp" 1830
"E:/Documents/SIKAT OJT/Game Project/Project/ProjectLumina/Content/Levels/LVL2/LVL2_Ch4_Game.umap" 1831
"E:/Documents/SIKAT OJT/Game Project/Project/ProjectLumina/Content/GameplayQuestions/Test/GQ_InvestorTest.uasset" 1832
"E:/Documents/SIKAT OJT/Game Project/Project/ProjectLumina/Content/GameplayQuestions/Test/GQ_InvestorTest.uexp" 1833
"E:/Documents/SIKAT OJT/Game Project/Project/ProjectLumina/Content/GameplayQuestions/Test/GQ_IdeationTest.uasset" 1834
"E:/Documents/SIKAT OJT/Game Project/Project/ProjectLumina/Content/GameplayQuestions/Test/GQ_IdeationTest.uexp" 1835
"E:/Documents/SIKAT OJT/Game Project/Project/ProjectLumina/Content/Dialogues/Ch010/Revamp/DL_Chap10-2.uasset" 1836
"E:/Documents/SIKAT OJT/Game Project/Project/ProjectLumina/Content/Dialogues/Ch010/Revamp/DL_Chap10-2.uexp" 1837
"E:/Documents/SIKAT OJT/Game Project/Project/ProjectLumina/Content/Levels/LVL2/Revamp/LVL2_Chap10-2.uexp" 1838
"E:/Documents/SIKAT OJT/Game Project/Project/ProjectLumina/Content/Levels/LVL2/Revamp/LVL2_Chap10-2.umap" 1839
"E:/Documents/SIKAT OJT/Game Project/Project/ProjectLumina/Content/Dialogues/Ch010/Revamp/DL_Chap10-3.uasset" 1840
"E:/Documents/SIKAT OJT/Game Project/Project/ProjectLumina/Content/Dialogues/Ch010/Revamp/DL_Chap10-3.uexp" 1841
"E:/Documents/SIKAT OJT/Game Project/Project/ProjectLumina/Content/Levels/LVL2/Revamp/LVL2_Chap10-3.uexp" 1842
"E:/Documents/SIKAT OJT/Game Project/Project/ProjectLumina/Content/Levels/LVL2/Revamp/LVL2_Chap10-3.umap" 1843
"E:/Documents/SIKAT OJT/Game Project/Project/ProjectLumina/Content/EmptySoundCue.uasset" 1844
"E:/Documents/SIKAT OJT/Game Project/Project/ProjectLumina/Content/EmptySoundCue.uexp" 1845
"E:/Documents/SIKAT OJT/Game Project/Project/ProjectLumina/Content/Dialogues/Ch09/Revamp/DL_Chap9-GO.uasset" 1846
"E:/Documents/SIKAT OJT/Game Project/Project/ProjectLumina/Content/Dialogues/Ch09/Revamp/DL_Chap9-GO.uexp" 1847
"E:/Documents/SIKAT OJT/Game Project/Project/ProjectLumina/Content/Dialogues/Ch010/Revamp/DL_Chap10-GO.uasset" 1848
"E:/Documents/SIKAT OJT/Game Project/Project/ProjectLumina/Content/Dialogues/Ch010/Revamp/DL_Chap10-GO.uexp" 1849
"E:/Documents/SIKAT OJT/Game Project/Project/ProjectLumina/Content/Dialogues/Ch010/Revamp/DL_Chap10-GO-2.uasset" 1850
"E:/Documents/SIKAT OJT/Game Project/Project/ProjectLumina/Content/Dialogues/Ch010/Revamp/DL_Chap10-GO-2.uexp" 1851
"E:/Documents/SIKAT OJT/Game Project/Project/ProjectLumina/Content/Levels/LVL2/Revamp/LVL2_Chap10-GO.uexp" 1852
"E:/Documents/SIKAT OJT/Game Project/Project/ProjectLumina/Content/Levels/LVL2/Revamp/LVL2_Chap10-GO.umap" 1853
"E:/Documents/SIKAT OJT/Game Project/Project/ProjectLumina/Content/GameplayQuestions/Test/GQ_PitchingTest.uasset" 1854
"E:/Documents/SIKAT OJT/Game Project/Project/ProjectLumina/Content/GameplayQuestions/Test/GQ_PitchingTest.uexp" 1855
"E:/Documents/SIKAT OJT/Game Project/Project/ProjectLumina/Content/Dialogues/Ch010/Revamp/DL_Chap10.uasset" 1856
"E:/Documents/SIKAT OJT/Game Project/Project/ProjectLumina/Content/Dialogues/Ch010/Revamp/DL_Chap10.uexp" 1857
"E:/Documents/SIKAT OJT/Game Project/Project/ProjectLumina/Content/Levels/LVL2/Revamp/LVL2_Chap10.uexp" 1858
"E:/Documents/SIKAT OJT/Game Project/Project/ProjectLumina/Content/Levels/LVL2/Revamp/LVL2_Chap10.umap" 1859
"E:/Documents/SIKAT OJT/Game Project/Project/ProjectLumina/Content/Dialogues/Ch04/Revamp/DL_Chap4-2.uasset" 1860
"E:/Documents/SIKAT OJT/Game Project/Project/ProjectLumina/Content/Dialogues/Ch04/Revamp/DL_Chap4-2.uexp" 1861
"E:/Documents/SIKAT OJT/Game Project/Project/ProjectLumina/Content/Levels/LVL2/Revamp/LVL2_Chap4-2.uexp" 1862
"E:/Documents/SIKAT OJT/Game Project/Project/ProjectLumina/Content/Levels/LVL2/Revamp/LVL2_Chap4-2.umap" 1863
"E:/Documents/SIKAT OJT/Game Project/Project/ProjectLumina/Content/Assets/Sprites/UnIQ-Egg/Portrait_UnIQ-Egg-Question.uasset" 1864
"E:/Documents/SIKAT OJT/Game Project/Project/ProjectLumina/Content/Assets/Sprites/UnIQ-Egg/Portrait_UnIQ-Egg-Question.uexp" 1865
"E:/Documents/SIKAT OJT/Game Project/Project/ProjectLumina/Content/Dialogues/Ch04/Revamp/DL_Chap4.uasset" 1866
"E:/Documents/SIKAT OJT/Game Project/Project/ProjectLumina/Content/Dialogues/Ch04/Revamp/DL_Chap4.uexp" 1867
"E:/Documents/SIKAT OJT/Game Project/Project/ProjectLumina/Content/Levels/LVL2/Revamp/LVL2_Chap4.uexp" 1868
"E:/Documents/SIKAT OJT/Game Project/Project/ProjectLumina/Content/Levels/LVL2/Revamp/LVL2_Chap4.umap" 1869
"E:/Documents/SIKAT OJT/Game Project/Project/ProjectLumina/Content/Levels/LVL3/LVL3_Ch5.uexp" 1870
"E:/Documents/SIKAT OJT/Game Project/Project/ProjectLumina/Content/Levels/LVL3/LVL3_Ch5.umap" 1871
"E:/Documents/SIKAT OJT/Game Project/Project/ProjectLumina/Content/Levels/LVL3/LVL3_Ch6.uexp" 1872
"E:/Documents/SIKAT OJT/Game Project/Project/ProjectLumina/Content/Levels/LVL3/LVL3_Ch6.umap" 1873
"E:/Documents/SIKAT OJT/Game Project/Project/ProjectLumina/Content/Levels/LVL3/LVL3_Ch6_2.uexp" 1874
"E:/Documents/SIKAT OJT/Game Project/Project/ProjectLumina/Content/Levels/LVL3/LVL3_Ch6_2.umap" 1875
"E:/Documents/SIKAT OJT/Game Project/Project/ProjectLumina/Content/Levels/LVL3/LVL3_Ch7.uexp" 1876
"E:/Documents/SIKAT OJT/Game Project/Project/ProjectLumina/Content/Levels/LVL3/LVL3_Ch7.umap" 1877
"E:/Documents/SIKAT OJT/Game Project/Project/ProjectLumina/Content/Levels/LVL3/LVL3_Ch8_BuiltData.uasset" 1878
"E:/Documents/SIKAT OJT/Game Project/Project/ProjectLumina/Content/Levels/LVL3/LVL3_Ch8_BuiltData.uexp" 1879
"E:/Documents/SIKAT OJT/Game Project/Project/ProjectLumina/Content/Levels/LVL3/LVL3_Ch8.uexp" 1880
"E:/Documents/SIKAT OJT/Game Project/Project/ProjectLumina/Content/Levels/LVL3/LVL3_Ch8.umap" 1881
"E:/Documents/SIKAT OJT/Game Project/Project/ProjectLumina/Content/Levels/LVL3/LVL3_Ch8_2.uexp" 1882
"E:/Documents/SIKAT OJT/Game Project/Project/ProjectLumina/Content/Levels/LVL3/LVL3_Ch8_2.umap" 1883
"E:/Documents/SIKAT OJT/Game Project/Project/ProjectLumina/Content/Levels/LVL3/LVL3_Ch9.uexp" 1884
"E:/Documents/SIKAT OJT/Game Project/Project/ProjectLumina/Content/Levels/LVL3/LVL3_Ch9.umap" 1885
"E:/Documents/SIKAT OJT/Game Project/Project/ProjectLumina/Content/Levels/LVL3/LVL3_Ch9_2.uexp" 1886
"E:/Documents/SIKAT OJT/Game Project/Project/ProjectLumina/Content/Levels/LVL3/LVL3_Ch9_2.umap" 1887
"E:/Documents/SIKAT OJT/Game Project/Project/ProjectLumina/Content/Levels/LVL3/LVL3_Ch9_GO.uexp" 1888
"E:/Documents/SIKAT OJT/Game Project/Project/ProjectLumina/Content/Levels/LVL3/LVL3_Ch9_GO.umap" 1889
"E:/Documents/SIKAT OJT/Game Project/Project/ProjectLumina/Content/Dialogues/Ch05/Revamp/DL_Chap5.uasset" 1890
"E:/Documents/SIKAT OJT/Game Project/Project/ProjectLumina/Content/Dialogues/Ch05/Revamp/DL_Chap5.uexp" 1891
"E:/Documents/SIKAT OJT/Game Project/Project/ProjectLumina/Content/Levels/LVL3/Revamp/LVL3_Chap5.uexp" 1892
"E:/Documents/SIKAT OJT/Game Project/Project/ProjectLumina/Content/Levels/LVL3/Revamp/LVL3_Chap5.umap" 1893
"E:/Documents/SIKAT OJT/Game Project/Project/ProjectLumina/Content/Dialogues/Ch06/Revamp/DL_Chap6-2.uasset" 1894
"E:/Documents/SIKAT OJT/Game Project/Project/ProjectLumina/Content/Dialogues/Ch06/Revamp/DL_Chap6-2.uexp" 1895
"E:/Documents/SIKAT OJT/Game Project/Project/ProjectLumina/Content/Levels/LVL3/Revamp/LVL3_Chap6-2.uexp" 1896
"E:/Documents/SIKAT OJT/Game Project/Project/ProjectLumina/Content/Levels/LVL3/Revamp/LVL3_Chap6-2.umap" 1897
"E:/Documents/SIKAT OJT/Game Project/Project/ProjectLumina/Content/Dialogues/Ch06/Revamp/DL_Chap6.uasset" 1898
"E:/Documents/SIKAT OJT/Game Project/Project/ProjectLumina/Content/Dialogues/Ch06/Revamp/DL_Chap6.uexp" 1899
"E:/Documents/SIKAT OJT/Game Project/Project/ProjectLumina/Content/GameplayQuestions/Test/GQ_ValidationTest.uasset" 1900
"E:/Documents/SIKAT OJT/Game Project/Project/ProjectLumina/Content/GameplayQuestions/Test/GQ_ValidationTest.uexp" 1901
"E:/Documents/SIKAT OJT/Game Project/Project/ProjectLumina/Content/Levels/LVL3/Revamp/LVL3_Chap6.uexp" 1902
"E:/Documents/SIKAT OJT/Game Project/Project/ProjectLumina/Content/Levels/LVL3/Revamp/LVL3_Chap6.umap" 1903
"E:/Documents/SIKAT OJT/Game Project/Project/ProjectLumina/Content/Dialogues/Ch07/Revamp/DL_Chap7.uasset" 1904
"E:/Documents/SIKAT OJT/Game Project/Project/ProjectLumina/Content/Dialogues/Ch07/Revamp/DL_Chap7.uexp" 1905
"E:/Documents/SIKAT OJT/Game Project/Project/ProjectLumina/Content/Levels/LVL3/Revamp/LVL3_Chap7.uexp" 1906
"E:/Documents/SIKAT OJT/Game Project/Project/ProjectLumina/Content/Levels/LVL3/Revamp/LVL3_Chap7.umap" 1907
"E:/Documents/SIKAT OJT/Game Project/Project/ProjectLumina/Content/Dialogues/Ch08/Revamp/DL_Chap8-2.uasset" 1908
"E:/Documents/SIKAT OJT/Game Project/Project/ProjectLumina/Content/Dialogues/Ch08/Revamp/DL_Chap8-2.uexp" 1909
"E:/Documents/SIKAT OJT/Game Project/Project/ProjectLumina/Content/Levels/LVL3/Revamp/LVL3_Chap8-2.uexp" 1910
"E:/Documents/SIKAT OJT/Game Project/Project/ProjectLumina/Content/Levels/LVL3/Revamp/LVL3_Chap8-2.umap" 1911
"E:/Documents/SIKAT OJT/Game Project/Project/ProjectLumina/Content/Dialogues/Ch08/Revamp/DL_Chap8.uasset" 1912
"E:/Documents/SIKAT OJT/Game Project/Project/ProjectLumina/Content/Dialogues/Ch08/Revamp/DL_Chap8.uexp" 1913
"E:/Documents/SIKAT OJT/Game Project/Project/ProjectLumina/Content/GameplayQuestions/Test/GQ_EarlyTractionTest.uasset" 1914
"E:/Documents/SIKAT OJT/Game Project/Project/ProjectLumina/Content/GameplayQuestions/Test/GQ_EarlyTractionTest.uexp" 1915
"E:/Documents/SIKAT OJT/Game Project/Project/ProjectLumina/Content/Levels/LVL3/Revamp/LVL3_Chap8.uexp" 1916
"E:/Documents/SIKAT OJT/Game Project/Project/ProjectLumina/Content/Levels/LVL3/Revamp/LVL3_Chap8.umap" 1917
"E:/Documents/SIKAT OJT/Game Project/Project/ProjectLumina/Content/Dialogues/Ch09/Revamp/DL_Chap9-2.uasset" 1918
"E:/Documents/SIKAT OJT/Game Project/Project/ProjectLumina/Content/Dialogues/Ch09/Revamp/DL_Chap9-2.uexp" 1919
"E:/Documents/SIKAT OJT/Game Project/Project/ProjectLumina/Content/Levels/LVL3/Revamp/LVL3_Chap9-2.uexp" 1920
"E:/Documents/SIKAT OJT/Game Project/Project/ProjectLumina/Content/Levels/LVL3/Revamp/LVL3_Chap9-2.umap" 1921
"E:/Documents/SIKAT OJT/Game Project/Project/ProjectLumina/Content/Levels/LVL3/Revamp/LVL3_Chap9-GO.uexp" 1922
"E:/Documents/SIKAT OJT/Game Project/Project/ProjectLumina/Content/Levels/LVL3/Revamp/LVL3_Chap9-GO.umap" 1923
"E:/Documents/SIKAT OJT/Game Project/Project/ProjectLumina/Content/Dialogues/Ch09/Revamp/DL_Chap9.uasset" 1924
"E:/Documents/SIKAT OJT/Game Project/Project/ProjectLumina/Content/Dialogues/Ch09/Revamp/DL_Chap9.uexp" 1925
"E:/Documents/SIKAT OJT/Game Project/Project/ProjectLumina/Content/GameplayQuestions/Test/GQ_GrowthTest.uasset" 1926
"E:/Documents/SIKAT OJT/Game Project/Project/ProjectLumina/Content/GameplayQuestions/Test/GQ_GrowthTest.uexp" 1927
"E:/Documents/SIKAT OJT/Game Project/Project/ProjectLumina/Content/Levels/LVL3/Revamp/LVL3_Chap9.uexp" 1928
"E:/Documents/SIKAT OJT/Game Project/Project/ProjectLumina/Content/Levels/LVL3/Revamp/LVL3_Chap9.umap" 1929
"E:/Documents/SIKAT OJT/Game Project/Project/ProjectLumina/Content/Assets/Sprites/UnIQ-Unicorn/Portrait_UnIQ-Unicorn.uasset" 1930
"E:/Documents/SIKAT OJT/Game Project/Project/ProjectLumina/Content/Assets/Sprites/UnIQ-Unicorn/Portrait_UnIQ-Unicorn.uexp" 1931
"E:/Documents/SIKAT OJT/Game Project/Project/ProjectLumina/Content/Dialogues/Chap011/DL_Ch11.uasset" 1932
"E:/Documents/SIKAT OJT/Game Project/Project/ProjectLumina/Content/Dialogues/Chap011/DL_Ch11.uexp" 1933
"E:/Documents/SIKAT OJT/Game Project/Project/ProjectLumina/Content/Assets/Backgrounds/Chap11/EVBG_Goodbye.uasset" 1934
"E:/Documents/SIKAT OJT/Game Project/Project/ProjectLumina/Content/Assets/Backgrounds/Chap11/EVBG_Goodbye.uexp" 1935
"E:/Documents/SIKAT OJT/Game Project/Project/ProjectLumina/Content/Assets/Audio/Music/lolurio__itchio_/Sweet_Memories.uasset" 1936
"E:/Documents/SIKAT OJT/Game Project/Project/ProjectLumina/Content/Assets/Audio/Music/lolurio__itchio_/Sweet_Memories.uexp" 1937
"E:/Documents/SIKAT OJT/Game Project/Project/ProjectLumina/Content/Assets/Audio/Music/Bell_Kalengar__itchio_/Lounge/WAV_Window_View.uasset" 1938
"E:/Documents/SIKAT OJT/Game Project/Project/ProjectLumina/Content/Assets/Audio/Music/Bell_Kalengar__itchio_/Lounge/WAV_Window_View.uexp" 1939
"E:/Documents/SIKAT OJT/Game Project/Project/ProjectLumina/Content/Assets/Audio/Music/Bell_Kalengar__itchio_/Emotional/WAV_Roadtrip.uasset" 1940
"E:/Documents/SIKAT OJT/Game Project/Project/ProjectLumina/Content/Assets/Audio/Music/Bell_Kalengar__itchio_/Emotional/WAV_Roadtrip.uexp" 1941
"E:/Documents/SIKAT OJT/Game Project/Project/ProjectLumina/Content/Assets/Audio/Ambience/freesound_community__Pixabay_/Peoples.uasset" 1942
"E:/Documents/SIKAT OJT/Game Project/Project/ProjectLumina/Content/Assets/Audio/Ambience/freesound_community__Pixabay_/Peoples.uexp" 1943
"E:/Documents/SIKAT OJT/Game Project/Project/ProjectLumina/Content/Dialogues/Chap011/BP_DL-Ch11.uasset" 1944
"E:/Documents/SIKAT OJT/Game Project/Project/ProjectLumina/Content/Dialogues/Chap011/BP_DL-Ch11.uexp" 1945
"E:/Documents/SIKAT OJT/Game Project/Project/ProjectLumina/Content/Levels/LVL4/LVL4_Ch11.uexp" 1946
"E:/Documents/SIKAT OJT/Game Project/Project/ProjectLumina/Content/Levels/LVL4/LVL4_Ch11.umap" 1947
"E:/Documents/SIKAT OJT/Game Project/Project/ProjectLumina/Content/Assets/Placeholders/Sprites/Character/Edgeworth/Edgeworth_Thinking.uasset" 1948
"E:/Documents/SIKAT OJT/Game Project/Project/ProjectLumina/Content/Assets/Placeholders/Sprites/Character/Edgeworth/Edgeworth_Thinking.uexp" 1949
"E:/Documents/SIKAT OJT/Game Project/Project/ProjectLumina/Content/Assets/Placeholders/Sprites/Character/Edgeworth/Edgeworth_Shouting.uasset" 1950
"E:/Documents/SIKAT OJT/Game Project/Project/ProjectLumina/Content/Assets/Placeholders/Sprites/Character/Edgeworth/Edgeworth_Shouting.uexp" 1951
"E:/Documents/SIKAT OJT/Game Project/Project/ProjectLumina/Content/Assets/Placeholders/Sprites/Character/Edgeworth/Edgeworth_Sad.uasset" 1952
"E:/Documents/SIKAT OJT/Game Project/Project/ProjectLumina/Content/Assets/Placeholders/Sprites/Character/Edgeworth/Edgeworth_Sad.uexp" 1953
"E:/Documents/SIKAT OJT/Game Project/Project/ProjectLumina/Content/Assets/Placeholders/Sprites/Character/Edgeworth/Edgeworth_Neutral.uasset" 1954
"E:/Documents/SIKAT OJT/Game Project/Project/ProjectLumina/Content/Assets/Placeholders/Sprites/Character/Edgeworth/Edgeworth_Neutral.uexp" 1955
"E:/Documents/SIKAT OJT/Game Project/Project/ProjectLumina/Content/Assets/Placeholders/Sprites/Character/Edgeworth/Edgeworth_Happy.uasset" 1956
"E:/Documents/SIKAT OJT/Game Project/Project/ProjectLumina/Content/Assets/Placeholders/Sprites/Character/Edgeworth/Edgeworth_Happy.uexp" 1957
"E:/Documents/SIKAT OJT/Game Project/Project/ProjectLumina/Content/Assets/Placeholders/Sprites/Character/Edgeworth/Edgeworth_Goofy.uasset" 1958
"E:/Documents/SIKAT OJT/Game Project/Project/ProjectLumina/Content/Assets/Placeholders/Sprites/Character/Edgeworth/Edgeworth_Goofy.uexp" 1959
"E:/Documents/SIKAT OJT/Game Project/Project/ProjectLumina/Content/Assets/Placeholders/Sprites/Character/Edgeworth/Edgeworth_Angry.uasset" 1960
"E:/Documents/SIKAT OJT/Game Project/Project/ProjectLumina/Content/Assets/Placeholders/Sprites/Character/Edgeworth/Edgeworth_Angry.uexp" 1961
"E:/Documents/SIKAT OJT/Game Project/Project/ProjectLumina/Content/Dialogues/DL_DialogueGameplayTest.uasset" 1962
"E:/Documents/SIKAT OJT/Game Project/Project/ProjectLumina/Content/Dialogues/DL_DialogueGameplayTest.uexp" 1963
"E:/Documents/SIKAT OJT/Game Project/Project/ProjectLumina/Content/Dialogues/DL_DialogueGameplayTestOutro.uasset" 1964
"E:/Documents/SIKAT OJT/Game Project/Project/ProjectLumina/Content/Dialogues/DL_DialogueGameplayTestOutro.uexp" 1965
"E:/Documents/SIKAT OJT/Game Project/Project/ProjectLumina/Content/Blueprints/Conversation/GameplayTesterOutro.uasset" 1966
"E:/Documents/SIKAT OJT/Game Project/Project/ProjectLumina/Content/Blueprints/Conversation/GameplayTesterOutro.uexp" 1967
"E:/Documents/SIKAT OJT/Game Project/Project/ProjectLumina/Content/Blueprints/Conversation/GameplayTester.uasset" 1968
"E:/Documents/SIKAT OJT/Game Project/Project/ProjectLumina/Content/Blueprints/Conversation/GameplayTester.uexp" 1969
"E:/Documents/SIKAT OJT/Game Project/Project/ProjectLumina/Content/Assets/Material/MAT_GenericGlow.uasset" 1970
"E:/Documents/SIKAT OJT/Game Project/Project/ProjectLumina/Content/Assets/Material/MAT_GenericGlow.uexp" 1971
"E:/Documents/SIKAT OJT/Game Project/Project/ProjectLumina/Content/Levels/LVL4/LVL4_StoryQuest1.uexp" 1972
"E:/Documents/SIKAT OJT/Game Project/Project/ProjectLumina/Content/Levels/LVL4/LVL4_StoryQuest1.umap" 1973
"E:/Documents/SIKAT OJT/Game Project/Project/ProjectLumina/Content/Levels/LVL4/LVL4_StoryScene.uexp" 1974
"E:/Documents/SIKAT OJT/Game Project/Project/ProjectLumina/Content/Levels/LVL4/LVL4_StoryScene.umap" 1975
"E:/Documents/SIKAT OJT/Game Project/Project/ProjectLumina/Content/Dialogues/Chap011/Revamp/DL_Chap11.uasset" 1976
"E:/Documents/SIKAT OJT/Game Project/Project/ProjectLumina/Content/Dialogues/Chap011/Revamp/DL_Chap11.uexp" 1977
"E:/Documents/SIKAT OJT/Game Project/Project/ProjectLumina/Content/Levels/LVL4/Revamp/LVL4_Chap11.uexp" 1978
"E:/Documents/SIKAT OJT/Game Project/Project/ProjectLumina/Content/Levels/LVL4/Revamp/LVL4_Chap11.umap" 1979
"E:/Documents/SIKAT OJT/Game Project/Project/ProjectLumina/Content/GQ_Test-EarlyTraction.uasset" 1980
"E:/Documents/SIKAT OJT/Game Project/Project/ProjectLumina/Content/GQ_Test-EarlyTraction.uexp" 1981
"E:/Documents/SIKAT OJT/Game Project/Project/ProjectLumina/Content/Levels/QuickPlayLVLS/LVL_QP_EarlyTraction.uexp" 1982
"E:/Documents/SIKAT OJT/Game Project/Project/ProjectLumina/Content/Levels/QuickPlayLVLS/LVL_QP_EarlyTraction.umap" 1983
"E:/Documents/SIKAT OJT/Game Project/Project/ProjectLumina/Content/Levels/QuickPlayLVLS/LVL_QP_Growth.uexp" 1984
"E:/Documents/SIKAT OJT/Game Project/Project/ProjectLumina/Content/Levels/QuickPlayLVLS/LVL_QP_Growth.umap" 1985
"E:/Documents/SIKAT OJT/Game Project/Project/ProjectLumina/Content/Levels/QuickPlayLVLS/LVL_QP_Ideation.uexp" 1986
"E:/Documents/SIKAT OJT/Game Project/Project/ProjectLumina/Content/Levels/QuickPlayLVLS/LVL_QP_Ideation.umap" 1987
"E:/Documents/SIKAT OJT/Game Project/Project/ProjectLumina/Content/Levels/QuickPlayLVLS/LVL_QP_Investors.uexp" 1988
"E:/Documents/SIKAT OJT/Game Project/Project/ProjectLumina/Content/Levels/QuickPlayLVLS/LVL_QP_Investors.umap" 1989
"E:/Documents/SIKAT OJT/Game Project/Project/ProjectLumina/Content/Levels/QuickPlayLVLS/LVL_QP_Pitching.uexp" 1990
"E:/Documents/SIKAT OJT/Game Project/Project/ProjectLumina/Content/Levels/QuickPlayLVLS/LVL_QP_Pitching.umap" 1991
"E:/Documents/SIKAT OJT/Game Project/Project/ProjectLumina/Content/Levels/QuickPlayLVLS/LVL_QP_Validation.uexp" 1992
"E:/Documents/SIKAT OJT/Game Project/Project/ProjectLumina/Content/Levels/QuickPlayLVLS/LVL_QP_Validation.umap" 1993
"E:/Documents/SIKAT OJT/Game Project/Project/ProjectLumina/Content/Blueprints/Widgets/MainMenu/UI_TitleScreenBorder.uasset" 1994
"E:/Documents/SIKAT OJT/Game Project/Project/ProjectLumina/Content/Blueprints/Widgets/MainMenu/UI_TitleScreenBorder.uexp" 1995
"E:/Documents/SIKAT OJT/Game Project/Project/ProjectLumina/Content/Assets/UI/TitleScreen/HIkariWalk/Render_00007_Sprite.uasset" 1996
"E:/Documents/SIKAT OJT/Game Project/Project/ProjectLumina/Content/Assets/UI/TitleScreen/HIkariWalk/Render_00007_Sprite.uexp" 1997
"E:/Documents/SIKAT OJT/Game Project/Project/ProjectLumina/Content/Assets/UI/TitleScreen/HIkariWalk/Render_00006_Sprite.uasset" 1998
"E:/Documents/SIKAT OJT/Game Project/Project/ProjectLumina/Content/Assets/UI/TitleScreen/HIkariWalk/Render_00006_Sprite.uexp" 1999
"E:/Documents/SIKAT OJT/Game Project/Project/ProjectLumina/Content/Assets/UI/TitleScreen/HIkariWalk/Render_00005_Sprite.uasset" 2000
"E:/Documents/SIKAT OJT/Game Project/Project/ProjectLumina/Content/Assets/UI/TitleScreen/HIkariWalk/Render_00005_Sprite.uexp" 2001
"E:/Documents/SIKAT OJT/Game Project/Project/ProjectLumina/Content/Assets/UI/TitleScreen/HIkariWalk/Render_00004_Sprite.uasset" 2002
"E:/Documents/SIKAT OJT/Game Project/Project/ProjectLumina/Content/Assets/UI/TitleScreen/HIkariWalk/Render_00004_Sprite.uexp" 2003
"E:/Documents/SIKAT OJT/Game Project/Project/ProjectLumina/Content/Assets/UI/TitleScreen/HIkariWalk/Render_00003_Sprite.uasset" 2004
"E:/Documents/SIKAT OJT/Game Project/Project/ProjectLumina/Content/Assets/UI/TitleScreen/HIkariWalk/Render_00003_Sprite.uexp" 2005
"E:/Documents/SIKAT OJT/Game Project/Project/ProjectLumina/Content/Assets/UI/TitleScreen/HIkariWalk/Render_00002_Sprite.uasset" 2006
"E:/Documents/SIKAT OJT/Game Project/Project/ProjectLumina/Content/Assets/UI/TitleScreen/HIkariWalk/Render_00002_Sprite.uexp" 2007
"E:/Documents/SIKAT OJT/Game Project/Project/ProjectLumina/Content/Assets/UI/TitleScreen/HIkariWalk/Render_00001_Sprite.uasset" 2008
"E:/Documents/SIKAT OJT/Game Project/Project/ProjectLumina/Content/Assets/UI/TitleScreen/HIkariWalk/Render_00001_Sprite.uexp" 2009
"E:/Documents/SIKAT OJT/Game Project/Project/ProjectLumina/Content/Assets/UI/TitleScreen/HIkariWalk/Render_00000_Sprite.uasset" 2010
"E:/Documents/SIKAT OJT/Game Project/Project/ProjectLumina/Content/Assets/UI/TitleScreen/HIkariWalk/Render_00000_Sprite.uexp" 2011
"E:/Documents/SIKAT OJT/Game Project/Project/ProjectLumina/Content/Assets/UI/TitleScreen/HIkariWalk/Hikari_Run.uasset" 2012
"E:/Documents/SIKAT OJT/Game Project/Project/ProjectLumina/Content/Assets/UI/TitleScreen/HIkariWalk/Hikari_Run.uexp" 2013
"E:/Documents/SIKAT OJT/Game Project/Project/ProjectLumina/Content/Assets/UI/TitleScreen/TitleScreenTransparent.uasset" 2014
"E:/Documents/SIKAT OJT/Game Project/Project/ProjectLumina/Content/Assets/UI/TitleScreen/TitleScreenTransparent.uexp" 2015
"E:/Documents/SIKAT OJT/Game Project/Project/ProjectLumina/Content/Assets/UI/TitleScreen/TitleScreenBG2.uasset" 2016
"E:/Documents/SIKAT OJT/Game Project/Project/ProjectLumina/Content/Assets/UI/TitleScreen/TitleScreenBG2.uexp" 2017
"E:/Documents/SIKAT OJT/Game Project/Project/ProjectLumina/Content/Assets/UI/TitleScreen/TitleScreenBackgroundFinished.uasset" 2018
"E:/Documents/SIKAT OJT/Game Project/Project/ProjectLumina/Content/Assets/UI/TitleScreen/TitleScreenBackgroundFinished.uexp" 2019
"E:/Documents/SIKAT OJT/Game Project/Project/ProjectLumina/Content/Assets/UI/TitleScreen/LightRay.uasset" 2020
"E:/Documents/SIKAT OJT/Game Project/Project/ProjectLumina/Content/Assets/UI/TitleScreen/LightRay.uexp" 2021
"E:/Documents/SIKAT OJT/Game Project/Project/ProjectLumina/Content/Assets/UI/TitleLogo/TitleLogo2.uasset" 2022
"E:/Documents/SIKAT OJT/Game Project/Project/ProjectLumina/Content/Assets/UI/TitleLogo/TitleLogo2.uexp" 2023
"E:/Documents/SIKAT OJT/Game Project/Project/ProjectLumina/Content/Assets/UI/TitleScreen/UniQWalk/a_1.uasset" 2024
"E:/Documents/SIKAT OJT/Game Project/Project/ProjectLumina/Content/Assets/UI/TitleScreen/UniQWalk/a_1.uexp" 2025
"E:/Documents/SIKAT OJT/Game Project/Project/ProjectLumina/Content/Assets/UI/TitleScreen/UniQWalk/a_1_Sprite.uasset" 2026
"E:/Documents/SIKAT OJT/Game Project/Project/ProjectLumina/Content/Assets/UI/TitleScreen/UniQWalk/a_1_Sprite.uexp" 2027
"E:/Documents/SIKAT OJT/Game Project/Project/ProjectLumina/Content/Assets/UI/TitleScreen/UniQWalk/a_0.uasset" 2028
"E:/Documents/SIKAT OJT/Game Project/Project/ProjectLumina/Content/Assets/UI/TitleScreen/UniQWalk/a_0.uexp" 2029
"E:/Documents/SIKAT OJT/Game Project/Project/ProjectLumina/Content/Assets/UI/TitleScreen/UniQWalk/a_0_Sprite.uasset" 2030
"E:/Documents/SIKAT OJT/Game Project/Project/ProjectLumina/Content/Assets/UI/TitleScreen/UniQWalk/a_0_Sprite.uexp" 2031
"E:/Documents/SIKAT OJT/Game Project/Project/ProjectLumina/Content/Assets/UI/TitleScreen/UniQWalk/a_9.uasset" 2032
"E:/Documents/SIKAT OJT/Game Project/Project/ProjectLumina/Content/Assets/UI/TitleScreen/UniQWalk/a_9.uexp" 2033
"E:/Documents/SIKAT OJT/Game Project/Project/ProjectLumina/Content/Assets/UI/TitleScreen/UniQWalk/a_9_Sprite.uasset" 2034
"E:/Documents/SIKAT OJT/Game Project/Project/ProjectLumina/Content/Assets/UI/TitleScreen/UniQWalk/a_9_Sprite.uexp" 2035
"E:/Documents/SIKAT OJT/Game Project/Project/ProjectLumina/Content/Assets/UI/TitleScreen/UniQWalk/a_8.uasset" 2036
"E:/Documents/SIKAT OJT/Game Project/Project/ProjectLumina/Content/Assets/UI/TitleScreen/UniQWalk/a_8.uexp" 2037
"E:/Documents/SIKAT OJT/Game Project/Project/ProjectLumina/Content/Assets/UI/TitleScreen/UniQWalk/a_8_Sprite.uasset" 2038
"E:/Documents/SIKAT OJT/Game Project/Project/ProjectLumina/Content/Assets/UI/TitleScreen/UniQWalk/a_8_Sprite.uexp" 2039
"E:/Documents/SIKAT OJT/Game Project/Project/ProjectLumina/Content/Assets/UI/TitleScreen/UniQWalk/a_7.uasset" 2040
"E:/Documents/SIKAT OJT/Game Project/Project/ProjectLumina/Content/Assets/UI/TitleScreen/UniQWalk/a_7.uexp" 2041
"E:/Documents/SIKAT OJT/Game Project/Project/ProjectLumina/Content/Assets/UI/TitleScreen/UniQWalk/a_7_Sprite.uasset" 2042
"E:/Documents/SIKAT OJT/Game Project/Project/ProjectLumina/Content/Assets/UI/TitleScreen/UniQWalk/a_7_Sprite.uexp" 2043
"E:/Documents/SIKAT OJT/Game Project/Project/ProjectLumina/Content/Assets/UI/TitleScreen/UniQWalk/a_6.uasset" 2044
"E:/Documents/SIKAT OJT/Game Project/Project/ProjectLumina/Content/Assets/UI/TitleScreen/UniQWalk/a_6.uexp" 2045
"E:/Documents/SIKAT OJT/Game Project/Project/ProjectLumina/Content/Assets/UI/TitleScreen/UniQWalk/a_6_Sprite.uasset" 2046
"E:/Documents/SIKAT OJT/Game Project/Project/ProjectLumina/Content/Assets/UI/TitleScreen/UniQWalk/a_6_Sprite.uexp" 2047
"E:/Documents/SIKAT OJT/Game Project/Project/ProjectLumina/Content/Assets/UI/TitleScreen/UniQWalk/a_5.uasset" 2048
"E:/Documents/SIKAT OJT/Game Project/Project/ProjectLumina/Content/Assets/UI/TitleScreen/UniQWalk/a_5.uexp" 2049
"E:/Documents/SIKAT OJT/Game Project/Project/ProjectLumina/Content/Assets/UI/TitleScreen/UniQWalk/a_5_Sprite.uasset" 2050
"E:/Documents/SIKAT OJT/Game Project/Project/ProjectLumina/Content/Assets/UI/TitleScreen/UniQWalk/a_5_Sprite.uexp" 2051
"E:/Documents/SIKAT OJT/Game Project/Project/ProjectLumina/Content/Assets/UI/TitleScreen/UniQWalk/a_4.uasset" 2052
"E:/Documents/SIKAT OJT/Game Project/Project/ProjectLumina/Content/Assets/UI/TitleScreen/UniQWalk/a_4.uexp" 2053
"E:/Documents/SIKAT OJT/Game Project/Project/ProjectLumina/Content/Assets/UI/TitleScreen/UniQWalk/a_4_Sprite.uasset" 2054
"E:/Documents/SIKAT OJT/Game Project/Project/ProjectLumina/Content/Assets/UI/TitleScreen/UniQWalk/a_4_Sprite.uexp" 2055
"E:/Documents/SIKAT OJT/Game Project/Project/ProjectLumina/Content/Assets/UI/TitleScreen/UniQWalk/a_3.uasset" 2056
"E:/Documents/SIKAT OJT/Game Project/Project/ProjectLumina/Content/Assets/UI/TitleScreen/UniQWalk/a_3.uexp" 2057
"E:/Documents/SIKAT OJT/Game Project/Project/ProjectLumina/Content/Assets/UI/TitleScreen/UniQWalk/a_3_Sprite.uasset" 2058
"E:/Documents/SIKAT OJT/Game Project/Project/ProjectLumina/Content/Assets/UI/TitleScreen/UniQWalk/a_3_Sprite.uexp" 2059
"E:/Documents/SIKAT OJT/Game Project/Project/ProjectLumina/Content/Assets/UI/TitleScreen/UniQWalk/a_2.uasset" 2060
"E:/Documents/SIKAT OJT/Game Project/Project/ProjectLumina/Content/Assets/UI/TitleScreen/UniQWalk/a_2.uexp" 2061
"E:/Documents/SIKAT OJT/Game Project/Project/ProjectLumina/Content/Assets/UI/TitleScreen/UniQWalk/a_2_Sprite.uasset" 2062
"E:/Documents/SIKAT OJT/Game Project/Project/ProjectLumina/Content/Assets/UI/TitleScreen/UniQWalk/a_2_Sprite.uexp" 2063
"E:/Documents/SIKAT OJT/Game Project/Project/ProjectLumina/Content/Assets/UI/TitleScreen/UniQWalk/PF_UniQWalk.uasset" 2064
"E:/Documents/SIKAT OJT/Game Project/Project/ProjectLumina/Content/Assets/UI/TitleScreen/UniQWalk/PF_UniQWalk.uexp" 2065
"E:/Documents/SIKAT OJT/Game Project/Project/ProjectLumina/Content/Blueprints/Widgets/MainMenu/UI_TitleScreen.uasset" 2066
"E:/Documents/SIKAT OJT/Game Project/Project/ProjectLumina/Content/Blueprints/Widgets/MainMenu/UI_TitleScreen.uexp" 2067
"E:/Documents/SIKAT OJT/Game Project/Project/ProjectLumina/Content/Assets/UI/SplashScreen/SIKATLogoInitial.uasset" 2068
"E:/Documents/SIKAT OJT/Game Project/Project/ProjectLumina/Content/Assets/UI/SplashScreen/SIKATLogoInitial.uexp" 2069
"E:/Documents/SIKAT OJT/Game Project/Project/ProjectLumina/Content/Assets/UI/SplashScreen/SIKATLogoAlt.uasset" 2070
"E:/Documents/SIKAT OJT/Game Project/Project/ProjectLumina/Content/Assets/UI/SplashScreen/SIKATLogoAlt.uexp" 2071
"E:/Documents/SIKAT OJT/Game Project/Project/ProjectLumina/Content/Assets/UI/SplashScreen/BackgroundInitial.uasset" 2072
"E:/Documents/SIKAT OJT/Game Project/Project/ProjectLumina/Content/Assets/UI/SplashScreen/BackgroundInitial.uexp" 2073
"../../../Engine/Content/Functions/Engine_MaterialFunctions02/Utility/VectorLength.uasset" 2074
"../../../Engine/Content/Functions/Engine_MaterialFunctions02/Utility/VectorLength.uexp" 2075
"../../../Engine/Content/Functions/Engine_MaterialFunctions01/Gradient/GeneratedRoundRect.uasset" 2076
"../../../Engine/Content/Functions/Engine_MaterialFunctions01/Gradient/GeneratedRoundRect.uexp" 2077
"E:/Documents/SIKAT OJT/Game Project/Project/ProjectLumina/Content/Assets/Material/MT_RoundedBorderCorner.uasset" 2078
"E:/Documents/SIKAT OJT/Game Project/Project/ProjectLumina/Content/Assets/Material/MT_RoundedBorderCorner.uexp" 2079
"E:/Documents/SIKAT OJT/Game Project/Project/ProjectLumina/Content/Blueprints/Widgets/MainMenu/UI_SplashScreen.uasset" 2080
"E:/Documents/SIKAT OJT/Game Project/Project/ProjectLumina/Content/Blueprints/Widgets/MainMenu/UI_SplashScreen.uexp" 2081
"E:/Documents/SIKAT OJT/Game Project/Project/ProjectLumina/Content/Blueprints/GameMode/BP_TitleScreen.uasset" 2082
"E:/Documents/SIKAT OJT/Game Project/Project/ProjectLumina/Content/Blueprints/GameMode/BP_TitleScreen.uexp" 2083
"E:/Documents/SIKAT OJT/Game Project/Project/ProjectLumina/Content/Levels/TitleScreen/LVL_TitleScreenOpened.uexp" 2084
"E:/Documents/SIKAT OJT/Game Project/Project/ProjectLumina/Content/Levels/TitleScreen/LVL_TitleScreenOpened.umap" 2085
"../../../Engine/Content/Functions/Engine_MaterialFunctions03/Procedurals/ComputeFilterWidth.uasset" 2086
"../../../Engine/Content/Functions/Engine_MaterialFunctions03/Procedurals/ComputeFilterWidth.uexp" 2087
"../../../Engine/Content/EngineMaterials/AntiAliasedTextMaterialTranslucent.uasset" 2088
"../../../Engine/Content/EngineMaterials/AntiAliasedTextMaterialTranslucent.uexp" 2089
"E:/Documents/SIKAT OJT/Game Project/Project/ProjectLumina/Content/SideScrollerBP/Maps/SideScrollerExampleMap_BuiltData.uasset" 2090
"E:/Documents/SIKAT OJT/Game Project/Project/ProjectLumina/Content/SideScrollerBP/Maps/SideScrollerExampleMap_BuiltData.uexp" 2091
"E:/Documents/SIKAT OJT/Game Project/Project/ProjectLumina/Content/SideScrollerBP/Maps/SideScrollerExampleMap_BuiltData.ubulk" 2092
"E:/Documents/SIKAT OJT/Game Project/Project/ProjectLumina/Content/Geometry/Meshes/CubeMaterial.uasset" 2093
"E:/Documents/SIKAT OJT/Game Project/Project/ProjectLumina/Content/Geometry/Meshes/CubeMaterial.uexp" 2094
"E:/Documents/SIKAT OJT/Game Project/Project/ProjectLumina/Content/Geometry/Meshes/TemplateFloor.uasset" 2095
"E:/Documents/SIKAT OJT/Game Project/Project/ProjectLumina/Content/Geometry/Meshes/TemplateFloor.uexp" 2096
"E:/Documents/SIKAT OJT/Game Project/Project/ProjectLumina/Content/Geometry/Meshes/1M_Cube.uasset" 2097
"E:/Documents/SIKAT OJT/Game Project/Project/ProjectLumina/Content/Geometry/Meshes/1M_Cube.uexp" 2098
"E:/Documents/SIKAT OJT/Game Project/Project/ProjectLumina/Content/SideScrollerBP/Maps/SideScrollerExampleMap.uexp" 2099
"E:/Documents/SIKAT OJT/Game Project/Project/ProjectLumina/Content/SideScrollerBP/Maps/SideScrollerExampleMap.umap" 2100
"E:/Documents/SIKAT OJT/Game Project/Project/ProjectLumina/Content/TopDownBP/Maps/TopDownExampleMap_BuiltData.uasset" 2101
"E:/Documents/SIKAT OJT/Game Project/Project/ProjectLumina/Content/TopDownBP/Maps/TopDownExampleMap_BuiltData.uexp" 2102
"E:/Documents/SIKAT OJT/Game Project/Project/ProjectLumina/Content/TopDownBP/Maps/TopDownExampleMap_BuiltData.ubulk" 2103
"E:/Documents/SIKAT OJT/Game Project/Project/ProjectLumina/Content/TopDownBP/Blueprints/TopDownController.uasset" 2104
"E:/Documents/SIKAT OJT/Game Project/Project/ProjectLumina/Content/TopDownBP/Blueprints/TopDownController.uexp" 2105
"E:/Documents/SIKAT OJT/Game Project/Project/ProjectLumina/Content/TopDownBP/Blueprints/TopDownGameMode.uasset" 2106
"E:/Documents/SIKAT OJT/Game Project/Project/ProjectLumina/Content/TopDownBP/Blueprints/TopDownGameMode.uexp" 2107
"E:/Documents/SIKAT OJT/Game Project/Project/ProjectLumina/Content/Geometry/Meshes/1M_Cube_Chamfer.uasset" 2108
"E:/Documents/SIKAT OJT/Game Project/Project/ProjectLumina/Content/Geometry/Meshes/1M_Cube_Chamfer.uexp" 2109
"E:/Documents/SIKAT OJT/Game Project/Project/ProjectLumina/Content/TopDownBP/Maps/TopDownExampleMap.uexp" 2110
"E:/Documents/SIKAT OJT/Game Project/Project/ProjectLumina/Content/TopDownBP/Maps/TopDownExampleMap.umap" 2111
"E:/Documents/SIKAT OJT/Game Project/Project/ProjectLumina/Content/Levels/TitleScreen/LVL_TitleScreen_BuiltData.uasset" 2112
"E:/Documents/SIKAT OJT/Game Project/Project/ProjectLumina/Content/Levels/TitleScreen/LVL_TitleScreen_BuiltData.uexp" 2113
"E:/Documents/SIKAT OJT/Game Project/Project/ProjectLumina/Content/Levels/TitleScreen/LVL_TitleScreen.uexp" 2114
"E:/Documents/SIKAT OJT/Game Project/Project/ProjectLumina/Content/Levels/TitleScreen/LVL_TitleScreen.umap" 2115
"../../../Engine/Content/Maps/Entry_BuiltData.uasset" 2116
"../../../Engine/Content/Maps/Entry_BuiltData.uexp" 2117
"../../../Engine/Content/Maps/Entry.uexp" 2118
"../../../Engine/Content/Maps/Entry.umap" 2119
