"../../../Engine/Config/Android/DataDrivenPlatformInfo.ini" 1
"../../../Engine/Config/HoloLens/DataDrivenPlatformInfo.ini" 2
"../../../Engine/Config/IOS/DataDrivenPlatformInfo.ini" 3
"../../../Engine/Config/Base.ini" 4
"../../../Engine/Config/BaseEngine.ini" 5
"../../../Engine/Config/IOS/BaseIOSEngine.ini" 6
"E:/Documents/SIKAT OJT/Game Project/Backup/ProjectLumina/Config/DefaultEngine.ini" 7
"../../../Engine/Config/IOS/IOSEngine.ini" 8
"C:/Users/minukey/AppData/Local/Unreal Engine/Engine/Config/UserEngine.ini" 9
"../../../Engine/Config/Linux/DataDrivenPlatformInfo.ini" 10
"../../../Engine/Config/LinuxAArch64/DataDrivenPlatformInfo.ini" 11
"../../../Engine/Config/Lumin/DataDrivenPlatformInfo.ini" 12
"../../../Engine/Config/Mac/DataDrivenPlatformInfo.ini" 13
"../../../Engine/Config/TVOS/DataDrivenPlatformInfo.ini" 14
"../../../Engine/Config/Windows/DataDrivenPlatformInfo.ini" 15
"E:/Documents/SIKAT OJT/Game Project/Backup/ProjectLumina/ProjectLumina.uproject" 16
"E:/Documents/SIKAT OJT/Game Project/Backup/ProjectLumina/Binaries/Win64/UE4Editor.modules" 17
"../../../Engine/Plugins/MeshPainting/MeshPainting.uplugin" 18
"../../../Engine/Plugins/ScriptPlugin/ScriptPlugin.uplugin" 19
"../../../Engine/Plugins/BlueprintFileUtils/BlueprintFileUtils.uplugin" 20
"../../../Engine/Plugins/XGEController/XGEController.uplugin" 21
"../../../Engine/Plugins/Animation/LiveLink/LiveLink.uplugin" 22
"../../../Engine/Plugins/2D/Paper2D/Paper2D.uplugin" 23
"../../../Engine/Plugins/Animation/LiveLinkCurveDebugUI/LiveLinkCurveDebugUI.uplugin" 24
"../../../Engine/Plugins/Animation/RigLogic/RigLogic.uplugin" 25
"../../../Engine/Plugins/Blendables/LightPropagationVolume/LightPropagationVolume.uplugin" 26
"../../../Engine/Plugins/AI/AISupport/AISupport.uplugin" 27
"../../../Engine/Plugins/AI/EnvironmentQueryEditor/EnvironmentQueryEditor.uplugin" 28
"../../../Engine/Plugins/AI/HTNPlanner/HTNPlanner.uplugin" 29
"../../../Engine/Plugins/AI/UE4ML/UE4ML.uplugin" 30
"../../../Engine/Plugins/Cameras/CameraShakePreviewer/CameraShakePreviewer.uplugin" 31
"../../../Engine/Plugins/Cameras/GameplayCameras/GameplayCameras.uplugin" 32
"../../../Engine/Plugins/Compression/OodleData/OodleData.uplugin" 33
"../../../Engine/Plugins/Compression/OodleNetwork/OodleNetwork.uplugin" 34
"../../../Engine/Plugins/Compositing/Composure/Composure.uplugin" 35
"../../../Engine/Plugins/Compositing/LensDistortion/LensDistortion.uplugin" 36
"../../../Engine/Plugins/Compositing/OpenCVLensDistortion/OpenCVLensDistortion.uplugin" 37
"../../../Engine/Plugins/Editor/AssetManagerEditor/AssetManagerEditor.uplugin" 38
"../../../Engine/Plugins/Compositing/OpenColorIO/OpenColorIO.uplugin" 39
"../../../Engine/Plugins/Editor/AssetSearch/AssetSearch.uplugin" 40
"../../../Engine/Plugins/Editor/BlueprintMaterialTextureNodes/BlueprintMaterialTextureNodes.uplugin" 41
"../../../Engine/Plugins/Developer/BlankPlugin/BlankPlugin.uplugin" 42
"../../../Engine/Plugins/Developer/AnimationSharing/AnimationSharing.uplugin" 43
"../../../Engine/Plugins/Editor/CryptoKeys/CryptoKeys.uplugin" 44
"../../../Engine/Plugins/Editor/CurveEditorTools/CurveEditorTools.uplugin" 45
"../../../Engine/Plugins/Developer/CLionSourceCodeAccess/CLionSourceCodeAccess.uplugin" 46
"../../../Engine/Plugins/Editor/DataValidation/DataValidation.uplugin" 47
"../../../Engine/Plugins/Developer/CodeLiteSourceCodeAccess/CodeLiteSourceCodeAccess.uplugin" 48
"../../../Engine/Plugins/Editor/EditorScriptingUtilities/EditorScriptingUtilities.uplugin" 49
"../../../Engine/Plugins/Developer/GitSourceControl/GitSourceControl.uplugin" 50
"../../../Engine/Plugins/Developer/KDevelopSourceCodeAccess/KDevelopSourceCodeAccess.uplugin" 51
"../../../Engine/Plugins/Animation/GameplayInsights/GameplayInsights.uplugin" 52
"../../../Engine/Plugins/Editor/FacialAnimation/FacialAnimation.uplugin" 53
"../../../Engine/Plugins/Editor/GameplayTagsEditor/GameplayTagsEditor.uplugin" 54
"../../../Engine/Plugins/Developer/NullSourceCodeAccess/NullSourceCodeAccess.uplugin" 55
"../../../Engine/Plugins/Editor/GeometryMode/GeometryMode.uplugin" 56
"../../../Engine/Plugins/Developer/OneSkyLocalizationService/OneSkyLocalizationService.uplugin" 57
"../../../Engine/Plugins/Editor/GLTFImporter/GLTFImporter.uplugin" 58
"../../../Engine/Plugins/Developer/PerforceSourceControl/PerforceSourceControl.uplugin" 59
"../../../Engine/Plugins/Developer/PixWinPlugin/PixWinPlugin.uplugin" 60
"../../../Engine/Plugins/Editor/MaterialAnalyzer/MaterialAnalyzer.uplugin" 61
"../../../Engine/Plugins/Developer/PlasticSourceControl/PlasticSourceControl.uplugin" 62
"../../../Engine/Plugins/Editor/MacGraphicsSwitching/MacGraphicsSwitching.uplugin" 63
"../../../Engine/Plugins/Developer/PluginUtils/PluginUtils.uplugin" 64
"../../../Engine/Plugins/Editor/MeshEditor/MeshEditor.uplugin" 65
"../../../Engine/Plugins/Developer/PropertyAccessNode/PropertyAccessNode.uplugin" 66
"../../../Engine/Plugins/Developer/RenderDocPlugin/RenderDocPlugin.uplugin" 67
"../../../Engine/Plugins/Editor/MobileLauncherProfileWizard/MobileLauncherProfileWizard.uplugin" 68
"../../../Engine/Plugins/Developer/RiderSourceCodeAccess/RiderSourceCodeAccess.uplugin" 69
"../../../Engine/Plugins/Editor/PluginBrowser/PluginBrowser.uplugin" 70
"../../../Engine/Plugins/Developer/SubversionSourceControl/SubversionSourceControl.uplugin" 71
"../../../Engine/Plugins/Developer/TextureFormatOodle/TextureFormatOodle.uplugin" 72
"../../../Engine/Plugins/Editor/SpeedTreeImporter/SpeedTreeImporter.uplugin" 73
"../../../Engine/Plugins/Developer/TraceDataFiltering/TraceDataFilters.uplugin" 74
"../../../Engine/Plugins/Developer/TraceSourceFiltering/TraceSourceFilters.uplugin" 75
"../../../Engine/Plugins/Developer/UObjectPlugin/UObjectPlugin.uplugin" 76
"../../../Engine/Plugins/Developer/VisualStudioCodeSourceCodeAccess/VisualStudioCodeSourceCodeAccess.uplugin" 77
"../../../Engine/Plugins/Developer/VisualStudioSourceCodeAccess/VisualStudioSourceCodeAccess.uplugin" 78
"../../../Engine/Plugins/Developer/XCodeSourceCodeAccess/XCodeSourceCodeAccess.uplugin" 79
"../../../Engine/Plugins/Editor/StylusInput/StylusInput.uplugin" 80
"../../../Engine/Plugins/Enterprise/DataprepEditor/DataprepEditor.uplugin" 81
"../../../Engine/Plugins/Enterprise/AxFImporter/AxFImporter.uplugin" 82
"../../../Engine/Plugins/Enterprise/DatasmithC4DImporter/DatasmithC4DImporter.uplugin" 83
"../../../Engine/Plugins/Enterprise/DatasmithCADImporter/DatasmithCADImporter.uplugin" 84
"../../../Engine/Plugins/Enterprise/DatasmithContent/DatasmithContent.uplugin" 85
"../../../Engine/Plugins/Enterprise/DatasmithFBXImporter/DatasmithFBXImporter.uplugin" 86
"../../../Engine/Plugins/Enterprise/DatasmithGLTFImporter/DatasmithGLTFImporter.uplugin" 87
"../../../Engine/Plugins/Enterprise/DatasmithIFCImporter/DatasmithIFCImporter.uplugin" 88
"../../../Engine/Plugins/Enterprise/DatasmithImporter/DatasmithImporter.uplugin" 89
"../../../Engine/Plugins/Enterprise/LidarPointCloud/LidarPointCloud.uplugin" 90
"../../../Engine/Plugins/Enterprise/MDLImporter/MDLImporter.uplugin" 91
"../../../Engine/Plugins/Enterprise/StaticMeshEditorExtension/StaticMeshEditorExtension.uplugin" 92
"../../../Engine/Plugins/Enterprise/VariantManager/VariantManager.uplugin" 93
"../../../Engine/Plugins/Enterprise/VariantManagerContent/VariantManagerContent.uplugin" 94
"../../../Engine/Plugins/FX/CascadeToNiagaraConverter/CascadeToNiagaraConverter.uplugin" 95
"../../../Engine/Plugins/FX/NiagaraExtras/NiagaraExtras.uplugin" 96
"../../../Engine/Plugins/FX/Niagara/Niagara.uplugin" 97
"../../../Engine/Plugins/Experimental/ActorPalette/ActorPalette.uplugin" 98
"../../../Engine/Plugins/Experimental/AlembicImporter/AlembicImporter.uplugin" 99
"../../../Engine/Plugins/Experimental/AppleVision/AppleVision.uplugin" 100
"../../../Engine/Plugins/Experimental/AutomationUtils/AutomationUtils.uplugin" 101
"../../../Engine/Plugins/Experimental/BackChannel/BackChannel.uplugin" 102
"../../../Engine/Plugins/Experimental/BlastPlugin/BlastPlugin.uplugin" 103
"../../../Engine/Plugins/Experimental/BlueprintStats/BlueprintStats.uplugin" 104
"../../../Engine/Plugins/Experimental/ChaosCloth/ChaosCloth.uplugin" 105
"../../../Engine/Plugins/Experimental/ChaosClothEditor/ChaosClothEditor.uplugin" 106
"../../../Engine/Plugins/Experimental/ChaosNiagara/ChaosNiagara.uplugin" 107
"../../../Engine/Plugins/Experimental/ChaosEditor/ChaosEditor.uplugin" 108
"../../../Engine/Plugins/Experimental/ChaosSolverPlugin/ChaosSolverPlugin.uplugin" 109
"../../../Engine/Plugins/Experimental/ChaosVehiclesPlugin/ChaosVehiclesPlugin.uplugin" 110
"../../../Engine/Plugins/Experimental/CharacterAI/CharacterAI.uplugin" 111
"../../../Engine/Plugins/Experimental/CodeEditor/CodeEditor.uplugin" 112
"../../../Engine/Plugins/Experimental/CodeView/CodeView.uplugin" 113
"../../../Engine/Plugins/Experimental/ChaosCaching/ChaosCaching.uplugin" 114
"../../../Engine/Plugins/Importers/AlembicHairImporter/AlembicHairImporter.uplugin" 115
"../../../Engine/Plugins/Experimental/ColorCorrectRegions/ColorCorrectRegions.uplugin" 116
"../../../Engine/Plugins/Importers/USDImporter/USDImporter.uplugin" 117
"../../../Engine/Plugins/Experimental/CommonConversation/CommonConversation.uplugin" 118
"../../../Engine/Plugins/Importers/USDMultiUser/USDMultiUser.uplugin" 119
"../../../Engine/Plugins/Experimental/CommonUI/CommonUI.uplugin" 120
"../../../Engine/Plugins/Experimental/EnhancedInput/EnhancedInput.uplugin" 121
"../../../Engine/Plugins/Experimental/ControlRig/ControlRig.uplugin" 122
"../../../Engine/Plugins/Experimental/ExampleAssetEditor/ExampleAssetEditor.uplugin" 123
"../../../Engine/Plugins/Experimental/FieldSystemPlugin/FieldSystemPlugin.uplugin" 124
"../../../Engine/Plugins/Experimental/Gauntlet/Gauntlet.uplugin" 125
"../../../Engine/Plugins/Experimental/FullBodyIK/FullBodyIK.uplugin" 126
"../../../Engine/Plugins/Experimental/GameFeatures/GameFeatures.uplugin" 127
"../../../Engine/Plugins/Experimental/GeometryCache/GeometryCache.uplugin" 128
"../../../Engine/Plugins/Experimental/GeometryCollectionPlugin/GeometryCollectionPlugin.uplugin" 129
"../../../Engine/Plugins/Experimental/GeometryCacheAbcFile/GeometryCacheAbcFile.uplugin" 130
"../../../Engine/Plugins/Experimental/GizmoEdMode/GizmoEdMode.uplugin" 131
"../../../Engine/Plugins/Experimental/GeometryProcessing/GeometryProcessing.uplugin" 132
"../../../Engine/Plugins/Experimental/GizmoFramework/GizmoFramework.uplugin" 133
"../../../Engine/Plugins/Experimental/GPULightmass/GPULightmass.uplugin" 134
"../../../Engine/Plugins/Experimental/ImpostorBaker/ImpostorBaker.uplugin" 135
"../../../Engine/Plugins/Experimental/LiveLinkControlRig/LiveLinkControlRig.uplugin" 136
"../../../Engine/Plugins/Experimental/ImagePlate/ImagePlate.uplugin" 137
"../../../Engine/Plugins/Experimental/Landmass/Landmass.uplugin" 138
"../../../Engine/Plugins/Experimental/ModularGameplay/ModularGameplay.uplugin" 139
"../../../Engine/Plugins/Experimental/MeshModelingToolset/MeshModelingToolset.uplugin" 140
"../../../Engine/Plugins/Experimental/ModelingToolsEditorMode/ModelingToolsEditorMode.uplugin" 141
"../../../Engine/Plugins/Experimental/MotionTrailEditorMode/MotionTrailEditorMode.uplugin" 142
"../../../Engine/Plugins/Experimental/MotoSynth/MotoSynth.uplugin" 143
"../../../Engine/Plugins/Experimental/OpenImageDenoise/OpenImageDenoise.uplugin" 144
"../../../Engine/Plugins/Experimental/PanoramicCapture/PanoramicCapture.uplugin" 145
"../../../Engine/Plugins/Lumin/LuminPlatformFeatures/LuminPlatformFeatures.uplugin" 146
"../../../Engine/Plugins/Lumin/MagicLeap/MagicLeap.uplugin" 147
"../../../Engine/Plugins/Experimental/PlanarCutPlugin/PlanarCut.uplugin" 148
"../../../Engine/Plugins/Experimental/PlatformCrypto/PlatformCrypto.uplugin" 149
"../../../Engine/Plugins/Lumin/MagicLeapBLE/MagicLeapBLE.uplugin" 150
"../../../Engine/Plugins/Lumin/MagicLeapCamera/MagicLeapCamera.uplugin" 151
"../../../Engine/Plugins/Experimental/ProxyLODPlugin/ProxyLODPlugin.uplugin" 152
"../../../Engine/Plugins/Lumin/MagicLeapConnections/MagicLeapConnections.uplugin" 153
"../../../Engine/Plugins/Lumin/MagicLeapContacts/MagicLeapContacts.uplugin" 154
"../../../Engine/Plugins/Experimental/PythonScriptPlugin/PythonScriptPlugin.uplugin" 155
"../../../Engine/Plugins/Experimental/RawInput/RawInput.uplugin" 156
"../../../Engine/Plugins/Lumin/MagicLeapDispatch/MagicLeapDispatch.uplugin" 157
"../../../Engine/Plugins/Experimental/RemoteSession/RemoteSession.uplugin" 158
"../../../Engine/Plugins/Lumin/MagicLeapLightEstimation/MagicLeapLightEstimation.uplugin" 159
"../../../Engine/Plugins/Experimental/SampleToolsEditorMode/SampleToolsEditorMode.uplugin" 160
"../../../Engine/Plugins/Lumin/MagicLeapLocation/MagicLeapLocation.uplugin" 161
"../../../Engine/Plugins/Experimental/ShallowWater/ShallowWater.uplugin" 162
"../../../Engine/Plugins/Lumin/MagicLeapMedia/MagicLeapMedia.uplugin" 163
"../../../Engine/Plugins/Lumin/MagicLeapMovement/MagicLeapMovement.uplugin" 164
"../../../Engine/Plugins/Lumin/MagicLeapMusicService/MagicLeapMusicService.uplugin" 165
"../../../Engine/Plugins/Lumin/MagicLeapNetworking/MagicLeapNetworking.uplugin" 166
"../../../Engine/Plugins/Lumin/MagicLeapPassableWorld/MagicLeapPassableWorld.uplugin" 167
"../../../Engine/Plugins/Lumin/MLSDK/MLSDK.uplugin" 168
"../../../Engine/Plugins/Experimental/Shotgun/Shotgun.uplugin" 169
"../../../Engine/Plugins/Lumin/MagicLeapTablet/MagicLeapTablet.uplugin" 170
"../../../Engine/Plugins/Lumin/MagicLeapSharedFile/MagicLeapSharedFile.uplugin" 171
"../../../Engine/Plugins/Experimental/SkeletalReduction/SkeletalReduction.uplugin" 172
"../../../Engine/Plugins/Experimental/SimpleHMD/SimpleHMD.uplugin" 173
"../../../Engine/Plugins/Experimental/Text3D/Text3D.uplugin" 174
"../../../Engine/Plugins/Experimental/VirtualCamera/VirtualCamera.uplugin" 175
"../../../Engine/Plugins/Experimental/VirtualHeightfieldMesh/VirtualHeightfieldMesh.uplugin" 176
"../../../Engine/Plugins/Experimental/VirtualProductionUtilities/VirtualProductionUtilities.uplugin" 177
"../../../Engine/Plugins/Media/AjaMedia/AjaMedia.uplugin" 178
"../../../Engine/Plugins/Experimental/Volumetrics/Volumetrics.uplugin" 179
"../../../Engine/Plugins/Media/AndroidCamera/AndroidCamera.uplugin" 180
"../../../Engine/Plugins/Media/AndroidMedia/AndroidMedia.uplugin" 181
"../../../Engine/Plugins/Media/AppleProResMedia/AppleProResMedia.uplugin" 182
"../../../Engine/Plugins/Media/AudioCaptureTimecodeProvider/AudioCaptureTimecodeProvider.uplugin" 183
"../../../Engine/Plugins/Media/AvfMedia/AvfMedia.uplugin" 184
"../../../Engine/Plugins/Experimental/Water/Water.uplugin" 185
"../../../Engine/Plugins/Media/AvidDNxMedia/AvidDNxMedia.uplugin" 186
"../../../Engine/Plugins/Media/ElectraCDM/ElectraCDM.uplugin" 187
"../../../Engine/Plugins/Experimental/WebSocketNetworking/WebSocketNetworking.uplugin" 188
"../../../Engine/Plugins/Media/BlackmagicMedia/BlackmagicMedia.uplugin" 189
"../../../Engine/Plugins/Media/BinkMedia/BinkMedia.uplugin" 190
"../../../Engine/Plugins/Media/HAPMedia/HAPMedia.uplugin" 191
"../../../Engine/Plugins/Media/HardwareEncoders/HardwareEncoders.uplugin" 192
"../../../Engine/Plugins/Media/HLMedia/HLMedia.uplugin" 193
"../../../Engine/Plugins/Media/ImgMedia/ImgMedia.uplugin" 194
"../../../Engine/Plugins/Media/LinearTimecode/LinearTimecode.uplugin" 195
"../../../Engine/Plugins/Media/MediaCompositing/MediaCompositing.uplugin" 196
"../../../Engine/Plugins/Media/MediaFrameworkUtilities/MediaFrameworkUtilities.uplugin" 197
"../../../Engine/Plugins/Media/MediaIOFramework/MediaIOFramework.uplugin" 198
"../../../Engine/Plugins/Media/MediaMovieStreamer/MediaMovieStreamer.uplugin" 199
"../../../Engine/Plugins/Media/MediaPlayerEditor/MediaPlayerEditor.uplugin" 200
"../../../Engine/Plugins/Media/ElectraPlayer/ElectraPlayer.uplugin" 201
"../../../Engine/Plugins/Media/MfMedia/MfMedia.uplugin" 202
"../../../Engine/Plugins/Media/PixelStreaming/PixelStreaming.uplugin" 203
"../../../Engine/Plugins/Media/TimecodeSynchronizer/TimecodeSynchronizer.uplugin" 204
"../../../Engine/Plugins/Media/WebMMedia/WebMMedia.uplugin" 205
"../../../Engine/Plugins/Media/WmfMedia/WmfMedia.uplugin" 206
"../../../Engine/Plugins/Messaging/TcpMessaging/TcpMessaging.uplugin" 207
"../../../Engine/Plugins/Messaging/MessagingDebugger/MessagingDebugger.uplugin" 208
"../../../Engine/Plugins/Messaging/UdpMessaging/UdpMessaging.uplugin" 209
"../../../Engine/Plugins/MovieScene/ActorSequence/ActorSequence.uplugin" 210
"../../../Engine/Plugins/MovieScene/CustomizableSequencerTracks/CustomizableSequencerTracks.uplugin" 211
"../../../Engine/Plugins/MovieScene/LevelSequenceEditor/LevelSequenceEditor.uplugin" 212
"../../../Engine/Plugins/MovieScene/MatineeToLevelSequence/MatineeToLevelSequence.uplugin" 213
"../../../Engine/Plugins/MovieScene/MovieRenderPipeline/MovieRenderPipeline.uplugin" 214
"../../../Engine/Plugins/MovieScene/MoviePipelineMaskRenderPass/MoviePipelineMaskRenderPass.uplugin" 215
"../../../Engine/Plugins/MovieScene/ReplayTracks/ReplayTracks.uplugin" 216
"../../../Engine/Plugins/MovieScene/SequencerScripting/SequencerScripting.uplugin" 217
"../../../Engine/Plugins/MovieScene/TemplateSequence/TemplateSequence.uplugin" 218
"../../../Engine/Plugins/NetcodeUnitTest/NetcodeUnitTest/NetcodeUnitTest.uplugin" 219
"../../../Engine/Plugins/NetcodeUnitTest/NUTUnrealEngine4/NUTUnrealEngine4.uplugin" 220
"../../../Engine/Plugins/Performance/PerformanceMonitor/PerformanceMonitor.uplugin" 221
"../../../Engine/Plugins/Online/EOSShared/EOSShared.uplugin" 222
"../../../Engine/Plugins/Online/OnlineFramework/OnlineFramework.uplugin" 223
"../../../Engine/Plugins/Online/OnlineSubsystem/OnlineSubsystem.uplugin" 224
"../../../Engine/Plugins/Online/OnlineSubsystemAmazon/OnlineSubsystemAmazon.uplugin" 225
"../../../Engine/Plugins/Online/OnlineSubsystemApple/OnlineSubsystemApple.uplugin" 226
"../../../Engine/Plugins/Online/OnlineSubsystemFacebook/OnlineSubsystemFacebook.uplugin" 227
"../../../Engine/Plugins/Online/OnlineSubsystemEOS/OnlineSubsystemEOS.uplugin" 228
"../../../Engine/Plugins/Online/OnlineSubsystemNull/OnlineSubsystemNull.uplugin" 229
"../../../Engine/Plugins/Online/OnlineSubsystemGoogle/OnlineSubsystemGoogle.uplugin" 230
"../../../Engine/Plugins/Online/OnlineSubsystemSteam/OnlineSubsystemSteam.uplugin" 231
"../../../Engine/Plugins/Online/OnlineSubsystemOculus/OnlineSubsystemOculus.uplugin" 232
"../../../Engine/Plugins/Online/OnlineSubsystemTencent/OnlineSubsystemTencent.uplugin" 233
"../../../Engine/Plugins/Online/OnlineSubsystemTwitch/OnlineSubsystemTwitch.uplugin" 234
"../../../Engine/Plugins/Online/OnlineSubsystemUtils/OnlineSubsystemUtils.uplugin" 235
"../../../Engine/Plugins/Online/WebAuth/WebAuth.uplugin" 236
"../../../Engine/Plugins/Portal/LauncherChunkInstaller/LauncherChunkInstaller.uplugin" 237
"../../../Engine/Plugins/Runtime/ActorLayerUtilities/ActorLayerUtilities.uplugin" 238
"../../../Engine/Plugins/Runtime/AndroidDeviceProfileSelector/AndroidDeviceProfileSelector.uplugin" 239
"../../../Engine/Plugins/Runtime/AndroidMoviePlayer/AndroidMoviePlayer.uplugin" 240
"../../../Engine/Plugins/Runtime/AnimDistanceMatching/AnimDistanceMatching.uplugin" 241
"../../../Engine/Plugins/Runtime/AndroidPermission/AndroidPermission.uplugin" 242
"../../../Engine/Plugins/Runtime/AnimationBudgetAllocator/AnimationBudgetAllocator.uplugin" 243
"../../../Engine/Plugins/Runtime/AppleImageUtils/AppleImageUtils.uplugin" 244
"../../../Engine/Plugins/Runtime/ApexDestruction/ApexDestruction.uplugin" 245
"../../../Engine/Plugins/Runtime/AppleMoviePlayer/AppleMoviePlayer.uplugin" 246
"../../../Engine/Plugins/Runtime/ArchVisCharacter/ArchVisCharacter.uplugin" 247
"../../../Engine/Plugins/Runtime/AudioCapture/AudioCapture.uplugin" 248
"../../../Engine/Plugins/Runtime/AssetTags/AssetTags.uplugin" 249
"../../../Engine/Plugins/Runtime/AudioModulation/AudioModulation.uplugin" 250
"../../../Engine/Plugins/Runtime/AudioSynesthesia/AudioSynesthesia.uplugin" 251
"../../../Engine/Plugins/Runtime/CableComponent/CableComponent.uplugin" 252
"../../../Engine/Plugins/Runtime/ChunkDownloader/ChunkDownloader.uplugin" 253
"../../../Engine/Plugins/Runtime/EditableMesh/EditableMesh.uplugin" 254
"../../../Engine/Plugins/Runtime/DataRegistry/DataRegistry.uplugin" 255
"../../../Engine/Plugins/Runtime/CustomMeshComponent/CustomMeshComponent.uplugin" 256
"../../../Engine/Plugins/Runtime/ExampleDeviceProfileSelector/ExampleDeviceProfileSelector.uplugin" 257
"../../../Engine/Plugins/Runtime/Firebase/Firebase.uplugin" 258
"../../../Engine/Plugins/Runtime/GameplayAbilities/GameplayAbilities.uplugin" 259
"../../../Engine/Plugins/Runtime/GeoReferencing/GeoReferencing.uplugin" 260
"../../../Engine/Plugins/Runtime/GoogleCloudMessaging/GoogleCloudMessaging.uplugin" 261
"../../../Engine/Plugins/Runtime/GooglePAD/GooglePAD.uplugin" 262
"../../../Engine/Plugins/Runtime/HDRIBackdrop/HDRIBackdrop.uplugin" 263
"../../../Engine/Plugins/Runtime/HairStrands/HairStrands.uplugin" 264
"../../../Engine/Plugins/Runtime/HPMotionController/HPMotionController.uplugin" 265
"../../../Engine/Plugins/Runtime/HTTPChunkInstaller/HTTPChunkInstaller.uplugin" 266
"../../../Engine/Plugins/Runtime/IOSDeviceProfileSelector/IOSDeviceProfileSelector.uplugin" 267
"../../../Engine/Plugins/Runtime/IOSReplayKit/IOSReplayKit.uplugin" 268
"../../../Engine/Plugins/Runtime/LinuxDeviceProfileSelector/LinuxDeviceProfileSelector.uplugin" 269
"../../../Engine/Plugins/Runtime/LiveLinkOvernDisplay/LiveLinkOverNDisplay.uplugin" 270
"../../../Engine/Plugins/Runtime/LocationServicesAndroidImpl/LocationServicesAndroidImpl.uplugin" 271
"../../../Engine/Plugins/Runtime/LocationServicesBPLibrary/LocationServicesBPLibrary.uplugin" 272
"../../../Engine/Plugins/Runtime/LocationServicesIOSImpl/LocationServicesIOSImpl.uplugin" 273
"../../../Engine/Plugins/Runtime/MicrosoftSpatialAudio/MicroSoftSpatialSound.uplugin" 274
"../../../Engine/Plugins/Runtime/MIDIDevice/MIDIDevice.uplugin" 275
"../../../Engine/Plugins/Runtime/MobilePatchingUtils/MobilePatchingUtils.uplugin" 276
"../../../Engine/Plugins/Runtime/MixedRealityCaptureFramework/MixedRealityCaptureFramework.uplugin" 277
"../../../Engine/Plugins/Runtime/nDisplay/nDisplay.uplugin" 278
"../../../Engine/Plugins/Runtime/NetworkPrediction/NetworkPrediction.uplugin" 279
"../../../Engine/Plugins/Runtime/NetworkPredictionExtras/NetworkPredictionExtras.uplugin" 280
"../../../Engine/Plugins/Runtime/NetworkPredictionInsights/NetworkPredictionInsights.uplugin" 281
"../../../Engine/Plugins/Runtime/OpenXR/OpenXR.uplugin" 282
"../../../Engine/Plugins/Runtime/OpenXREyeTracker/OpenXREyeTracker.uplugin" 283
"../../../Engine/Plugins/Runtime/OpenXRHandTracking/OpenXRHandTracking.uplugin" 284
"../../../Engine/Plugins/Runtime/OpenXRMsftHandInteraction/OpenXRMsftHandInteraction.uplugin" 285
"../../../Engine/Plugins/Runtime/OptionalMobileFeaturesBPLibrary/OptionalMobileFeaturesBPLibrary.uplugin" 286
"../../../Engine/Plugins/Runtime/OSC/OSC.uplugin" 287
"../../../Engine/Plugins/Runtime/OSCModulationMixing/OSCModulationMixing.uplugin" 288
"../../../Engine/Plugins/Runtime/PhysXVehicles/PhysXVehicles.uplugin" 289
"../../../Engine/Plugins/Runtime/PostSplashScreen/PostSplashScreen.uplugin" 290
"../../../Engine/Plugins/Runtime/PreLoadScreenMoviePlayer/PreLoadScreenMoviePlayer.uplugin" 291
"../../../Engine/Plugins/Runtime/ProceduralMeshComponent/ProceduralMeshComponent.uplugin" 292
"../../../Engine/Plugins/Runtime/ReplicationGraph/ReplicationGraph.uplugin" 293
"../../../Engine/Plugins/Runtime/PropertyAccess/PropertyAccessEditor.uplugin" 294
"../../../Engine/Plugins/Runtime/ResonanceAudio/ResonanceAudio.uplugin" 295
"../../../Engine/Plugins/Runtime/RuntimePhysXCooking/RuntimePhysXCooking.uplugin" 296
"../../../Engine/Plugins/Media/ElectraUtil/ElectraUtil.uplugin" 297
"../../../Engine/Plugins/Runtime/SignificanceManager/SignificanceManager.uplugin" 298
"../../../Engine/Plugins/Runtime/SoundCueTemplates/SoundCueTemplates.uplugin" 299
"../../../Engine/Plugins/Runtime/SoundMod/SoundMod.uplugin" 300
"../../../Engine/Plugins/Runtime/SoundFields/SoundFields.uplugin" 301
"../../../Engine/Plugins/Runtime/SoundUtilities/SoundUtilities.uplugin" 302
"../../../Engine/Plugins/Runtime/SoundVisualizations/SoundVisualizations.uplugin" 303
"../../../Engine/Plugins/Runtime/Spatialization/Spatialization.uplugin" 304
"../../../Engine/Plugins/Runtime/Synthesis/Synthesis.uplugin" 305
"../../../Engine/Plugins/Runtime/TextureShare/TextureShare.uplugin" 306
"../../../Engine/Plugins/Runtime/SunPosition/SunPosition.uplugin" 307
"../../../Engine/Plugins/Runtime/TimeSynth/TimeSynth.uplugin" 308
"../../../Engine/Plugins/Runtime/WarpUtils/WarpUtils.uplugin" 309
"../../../Engine/Plugins/Runtime/WebBrowserNativeProxy/WebBrowserNativeProxy.uplugin" 310
"../../../Engine/Plugins/Runtime/WebBrowserWidget/WebBrowserWidget.uplugin" 311
"../../../Engine/Plugins/Runtime/WebMMoviePlayer/WebMMoviePlayer.uplugin" 312
"../../../Engine/Plugins/Runtime/WindowsMixedReality/WindowsMixedReality.uplugin" 313
"../../../Engine/Plugins/Runtime/WindowsDeviceProfileSelector/WindowsDeviceProfileSelector.uplugin" 314
"../../../Engine/Plugins/Runtime/WindowsMoviePlayer/WindowsMoviePlayer.uplugin" 315
"../../../Engine/Plugins/Slate/SlateInsights/SlateInsights.uplugin" 316
"../../../Engine/Plugins/Tests/EditorTests/EditorTests.uplugin" 317
"../../../Engine/Plugins/Slate/SlateRemote/SlateRemote.uplugin" 318
"../../../Engine/Plugins/Tests/FunctionalTestingEditor/FunctionalTestingEditor.uplugin" 319
"../../../Engine/Plugins/Tests/PythonAutomationTest/PythonAutomationTest.uplugin" 320
"../../../Engine/Plugins/Tests/RHITests/RHITests.uplugin" 321
"../../../Engine/Plugins/Tests/RuntimeTests/RuntimeTests.uplugin" 322
"../../../Engine/Plugins/Tests/ScreenshotTools/ScreenshotTools.uplugin" 323
"../../../Engine/Plugins/VirtualProduction/CameraCalibrationCore/CameraCalibrationCore.uplugin" 324
"../../../Engine/Plugins/VirtualProduction/CompositePlane/CompositePlane.uplugin" 325
"../../../Engine/Plugins/VirtualProduction/CameraCalibration/CameraCalibration.uplugin" 326
"../../../Engine/Plugins/VirtualProduction/DataCharts/DataCharts.uplugin" 327
"../../../Engine/Plugins/VirtualProduction/ICVFX/ICVFX.uplugin" 328
"../../../Engine/Plugins/VirtualProduction/LevelSnapshots/LevelSnapshots.uplugin" 329
"../../../Engine/Plugins/VirtualProduction/LiveLinkCamera/LiveLinkCamera.uplugin" 330
"../../../Engine/Plugins/VirtualProduction/LiveLinkLens/LiveLinkLens.uplugin" 331
"../../../Engine/Plugins/VirtualProduction/LiveLinkFreeD/LiveLinkFreeD.uplugin" 332
"../../../Engine/Plugins/VirtualProduction/LiveLinkMasterLockit/LiveLinkMasterLockit.uplugin" 333
"../../../Engine/Plugins/VirtualProduction/LiveLinkPrestonMDR/LiveLinkPrestonMDR.uplugin" 334
"../../../Engine/Plugins/VirtualProduction/LiveLinkVRPN/LiveLinkVRPN.uplugin" 335
"../../../Engine/Plugins/VirtualProduction/MultiUserTakes/MultiUserTakes.uplugin" 336
"../../../Engine/Plugins/VirtualProduction/LiveLinkXR/LiveLinkXR.uplugin" 337
"../../../Engine/Plugins/VirtualProduction/nDisplaySupportForLevelSnapshots/nDisplaySupportForLevelSnapshots.uplugin" 338
"../../../Engine/Plugins/VirtualProduction/RemoteControl/RemoteControl.uplugin" 339
"../../../Engine/Plugins/VirtualProduction/RemoteControlInterception/RemoteControlInterception.uplugin" 340
"../../../Engine/Plugins/VirtualProduction/RemoteControlProtocolDMX/RemoteControlProtocolDMX.uplugin" 341
"../../../Engine/Plugins/VirtualProduction/RemoteControlProtocolMIDI/RemoteControlProtocolMIDI.uplugin" 342
"../../../Engine/Plugins/VirtualProduction/RemoteControlProtocolOSC/RemoteControlProtocolOSC.uplugin" 343
"../../../Engine/Plugins/VirtualProduction/RemoteControlWebInterface/RemoteControlWebInterface.uplugin" 344
"../../../Engine/Plugins/VirtualProduction/StageMonitoring/StageMonitoring.uplugin" 345
"../../../Engine/Plugins/VirtualProduction/Switchboard/Switchboard.uplugin" 346
"../../../Engine/Plugins/VirtualProduction/Takes/Takes.uplugin" 347
"../../../Engine/Plugins/VirtualProduction/TimedDataMonitor/TimedDataMonitor.uplugin" 348
"../../../Engine/Plugins/Tests/FbxAutomationTestBuilder/FbxAutomationTestBuilder.uplugin" 349
"../../../Engine/Plugins/Editor/ContentBrowser/ContentBrowserAssetDataSource/ContentBrowserAssetDataSource.uplugin" 350
"../../../Engine/Plugins/Editor/ContentBrowser/ContentBrowserClassDataSource/ContentBrowserClassDataSource.uplugin" 351
"../../../Engine/Plugins/Developer/Concert/ConcertMain/ConcertMain.uplugin" 352
"../../../Engine/Plugins/Editor/ContentBrowser/ContentBrowserFileDataSource/ContentBrowserFileDataSource.uplugin" 353
"../../../Engine/Plugins/Developer/Concert/DisasterRecoveryClient/DisasterRecoveryClient.uplugin" 354
"../../../Engine/Plugins/Developer/Concert/MultiUserClient/MultiUserClient.uplugin" 355
"../../../Engine/Plugins/Experimental/AR/PointCloud/PointCloud.uplugin" 356
"../../../Engine/Plugins/Experimental/Enterprise/DataprepGeometryOperations/DataprepGeometryOperations.uplugin" 357
"../../../Engine/Plugins/Experimental/Enterprise/DatasmithRuntime/DatasmithRuntime.uplugin" 358
"../../../Engine/Plugins/Experimental/VirtualProduction/LedWallCalibration/LedWallCalibration.uplugin" 359
"../../../Engine/Plugins/Online/Android/OnlineSubsystemGameCircle/OnlineSubsystemGameCircle.uplugin" 360
"../../../Engine/Plugins/Online/Android/OnlineSubsystemGooglePlay/OnlineSubsystemGooglePlay.uplugin" 361
"../../../Engine/Plugins/Online/IOS/OnlineSubsystemIOS/OnlineSubsystemIOS.uplugin" 362
"../../../Engine/Plugins/Online/VoiceChat/EOSVoiceChat/EOSVoiceChat.uplugin" 363
"../../../Engine/Plugins/Online/VoiceChat/VivoxVoiceChat/VivoxVoiceChat.uplugin" 364
"../../../Engine/Plugins/Online/VoiceChat/VoiceChat/VoiceChat.uplugin" 365
"../../../Engine/Plugins/Runtime/Advertising/IOSTapJoy/IOSTapJoy.uplugin" 366
"../../../Engine/Plugins/Runtime/Analytics/Adjust/Adjust.uplugin" 367
"../../../Engine/Plugins/Runtime/Analytics/AnalyticsBlueprintLibrary/AnalyticsBlueprintLibrary.uplugin" 368
"../../../Engine/Plugins/Runtime/Analytics/AnalyticsMulticast/AnalyticsMulticast.uplugin" 369
"../../../Engine/Plugins/Runtime/Analytics/FileLogging/FileLogging.uplugin" 370
"../../../Engine/Plugins/Runtime/Analytics/Flurry/Flurry.uplugin" 371
"../../../Engine/Plugins/Runtime/AR/ARUtilities/ARUtilities.uplugin" 372
"../../../Engine/Plugins/Runtime/AR/AzureSpatialAnchorsForARCore/AzureSpatialAnchorsForARCore.uplugin" 373
"../../../Engine/Plugins/Runtime/AR/AzureSpatialAnchors/AzureSpatialAnchors.uplugin" 374
"../../../Engine/Plugins/Runtime/AR/AzureSpatialAnchorsForARKit/AzureSpatialAnchorsForARKit.uplugin" 375
"../../../Engine/Plugins/Runtime/AR/AzureSpatialAnchorsForWMR/AzureSpatialAnchorsForWMR.uplugin" 376
"../../../Engine/Plugins/Runtime/Database/ADOSupport/ADOSupport.uplugin" 377
"../../../Engine/Plugins/Runtime/Database/DatabaseSupport/DatabaseSupport.uplugin" 378
"../../../Engine/Plugins/Runtime/Database/SQLiteCore/SQLiteCore.uplugin" 379
"../../../Engine/Plugins/Runtime/Database/RemoteDatabaseSupport/RemoteDatabaseSupport.uplugin" 380
"../../../Engine/Plugins/Runtime/Database/SQLiteSupport/SQLiteSupport.uplugin" 381
"../../../Engine/Plugins/Runtime/GoogleVR/GoogleVRController/GoogleVRController.uplugin" 382
"../../../Engine/Plugins/Runtime/GoogleVR/GoogleVRHMD/GoogleVRHMD.uplugin" 383
"../../../Engine/Plugins/Runtime/GoogleVR/GoogleVRTransition2D/GoogleVRTransition2D.uplugin" 384
"../../../Engine/Plugins/Runtime/MeshReconstruction/DummyMeshReconstructor/DummyMeshReconstructor.uplugin" 385
"../../../Engine/Plugins/Runtime/Nvidia/Ansel/Ansel.uplugin" 386
"../../../Engine/Plugins/Runtime/Nvidia/Reflex/Reflex.uplugin" 387
"../../../Engine/Plugins/Runtime/Oculus/OculusAudio/OculusAudio.uplugin" 388
"../../../Engine/Plugins/Runtime/Oculus/OculusOpenXR/OculusOpenXR.uplugin" 389
"../../../Engine/Plugins/Runtime/Oculus/OculusVR/OculusVR.uplugin" 390
"../../../Engine/Plugins/Runtime/PacketHandlers/AESGCMHandlerComponent/AESGCMHandlerComponent.uplugin" 391
"../../../Engine/Plugins/Runtime/PacketHandlers/AESHandlerComponent/AESHandlerComponent.uplugin" 392
"../../../Engine/Plugins/Runtime/PacketHandlers/DTLSHandlerComponent/DTLSHandlerComponent.uplugin" 393
"../../../Engine/Plugins/Runtime/Steam/SteamAudio/SteamAudio.uplugin" 394
"../../../Engine/Plugins/Runtime/Steam/SteamController/SteamController.uplugin" 395
"../../../Engine/Plugins/Runtime/Steam/SteamShared/SteamShared.uplugin" 396
"../../../Engine/Plugins/Runtime/Steam/SteamSockets/SteamSockets.uplugin" 397
"../../../Engine/Plugins/Runtime/Steam/SteamVR/SteamVR.uplugin" 398
"../../../Engine/Plugins/Runtime/Windows/WinDualShock/WinDualShock.uplugin" 399
"../../../Engine/Plugins/Runtime/XR/XRVisualization/XRVisualization.uplugin" 400
"../../../Engine/Plugins/VirtualProduction/DMX/DMXDisplayCluster/DMXDisplayCluster.uplugin" 401
"../../../Engine/Plugins/VirtualProduction/DMX/DMXEngine/DMXEngine.uplugin" 402
"../../../Engine/Plugins/VirtualProduction/DMX/DMXFixtures/DMXFixtures.uplugin" 403
"../../../Engine/Plugins/VirtualProduction/DMX/DMXPixelMapping/DMXPixelMapping.uplugin" 404
"../../../Engine/Plugins/VirtualProduction/DMX/DMXProtocol/DMXProtocol.uplugin" 405
"../../../Engine/Plugins/Developer/Concert/ConcertSync/ConcertSyncClient/ConcertSyncClient.uplugin" 406
"../../../Engine/Plugins/Developer/Concert/ConcertSync/ConcertSyncCore/ConcertSyncCore.uplugin" 407
"../../../Engine/Plugins/Developer/Concert/ConcertSync/ConcertSyncServer/ConcertSyncServer.uplugin" 408
"../../../Engine/Plugins/Developer/Concert/ConcertSync/ConcertSyncTest/ConcertSyncTest.uplugin" 409
"../../../Engine/Plugins/Runtime/AR/AppleAR/AppleARKit/AppleARKit.uplugin" 410
"../../../Engine/Plugins/Runtime/AR/AppleAR/AppleARKitFaceSupport/AppleARKitFaceSupport.uplugin" 411
"../../../Engine/Plugins/Runtime/AR/Google/GoogleARCore/GoogleARCore.uplugin" 412
"../../../Engine/Plugins/Runtime/AR/Microsoft/HoloLensAR/HoloLensAR.uplugin" 413
"../../../Engine/Plugins/Runtime/AR/Google/GoogleARCoreServices/GoogleARCoreServices.uplugin" 414
"E:/Documents/SIKAT OJT/Game Project/Backup/ProjectLumina/Plugins/PaperFlipbookWidget/PaperFlipbookWidget.uplugin" 415
"../../../Engine/Content/Internationalization/icudt64l/cnvalias.icu" 416
"../../../Engine/Content/Internationalization/icudt64l/res_index.res" 417
"../../../Engine/Content/Internationalization/icudt64l/plurals.res" 418
"../../../Engine/Content/Internationalization/icudt64l/lang/en.res" 419
"../../../Engine/Content/Internationalization/icudt64l/lang/pool.res" 420
"../../../Engine/Content/Internationalization/icudt64l/lang/root.res" 421
"../../../Engine/Content/Internationalization/icudt64l/region/en.res" 422
"../../../Engine/Content/Internationalization/icudt64l/region/pool.res" 423
"../../../Engine/Content/Internationalization/icudt64l/region/root.res" 424
"../../../Engine/Content/Internationalization/icudt64l/windowsZones.res" 425
"../../../Engine/Content/Internationalization/icudt64l/zoneinfo64.res" 426
"../../../Engine/Content/Internationalization/icudt64l/keyTypeData.res" 427
"../../../Engine/Content/Internationalization/icudt64l/timezoneTypes.res" 428
"../../../Engine/Content/Internationalization/icudt64l/likelySubtags.res" 429
"../../../Engine/Content/Internationalization/icudt64l/en_US.res" 430
"../../../Engine/Content/Internationalization/icudt64l/pool.res" 431
"../../../Engine/Content/Internationalization/icudt64l/en.res" 432
"../../../Engine/Content/Internationalization/icudt64l/root.res" 433
"../../../Engine/Content/Internationalization/icudt64l/supplementalData.res" 434
"C:/Users/minukey/AppData/Local/UnrealEngine/4.27/Saved/Config/Windows/Manifest.ini" 435
"../../../Engine/Config/Windows/BaseWindowsEngine.ini" 436
"../../../Engine/Config/Windows/WindowsEngine.ini" 437
"E:/Documents/SIKAT OJT/Game Project/Backup/ProjectLumina/Saved/Config/Windows/Engine.ini" 438
"../../../Engine/Config/BaseGame.ini" 439
"E:/Documents/SIKAT OJT/Game Project/Backup/ProjectLumina/Config/DefaultGame.ini" 440
"../../../Engine/Config/Windows/WindowsGame.ini" 441
"E:/Documents/SIKAT OJT/Game Project/Backup/ProjectLumina/Saved/Config/Windows/Game.ini" 442
"../../../Engine/Config/BaseInput.ini" 443
"E:/Documents/SIKAT OJT/Game Project/Backup/ProjectLumina/Config/DefaultInput.ini" 444
"E:/Documents/SIKAT OJT/Game Project/Backup/ProjectLumina/Saved/Config/Windows/Input.ini" 445
"../../../Engine/Config/BaseEditor.ini" 446
"E:/Documents/SIKAT OJT/Game Project/Backup/ProjectLumina/Config/DefaultEditor.ini" 447
"E:/Documents/SIKAT OJT/Game Project/Backup/ProjectLumina/Saved/Config/Windows/Editor.ini" 448
"../../../Engine/Config/BaseEditorPerProjectUserSettings.ini" 449
"E:/Documents/SIKAT OJT/Game Project/Backup/ProjectLumina/Saved/Config/Windows/EditorPerProjectUserSettings.ini" 450
"../../../Engine/Config/BaseEditorSettings.ini" 451
"C:/Users/minukey/AppData/Local/UnrealEngine/4.27/Saved/Config/Windows/EditorSettings.ini" 452
"../../../Engine/Config/BaseEditorKeyBindings.ini" 453
"C:/Users/minukey/AppData/Local/UnrealEngine/4.27/Saved/Config/Windows/EditorKeyBindings.ini" 454
"C:/Users/minukey/AppData/Local/UnrealEngine/4.27/Saved/Config/Windows/EditorLayout.ini" 455
"../../../Engine/Config/BaseCompat.ini" 456
"E:/Documents/SIKAT OJT/Game Project/Backup/ProjectLumina/Saved/Config/Windows/Compat.ini" 457
"../../../Engine/Config/BaseLightmass.ini" 458
"E:/Documents/SIKAT OJT/Game Project/Backup/ProjectLumina/Saved/Config/Windows/Lightmass.ini" 459
"../../../Engine/Config/BaseScalability.ini" 460
"E:/Documents/SIKAT OJT/Game Project/Backup/ProjectLumina/Saved/Config/Windows/Scalability.ini" 461
"../../../Engine/Config/BaseHardware.ini" 462
"E:/Documents/SIKAT OJT/Game Project/Backup/ProjectLumina/Saved/Config/Windows/Hardware.ini" 463
"../../../Engine/Config/BaseRuntimeOptions.ini" 464
"E:/Documents/SIKAT OJT/Game Project/Backup/ProjectLumina/Saved/Config/Windows/RuntimeOptions.ini" 465
"../../../Engine/Config/BaseInstallBundle.ini" 466
"../../../Engine/Config/BaseDeviceProfiles.ini" 467
"E:/Documents/SIKAT OJT/Game Project/Backup/ProjectLumina/Saved/Config/Windows/DeviceProfiles.ini" 468
"../../../Engine/Config/BaseGameUserSettings.ini" 469
"E:/Documents/SIKAT OJT/Game Project/Backup/ProjectLumina/Saved/Config/Windows/GameUserSettings.ini" 470
"E:/Documents/SIKAT OJT/Game Project/Backup/ProjectLumina/Binaries/Win64/ProjectLumina-Win64-Shipping.target" 471
"E:/Documents/SIKAT OJT/Game Project/Backup/ProjectLumina/Binaries/Win64/ProjectLuminaEditor.target" 472
"../../../Engine/Plugins/Animation/LiveLink/Config/BaseLiveLink.ini" 473
"E:/Documents/SIKAT OJT/Game Project/Backup/ProjectLumina/Saved/Config/Windows/LiveLink.ini" 474
"../../../Engine/Plugins/2D/Paper2D/Config/BasePaper2D.ini" 475
"E:/Documents/SIKAT OJT/Game Project/Backup/ProjectLumina/Saved/Config/Windows/Paper2D.ini" 476
"../../../Engine/Plugins/Enterprise/VariantManagerContent/Config/BaseVariantManagerContent.ini" 477
"E:/Documents/SIKAT OJT/Game Project/Backup/ProjectLumina/Saved/Config/Windows/VariantManagerContent.ini" 478
"../../../Engine/Plugins/FX/Niagara/Config/BaseNiagara.ini" 479
"E:/Documents/SIKAT OJT/Game Project/Backup/ProjectLumina/Saved/Config/Windows/Niagara.ini" 480
"../../../Engine/Plugins/Experimental/MotoSynth/Config/BaseMotoSynth.ini" 481
"E:/Documents/SIKAT OJT/Game Project/Backup/ProjectLumina/Saved/Config/Windows/MotoSynth.ini" 482
"../../../Engine/Plugins/Lumin/MagicLeap/Config/BaseMagicLeap.ini" 483
"E:/Documents/SIKAT OJT/Game Project/Backup/ProjectLumina/Saved/Config/Windows/MagicLeap.ini" 484
"../../../Engine/Plugins/Lumin/MagicLeapLightEstimation/Config/BaseMagicLeapLightEstimation.ini" 485
"E:/Documents/SIKAT OJT/Game Project/Backup/ProjectLumina/Saved/Config/Windows/MagicLeapLightEstimation.ini" 486
"../../../Engine/Plugins/Runtime/PhysXVehicles/Config/BasePhysXVehicles.ini" 487
"E:/Documents/SIKAT OJT/Game Project/Backup/ProjectLumina/Saved/Config/Windows/PhysXVehicles.ini" 488
"../../../Engine/Plugins/Runtime/PostSplashScreen/Config/BasePostSplashScreen.ini" 489
"E:/Documents/SIKAT OJT/Game Project/Backup/ProjectLumina/Saved/Config/Windows/PostSplashScreen.ini" 490
"../../../Engine/Plugins/Runtime/Synthesis/Config/BaseSynthesis.ini" 491
"E:/Documents/SIKAT OJT/Game Project/Backup/ProjectLumina/Saved/Config/Windows/Synthesis.ini" 492
"../../../Engine/Plugins/2D/Paper2D/Binaries/Win64/UE4Editor.modules" 493
"../../../Engine/Plugins/MeshPainting/Binaries/Win64/UE4Editor.modules" 494
"../../../Engine/Plugins/Experimental/GeometryProcessing/Binaries/Win64/UE4Editor.modules" 495
"../../../Engine/Plugins/XGEController/Binaries/Win64/UE4Editor.modules" 496
"../../../Engine/Plugins/AI/AISupport/Binaries/Win64/UE4Editor.modules" 497
"../../../Engine/Plugins/Blendables/LightPropagationVolume/Binaries/Win64/UE4Editor.modules" 498
"../../../Engine/Plugins/AI/EnvironmentQueryEditor/Binaries/Win64/UE4Editor.modules" 499
"../../../Engine/Plugins/Cameras/CameraShakePreviewer/Binaries/Win64/UE4Editor.modules" 500
"../../../Engine/Plugins/Cameras/GameplayCameras/Binaries/Win64/UE4Editor.modules" 501
"../../../Engine/Plugins/MovieScene/TemplateSequence/Binaries/Win64/UE4Editor.modules" 502
"../../../Engine/Plugins/MovieScene/LevelSequenceEditor/Binaries/Win64/UE4Editor.modules" 503
"../../../Engine/Plugins/Compression/OodleData/Binaries/Win64/UE4Editor.modules" 504
"../../../Engine/Plugins/Compression/OodleNetwork/Binaries/Win64/UE4Editor.modules" 505
"../../../Engine/Plugins/Editor/AssetManagerEditor/Binaries/Win64/UE4Editor.modules" 506
"../../../Engine/Plugins/Developer/AnimationSharing/Binaries/Win64/UE4Editor.modules" 507
"../../../Engine/Plugins/Runtime/SignificanceManager/Binaries/Win64/UE4Editor.modules" 508
"../../../Engine/Plugins/Editor/CryptoKeys/Binaries/Win64/UE4Editor.modules" 509
"../../../Engine/Plugins/Developer/CLionSourceCodeAccess/Binaries/Win64/UE4Editor.modules" 510
"../../../Engine/Plugins/Editor/CurveEditorTools/Binaries/Win64/UE4Editor.modules" 511
"../../../Engine/Plugins/Editor/DataValidation/Binaries/Win64/UE4Editor.modules" 512
"../../../Engine/Plugins/Developer/GitSourceControl/Binaries/Win64/UE4Editor.modules" 513
"../../../Engine/Plugins/Editor/GameplayTagsEditor/Binaries/Win64/UE4Editor.modules" 514
"../../../Engine/Plugins/Editor/FacialAnimation/Binaries/Win64/UE4Editor.modules" 515
"../../../Engine/Plugins/Editor/GeometryMode/Binaries/Win64/UE4Editor.modules" 516
"../../../Engine/Plugins/Developer/PerforceSourceControl/Binaries/Win64/UE4Editor.modules" 517
"../../../Engine/Plugins/Developer/PixWinPlugin/Binaries/Win64/UE4Editor.modules" 518
"../../../Engine/Plugins/Editor/MaterialAnalyzer/Binaries/Win64/UE4Editor.modules" 519
"../../../Engine/Plugins/Developer/PlasticSourceControl/Binaries/Win64/UE4Editor.modules" 520
"../../../Engine/Plugins/Developer/PluginUtils/Binaries/Win64/UE4Editor.modules" 521
"../../../Engine/Plugins/Developer/PropertyAccessNode/Binaries/Win64/UE4Editor.modules" 522
"../../../Engine/Plugins/Runtime/PropertyAccess/Binaries/Win64/UE4Editor.modules" 523
"../../../Engine/Plugins/Editor/MobileLauncherProfileWizard/Binaries/Win64/UE4Editor.modules" 524
"../../../Engine/Plugins/Developer/RiderSourceCodeAccess/Binaries/Win64/UE4Editor.modules" 525
"../../../Engine/Plugins/Editor/PluginBrowser/Binaries/Win64/UE4Editor.modules" 526
"../../../Engine/Plugins/Developer/SubversionSourceControl/Binaries/Win64/UE4Editor.modules" 527
"../../../Engine/Plugins/Developer/TextureFormatOodle/Binaries/Win64/UE4Editor.modules" 528
"../../../Engine/Plugins/Editor/SpeedTreeImporter/Binaries/Win64/UE4Editor.modules" 529
"../../../Engine/Plugins/Developer/UObjectPlugin/Binaries/Win64/UE4Editor.modules" 530
"../../../Engine/Plugins/Developer/VisualStudioCodeSourceCodeAccess/Binaries/Win64/UE4Editor.modules" 531
"../../../Engine/Plugins/Developer/VisualStudioSourceCodeAccess/Binaries/Win64/UE4Editor.modules" 532
"../../../Engine/Plugins/Enterprise/DatasmithContent/Binaries/Win64/UE4Editor.modules" 533
"../../../Engine/Plugins/Enterprise/VariantManagerContent/Binaries/Win64/UE4Editor.modules" 534
"../../../Engine/Plugins/Experimental/AlembicImporter/Binaries/Win64/UE4Editor.modules" 535
"../../../Engine/Plugins/Experimental/GeometryCache/Binaries/Win64/UE4Editor.modules" 536
"../../../Engine/Plugins/Experimental/AutomationUtils/Binaries/Win64/UE4Editor.modules" 537
"../../../Engine/Plugins/Tests/ScreenshotTools/Binaries/Win64/UE4Editor.modules" 538
"../../../Engine/Plugins/Experimental/BackChannel/Binaries/Win64/UE4Editor.modules" 539
"../../../Engine/Plugins/Experimental/ChaosCloth/Binaries/Win64/UE4Editor.modules" 540
"../../../Engine/Plugins/Experimental/ChaosClothEditor/Binaries/Win64/UE4Editor.modules" 541
"../../../Engine/Plugins/Experimental/ChaosEditor/Binaries/Win64/UE4Editor.modules" 542
"../../../Engine/Plugins/Experimental/PlanarCutPlugin/Binaries/Win64/UE4Editor.modules" 543
"../../../Engine/Plugins/Runtime/EditableMesh/Binaries/Win64/UE4Editor.modules" 544
"../../../Engine/Plugins/Experimental/GeometryCollectionPlugin/Binaries/Win64/UE4Editor.modules" 545
"../../../Engine/Plugins/Runtime/ProceduralMeshComponent/Binaries/Win64/UE4Editor.modules" 546
"../../../Engine/Plugins/Experimental/ChaosSolverPlugin/Binaries/Win64/UE4Editor.modules" 547
"../../../Engine/Plugins/Experimental/ChaosNiagara/Binaries/Win64/UE4Editor.modules" 548
"../../../Engine/Plugins/FX/Niagara/Binaries/Win64/UE4Editor.modules" 549
"../../../Engine/Plugins/Experimental/PythonScriptPlugin/Binaries/Win64/UE4Editor.modules" 550
"../../../Engine/Plugins/Editor/ContentBrowser/ContentBrowserFileDataSource/Binaries/Win64/UE4Editor.modules" 551
"../../../Engine/Plugins/Experimental/CharacterAI/Binaries/Win64/UE4Editor.modules" 552
"../../../Engine/Plugins/Experimental/MotoSynth/Binaries/Win64/UE4Editor.modules" 553
"../../../Engine/Plugins/Experimental/OpenImageDenoise/Binaries/Win64/UE4Editor.modules" 554
"../../../Engine/Plugins/Lumin/MLSDK/Binaries/Win64/UE4Editor.modules" 555
"../../../Engine/Plugins/Lumin/MagicLeap/Binaries/Win64/UE4Editor.modules" 556
"../../../Engine/Plugins/Lumin/MagicLeapPassableWorld/Binaries/Win64/UE4Editor.modules" 557
"../../../Engine/Plugins/Lumin/MagicLeapLightEstimation/Binaries/Win64/UE4Editor.modules" 558
"../../../Engine/Plugins/Experimental/PlatformCrypto/Binaries/Win64/UE4Editor.modules" 559
"../../../Engine/Plugins/Experimental/ProxyLODPlugin/Binaries/Win64/UE4Editor.modules" 560
"../../../Engine/Plugins/Lumin/MagicLeapMedia/Binaries/Win64/UE4Editor.modules" 561
"../../../Engine/Plugins/Experimental/SkeletalReduction/Binaries/Win64/UE4Editor.modules" 562
"../../../Engine/Plugins/Media/AndroidMedia/Binaries/Win64/UE4Editor.modules" 563
"../../../Engine/Plugins/Media/AvfMedia/Binaries/Win64/UE4Editor.modules" 564
"../../../Engine/Plugins/Media/ImgMedia/Binaries/Win64/UE4Editor.modules" 565
"../../../Engine/Plugins/Media/MediaCompositing/Binaries/Win64/UE4Editor.modules" 566
"../../../Engine/Plugins/Media/MediaPlayerEditor/Binaries/Win64/UE4Editor.modules" 567
"../../../Engine/Plugins/Media/WmfMedia/Binaries/Win64/UE4Editor.modules" 568
"../../../Engine/Plugins/Messaging/TcpMessaging/Binaries/Win64/UE4Editor.modules" 569
"../../../Engine/Plugins/Messaging/UdpMessaging/Binaries/Win64/UE4Editor.modules" 570
"../../../Engine/Plugins/MovieScene/ActorSequence/Binaries/Win64/UE4Editor.modules" 571
"../../../Engine/Plugins/MovieScene/MatineeToLevelSequence/Binaries/Win64/UE4Editor.modules" 572
"../../../Engine/Plugins/Online/OnlineSubsystem/Binaries/Win64/UE4Editor.modules" 573
"../../../Engine/Plugins/Online/OnlineSubsystemNull/Binaries/Win64/UE4Editor.modules" 574
"../../../Engine/Plugins/Online/OnlineSubsystemUtils/Binaries/Win64/UE4Editor.modules" 575
"../../../Engine/Plugins/Portal/LauncherChunkInstaller/Binaries/Win64/UE4Editor.modules" 576
"../../../Engine/Plugins/Runtime/ActorLayerUtilities/Binaries/Win64/UE4Editor.modules" 577
"../../../Engine/Plugins/Runtime/AndroidDeviceProfileSelector/Binaries/Win64/UE4Editor.modules" 578
"../../../Engine/Plugins/Runtime/AndroidPermission/Binaries/Win64/UE4Editor.modules" 579
"../../../Engine/Plugins/Runtime/AppleImageUtils/Binaries/Win64/UE4Editor.modules" 580
"../../../Engine/Plugins/Runtime/ArchVisCharacter/Binaries/Win64/UE4Editor.modules" 581
"../../../Engine/Plugins/Runtime/AssetTags/Binaries/Win64/UE4Editor.modules" 582
"../../../Engine/Plugins/Runtime/AudioCapture/Binaries/Win64/UE4Editor.modules" 583
"../../../Engine/Plugins/Runtime/CableComponent/Binaries/Win64/UE4Editor.modules" 584
"../../../Engine/Plugins/Runtime/ChunkDownloader/Binaries/Win64/UE4Editor.modules" 585
"../../../Engine/Plugins/Runtime/CustomMeshComponent/Binaries/Win64/UE4Editor.modules" 586
"../../../Engine/Plugins/Runtime/ExampleDeviceProfileSelector/Binaries/Win64/UE4Editor.modules" 587
"../../../Engine/Plugins/Runtime/GooglePAD/Binaries/Win64/UE4Editor.modules" 588
"../../../Engine/Plugins/Runtime/LocationServicesBPLibrary/Binaries/Win64/UE4Editor.modules" 589
"../../../Engine/Plugins/Runtime/MobilePatchingUtils/Binaries/Win64/UE4Editor.modules" 590
"../../../Engine/Plugins/Runtime/OpenXR/Binaries/Win64/UE4Editor.modules" 591
"../../../Engine/Plugins/Runtime/OpenXREyeTracker/Binaries/Win64/UE4Editor.modules" 592
"../../../Engine/Plugins/Runtime/OpenXRHandTracking/Binaries/Win64/UE4Editor.modules" 593
"../../../Engine/Plugins/Animation/LiveLink/Binaries/Win64/UE4Editor.modules" 594
"../../../Engine/Plugins/VirtualProduction/Takes/Binaries/Win64/UE4Editor.modules" 595
"../../../Engine/Plugins/Runtime/PhysXVehicles/Binaries/Win64/UE4Editor.modules" 596
"../../../Engine/Plugins/Runtime/RuntimePhysXCooking/Binaries/Win64/UE4Editor.modules" 597
"../../../Engine/Plugins/Runtime/SoundFields/Binaries/Win64/UE4Editor.modules" 598
"../../../Engine/Plugins/Runtime/Synthesis/Binaries/Win64/UE4Editor.modules" 599
"../../../Engine/Plugins/Runtime/AudioSynesthesia/Binaries/Win64/UE4Editor.modules" 600
"../../../Engine/Plugins/Runtime/WebMMoviePlayer/Binaries/Win64/UE4Editor.modules" 601
"../../../Engine/Plugins/Media/WebMMedia/Binaries/Win64/UE4Editor.modules" 602
"../../../Engine/Plugins/Runtime/WindowsMoviePlayer/Binaries/Win64/UE4Editor.modules" 603
"../../../Engine/Plugins/Editor/ContentBrowser/ContentBrowserAssetDataSource/Binaries/Win64/UE4Editor.modules" 604
"../../../Engine/Plugins/Editor/ContentBrowser/ContentBrowserClassDataSource/Binaries/Win64/UE4Editor.modules" 605
"E:/Documents/SIKAT OJT/Game Project/Backup/ProjectLumina/Plugins/PaperFlipbookWidget/Binaries/Win64/UE4Editor.modules" 606
"../../../Engine/Content/Certificates/ThirdParty/cacert.pem" 607
"../../../Engine/Config/ConsoleVariables.ini" 608
"../../../Engine/Binaries/Win64/Android/UE4Editor.modules" 609
"../../../Engine/Binaries/Win64/IOS/UE4Editor.modules" 610
"../../../Engine/Binaries/Win64/Linux/UE4Editor.modules" 611
"../../../Engine/Binaries/Win64/Lumin/UE4Editor.modules" 612
"../../../Engine/Config/Android/BaseAndroidEngine.ini" 613
"../../../Engine/Config/Android/AndroidEngine.ini" 614
"../../../Engine/Config/Unix/UnixEngine.ini" 615
"../../../Engine/Config/Linux/LinuxEngine.ini" 616
"../../../Engine/Config/LinuxAArch64/LinuxAArch64Engine.ini" 617
"../../../Engine/Config/Lumin/LuminEngine.ini" 618
"../../../Engine/Config/Mac/BaseMacEngine.ini" 619
"../../../Engine/Config/Mac/MacEngine.ini" 620
"../../../Engine/Content/Localization/Editor/en/Editor.locres" 621
"../../../Engine/Content/Localization/EditorTutorials/en/EditorTutorials.locres" 622
"../../../Engine/Content/Localization/Keywords/en/Keywords.locres" 623
"../../../Engine/Content/Localization/Category/en/Category.locres" 624
"../../../Engine/Content/Localization/ToolTips/en/ToolTips.locres" 625
"../../../Engine/Content/Localization/PropertyNames/en/PropertyNames.locres" 626
"../../../Engine/Content/Localization/Engine/en/Engine.locres" 627
"../../../Engine/Plugins/Online/OnlineSubsystem/Content/Localization/OnlineSubsystem/en/OnlineSubsystem.locres" 628
"../../../Engine/Plugins/Online/OnlineSubsystemUtils/Content/Localization/OnlineSubsystemUtils/en/OnlineSubsystemUtils.locres" 629
"../../../Engine/Plugins/Online/Android/OnlineSubsystemGooglePlay/Content/Localization/OnlineSubsystemGooglePlay/en/OnlineSubsystemGooglePlay.locres" 630
"../../../Engine/Plugins/Online/IOS/OnlineSubsystemIOS/Content/Localization/OnlineSubsystemIOS/en/OnlineSubsystemIOS.locres" 631
"../../../Engine/Content/Internationalization/icudt64l/numberingSystems.res" 632
"../../../Engine/Content/Internationalization/icudt64l/curr/supplementalData.res" 633
"../../../Engine/Content/Internationalization/icudt64l/curr/en.res" 634
"../../../Engine/Content/Internationalization/icudt64l/curr/pool.res" 635
"../../../Engine/Content/Internationalization/icudt64l/curr/root.res" 636
"../../../Engine/Content/Internationalization/icudt64l/lang/af.res" 637
"../../../Engine/Content/Internationalization/icudt64l/region/af.res" 638
"../../../Engine/Content/Internationalization/icudt64l/lang/agq.res" 639
"../../../Engine/Content/Internationalization/icudt64l/region/agq.res" 640
"../../../Engine/Content/Internationalization/icudt64l/lang/ak.res" 641
"../../../Engine/Content/Internationalization/icudt64l/region/ak.res" 642
"../../../Engine/Content/Internationalization/icudt64l/lang/am.res" 643
"../../../Engine/Content/Internationalization/icudt64l/region/am.res" 644
"../../../Engine/Content/Internationalization/icudt64l/lang/ar.res" 645
"../../../Engine/Content/Internationalization/icudt64l/region/ar.res" 646
"../../../Engine/Content/Internationalization/icudt64l/region/ar_AE.res" 647
"../../../Engine/Content/Internationalization/icudt64l/lang/ar_EG.res" 648
"../../../Engine/Content/Internationalization/icudt64l/lang/ar_LY.res" 649
"../../../Engine/Content/Internationalization/icudt64l/region/ar_LY.res" 650
"../../../Engine/Content/Internationalization/icudt64l/lang/ar_SA.res" 651
"../../../Engine/Content/Internationalization/icudt64l/region/ar_SA.res" 652
"../../../Engine/Content/Internationalization/icudt64l/lang/as.res" 653
"../../../Engine/Content/Internationalization/icudt64l/region/as.res" 654
"../../../Engine/Content/Internationalization/icudt64l/lang/asa.res" 655
"../../../Engine/Content/Internationalization/icudt64l/region/asa.res" 656
"../../../Engine/Content/Internationalization/icudt64l/lang/ast.res" 657
"../../../Engine/Content/Internationalization/icudt64l/region/ast.res" 658
"../../../Engine/Content/Internationalization/icudt64l/lang/az.res" 659
"../../../Engine/Content/Internationalization/icudt64l/lang/az_Cyrl.res" 660
"../../../Engine/Content/Internationalization/icudt64l/lang/az_AZ.res" 661
"../../../Engine/Content/Internationalization/icudt64l/lang/az_Latn_AZ.res" 662
"../../../Engine/Content/Internationalization/icudt64l/lang/az_Latn.res" 663
"../../../Engine/Content/Internationalization/icudt64l/region/az_AZ.res" 664
"../../../Engine/Content/Internationalization/icudt64l/region/az_Latn_AZ.res" 665
"../../../Engine/Content/Internationalization/icudt64l/region/az_Latn.res" 666
"../../../Engine/Content/Internationalization/icudt64l/region/az.res" 667
"../../../Engine/Content/Internationalization/icudt64l/region/az_Cyrl.res" 668
"../../../Engine/Content/Internationalization/icudt64l/lang/bas.res" 669
"../../../Engine/Content/Internationalization/icudt64l/region/bas.res" 670
"../../../Engine/Content/Internationalization/icudt64l/lang/be.res" 671
"../../../Engine/Content/Internationalization/icudt64l/region/be.res" 672
"../../../Engine/Content/Internationalization/icudt64l/lang/bem.res" 673
"../../../Engine/Content/Internationalization/icudt64l/region/bem.res" 674
"../../../Engine/Content/Internationalization/icudt64l/lang/bez.res" 675
"../../../Engine/Content/Internationalization/icudt64l/region/bez.res" 676
"../../../Engine/Content/Internationalization/icudt64l/lang/bg.res" 677
"../../../Engine/Content/Internationalization/icudt64l/region/bg.res" 678
"../../../Engine/Content/Internationalization/icudt64l/lang/bm.res" 679
"../../../Engine/Content/Internationalization/icudt64l/region/bm.res" 680
"../../../Engine/Content/Internationalization/icudt64l/lang/bn.res" 681
"../../../Engine/Content/Internationalization/icudt64l/region/bn.res" 682
"../../../Engine/Content/Internationalization/icudt64l/lang/bn_IN.res" 683
"../../../Engine/Content/Internationalization/icudt64l/region/bn_IN.res" 684
"../../../Engine/Content/Internationalization/icudt64l/lang/bo.res" 685
"../../../Engine/Content/Internationalization/icudt64l/region/bo.res" 686
"../../../Engine/Content/Internationalization/icudt64l/region/bo_IN.res" 687
"../../../Engine/Content/Internationalization/icudt64l/lang/br.res" 688
"../../../Engine/Content/Internationalization/icudt64l/region/br.res" 689
"../../../Engine/Content/Internationalization/icudt64l/lang/brx.res" 690
"../../../Engine/Content/Internationalization/icudt64l/region/brx.res" 691
"../../../Engine/Content/Internationalization/icudt64l/lang/bs.res" 692
"../../../Engine/Content/Internationalization/icudt64l/lang/bs_Cyrl.res" 693
"../../../Engine/Content/Internationalization/icudt64l/lang/bs_BA.res" 694
"../../../Engine/Content/Internationalization/icudt64l/lang/bs_Latn_BA.res" 695
"../../../Engine/Content/Internationalization/icudt64l/lang/bs_Latn.res" 696
"../../../Engine/Content/Internationalization/icudt64l/region/bs_BA.res" 697
"../../../Engine/Content/Internationalization/icudt64l/region/bs_Latn_BA.res" 698
"../../../Engine/Content/Internationalization/icudt64l/region/bs_Latn.res" 699
"../../../Engine/Content/Internationalization/icudt64l/region/bs.res" 700
"../../../Engine/Content/Internationalization/icudt64l/region/bs_Cyrl.res" 701
"../../../Engine/Content/Internationalization/icudt64l/lang/ca.res" 702
"../../../Engine/Content/Internationalization/icudt64l/region/ca.res" 703
"../../../Engine/Content/Internationalization/icudt64l/lang/ccp.res" 704
"../../../Engine/Content/Internationalization/icudt64l/region/ccp.res" 705
"../../../Engine/Content/Internationalization/icudt64l/lang/ce.res" 706
"../../../Engine/Content/Internationalization/icudt64l/region/ce.res" 707
"../../../Engine/Content/Internationalization/icudt64l/lang/ceb.res" 708
"../../../Engine/Content/Internationalization/icudt64l/region/ceb.res" 709
"../../../Engine/Content/Internationalization/icudt64l/lang/cgg.res" 710
"../../../Engine/Content/Internationalization/icudt64l/region/cgg.res" 711
"../../../Engine/Content/Internationalization/icudt64l/lang/chr.res" 712
"../../../Engine/Content/Internationalization/icudt64l/region/chr.res" 713
"../../../Engine/Content/Internationalization/icudt64l/lang/ckb.res" 714
"../../../Engine/Content/Internationalization/icudt64l/region/ckb.res" 715
"../../../Engine/Content/Internationalization/icudt64l/lang/cs.res" 716
"../../../Engine/Content/Internationalization/icudt64l/region/cs.res" 717
"../../../Engine/Content/Internationalization/icudt64l/lang/cy.res" 718
"../../../Engine/Content/Internationalization/icudt64l/region/cy.res" 719
"../../../Engine/Content/Internationalization/icudt64l/lang/da.res" 720
"../../../Engine/Content/Internationalization/icudt64l/region/da.res" 721
"../../../Engine/Content/Internationalization/icudt64l/lang/dav.res" 722
"../../../Engine/Content/Internationalization/icudt64l/region/dav.res" 723
"../../../Engine/Content/Internationalization/icudt64l/lang/de.res" 724
"../../../Engine/Content/Internationalization/icudt64l/lang/de_AT.res" 725
"../../../Engine/Content/Internationalization/icudt64l/region/de_AT.res" 726
"../../../Engine/Content/Internationalization/icudt64l/region/de.res" 727
"../../../Engine/Content/Internationalization/icudt64l/lang/de_CH.res" 728
"../../../Engine/Content/Internationalization/icudt64l/region/de_CH.res" 729
"../../../Engine/Content/Internationalization/icudt64l/lang/de_LU.res" 730
"../../../Engine/Content/Internationalization/icudt64l/lang/dje.res" 731
"../../../Engine/Content/Internationalization/icudt64l/region/dje.res" 732
"../../../Engine/Content/Internationalization/icudt64l/lang/dsb.res" 733
"../../../Engine/Content/Internationalization/icudt64l/region/dsb.res" 734
"../../../Engine/Content/Internationalization/icudt64l/lang/dua.res" 735
"../../../Engine/Content/Internationalization/icudt64l/region/dua.res" 736
"../../../Engine/Content/Internationalization/icudt64l/lang/dyo.res" 737
"../../../Engine/Content/Internationalization/icudt64l/region/dyo.res" 738
"../../../Engine/Content/Internationalization/icudt64l/lang/dz.res" 739
"../../../Engine/Content/Internationalization/icudt64l/region/dz.res" 740
"../../../Engine/Content/Internationalization/icudt64l/lang/ebu.res" 741
"../../../Engine/Content/Internationalization/icudt64l/region/ebu.res" 742
"../../../Engine/Content/Internationalization/icudt64l/lang/ee.res" 743
"../../../Engine/Content/Internationalization/icudt64l/region/ee.res" 744
"../../../Engine/Content/Internationalization/icudt64l/lang/el.res" 745
"../../../Engine/Content/Internationalization/icudt64l/region/el.res" 746
"../../../Engine/Content/Internationalization/icudt64l/lang/en_001.res" 747
"../../../Engine/Content/Internationalization/icudt64l/lang/en_150.res" 748
"../../../Engine/Content/Internationalization/icudt64l/region/en_150.res" 749
"../../../Engine/Content/Internationalization/icudt64l/lang/en_AG.res" 750
"../../../Engine/Content/Internationalization/icudt64l/region/en_AG.res" 751
"../../../Engine/Content/Internationalization/icudt64l/lang/en_AI.res" 752
"../../../Engine/Content/Internationalization/icudt64l/region/en_AI.res" 753
"../../../Engine/Content/Internationalization/icudt64l/lang/en_AT.res" 754
"../../../Engine/Content/Internationalization/icudt64l/region/en_AT.res" 755
"../../../Engine/Content/Internationalization/icudt64l/lang/en_AU.res" 756
"../../../Engine/Content/Internationalization/icudt64l/region/en_AU.res" 757
"../../../Engine/Content/Internationalization/icudt64l/lang/en_BB.res" 758
"../../../Engine/Content/Internationalization/icudt64l/region/en_BB.res" 759
"../../../Engine/Content/Internationalization/icudt64l/lang/en_BE.res" 760
"../../../Engine/Content/Internationalization/icudt64l/region/en_BE.res" 761
"../../../Engine/Content/Internationalization/icudt64l/lang/en_BM.res" 762
"../../../Engine/Content/Internationalization/icudt64l/region/en_BM.res" 763
"../../../Engine/Content/Internationalization/icudt64l/lang/en_BS.res" 764
"../../../Engine/Content/Internationalization/icudt64l/region/en_BS.res" 765
"../../../Engine/Content/Internationalization/icudt64l/lang/en_BW.res" 766
"../../../Engine/Content/Internationalization/icudt64l/region/en_BW.res" 767
"../../../Engine/Content/Internationalization/icudt64l/lang/en_BZ.res" 768
"../../../Engine/Content/Internationalization/icudt64l/region/en_BZ.res" 769
"../../../Engine/Content/Internationalization/icudt64l/lang/en_CA.res" 770
"../../../Engine/Content/Internationalization/icudt64l/region/en_CA.res" 771
"../../../Engine/Content/Internationalization/icudt64l/lang/en_CC.res" 772
"../../../Engine/Content/Internationalization/icudt64l/region/en_CC.res" 773
"../../../Engine/Content/Internationalization/icudt64l/lang/en_CH.res" 774
"../../../Engine/Content/Internationalization/icudt64l/region/en_CH.res" 775
"../../../Engine/Content/Internationalization/icudt64l/lang/en_CK.res" 776
"../../../Engine/Content/Internationalization/icudt64l/region/en_CK.res" 777
"../../../Engine/Content/Internationalization/icudt64l/lang/en_CM.res" 778
"../../../Engine/Content/Internationalization/icudt64l/region/en_CM.res" 779
"../../../Engine/Content/Internationalization/icudt64l/lang/en_CX.res" 780
"../../../Engine/Content/Internationalization/icudt64l/region/en_CX.res" 781
"../../../Engine/Content/Internationalization/icudt64l/lang/en_CY.res" 782
"../../../Engine/Content/Internationalization/icudt64l/region/en_CY.res" 783
"../../../Engine/Content/Internationalization/icudt64l/lang/en_DE.res" 784
"../../../Engine/Content/Internationalization/icudt64l/region/en_DE.res" 785
"../../../Engine/Content/Internationalization/icudt64l/lang/en_DG.res" 786
"../../../Engine/Content/Internationalization/icudt64l/region/en_DG.res" 787
"../../../Engine/Content/Internationalization/icudt64l/lang/en_DK.res" 788
"../../../Engine/Content/Internationalization/icudt64l/region/en_DK.res" 789
"../../../Engine/Content/Internationalization/icudt64l/lang/en_DM.res" 790
"../../../Engine/Content/Internationalization/icudt64l/region/en_DM.res" 791
"../../../Engine/Content/Internationalization/icudt64l/lang/en_ER.res" 792
"../../../Engine/Content/Internationalization/icudt64l/region/en_ER.res" 793
"../../../Engine/Content/Internationalization/icudt64l/lang/en_FI.res" 794
"../../../Engine/Content/Internationalization/icudt64l/region/en_FI.res" 795
"../../../Engine/Content/Internationalization/icudt64l/lang/en_FJ.res" 796
"../../../Engine/Content/Internationalization/icudt64l/region/en_FJ.res" 797
"../../../Engine/Content/Internationalization/icudt64l/lang/en_FK.res" 798
"../../../Engine/Content/Internationalization/icudt64l/region/en_FK.res" 799
"../../../Engine/Content/Internationalization/icudt64l/lang/en_FM.res" 800
"../../../Engine/Content/Internationalization/icudt64l/region/en_FM.res" 801
"../../../Engine/Content/Internationalization/icudt64l/lang/en_GB.res" 802
"../../../Engine/Content/Internationalization/icudt64l/region/en_GB.res" 803
"../../../Engine/Content/Internationalization/icudt64l/lang/en_GD.res" 804
"../../../Engine/Content/Internationalization/icudt64l/region/en_GD.res" 805
"../../../Engine/Content/Internationalization/icudt64l/lang/en_GG.res" 806
"../../../Engine/Content/Internationalization/icudt64l/region/en_GG.res" 807
"../../../Engine/Content/Internationalization/icudt64l/lang/en_GH.res" 808
"../../../Engine/Content/Internationalization/icudt64l/region/en_GH.res" 809
"../../../Engine/Content/Internationalization/icudt64l/lang/en_GI.res" 810
"../../../Engine/Content/Internationalization/icudt64l/region/en_GI.res" 811
"../../../Engine/Content/Internationalization/icudt64l/lang/en_GM.res" 812
"../../../Engine/Content/Internationalization/icudt64l/region/en_GM.res" 813
"../../../Engine/Content/Internationalization/icudt64l/lang/en_GY.res" 814
"../../../Engine/Content/Internationalization/icudt64l/region/en_GY.res" 815
"../../../Engine/Content/Internationalization/icudt64l/lang/en_HK.res" 816
"../../../Engine/Content/Internationalization/icudt64l/region/en_HK.res" 817
"../../../Engine/Content/Internationalization/icudt64l/lang/en_IE.res" 818
"../../../Engine/Content/Internationalization/icudt64l/region/en_IE.res" 819
"../../../Engine/Content/Internationalization/icudt64l/lang/en_IL.res" 820
"../../../Engine/Content/Internationalization/icudt64l/region/en_IL.res" 821
"../../../Engine/Content/Internationalization/icudt64l/lang/en_IM.res" 822
"../../../Engine/Content/Internationalization/icudt64l/region/en_IM.res" 823
"../../../Engine/Content/Internationalization/icudt64l/lang/en_IN.res" 824
"../../../Engine/Content/Internationalization/icudt64l/region/en_IN.res" 825
"../../../Engine/Content/Internationalization/icudt64l/lang/en_IO.res" 826
"../../../Engine/Content/Internationalization/icudt64l/region/en_IO.res" 827
"../../../Engine/Content/Internationalization/icudt64l/lang/en_JE.res" 828
"../../../Engine/Content/Internationalization/icudt64l/region/en_JE.res" 829
"../../../Engine/Content/Internationalization/icudt64l/lang/en_JM.res" 830
"../../../Engine/Content/Internationalization/icudt64l/region/en_JM.res" 831
"../../../Engine/Content/Internationalization/icudt64l/lang/en_KE.res" 832
"../../../Engine/Content/Internationalization/icudt64l/region/en_KE.res" 833
"../../../Engine/Content/Internationalization/icudt64l/lang/en_KI.res" 834
"../../../Engine/Content/Internationalization/icudt64l/region/en_KI.res" 835
"../../../Engine/Content/Internationalization/icudt64l/lang/en_KN.res" 836
"../../../Engine/Content/Internationalization/icudt64l/region/en_KN.res" 837
"../../../Engine/Content/Internationalization/icudt64l/lang/en_KY.res" 838
"../../../Engine/Content/Internationalization/icudt64l/region/en_KY.res" 839
"../../../Engine/Content/Internationalization/icudt64l/lang/en_LC.res" 840
"../../../Engine/Content/Internationalization/icudt64l/region/en_LC.res" 841
"../../../Engine/Content/Internationalization/icudt64l/lang/en_LR.res" 842
"../../../Engine/Content/Internationalization/icudt64l/region/en_LR.res" 843
"../../../Engine/Content/Internationalization/icudt64l/lang/en_LS.res" 844
"../../../Engine/Content/Internationalization/icudt64l/region/en_LS.res" 845
"../../../Engine/Content/Internationalization/icudt64l/lang/en_MG.res" 846
"../../../Engine/Content/Internationalization/icudt64l/region/en_MG.res" 847
"../../../Engine/Content/Internationalization/icudt64l/lang/en_MO.res" 848
"../../../Engine/Content/Internationalization/icudt64l/region/en_MO.res" 849
"../../../Engine/Content/Internationalization/icudt64l/lang/en_MS.res" 850
"../../../Engine/Content/Internationalization/icudt64l/region/en_MS.res" 851
"../../../Engine/Content/Internationalization/icudt64l/lang/en_MT.res" 852
"../../../Engine/Content/Internationalization/icudt64l/region/en_MT.res" 853
"../../../Engine/Content/Internationalization/icudt64l/lang/en_MU.res" 854
"../../../Engine/Content/Internationalization/icudt64l/region/en_MU.res" 855
"../../../Engine/Content/Internationalization/icudt64l/lang/en_MW.res" 856
"../../../Engine/Content/Internationalization/icudt64l/region/en_MW.res" 857
"../../../Engine/Content/Internationalization/icudt64l/lang/en_MY.res" 858
"../../../Engine/Content/Internationalization/icudt64l/region/en_MY.res" 859
"../../../Engine/Content/Internationalization/icudt64l/lang/en_NA.res" 860
"../../../Engine/Content/Internationalization/icudt64l/region/en_NA.res" 861
"../../../Engine/Content/Internationalization/icudt64l/lang/en_NF.res" 862
"../../../Engine/Content/Internationalization/icudt64l/region/en_NF.res" 863
"../../../Engine/Content/Internationalization/icudt64l/lang/en_NG.res" 864
"../../../Engine/Content/Internationalization/icudt64l/region/en_NG.res" 865
"../../../Engine/Content/Internationalization/icudt64l/lang/en_NL.res" 866
"../../../Engine/Content/Internationalization/icudt64l/region/en_NL.res" 867
"../../../Engine/Content/Internationalization/icudt64l/lang/en_NR.res" 868
"../../../Engine/Content/Internationalization/icudt64l/region/en_NR.res" 869
"../../../Engine/Content/Internationalization/icudt64l/lang/en_NU.res" 870
"../../../Engine/Content/Internationalization/icudt64l/region/en_NU.res" 871
"../../../Engine/Content/Internationalization/icudt64l/lang/en_NZ.res" 872
"../../../Engine/Content/Internationalization/icudt64l/region/en_NZ.res" 873
"../../../Engine/Content/Internationalization/icudt64l/lang/en_PG.res" 874
"../../../Engine/Content/Internationalization/icudt64l/region/en_PG.res" 875
"../../../Engine/Content/Internationalization/icudt64l/lang/en_PH.res" 876
"../../../Engine/Content/Internationalization/icudt64l/region/en_PH.res" 877
"../../../Engine/Content/Internationalization/icudt64l/lang/en_PK.res" 878
"../../../Engine/Content/Internationalization/icudt64l/region/en_PK.res" 879
"../../../Engine/Content/Internationalization/icudt64l/lang/en_PN.res" 880
"../../../Engine/Content/Internationalization/icudt64l/region/en_PN.res" 881
"../../../Engine/Content/Internationalization/icudt64l/lang/en_PW.res" 882
"../../../Engine/Content/Internationalization/icudt64l/region/en_PW.res" 883
"../../../Engine/Content/Internationalization/icudt64l/lang/en_RW.res" 884
"../../../Engine/Content/Internationalization/icudt64l/region/en_RW.res" 885
"../../../Engine/Content/Internationalization/icudt64l/lang/en_SB.res" 886
"../../../Engine/Content/Internationalization/icudt64l/region/en_SB.res" 887
"../../../Engine/Content/Internationalization/icudt64l/lang/en_SC.res" 888
"../../../Engine/Content/Internationalization/icudt64l/region/en_SC.res" 889
"../../../Engine/Content/Internationalization/icudt64l/lang/en_SD.res" 890
"../../../Engine/Content/Internationalization/icudt64l/region/en_SD.res" 891
"../../../Engine/Content/Internationalization/icudt64l/lang/en_SE.res" 892
"../../../Engine/Content/Internationalization/icudt64l/region/en_SE.res" 893
"../../../Engine/Content/Internationalization/icudt64l/lang/en_SG.res" 894
"../../../Engine/Content/Internationalization/icudt64l/region/en_SG.res" 895
"../../../Engine/Content/Internationalization/icudt64l/lang/en_SH.res" 896
"../../../Engine/Content/Internationalization/icudt64l/region/en_SH.res" 897
"../../../Engine/Content/Internationalization/icudt64l/lang/en_SI.res" 898
"../../../Engine/Content/Internationalization/icudt64l/region/en_SI.res" 899
"../../../Engine/Content/Internationalization/icudt64l/lang/en_SL.res" 900
"../../../Engine/Content/Internationalization/icudt64l/region/en_SL.res" 901
"../../../Engine/Content/Internationalization/icudt64l/lang/en_SS.res" 902
"../../../Engine/Content/Internationalization/icudt64l/region/en_SS.res" 903
"../../../Engine/Content/Internationalization/icudt64l/lang/en_SX.res" 904
"../../../Engine/Content/Internationalization/icudt64l/region/en_SX.res" 905
"../../../Engine/Content/Internationalization/icudt64l/lang/en_SZ.res" 906
"../../../Engine/Content/Internationalization/icudt64l/region/en_SZ.res" 907
"../../../Engine/Content/Internationalization/icudt64l/lang/en_TC.res" 908
"../../../Engine/Content/Internationalization/icudt64l/region/en_TC.res" 909
"../../../Engine/Content/Internationalization/icudt64l/lang/en_TK.res" 910
"../../../Engine/Content/Internationalization/icudt64l/region/en_TK.res" 911
"../../../Engine/Content/Internationalization/icudt64l/lang/en_TO.res" 912
"../../../Engine/Content/Internationalization/icudt64l/region/en_TO.res" 913
"../../../Engine/Content/Internationalization/icudt64l/lang/en_TT.res" 914
"../../../Engine/Content/Internationalization/icudt64l/region/en_TT.res" 915
"../../../Engine/Content/Internationalization/icudt64l/lang/en_TV.res" 916
"../../../Engine/Content/Internationalization/icudt64l/region/en_TV.res" 917
"../../../Engine/Content/Internationalization/icudt64l/lang/en_TZ.res" 918
"../../../Engine/Content/Internationalization/icudt64l/region/en_TZ.res" 919
"../../../Engine/Content/Internationalization/icudt64l/lang/en_UG.res" 920
"../../../Engine/Content/Internationalization/icudt64l/region/en_UG.res" 921
"../../../Engine/Content/Internationalization/icudt64l/lang/en_VC.res" 922
"../../../Engine/Content/Internationalization/icudt64l/region/en_VC.res" 923
"../../../Engine/Content/Internationalization/icudt64l/lang/en_VG.res" 924
"../../../Engine/Content/Internationalization/icudt64l/region/en_VG.res" 925
"../../../Engine/Content/Internationalization/icudt64l/lang/en_VU.res" 926
"../../../Engine/Content/Internationalization/icudt64l/region/en_VU.res" 927
"../../../Engine/Content/Internationalization/icudt64l/lang/en_WS.res" 928
"../../../Engine/Content/Internationalization/icudt64l/region/en_WS.res" 929
"../../../Engine/Content/Internationalization/icudt64l/lang/en_ZA.res" 930
"../../../Engine/Content/Internationalization/icudt64l/region/en_ZA.res" 931
"../../../Engine/Content/Internationalization/icudt64l/lang/en_ZM.res" 932
"../../../Engine/Content/Internationalization/icudt64l/region/en_ZM.res" 933
"../../../Engine/Content/Internationalization/icudt64l/lang/en_ZW.res" 934
"../../../Engine/Content/Internationalization/icudt64l/region/en_ZW.res" 935
"../../../Engine/Content/Internationalization/icudt64l/lang/eo.res" 936
"../../../Engine/Content/Internationalization/icudt64l/region/eo.res" 937
"../../../Engine/Content/Internationalization/icudt64l/lang/es.res" 938
"../../../Engine/Content/Internationalization/icudt64l/lang/es_419.res" 939
"../../../Engine/Content/Internationalization/icudt64l/region/es_419.res" 940
"../../../Engine/Content/Internationalization/icudt64l/region/es.res" 941
"../../../Engine/Content/Internationalization/icudt64l/lang/es_AR.res" 942
"../../../Engine/Content/Internationalization/icudt64l/region/es_AR.res" 943
"../../../Engine/Content/Internationalization/icudt64l/lang/es_BO.res" 944
"../../../Engine/Content/Internationalization/icudt64l/region/es_BO.res" 945
"../../../Engine/Content/Internationalization/icudt64l/lang/es_BR.res" 946
"../../../Engine/Content/Internationalization/icudt64l/region/es_BR.res" 947
"../../../Engine/Content/Internationalization/icudt64l/lang/es_BZ.res" 948
"../../../Engine/Content/Internationalization/icudt64l/region/es_BZ.res" 949
"../../../Engine/Content/Internationalization/icudt64l/lang/es_CL.res" 950
"../../../Engine/Content/Internationalization/icudt64l/region/es_CL.res" 951
"../../../Engine/Content/Internationalization/icudt64l/lang/es_CO.res" 952
"../../../Engine/Content/Internationalization/icudt64l/region/es_CO.res" 953
"../../../Engine/Content/Internationalization/icudt64l/lang/es_CR.res" 954
"../../../Engine/Content/Internationalization/icudt64l/region/es_CR.res" 955
"../../../Engine/Content/Internationalization/icudt64l/lang/es_CU.res" 956
"../../../Engine/Content/Internationalization/icudt64l/region/es_CU.res" 957
"../../../Engine/Content/Internationalization/icudt64l/lang/es_DO.res" 958
"../../../Engine/Content/Internationalization/icudt64l/region/es_DO.res" 959
"../../../Engine/Content/Internationalization/icudt64l/lang/es_EC.res" 960
"../../../Engine/Content/Internationalization/icudt64l/region/es_EC.res" 961
"../../../Engine/Content/Internationalization/icudt64l/lang/es_GT.res" 962
"../../../Engine/Content/Internationalization/icudt64l/region/es_GT.res" 963
"../../../Engine/Content/Internationalization/icudt64l/lang/es_HN.res" 964
"../../../Engine/Content/Internationalization/icudt64l/region/es_HN.res" 965
"../../../Engine/Content/Internationalization/icudt64l/lang/es_MX.res" 966
"../../../Engine/Content/Internationalization/icudt64l/region/es_MX.res" 967
"../../../Engine/Content/Internationalization/icudt64l/lang/es_NI.res" 968
"../../../Engine/Content/Internationalization/icudt64l/region/es_NI.res" 969
"../../../Engine/Content/Internationalization/icudt64l/lang/es_PA.res" 970
"../../../Engine/Content/Internationalization/icudt64l/region/es_PA.res" 971
"../../../Engine/Content/Internationalization/icudt64l/lang/es_PE.res" 972
"../../../Engine/Content/Internationalization/icudt64l/region/es_PE.res" 973
"../../../Engine/Content/Internationalization/icudt64l/lang/es_PR.res" 974
"../../../Engine/Content/Internationalization/icudt64l/region/es_PR.res" 975
"../../../Engine/Content/Internationalization/icudt64l/lang/es_PY.res" 976
"../../../Engine/Content/Internationalization/icudt64l/region/es_PY.res" 977
"../../../Engine/Content/Internationalization/icudt64l/lang/es_SV.res" 978
"../../../Engine/Content/Internationalization/icudt64l/region/es_SV.res" 979
"../../../Engine/Content/Internationalization/icudt64l/lang/es_US.res" 980
"../../../Engine/Content/Internationalization/icudt64l/region/es_US.res" 981
"../../../Engine/Content/Internationalization/icudt64l/lang/es_UY.res" 982
"../../../Engine/Content/Internationalization/icudt64l/region/es_UY.res" 983
"../../../Engine/Content/Internationalization/icudt64l/lang/es_VE.res" 984
"../../../Engine/Content/Internationalization/icudt64l/region/es_VE.res" 985
"../../../Engine/Content/Internationalization/icudt64l/lang/et.res" 986
"../../../Engine/Content/Internationalization/icudt64l/region/et.res" 987
"../../../Engine/Content/Internationalization/icudt64l/lang/eu.res" 988
"../../../Engine/Content/Internationalization/icudt64l/region/eu.res" 989
"../../../Engine/Content/Internationalization/icudt64l/lang/ewo.res" 990
"../../../Engine/Content/Internationalization/icudt64l/region/ewo.res" 991
"../../../Engine/Content/Internationalization/icudt64l/lang/fa.res" 992
"../../../Engine/Content/Internationalization/icudt64l/lang/fa_AF.res" 993
"../../../Engine/Content/Internationalization/icudt64l/region/fa_AF.res" 994
"../../../Engine/Content/Internationalization/icudt64l/region/fa.res" 995
"../../../Engine/Content/Internationalization/icudt64l/lang/ff.res" 996
"../../../Engine/Content/Internationalization/icudt64l/lang/ff_Latn.res" 997
"../../../Engine/Content/Internationalization/icudt64l/region/ff.res" 998
"../../../Engine/Content/Internationalization/icudt64l/region/ff_Latn.res" 999
"../../../Engine/Content/Internationalization/icudt64l/lang/ff_CM.res" 1000
"../../../Engine/Content/Internationalization/icudt64l/lang/ff_Latn_CM.res" 1001
"../../../Engine/Content/Internationalization/icudt64l/region/ff_CM.res" 1002
"../../../Engine/Content/Internationalization/icudt64l/region/ff_Latn_CM.res" 1003
"../../../Engine/Content/Internationalization/icudt64l/lang/ff_GN.res" 1004
"../../../Engine/Content/Internationalization/icudt64l/lang/ff_Latn_GN.res" 1005
"../../../Engine/Content/Internationalization/icudt64l/region/ff_GN.res" 1006
"../../../Engine/Content/Internationalization/icudt64l/region/ff_Latn_GN.res" 1007
"../../../Engine/Content/Internationalization/icudt64l/lang/ff_MR.res" 1008
"../../../Engine/Content/Internationalization/icudt64l/lang/ff_Latn_MR.res" 1009
"../../../Engine/Content/Internationalization/icudt64l/region/ff_MR.res" 1010
"../../../Engine/Content/Internationalization/icudt64l/region/ff_Latn_MR.res" 1011
"../../../Engine/Content/Internationalization/icudt64l/lang/ff_SN.res" 1012
"../../../Engine/Content/Internationalization/icudt64l/lang/ff_Latn_SN.res" 1013
"../../../Engine/Content/Internationalization/icudt64l/region/ff_SN.res" 1014
"../../../Engine/Content/Internationalization/icudt64l/region/ff_Latn_SN.res" 1015
"../../../Engine/Content/Internationalization/icudt64l/lang/fi.res" 1016
"../../../Engine/Content/Internationalization/icudt64l/region/fi.res" 1017
"../../../Engine/Content/Internationalization/icudt64l/lang/fil.res" 1018
"../../../Engine/Content/Internationalization/icudt64l/lang/fil_PH.res" 1019
"../../../Engine/Content/Internationalization/icudt64l/region/fil_PH.res" 1020
"../../../Engine/Content/Internationalization/icudt64l/region/fil.res" 1021
"../../../Engine/Content/Internationalization/icudt64l/lang/fo.res" 1022
"../../../Engine/Content/Internationalization/icudt64l/region/fo.res" 1023
"../../../Engine/Content/Internationalization/icudt64l/lang/fr.res" 1024
"../../../Engine/Content/Internationalization/icudt64l/lang/fr_BE.res" 1025
"../../../Engine/Content/Internationalization/icudt64l/region/fr_BE.res" 1026
"../../../Engine/Content/Internationalization/icudt64l/region/fr.res" 1027
"../../../Engine/Content/Internationalization/icudt64l/lang/fr_CA.res" 1028
"../../../Engine/Content/Internationalization/icudt64l/region/fr_CA.res" 1029
"../../../Engine/Content/Internationalization/icudt64l/lang/fr_CH.res" 1030
"../../../Engine/Content/Internationalization/icudt64l/lang/fur.res" 1031
"../../../Engine/Content/Internationalization/icudt64l/region/fur.res" 1032
"../../../Engine/Content/Internationalization/icudt64l/lang/fy.res" 1033
"../../../Engine/Content/Internationalization/icudt64l/region/fy.res" 1034
"../../../Engine/Content/Internationalization/icudt64l/lang/ga.res" 1035
"../../../Engine/Content/Internationalization/icudt64l/region/ga.res" 1036
"../../../Engine/Content/Internationalization/icudt64l/lang/gd.res" 1037
"../../../Engine/Content/Internationalization/icudt64l/region/gd.res" 1038
"../../../Engine/Content/Internationalization/icudt64l/lang/gl.res" 1039
"../../../Engine/Content/Internationalization/icudt64l/region/gl.res" 1040
"../../../Engine/Content/Internationalization/icudt64l/lang/gsw.res" 1041
"../../../Engine/Content/Internationalization/icudt64l/region/gsw.res" 1042
"../../../Engine/Content/Internationalization/icudt64l/lang/gu.res" 1043
"../../../Engine/Content/Internationalization/icudt64l/region/gu.res" 1044
"../../../Engine/Content/Internationalization/icudt64l/lang/guz.res" 1045
"../../../Engine/Content/Internationalization/icudt64l/region/guz.res" 1046
"../../../Engine/Content/Internationalization/icudt64l/lang/gv.res" 1047
"../../../Engine/Content/Internationalization/icudt64l/region/gv.res" 1048
"../../../Engine/Content/Internationalization/icudt64l/lang/ha.res" 1049
"../../../Engine/Content/Internationalization/icudt64l/region/ha.res" 1050
"../../../Engine/Content/Internationalization/icudt64l/lang/ha_NE.res" 1051
"../../../Engine/Content/Internationalization/icudt64l/region/ha_NE.res" 1052
"../../../Engine/Content/Internationalization/icudt64l/lang/haw.res" 1053
"../../../Engine/Content/Internationalization/icudt64l/region/haw.res" 1054
"../../../Engine/Content/Internationalization/icudt64l/lang/he.res" 1055
"../../../Engine/Content/Internationalization/icudt64l/lang/he_IL.res" 1056
"../../../Engine/Content/Internationalization/icudt64l/region/he_IL.res" 1057
"../../../Engine/Content/Internationalization/icudt64l/region/he.res" 1058
"../../../Engine/Content/Internationalization/icudt64l/lang/hi.res" 1059
"../../../Engine/Content/Internationalization/icudt64l/region/hi.res" 1060
"../../../Engine/Content/Internationalization/icudt64l/lang/hr.res" 1061
"../../../Engine/Content/Internationalization/icudt64l/region/hr.res" 1062
"../../../Engine/Content/Internationalization/icudt64l/lang/hsb.res" 1063
"../../../Engine/Content/Internationalization/icudt64l/region/hsb.res" 1064
"../../../Engine/Content/Internationalization/icudt64l/lang/hu.res" 1065
"../../../Engine/Content/Internationalization/icudt64l/region/hu.res" 1066
"../../../Engine/Content/Internationalization/icudt64l/lang/hy.res" 1067
"../../../Engine/Content/Internationalization/icudt64l/region/hy.res" 1068
"../../../Engine/Content/Internationalization/icudt64l/lang/ia.res" 1069
"../../../Engine/Content/Internationalization/icudt64l/region/ia.res" 1070
"../../../Engine/Content/Internationalization/icudt64l/lang/id.res" 1071
"../../../Engine/Content/Internationalization/icudt64l/lang/id_ID.res" 1072
"../../../Engine/Content/Internationalization/icudt64l/region/id_ID.res" 1073
"../../../Engine/Content/Internationalization/icudt64l/region/id.res" 1074
"../../../Engine/Content/Internationalization/icudt64l/lang/ig.res" 1075
"../../../Engine/Content/Internationalization/icudt64l/region/ig.res" 1076
"../../../Engine/Content/Internationalization/icudt64l/lang/ii.res" 1077
"../../../Engine/Content/Internationalization/icudt64l/region/ii.res" 1078
"../../../Engine/Content/Internationalization/icudt64l/lang/is.res" 1079
"../../../Engine/Content/Internationalization/icudt64l/region/is.res" 1080
"../../../Engine/Content/Internationalization/icudt64l/lang/it.res" 1081
"../../../Engine/Content/Internationalization/icudt64l/region/it.res" 1082
"../../../Engine/Content/Internationalization/icudt64l/lang/ja.res" 1083
"../../../Engine/Content/Internationalization/icudt64l/lang/ja_JP.res" 1084
"../../../Engine/Content/Internationalization/icudt64l/region/ja_JP.res" 1085
"../../../Engine/Content/Internationalization/icudt64l/region/ja.res" 1086
"../../../Engine/Content/Internationalization/icudt64l/lang/jgo.res" 1087
"../../../Engine/Content/Internationalization/icudt64l/region/jgo.res" 1088
"../../../Engine/Content/Internationalization/icudt64l/lang/jmc.res" 1089
"../../../Engine/Content/Internationalization/icudt64l/region/jmc.res" 1090
"../../../Engine/Content/Internationalization/icudt64l/lang/jv.res" 1091
"../../../Engine/Content/Internationalization/icudt64l/region/jv.res" 1092
"../../../Engine/Content/Internationalization/icudt64l/lang/ka.res" 1093
"../../../Engine/Content/Internationalization/icudt64l/region/ka.res" 1094
"../../../Engine/Content/Internationalization/icudt64l/lang/kab.res" 1095
"../../../Engine/Content/Internationalization/icudt64l/region/kab.res" 1096
"../../../Engine/Content/Internationalization/icudt64l/lang/kam.res" 1097
"../../../Engine/Content/Internationalization/icudt64l/region/kam.res" 1098
"../../../Engine/Content/Internationalization/icudt64l/lang/kde.res" 1099
"../../../Engine/Content/Internationalization/icudt64l/region/kde.res" 1100
"../../../Engine/Content/Internationalization/icudt64l/lang/kea.res" 1101
"../../../Engine/Content/Internationalization/icudt64l/region/kea.res" 1102
"../../../Engine/Content/Internationalization/icudt64l/lang/khq.res" 1103
"../../../Engine/Content/Internationalization/icudt64l/region/khq.res" 1104
"../../../Engine/Content/Internationalization/icudt64l/lang/ki.res" 1105
"../../../Engine/Content/Internationalization/icudt64l/region/ki.res" 1106
"../../../Engine/Content/Internationalization/icudt64l/lang/kk.res" 1107
"../../../Engine/Content/Internationalization/icudt64l/region/kk.res" 1108
"../../../Engine/Content/Internationalization/icudt64l/lang/kkj.res" 1109
"../../../Engine/Content/Internationalization/icudt64l/region/kkj.res" 1110
"../../../Engine/Content/Internationalization/icudt64l/lang/kl.res" 1111
"../../../Engine/Content/Internationalization/icudt64l/region/kl.res" 1112
"../../../Engine/Content/Internationalization/icudt64l/lang/kln.res" 1113
"../../../Engine/Content/Internationalization/icudt64l/region/kln.res" 1114
"../../../Engine/Content/Internationalization/icudt64l/lang/km.res" 1115
"../../../Engine/Content/Internationalization/icudt64l/region/km.res" 1116
"../../../Engine/Content/Internationalization/icudt64l/lang/kn.res" 1117
"../../../Engine/Content/Internationalization/icudt64l/region/kn.res" 1118
"../../../Engine/Content/Internationalization/icudt64l/lang/ko.res" 1119
"../../../Engine/Content/Internationalization/icudt64l/region/ko_KP.res" 1120
"../../../Engine/Content/Internationalization/icudt64l/region/ko.res" 1121
"../../../Engine/Content/Internationalization/icudt64l/lang/kok.res" 1122
"../../../Engine/Content/Internationalization/icudt64l/region/kok.res" 1123
"../../../Engine/Content/Internationalization/icudt64l/lang/ks.res" 1124
"../../../Engine/Content/Internationalization/icudt64l/region/ks.res" 1125
"../../../Engine/Content/Internationalization/icudt64l/lang/ksb.res" 1126
"../../../Engine/Content/Internationalization/icudt64l/region/ksb.res" 1127
"../../../Engine/Content/Internationalization/icudt64l/lang/ksf.res" 1128
"../../../Engine/Content/Internationalization/icudt64l/region/ksf.res" 1129
"../../../Engine/Content/Internationalization/icudt64l/lang/ksh.res" 1130
"../../../Engine/Content/Internationalization/icudt64l/region/ksh.res" 1131
"../../../Engine/Content/Internationalization/icudt64l/lang/ku.res" 1132
"../../../Engine/Content/Internationalization/icudt64l/region/ku.res" 1133
"../../../Engine/Content/Internationalization/icudt64l/lang/kw.res" 1134
"../../../Engine/Content/Internationalization/icudt64l/region/kw.res" 1135
"../../../Engine/Content/Internationalization/icudt64l/lang/ky.res" 1136
"../../../Engine/Content/Internationalization/icudt64l/region/ky.res" 1137
"../../../Engine/Content/Internationalization/icudt64l/lang/lag.res" 1138
"../../../Engine/Content/Internationalization/icudt64l/region/lag.res" 1139
"../../../Engine/Content/Internationalization/icudt64l/lang/lb.res" 1140
"../../../Engine/Content/Internationalization/icudt64l/region/lb.res" 1141
"../../../Engine/Content/Internationalization/icudt64l/lang/lg.res" 1142
"../../../Engine/Content/Internationalization/icudt64l/region/lg.res" 1143
"../../../Engine/Content/Internationalization/icudt64l/lang/lkt.res" 1144
"../../../Engine/Content/Internationalization/icudt64l/region/lkt.res" 1145
"../../../Engine/Content/Internationalization/icudt64l/lang/ln.res" 1146
"../../../Engine/Content/Internationalization/icudt64l/region/ln.res" 1147
"../../../Engine/Content/Internationalization/icudt64l/lang/lo.res" 1148
"../../../Engine/Content/Internationalization/icudt64l/region/lo.res" 1149
"../../../Engine/Content/Internationalization/icudt64l/lang/lrc.res" 1150
"../../../Engine/Content/Internationalization/icudt64l/region/lrc.res" 1151
"../../../Engine/Content/Internationalization/icudt64l/lang/lt.res" 1152
"../../../Engine/Content/Internationalization/icudt64l/region/lt.res" 1153
"../../../Engine/Content/Internationalization/icudt64l/lang/lu.res" 1154
"../../../Engine/Content/Internationalization/icudt64l/region/lu.res" 1155
"../../../Engine/Content/Internationalization/icudt64l/lang/luo.res" 1156
"../../../Engine/Content/Internationalization/icudt64l/region/luo.res" 1157
"../../../Engine/Content/Internationalization/icudt64l/lang/luy.res" 1158
"../../../Engine/Content/Internationalization/icudt64l/region/luy.res" 1159
"../../../Engine/Content/Internationalization/icudt64l/lang/lv.res" 1160
"../../../Engine/Content/Internationalization/icudt64l/region/lv.res" 1161
"../../../Engine/Content/Internationalization/icudt64l/lang/mas.res" 1162
"../../../Engine/Content/Internationalization/icudt64l/region/mas.res" 1163
"../../../Engine/Content/Internationalization/icudt64l/lang/mer.res" 1164
"../../../Engine/Content/Internationalization/icudt64l/region/mer.res" 1165
"../../../Engine/Content/Internationalization/icudt64l/lang/mfe.res" 1166
"../../../Engine/Content/Internationalization/icudt64l/region/mfe.res" 1167
"../../../Engine/Content/Internationalization/icudt64l/lang/mg.res" 1168
"../../../Engine/Content/Internationalization/icudt64l/region/mg.res" 1169
"../../../Engine/Content/Internationalization/icudt64l/lang/mgh.res" 1170
"../../../Engine/Content/Internationalization/icudt64l/region/mgh.res" 1171
"../../../Engine/Content/Internationalization/icudt64l/lang/mgo.res" 1172
"../../../Engine/Content/Internationalization/icudt64l/region/mgo.res" 1173
"../../../Engine/Content/Internationalization/icudt64l/lang/mi.res" 1174
"../../../Engine/Content/Internationalization/icudt64l/region/mi.res" 1175
"../../../Engine/Content/Internationalization/icudt64l/lang/mk.res" 1176
"../../../Engine/Content/Internationalization/icudt64l/region/mk.res" 1177
"../../../Engine/Content/Internationalization/icudt64l/lang/ml.res" 1178
"../../../Engine/Content/Internationalization/icudt64l/region/ml.res" 1179
"../../../Engine/Content/Internationalization/icudt64l/lang/mn.res" 1180
"../../../Engine/Content/Internationalization/icudt64l/region/mn.res" 1181
"../../../Engine/Content/Internationalization/icudt64l/lang/mr.res" 1182
"../../../Engine/Content/Internationalization/icudt64l/region/mr.res" 1183
"../../../Engine/Content/Internationalization/icudt64l/lang/ms.res" 1184
"../../../Engine/Content/Internationalization/icudt64l/region/ms.res" 1185
"../../../Engine/Content/Internationalization/icudt64l/lang/mt.res" 1186
"../../../Engine/Content/Internationalization/icudt64l/region/mt.res" 1187
"../../../Engine/Content/Internationalization/icudt64l/lang/mua.res" 1188
"../../../Engine/Content/Internationalization/icudt64l/region/mua.res" 1189
"../../../Engine/Content/Internationalization/icudt64l/lang/my.res" 1190
"../../../Engine/Content/Internationalization/icudt64l/region/my.res" 1191
"../../../Engine/Content/Internationalization/icudt64l/lang/mzn.res" 1192
"../../../Engine/Content/Internationalization/icudt64l/region/mzn.res" 1193
"../../../Engine/Content/Internationalization/icudt64l/lang/naq.res" 1194
"../../../Engine/Content/Internationalization/icudt64l/region/naq.res" 1195
"../../../Engine/Content/Internationalization/icudt64l/lang/nb.res" 1196
"../../../Engine/Content/Internationalization/icudt64l/lang/nb_NO.res" 1197
"../../../Engine/Content/Internationalization/icudt64l/region/nb_NO.res" 1198
"../../../Engine/Content/Internationalization/icudt64l/region/nb.res" 1199
"../../../Engine/Content/Internationalization/icudt64l/lang/nd.res" 1200
"../../../Engine/Content/Internationalization/icudt64l/region/nd.res" 1201
"../../../Engine/Content/Internationalization/icudt64l/lang/nds.res" 1202
"../../../Engine/Content/Internationalization/icudt64l/region/nds.res" 1203
"../../../Engine/Content/Internationalization/icudt64l/lang/ne.res" 1204
"../../../Engine/Content/Internationalization/icudt64l/region/ne.res" 1205
"../../../Engine/Content/Internationalization/icudt64l/lang/nl.res" 1206
"../../../Engine/Content/Internationalization/icudt64l/region/nl.res" 1207
"../../../Engine/Content/Internationalization/icudt64l/lang/nmg.res" 1208
"../../../Engine/Content/Internationalization/icudt64l/region/nmg.res" 1209
"../../../Engine/Content/Internationalization/icudt64l/lang/nn.res" 1210
"../../../Engine/Content/Internationalization/icudt64l/lang/nn_NO.res" 1211
"../../../Engine/Content/Internationalization/icudt64l/region/nn_NO.res" 1212
"../../../Engine/Content/Internationalization/icudt64l/region/nn.res" 1213
"../../../Engine/Content/Internationalization/icudt64l/lang/nnh.res" 1214
"../../../Engine/Content/Internationalization/icudt64l/region/nnh.res" 1215
"../../../Engine/Content/Internationalization/icudt64l/lang/nus.res" 1216
"../../../Engine/Content/Internationalization/icudt64l/region/nus.res" 1217
"../../../Engine/Content/Internationalization/icudt64l/lang/nyn.res" 1218
"../../../Engine/Content/Internationalization/icudt64l/region/nyn.res" 1219
"../../../Engine/Content/Internationalization/icudt64l/lang/om.res" 1220
"../../../Engine/Content/Internationalization/icudt64l/region/om.res" 1221
"../../../Engine/Content/Internationalization/icudt64l/lang/or.res" 1222
"../../../Engine/Content/Internationalization/icudt64l/region/or.res" 1223
"../../../Engine/Content/Internationalization/icudt64l/lang/os.res" 1224
"../../../Engine/Content/Internationalization/icudt64l/region/os.res" 1225
"../../../Engine/Content/Internationalization/icudt64l/lang/pa.res" 1226
"../../../Engine/Content/Internationalization/icudt64l/lang/pa_Arab.res" 1227
"../../../Engine/Content/Internationalization/icudt64l/lang/pa_PK.res" 1228
"../../../Engine/Content/Internationalization/icudt64l/lang/pa_Arab_PK.res" 1229
"../../../Engine/Content/Internationalization/icudt64l/region/pa_PK.res" 1230
"../../../Engine/Content/Internationalization/icudt64l/region/pa_Arab_PK.res" 1231
"../../../Engine/Content/Internationalization/icudt64l/region/pa_Arab.res" 1232
"../../../Engine/Content/Internationalization/icudt64l/lang/pa_Guru.res" 1233
"../../../Engine/Content/Internationalization/icudt64l/lang/pa_IN.res" 1234
"../../../Engine/Content/Internationalization/icudt64l/lang/pa_Guru_IN.res" 1235
"../../../Engine/Content/Internationalization/icudt64l/region/pa_IN.res" 1236
"../../../Engine/Content/Internationalization/icudt64l/region/pa_Guru_IN.res" 1237
"../../../Engine/Content/Internationalization/icudt64l/region/pa_Guru.res" 1238
"../../../Engine/Content/Internationalization/icudt64l/region/pa.res" 1239
"../../../Engine/Content/Internationalization/icudt64l/lang/pl.res" 1240
"../../../Engine/Content/Internationalization/icudt64l/region/pl.res" 1241
"../../../Engine/Content/Internationalization/icudt64l/lang/ps.res" 1242
"../../../Engine/Content/Internationalization/icudt64l/region/ps.res" 1243
"../../../Engine/Content/Internationalization/icudt64l/lang/ps_PK.res" 1244
"../../../Engine/Content/Internationalization/icudt64l/region/ps_PK.res" 1245
"../../../Engine/Content/Internationalization/icudt64l/lang/pt.res" 1246
"../../../Engine/Content/Internationalization/icudt64l/lang/pt_AO.res" 1247
"../../../Engine/Content/Internationalization/icudt64l/lang/pt_PT.res" 1248
"../../../Engine/Content/Internationalization/icudt64l/region/pt_AO.res" 1249
"../../../Engine/Content/Internationalization/icudt64l/region/pt_PT.res" 1250
"../../../Engine/Content/Internationalization/icudt64l/region/pt.res" 1251
"../../../Engine/Content/Internationalization/icudt64l/lang/pt_CH.res" 1252
"../../../Engine/Content/Internationalization/icudt64l/region/pt_CH.res" 1253
"../../../Engine/Content/Internationalization/icudt64l/lang/pt_CV.res" 1254
"../../../Engine/Content/Internationalization/icudt64l/region/pt_CV.res" 1255
"../../../Engine/Content/Internationalization/icudt64l/lang/pt_GQ.res" 1256
"../../../Engine/Content/Internationalization/icudt64l/region/pt_GQ.res" 1257
"../../../Engine/Content/Internationalization/icudt64l/lang/pt_GW.res" 1258
"../../../Engine/Content/Internationalization/icudt64l/region/pt_GW.res" 1259
"../../../Engine/Content/Internationalization/icudt64l/lang/pt_LU.res" 1260
"../../../Engine/Content/Internationalization/icudt64l/region/pt_LU.res" 1261
"../../../Engine/Content/Internationalization/icudt64l/lang/pt_MO.res" 1262
"../../../Engine/Content/Internationalization/icudt64l/region/pt_MO.res" 1263
"../../../Engine/Content/Internationalization/icudt64l/lang/pt_MZ.res" 1264
"../../../Engine/Content/Internationalization/icudt64l/region/pt_MZ.res" 1265
"../../../Engine/Content/Internationalization/icudt64l/lang/pt_ST.res" 1266
"../../../Engine/Content/Internationalization/icudt64l/region/pt_ST.res" 1267
"../../../Engine/Content/Internationalization/icudt64l/lang/pt_TL.res" 1268
"../../../Engine/Content/Internationalization/icudt64l/region/pt_TL.res" 1269
"../../../Engine/Content/Internationalization/icudt64l/lang/qu.res" 1270
"../../../Engine/Content/Internationalization/icudt64l/region/qu.res" 1271
"../../../Engine/Content/Internationalization/icudt64l/lang/rm.res" 1272
"../../../Engine/Content/Internationalization/icudt64l/region/rm.res" 1273
"../../../Engine/Content/Internationalization/icudt64l/lang/rn.res" 1274
"../../../Engine/Content/Internationalization/icudt64l/region/rn.res" 1275
"../../../Engine/Content/Internationalization/icudt64l/lang/ro.res" 1276
"../../../Engine/Content/Internationalization/icudt64l/lang/ro_MD.res" 1277
"../../../Engine/Content/Internationalization/icudt64l/region/ro_MD.res" 1278
"../../../Engine/Content/Internationalization/icudt64l/region/ro.res" 1279
"../../../Engine/Content/Internationalization/icudt64l/lang/rof.res" 1280
"../../../Engine/Content/Internationalization/icudt64l/region/rof.res" 1281
"../../../Engine/Content/Internationalization/icudt64l/lang/ru.res" 1282
"../../../Engine/Content/Internationalization/icudt64l/region/ru.res" 1283
"../../../Engine/Content/Internationalization/icudt64l/region/ru_UA.res" 1284
"../../../Engine/Content/Internationalization/icudt64l/lang/rw.res" 1285
"../../../Engine/Content/Internationalization/icudt64l/region/rw.res" 1286
"../../../Engine/Content/Internationalization/icudt64l/lang/rwk.res" 1287
"../../../Engine/Content/Internationalization/icudt64l/region/rwk.res" 1288
"../../../Engine/Content/Internationalization/icudt64l/lang/sah.res" 1289
"../../../Engine/Content/Internationalization/icudt64l/region/sah.res" 1290
"../../../Engine/Content/Internationalization/icudt64l/lang/saq.res" 1291
"../../../Engine/Content/Internationalization/icudt64l/region/saq.res" 1292
"../../../Engine/Content/Internationalization/icudt64l/lang/sbp.res" 1293
"../../../Engine/Content/Internationalization/icudt64l/region/sbp.res" 1294
"../../../Engine/Content/Internationalization/icudt64l/lang/sd.res" 1295
"../../../Engine/Content/Internationalization/icudt64l/region/sd.res" 1296
"../../../Engine/Content/Internationalization/icudt64l/lang/se.res" 1297
"../../../Engine/Content/Internationalization/icudt64l/lang/se_FI.res" 1298
"../../../Engine/Content/Internationalization/icudt64l/region/se_FI.res" 1299
"../../../Engine/Content/Internationalization/icudt64l/region/se.res" 1300
"../../../Engine/Content/Internationalization/icudt64l/lang/seh.res" 1301
"../../../Engine/Content/Internationalization/icudt64l/region/seh.res" 1302
"../../../Engine/Content/Internationalization/icudt64l/lang/ses.res" 1303
"../../../Engine/Content/Internationalization/icudt64l/region/ses.res" 1304
"../../../Engine/Content/Internationalization/icudt64l/lang/sg.res" 1305
"../../../Engine/Content/Internationalization/icudt64l/region/sg.res" 1306
"../../../Engine/Content/Internationalization/icudt64l/lang/shi.res" 1307
"../../../Engine/Content/Internationalization/icudt64l/lang/shi_Latn.res" 1308
"../../../Engine/Content/Internationalization/icudt64l/lang/shi_MA.res" 1309
"../../../Engine/Content/Internationalization/icudt64l/lang/shi_Tfng_MA.res" 1310
"../../../Engine/Content/Internationalization/icudt64l/lang/shi_Tfng.res" 1311
"../../../Engine/Content/Internationalization/icudt64l/region/shi_MA.res" 1312
"../../../Engine/Content/Internationalization/icudt64l/region/shi_Tfng_MA.res" 1313
"../../../Engine/Content/Internationalization/icudt64l/region/shi_Tfng.res" 1314
"../../../Engine/Content/Internationalization/icudt64l/region/shi.res" 1315
"../../../Engine/Content/Internationalization/icudt64l/region/shi_Latn.res" 1316
"../../../Engine/Content/Internationalization/icudt64l/lang/si.res" 1317
"../../../Engine/Content/Internationalization/icudt64l/region/si.res" 1318
"../../../Engine/Content/Internationalization/icudt64l/lang/sk.res" 1319
"../../../Engine/Content/Internationalization/icudt64l/region/sk.res" 1320
"../../../Engine/Content/Internationalization/icudt64l/lang/sl.res" 1321
"../../../Engine/Content/Internationalization/icudt64l/region/sl.res" 1322
"../../../Engine/Content/Internationalization/icudt64l/lang/smn.res" 1323
"../../../Engine/Content/Internationalization/icudt64l/region/smn.res" 1324
"../../../Engine/Content/Internationalization/icudt64l/lang/sn.res" 1325
"../../../Engine/Content/Internationalization/icudt64l/region/sn.res" 1326
"../../../Engine/Content/Internationalization/icudt64l/lang/so.res" 1327
"../../../Engine/Content/Internationalization/icudt64l/region/so.res" 1328
"../../../Engine/Content/Internationalization/icudt64l/lang/sq.res" 1329
"../../../Engine/Content/Internationalization/icudt64l/region/sq.res" 1330
"../../../Engine/Content/Internationalization/icudt64l/lang/sr.res" 1331
"../../../Engine/Content/Internationalization/icudt64l/lang/sr_Cyrl.res" 1332
"../../../Engine/Content/Internationalization/icudt64l/lang/sr_BA.res" 1333
"../../../Engine/Content/Internationalization/icudt64l/lang/sr_Cyrl_BA.res" 1334
"../../../Engine/Content/Internationalization/icudt64l/region/sr_BA.res" 1335
"../../../Engine/Content/Internationalization/icudt64l/region/sr_Cyrl_BA.res" 1336
"../../../Engine/Content/Internationalization/icudt64l/region/sr_Cyrl.res" 1337
"../../../Engine/Content/Internationalization/icudt64l/region/sr.res" 1338
"../../../Engine/Content/Internationalization/icudt64l/lang/sr_ME.res" 1339
"../../../Engine/Content/Internationalization/icudt64l/lang/sr_Latn_ME.res" 1340
"../../../Engine/Content/Internationalization/icudt64l/lang/sr_Latn.res" 1341
"../../../Engine/Content/Internationalization/icudt64l/region/sr_ME.res" 1342
"../../../Engine/Content/Internationalization/icudt64l/region/sr_Latn_ME.res" 1343
"../../../Engine/Content/Internationalization/icudt64l/region/sr_Latn.res" 1344
"../../../Engine/Content/Internationalization/icudt64l/lang/sr_Cyrl_ME.res" 1345
"../../../Engine/Content/Internationalization/icudt64l/region/sr_Cyrl_ME.res" 1346
"../../../Engine/Content/Internationalization/icudt64l/lang/sr_RS.res" 1347
"../../../Engine/Content/Internationalization/icudt64l/lang/sr_Cyrl_RS.res" 1348
"../../../Engine/Content/Internationalization/icudt64l/region/sr_RS.res" 1349
"../../../Engine/Content/Internationalization/icudt64l/region/sr_Cyrl_RS.res" 1350
"../../../Engine/Content/Internationalization/icudt64l/lang/sr_XK.res" 1351
"../../../Engine/Content/Internationalization/icudt64l/lang/sr_Cyrl_XK.res" 1352
"../../../Engine/Content/Internationalization/icudt64l/region/sr_XK.res" 1353
"../../../Engine/Content/Internationalization/icudt64l/region/sr_Cyrl_XK.res" 1354
"../../../Engine/Content/Internationalization/icudt64l/lang/sr_Latn_BA.res" 1355
"../../../Engine/Content/Internationalization/icudt64l/region/sr_Latn_BA.res" 1356
"../../../Engine/Content/Internationalization/icudt64l/lang/sr_Latn_RS.res" 1357
"../../../Engine/Content/Internationalization/icudt64l/region/sr_Latn_RS.res" 1358
"../../../Engine/Content/Internationalization/icudt64l/lang/sr_Latn_XK.res" 1359
"../../../Engine/Content/Internationalization/icudt64l/region/sr_Latn_XK.res" 1360
"../../../Engine/Content/Internationalization/icudt64l/lang/sv.res" 1361
"../../../Engine/Content/Internationalization/icudt64l/region/sv.res" 1362
"../../../Engine/Content/Internationalization/icudt64l/lang/sv_FI.res" 1363
"../../../Engine/Content/Internationalization/icudt64l/lang/sw.res" 1364
"../../../Engine/Content/Internationalization/icudt64l/lang/sw_CD.res" 1365
"../../../Engine/Content/Internationalization/icudt64l/region/sw_CD.res" 1366
"../../../Engine/Content/Internationalization/icudt64l/region/sw.res" 1367
"../../../Engine/Content/Internationalization/icudt64l/lang/sw_KE.res" 1368
"../../../Engine/Content/Internationalization/icudt64l/region/sw_KE.res" 1369
"../../../Engine/Content/Internationalization/icudt64l/lang/ta.res" 1370
"../../../Engine/Content/Internationalization/icudt64l/region/ta.res" 1371
"../../../Engine/Content/Internationalization/icudt64l/lang/te.res" 1372
"../../../Engine/Content/Internationalization/icudt64l/region/te.res" 1373
"../../../Engine/Content/Internationalization/icudt64l/lang/teo.res" 1374
"../../../Engine/Content/Internationalization/icudt64l/region/teo.res" 1375
"../../../Engine/Content/Internationalization/icudt64l/lang/tg.res" 1376
"../../../Engine/Content/Internationalization/icudt64l/region/tg.res" 1377
"../../../Engine/Content/Internationalization/icudt64l/lang/th.res" 1378
"../../../Engine/Content/Internationalization/icudt64l/lang/th_TH.res" 1379
"../../../Engine/Content/Internationalization/icudt64l/region/th_TH.res" 1380
"../../../Engine/Content/Internationalization/icudt64l/region/th.res" 1381
"../../../Engine/Content/Internationalization/icudt64l/lang/ti.res" 1382
"../../../Engine/Content/Internationalization/icudt64l/region/ti.res" 1383
"../../../Engine/Content/Internationalization/icudt64l/lang/tk.res" 1384
"../../../Engine/Content/Internationalization/icudt64l/region/tk.res" 1385
"../../../Engine/Content/Internationalization/icudt64l/lang/to.res" 1386
"../../../Engine/Content/Internationalization/icudt64l/region/to.res" 1387
"../../../Engine/Content/Internationalization/icudt64l/lang/tr.res" 1388
"../../../Engine/Content/Internationalization/icudt64l/region/tr.res" 1389
"../../../Engine/Content/Internationalization/icudt64l/lang/tt.res" 1390
"../../../Engine/Content/Internationalization/icudt64l/region/tt.res" 1391
"../../../Engine/Content/Internationalization/icudt64l/lang/twq.res" 1392
"../../../Engine/Content/Internationalization/icudt64l/region/twq.res" 1393
"../../../Engine/Content/Internationalization/icudt64l/lang/tzm.res" 1394
"../../../Engine/Content/Internationalization/icudt64l/region/tzm.res" 1395
"../../../Engine/Content/Internationalization/icudt64l/lang/ug.res" 1396
"../../../Engine/Content/Internationalization/icudt64l/region/ug.res" 1397
"../../../Engine/Content/Internationalization/icudt64l/lang/uk.res" 1398
"../../../Engine/Content/Internationalization/icudt64l/region/uk.res" 1399
"../../../Engine/Content/Internationalization/icudt64l/lang/ur.res" 1400
"../../../Engine/Content/Internationalization/icudt64l/lang/ur_IN.res" 1401
"../../../Engine/Content/Internationalization/icudt64l/region/ur_IN.res" 1402
"../../../Engine/Content/Internationalization/icudt64l/region/ur.res" 1403
"../../../Engine/Content/Internationalization/icudt64l/lang/uz.res" 1404
"../../../Engine/Content/Internationalization/icudt64l/lang/uz_Arab.res" 1405
"../../../Engine/Content/Internationalization/icudt64l/lang/uz_AF.res" 1406
"../../../Engine/Content/Internationalization/icudt64l/lang/uz_Arab_AF.res" 1407
"../../../Engine/Content/Internationalization/icudt64l/region/uz_AF.res" 1408
"../../../Engine/Content/Internationalization/icudt64l/region/uz_Arab_AF.res" 1409
"../../../Engine/Content/Internationalization/icudt64l/region/uz_Arab.res" 1410
"../../../Engine/Content/Internationalization/icudt64l/lang/uz_Cyrl.res" 1411
"../../../Engine/Content/Internationalization/icudt64l/lang/uz_UZ.res" 1412
"../../../Engine/Content/Internationalization/icudt64l/lang/uz_Latn_UZ.res" 1413
"../../../Engine/Content/Internationalization/icudt64l/lang/uz_Latn.res" 1414
"../../../Engine/Content/Internationalization/icudt64l/region/uz_UZ.res" 1415
"../../../Engine/Content/Internationalization/icudt64l/region/uz_Latn_UZ.res" 1416
"../../../Engine/Content/Internationalization/icudt64l/region/uz_Latn.res" 1417
"../../../Engine/Content/Internationalization/icudt64l/region/uz.res" 1418
"../../../Engine/Content/Internationalization/icudt64l/region/uz_Cyrl.res" 1419
"../../../Engine/Content/Internationalization/icudt64l/lang/vai.res" 1420
"../../../Engine/Content/Internationalization/icudt64l/lang/vai_Latn.res" 1421
"../../../Engine/Content/Internationalization/icudt64l/lang/vai_LR.res" 1422
"../../../Engine/Content/Internationalization/icudt64l/lang/vai_Vaii_LR.res" 1423
"../../../Engine/Content/Internationalization/icudt64l/lang/vai_Vaii.res" 1424
"../../../Engine/Content/Internationalization/icudt64l/region/vai_LR.res" 1425
"../../../Engine/Content/Internationalization/icudt64l/region/vai_Vaii_LR.res" 1426
"../../../Engine/Content/Internationalization/icudt64l/region/vai_Vaii.res" 1427
"../../../Engine/Content/Internationalization/icudt64l/region/vai.res" 1428
"../../../Engine/Content/Internationalization/icudt64l/region/vai_Latn.res" 1429
"../../../Engine/Content/Internationalization/icudt64l/lang/vi.res" 1430
"../../../Engine/Content/Internationalization/icudt64l/region/vi.res" 1431
"../../../Engine/Content/Internationalization/icudt64l/lang/vun.res" 1432
"../../../Engine/Content/Internationalization/icudt64l/region/vun.res" 1433
"../../../Engine/Content/Internationalization/icudt64l/lang/wae.res" 1434
"../../../Engine/Content/Internationalization/icudt64l/region/wae.res" 1435
"../../../Engine/Content/Internationalization/icudt64l/lang/wo.res" 1436
"../../../Engine/Content/Internationalization/icudt64l/region/wo.res" 1437
"../../../Engine/Content/Internationalization/icudt64l/lang/xh.res" 1438
"../../../Engine/Content/Internationalization/icudt64l/region/xh.res" 1439
"../../../Engine/Content/Internationalization/icudt64l/lang/xog.res" 1440
"../../../Engine/Content/Internationalization/icudt64l/region/xog.res" 1441
"../../../Engine/Content/Internationalization/icudt64l/lang/yav.res" 1442
"../../../Engine/Content/Internationalization/icudt64l/region/yav.res" 1443
"../../../Engine/Content/Internationalization/icudt64l/lang/yi.res" 1444
"../../../Engine/Content/Internationalization/icudt64l/region/yi.res" 1445
"../../../Engine/Content/Internationalization/icudt64l/lang/yo.res" 1446
"../../../Engine/Content/Internationalization/icudt64l/lang/yo_BJ.res" 1447
"../../../Engine/Content/Internationalization/icudt64l/region/yo_BJ.res" 1448
"../../../Engine/Content/Internationalization/icudt64l/region/yo.res" 1449
"../../../Engine/Content/Internationalization/icudt64l/lang/yue.res" 1450
"../../../Engine/Content/Internationalization/icudt64l/lang/yue_Hans.res" 1451
"../../../Engine/Content/Internationalization/icudt64l/lang/yue_CN.res" 1452
"../../../Engine/Content/Internationalization/icudt64l/lang/yue_Hans_CN.res" 1453
"../../../Engine/Content/Internationalization/icudt64l/region/yue_CN.res" 1454
"../../../Engine/Content/Internationalization/icudt64l/region/yue_Hans_CN.res" 1455
"../../../Engine/Content/Internationalization/icudt64l/region/yue_Hans.res" 1456
"../../../Engine/Content/Internationalization/icudt64l/lang/yue_Hant.res" 1457
"../../../Engine/Content/Internationalization/icudt64l/lang/yue_HK.res" 1458
"../../../Engine/Content/Internationalization/icudt64l/lang/yue_Hant_HK.res" 1459
"../../../Engine/Content/Internationalization/icudt64l/region/yue_HK.res" 1460
"../../../Engine/Content/Internationalization/icudt64l/region/yue_Hant_HK.res" 1461
"../../../Engine/Content/Internationalization/icudt64l/region/yue_Hant.res" 1462
"../../../Engine/Content/Internationalization/icudt64l/region/yue.res" 1463
"../../../Engine/Content/Internationalization/icudt64l/lang/zgh.res" 1464
"../../../Engine/Content/Internationalization/icudt64l/region/zgh.res" 1465
"../../../Engine/Content/Internationalization/icudt64l/lang/zh.res" 1466
"../../../Engine/Content/Internationalization/icudt64l/lang/zh_Hans.res" 1467
"../../../Engine/Content/Internationalization/icudt64l/lang/zh_CN.res" 1468
"../../../Engine/Content/Internationalization/icudt64l/lang/zh_Hans_CN.res" 1469
"../../../Engine/Content/Internationalization/icudt64l/region/zh_CN.res" 1470
"../../../Engine/Content/Internationalization/icudt64l/region/zh_Hans_CN.res" 1471
"../../../Engine/Content/Internationalization/icudt64l/region/zh_Hans.res" 1472
"../../../Engine/Content/Internationalization/icudt64l/region/zh.res" 1473
"../../../Engine/Content/Internationalization/icudt64l/lang/zh_HK.res" 1474
"../../../Engine/Content/Internationalization/icudt64l/lang/zh_Hant_HK.res" 1475
"../../../Engine/Content/Internationalization/icudt64l/lang/zh_Hant.res" 1476
"../../../Engine/Content/Internationalization/icudt64l/region/zh_HK.res" 1477
"../../../Engine/Content/Internationalization/icudt64l/region/zh_Hant_HK.res" 1478
"../../../Engine/Content/Internationalization/icudt64l/region/zh_Hant.res" 1479
"../../../Engine/Content/Internationalization/icudt64l/lang/zh_MO.res" 1480
"../../../Engine/Content/Internationalization/icudt64l/lang/zh_Hant_MO.res" 1481
"../../../Engine/Content/Internationalization/icudt64l/region/zh_MO.res" 1482
"../../../Engine/Content/Internationalization/icudt64l/region/zh_Hant_MO.res" 1483
"../../../Engine/Content/Internationalization/icudt64l/lang/zh_SG.res" 1484
"../../../Engine/Content/Internationalization/icudt64l/lang/zh_Hans_SG.res" 1485
"../../../Engine/Content/Internationalization/icudt64l/region/zh_SG.res" 1486
"../../../Engine/Content/Internationalization/icudt64l/region/zh_Hans_SG.res" 1487
"../../../Engine/Content/Internationalization/icudt64l/lang/zh_TW.res" 1488
"../../../Engine/Content/Internationalization/icudt64l/lang/zh_Hant_TW.res" 1489
"../../../Engine/Content/Internationalization/icudt64l/region/zh_TW.res" 1490
"../../../Engine/Content/Internationalization/icudt64l/region/zh_Hant_TW.res" 1491
"../../../Engine/Content/Internationalization/icudt64l/lang/zu.res" 1492
"../../../Engine/Content/Internationalization/icudt64l/region/zu.res" 1493
"../../../Engine/Content/Internationalization/icudt64l/lang/no.res" 1494
"../../../Engine/Content/Internationalization/icudt64l/lang/tl.res" 1495
"../../../Engine/Plugins/FX/Niagara/Shaders/Private/NiagaraSpriteVertexFactory.ush" 1496
"../../../Engine/Shaders/Private/VertexFactoryCommon.ush" 1497
"../../../Engine/Shaders/Private/Common.ush" 1498
"../../../Engine/Shaders/Public/Platform.ush" 1499
"../../../Engine/Shaders/Public/FP16Math.ush" 1500
"../../../Engine/Shaders/Public/Platform/D3D/D3DCommon.ush" 1501
"../../../Engine/Shaders/Public/ShaderVersion.ush" 1502
"../../../Engine/Shaders/Private/CommonViewUniformBuffer.ush" 1503
"../../../Engine/Shaders/Private/InstancedStereo.ush" 1504
"../../../Engine/Shaders/Private/Definitions.usf" 1505
"../../../Engine/Shaders/Private/FastMath.ush" 1506
"../../../Engine/Shaders/Private/Random.ush" 1507
"../../../Engine/Shaders/Private/ParticleVertexFactoryCommon.ush" 1508
"../../../Engine/Plugins/FX/Niagara/Shaders/Private/NiagaraVFParticleAccess.usf" 1509
"../../../Engine/Plugins/FX/Niagara/Shaders/Private/NiagaraRibbonVertexFactory.ush" 1510
"../../../Engine/Plugins/FX/Niagara/Shaders/Private/NiagaraMeshVertexFactory.ush" 1511
"../../../Engine/Plugins/FX/Niagara/Shaders/Private/NiagaraCommon.ush" 1512
"../../../Engine/Shaders/Private/RayTracing/RayTracingCommon.ush" 1513
"../../../Engine/Shaders/Private/ShadingCommon.ush" 1514
"../../../Engine/Shaders/Shared/RayTracingDefinitions.h" 1515
"../../../Engine/Shaders/Private/RayTracing/RayTracingHitGroupCommon.ush" 1516
"../../../Engine/Shaders/Shared/RayTracingBuiltInResources.h" 1517
"../../../Engine/Shaders/Private/VectorFieldVisualizationVertexFactory.ush" 1518
"../../../Engine/Shaders/Private/ParticleSpriteVertexFactory.ush" 1519
"../../../Engine/Shaders/Private/ParticleGPUSpriteVertexFactory.ush" 1520
"../../../Engine/Shaders/Private/ParticleBeamTrailVertexFactory.ush" 1521
"../../../Engine/Shaders/Private/MeshParticleVertexFactory.ush" 1522
"../../../Engine/Shaders/Private/LocalVertexFactory.ush" 1523
"../../../Engine/Shaders/Private/LocalVertexFactoryCommon.ush" 1524
"../../../Engine/Shaders/Private/LightmapData.ush" 1525
"../../../Engine/Shaders/Private/GpuSkinCommon.ush" 1526
"../../../Engine/Shaders/Private/GpuSkinVertexFactory.ush" 1527
"../../../Engine/Shaders/Private/GeometryCacheVertexFactory.ush" 1528
"../../../Engine/Shaders/Private/LandscapeVertexFactory.ush" 1529
"../../../Engine/Plugins/Media/WmfMedia/Shaders/Private/MediaHardwareVideoDecoding.usf" 1530
"../../../Engine/Shaders/Private/GammaCorrectionCommon.ush" 1531
"../../../Engine/Shaders/Private/ColorUtils.ush" 1532
"../../../Engine/Plugins/Media/ImgMedia/Shaders/Private/ExrSwizzler.usf" 1533
"../../../Engine/Plugins/FX/Niagara/Shaders/Private/NiagaraSortKeyGen.usf" 1534
"../../../Engine/Plugins/FX/Niagara/Shaders/Private/NiagaraGPURayTracingTransforms.usf" 1535
"../../../Engine/Plugins/FX/Niagara/Shaders/Private/NiagaraDrawIndirectArgsGen.usf" 1536
"../../../Engine/Plugins/FX/Niagara/Shaders/Private/NiagaraFillIntBuffer.usf" 1537
"../../../Engine/Plugins/FX/Niagara/Shaders/Private/NiagaraComputeFreeIDs.usf" 1538
"../../../Engine/Plugins/FX/Niagara/Shaders/Private/NiagaraInitFreeIDBuffer.usf" 1539
"../../../Engine/Plugins/FX/Niagara/Shaders/Private/NiagaraEmitterInstanceShader.usf" 1540
"../../../Engine/Plugins/FX/Niagara/Shaders/Private/NiagaraShaderVersion.ush" 1541
"../../../Engine/Shaders/Private/GlobalDistanceFieldShared.ush" 1542
"../../../Engine/Shaders/Private/SceneTexturesCommon.ush" 1543
"../../../Engine/Plugins/FX/Niagara/Shaders/Private/NiagaraPhysicsCommon.ush" 1544
"../../../Engine/Plugins/FX/Niagara/Shaders/Private/NiagaraDebugDraw.usf" 1545
"../../../Engine/Plugins/FX/Niagara/Shaders/Private/NiagaraDebugDraw.ush" 1546
"../../../Engine/Plugins/FX/Niagara/Shaders/Private/NiagaraVisualizeTexture.usf" 1547
"../../../Engine/Plugins/FX/Niagara/Shaders/Private/NiagaraBatchedElements.usf" 1548
"../../../Engine/Shaders/Private/SlateElementPixelShader.usf" 1549
"../../../Engine/Shaders/Private/SlateShaderCommon.ush" 1550
"../../../Engine/Shaders/Private/MaterialTemplate.ush" 1551
"../../../Engine/Shaders/Private/EyeAdaptationCommon.ush" 1552
"../../../Engine/Shaders/Private/SobolRandom.ush" 1553
"../../../Engine/Shaders/Private/MonteCarlo.ush" 1554
"../../../Engine/Shaders/Private/DepthOfFieldCommon.ush" 1555
"../../../Engine/Shaders/Private/CircleDOFCommon.ush" 1556
"../../../Engine/Shaders/Private/PhysicsFieldSampler.ush" 1557
"../../../Engine/Shaders/Private/PhysicsFieldShared.ush" 1558
"../../../Engine/Shaders/Private/SceneData.ush" 1559
"../../../Engine/Shaders/Private/HairShadingCommon.ush" 1560
"../../../Engine/Shaders/Private/HairStrands/HairCardsAttributeCommon.ush" 1561
"../../../Engine/Shaders/Private/HairStrands/HairStrandsVertexFactoryCommon.ush" 1562
"../../../Engine/Shaders/Private/HairStrands/HairStrandsAttributeCommon.ush" 1563
"../../../Engine/Shaders/Private/SpeedTreeCommon.ush" 1564
"../../../Engine/Shaders/Private/VirtualTextureCommon.ush" 1565
"../../../Engine/Shaders/Private/MinMaterialTexCoords.ush" 1566
"../../../Engine/Shaders/Private/AtmosphereCommon.ush" 1567
"../../../Engine/Shaders/Private/SkyAtmosphereCommon.ush" 1568
"../../../Engine/Shaders/Private/SingleLayerWaterCommon.ush" 1569
"../../../Engine/Shaders/Private/PaniniProjection.ush" 1570
"../../../Engine/Shaders/Private/DeferredShadingCommon.ush" 1571
"../../../Engine/Shaders/Private/LightAccumulator.ush" 1572
"../../../Engine/Shaders/Private/CompositeUIPixelShader.usf" 1573
"../../../Engine/Shaders/Private/TonemapCommon.ush" 1574
"../../../Engine/Shaders/Private/ACES.ush" 1575
"../../../Engine/Shaders/Private/SlateMaskingShader.usf" 1576
"../../../Engine/Shaders/Private/SlatePostProcessColorDeficiencyPixelShader.usf" 1577
"../../../Engine/Shaders/Private/ColorSpace.ush" 1578
"../../../Engine/Shaders/Private/SlatePostProcessPixelShader.usf" 1579
"../../../Engine/Shaders/Private/SlateVertexShader.usf" 1580
"../../../Engine/Shaders/Private/TranslucentLightingShaders.usf" 1581
"../../../Engine/Shaders/Private/SHCommon.ush" 1582
"../../../Engine/Shaders/Private/ShadowProjectionCommon.ush" 1583
"../../../Engine/Shaders/Private/CubemapCommon.ush" 1584
"../../../Engine/Shaders/Private/VectorFieldCompositeShaders.usf" 1585
"../../../Engine/Shaders/Private/UpdateTextureShaders.usf" 1586
"../../../Engine/Shaders/Private/StereoLayerShader.usf" 1587
"../../../Engine/Shaders/Private/MorphTargets.usf" 1588
"../../../Engine/Shaders/Private/SimpleElementColorChannelMaskPixelShader.usf" 1589
"../../../Engine/Shaders/Private/SimpleElementHitProxyPixelShader.usf" 1590
"../../../Engine/Shaders/Private/SimpleElementPixelShader.usf" 1591
"../../../Engine/Shaders/Private/IESLightProfilesCommon.ush" 1592
"../../../Engine/Shaders/Private/SimpleElementVertexShader.usf" 1593
"../../../Engine/Shaders/Private/ScreenPixelShaderOES.usf" 1594
"../../../Engine/Shaders/Private/ScreenVertexShader.usf" 1595
"../../../Engine/Shaders/Private/ScreenPixelShader.usf" 1596
"../../../Engine/Shaders/Private/VolumetricLightmapStreaming.usf" 1597
"../../../Engine/Shaders/Private/PhysicsFieldReset.usf" 1598
"../../../Engine/Shaders/Private/PhysicsFieldBuilder.usf" 1599
"../../../Engine/Shaders/Private/ParticleSortKeyGen.usf" 1600
"../../../Engine/Shaders/Private/ParticleBoundsShader.usf" 1601
"../../../Engine/Shaders/Private/ParticleSimVisualizeShader.usf" 1602
"../../../Engine/Shaders/Private/ParticleInjectionShader.usf" 1603
"../../../Engine/Shaders/Private/ParticleSimulationShader.usf" 1604
"../../../Engine/Shaders/Private/ParticleCurveInjectionShader.usf" 1605
"../../../Engine/Shaders/Private/CopyUIntBuffer.usf" 1606
"../../../Engine/Shaders/Private/RadixSortShaders.usf" 1607
"../../../Engine/Shaders/Private/RecomputeTangentsPerVertexPass.usf" 1608
"../../../Engine/Shaders/Private/RecomputeTangentsCommon.ush" 1609
"../../../Engine/Shaders/Private/RecomputeTangentsPerTrianglePass.usf" 1610
"../../../Engine/Shaders/Private/GpuSkinCacheComputeShader.usf" 1611
"../../../Engine/Shaders/Private/DistanceFieldDownsampling.usf" 1612
"../../../Engine/Shaders/Private/HeightFieldAtlasManagement.usf" 1613
"../../../Engine/Shaders/Private/LandscapePhysicalMaterial.usf" 1614
"../../../Engine/Shaders/Private/LandscapeGrassWeight.usf" 1615
"../../../Engine/Shaders/Private/LandscapeLayersCS.usf" 1616
"../../../Engine/Shaders/Private/LandscapeLayersPS.usf" 1617
"../../../Engine/Shaders/Private/LandscapeLayersVS.usf" 1618
"../../../Engine/Shaders/Private/WideCustomResolveShaders.usf" 1619
"../../../Engine/Shaders/Private/WideCustomResolve_Wide.ush" 1620
"../../../Engine/Shaders/Private/WideCustomResolve_Wider.ush" 1621
"../../../Engine/Shaders/Private/WideCustomResolve_Widest.ush" 1622
"../../../Engine/Shaders/Private/PageTableUpdate.usf" 1623
"../../../Engine/Shaders/Private/VirtualTextureCompress.usf" 1624
"../../../Engine/Shaders/Private/BCCompressionCommon.ush" 1625
"../../../Engine/Shaders/Private/ETCCompressionCommon.ush" 1626
"../../../Engine/Shaders/Private/VirtualTextureMaterial.usf" 1627
"../../../Engine/Shaders/Private/PixelShaderOutputCommon.ush" 1628
"../../../Engine/Shaders/Private/VolumetricRenderTarget.usf" 1629
"../../../Engine/Shaders/Private/SceneTextureParameters.ush" 1630
"../../../Engine/Shaders/Private/VolumetricFogVoxelization.usf" 1631
"../../../Engine/Shaders/Private/VolumetricCloudMaterialPixelCommon.ush" 1632
"../../../Engine/Shaders/Private/VolumetricFogLightFunction.usf" 1633
"../../../Engine/Shaders/Private/LightFunctionCommon.ush" 1634
"../../../Engine/Shaders/Private/VolumetricFog.usf" 1635
"../../../Engine/Shaders/Private/DeferredLightingCommon.ush" 1636
"../../../Engine/Shaders/Private/DynamicLightingCommon.ush" 1637
"../../../Engine/Shaders/Private/CapsuleLightIntegrate.ush" 1638
"../../../Engine/Shaders/Private/ShadingModels.ush" 1639
"../../../Engine/Shaders/Private/BRDF.ush" 1640
"../../../Engine/Shaders/Private/CapsuleLight.ush" 1641
"../../../Engine/Shaders/Private/RectLight.ush" 1642
"../../../Engine/Shaders/Private/TransmissionCommon.ush" 1643
"../../../Engine/Shaders/Private/SubsurfaceProfileCommon.ush" 1644
"../../../Engine/Shaders/Private/BurleyNormalizedSSSCommon.ush" 1645
"../../../Engine/Shaders/Private/HairBsdf.ush" 1646
"../../../Engine/Shaders/Private/CapsuleLightSampling.ush" 1647
"../../../Engine/Shaders/Private/RectLightIntegrate.ush" 1648
"../../../Engine/Shaders/Private/LightGridCommon.ush" 1649
"../../../Engine/Shaders/Private/HeightFogCommon.ush" 1650
"../../../Engine/Shaders/Private/DistanceFieldAOShared.ush" 1651
"../../../Engine/Shaders/Private/VolumeLightingCommon.ush" 1652
"../../../Engine/Shaders/Private/ShadowFilteringCommon.ush" 1653
"../../../Engine/Shaders/Private/PixelQuadMessagePassing.ush" 1654
"../../../Engine/Shaders/Private/VolumeLightingCommonSampling.ush" 1655
"../../../Engine/Shaders/Private/VolumetricLightmapShared.ush" 1656
"../../../Engine/Shaders/Private/ForwardShadowingCommon.ush" 1657
"../../../Engine/Shaders/Private/ParticipatingMediaCommon.ush" 1658
"../../../Engine/Shaders/Private/VolumetricCloudCommon.ush" 1659
"../../../Engine/Shaders/Private/VolumetricCloud.usf" 1660
"../../../Engine/Shaders/Private/ReflectionEnvironmentShared.ush" 1661
"../../../Engine/Shaders/Private/ShaderDrawDebug.ush" 1662
"../../../Engine/Shaders/Private/VisualizeVolumetricLightmap.usf" 1663
"../../../Engine/Shaders/Private/ViewMode/LODColorationPixelShader.usf" 1664
"../../../Engine/Shaders/Private/DebugViewModeCommon.ush" 1665
"../../../Engine/Shaders/Private/VelocityShader.usf" 1666
"../../../Engine/Shaders/Private/VelocityCommon.ush" 1667
"../../../Engine/Shaders/Private/Tessellation.ush" 1668
"../../../Engine/Shaders/Private/FlatTessellation.ush" 1669
"../../../Engine/Shaders/Private/PNTriangles.ush" 1670
"../../../Engine/Shaders/Private/VariableRateShading.usf" 1671
"../../../Engine/Shaders/Private/TranslucencyUpsampling.usf" 1672
"../../../Engine/Shaders/Private/SeparateTranslucency.ush" 1673
"../../../Engine/Shaders/Private/TranslucentLightInjectionShaders.usf" 1674
"../../../Engine/Shaders/Private/TranslucentShadowDepthShaders.usf" 1675
"../../../Engine/Shaders/Private/ShadowDepthCommon.ush" 1676
"../../../Engine/Shaders/Private/TiledDeferredLightShaders.usf" 1677
"../../../Engine/Shaders/Private/RayTracing/RayTracingTest.usf" 1678
"../../../Engine/Shaders/Private/SkyAtmosphere.usf" 1679
"../../../Engine/Shaders/Private/MiniFontCommon.ush" 1680
"../../../Engine/Shaders/Private/SingleLayerWaterComposite.usf" 1681
"../../../Engine/Shaders/Private/ReflectionEnvironmentComposite.ush" 1682
"../../../Engine/Shaders/Private/ShadowProjectionPixelShader.usf" 1683
"../../../Engine/Shaders/Private/ShadowPercentageCloserFiltering.ush" 1684
"../../../Engine/Shaders/Private/TransmissionThickness.ush" 1685
"../../../Engine/Shaders/Private/HairStrands/HairStrandsVisibilityCommon.ush" 1686
"../../../Engine/Shaders/Private/HairStrands/HairStrandsVisibilityCommonStruct.ush" 1687
"../../../Engine/Shaders/Private/ShadowProjectionVertexShader.usf" 1688
"../../../Engine/Shaders/Private/CopyShadowMaps.usf" 1689
"../../../Engine/Shaders/Private/ShadowDepthPixelShader.usf" 1690
"../../../Engine/Shaders/Private/LPVListEntry.ush" 1691
"../../../Engine/Shaders/Private/LPVWriteVplCommon.ush" 1692
"../../../Engine/Shaders/Private/LPVWriteCommon.ush" 1693
"../../../Engine/Shaders/Private/LPVCommon.ush" 1694
"../../../Engine/Shaders/Private/ShadowDepthVertexShader.usf" 1695
"../../../Engine/Shaders/Private/ShaderPrintDraw.usf" 1696
"../../../Engine/Shaders/Private/ShaderPrintCommon.ush" 1697
"../../../Engine/Shaders/Private/ShaderComplexityAccumulatePixelShader.usf" 1698
"../../../Engine/Shaders/Private/QuadOverdraw.ush" 1699
"../../../Engine/Shaders/Private/SSRT/SSRTDiffuseIndirect.usf" 1700
"../../../Engine/Shaders/Private/SSRT/SSRTRayCast.ush" 1701
"../../../Engine/Shaders/Private/SSRT/SSRTTileClassificationBuffer.ush" 1702
"../../../Engine/Shaders/Private/SSRT/SSRTReflections.usf" 1703
"../../../Engine/Shaders/Private/ScreenSpaceDenoise/SSDPublic.ush" 1704
"../../../Engine/Shaders/Private/SSRT/SSRTTileClassification.usf" 1705
"../../../Engine/Shaders/Private/SSRT/SSRTPrevFrameReduction.usf" 1706
"../../../Engine/Shaders/Private/ScreenSpaceDenoise/SSDComposeHarmonics.usf" 1707
"../../../Engine/Shaders/Private/ScreenSpaceDenoise/SSDDefinitions.ush" 1708
"../../../Engine/Shaders/Private/ScreenSpaceDenoise/SSDPublicHarmonics.ush" 1709
"../../../Engine/Shaders/Private/LightShaderParameters.ush" 1710
"../../../Engine/Shaders/Private/ScreenSpaceDenoise/SSDSignalFramework.ush" 1711
"../../../Engine/Shaders/Private/ScreenSpaceDenoise/SSDCommon.ush" 1712
"../../../Engine/Shaders/Private/SphericalGaussian.ush" 1713
"../../../Engine/Shaders/Public/WaveBroadcastIntrinsics.ush" 1714
"../../../Engine/Shaders/Private/ScreenSpaceDenoise/SSDMetadata.ush" 1715
"../../../Engine/Shaders/Private/ScreenSpaceDenoise/SSDSignalCore.ush" 1716
"../../../Engine/Shaders/Private/QuasiRandom.ush" 1717
"../../../Engine/Shaders/Private/BlueNoise.ush" 1718
"../../../Engine/Shaders/Private/Halton.ush" 1719
"../../../Engine/Shaders/Private/MortonCode.ush" 1720
"../../../Engine/Shaders/Private/ScreenSpaceDenoise/SSDSignalArray.ush" 1721
"../../../Engine/Shaders/Private/ScreenSpaceDenoise/SSDSignalBufferEncoding.ush" 1722
"../../../Engine/Shaders/Private/ScreenSpaceDenoise/SSDPublicBufferEncoding.ush" 1723
"../../../Engine/Shaders/Private/ScreenSpaceDenoise/SSDTemporalAccumulation.usf" 1724
"../../../Engine/Shaders/Private/ScreenSpaceDenoise/SSDSpatialKernel.ush" 1725
"../../../Engine/Shaders/Private/ScreenSpaceDenoise/SSDSignalAccumulatorArray.ush" 1726
"../../../Engine/Shaders/Private/ScreenSpaceDenoise/SSDSignalAccumulator.ush" 1727
"../../../Engine/Shaders/Private/ScreenSpaceDenoise/SSDSignalCompression.ush" 1728
"../../../Engine/Shaders/Private/TextureSampling.ush" 1729
"../../../Engine/Shaders/Private/ScreenSpaceDenoise/SSDSpatialAccumulation.usf" 1730
"../../../Engine/Shaders/Private/ScreenSpaceDenoise/SSDInjest.usf" 1731
"../../../Engine/Shaders/Private/ScreenSpaceDenoise/SSDCompressMetadata.usf" 1732
"../../../Engine/Shaders/Private/DownsampleDepthPixelShader.usf" 1733
"../../../Engine/Shaders/Private/ScreenPass.usf" 1734
"../../../Engine/Shaders/Private/HZB.usf" 1735
"../../../Engine/Shaders/Private/ReductionCommon.ush" 1736
"../../../Engine/Shaders/Private/HZBOcclusion.usf" 1737
"../../../Engine/Shaders/Private/OcclusionQueryPixelShader.usf" 1738
"../../../Engine/Shaders/Private/OcclusionQueryVertexShader.usf" 1739
"../../../Engine/Shaders/Private/HitProxyPixelShader.usf" 1740
"../../../Engine/Shaders/Private/HitProxyVertexShader.usf" 1741
"../../../Engine/Shaders/Private/ODSCapture.usf" 1742
"../../../Engine/Shaders/Private/SceneCapturePixelShader.usf" 1743
"../../../Engine/Shaders/Private/RequiredTextureResolutionPixelShader.usf" 1744
"../../../Engine/Shaders/Private/RTWriteMaskDecode.usf" 1745
"../../../Engine/Shaders/Private/ReflectionEnvironmentShaders.usf" 1746
"../../../Engine/Shaders/Private/SkyLightingShared.ush" 1747
"../../../Engine/Shaders/Private/RayTracing/VisualizeSkyLightMipTreePS.usf" 1748
"../../../Engine/Shaders/Private/RayTracing/MipTreeCommon.ush" 1749
"../../../Engine/Shaders/Private/RayTracing/CompositeSkyLightPS.usf" 1750
"../../../Engine/Shaders/Private/RayTracing/GenerateSkyLightVisibilityRaysCS.usf" 1751
"../../../Engine/Shaders/Private/RayTracing/RayTracingSkyLightCommon.ush" 1752
"../../../Engine/Shaders/Private/RayTracing/SkyLightVisibilityRaysData.ush" 1753
"../../../Engine/Shaders/Private/PathTracing/Utilities/PathTracingRandomSequence.ush" 1754
"../../../Engine/Shaders/Private/Raytracing/RaytracingSkylightRGS.usf" 1755
"../../../Engine/Shaders/Private/HairStrands/HairStrandsVoxelPageCommonStruct.ush" 1756
"../../../Engine/Shaders/Private/HairStrands/HairStrandsRaytracing.ush" 1757
"../../../Engine/Shaders/Private/HairStrands/HairStrandsVoxelPageCommon.ush" 1758
"../../../Engine/Shaders/Private/HairStrands/HairStrandsVoxelPageTraversal.ush" 1759
"../../../Engine/Shaders/Private/Raytracing/RayTracingSkyLightEvaluation.ush" 1760
"../../../Engine/Shaders/Private/Raytracing/RayTracingDeferredShadingCommon.ush" 1761
"../../../Engine/Shaders/Private/RayTracing/RayTracingOcclusionRGS.usf" 1762
"../../../Engine/Shaders/Private/RayTracing/RayTracingDirectionalLight.ush" 1763
"../../../Engine/Shaders/Private/RayTracing/RayTracingRectLight.ush" 1764
"../../../Engine/Shaders/Private/RayTracing/RayTracingSphereLight.ush" 1765
"../../../Engine/Shaders/Private/RayTracing/RayTracingSpotLight.ush" 1766
"../../../Engine/Shaders/Private/RayTracing/RayTracingDiskLight.ush" 1767
"../../../Engine/Shaders/Private/RayTracing/RayTracingPointLight.ush" 1768
"../../../Engine/Shaders/Private/RayTracing/SplitImaginaryReflectionGBufferCS.usf" 1769
"../../../Engine/Shaders/Private/RayTracing/RayTracingReflectionsCommon.ush" 1770
"../../../Engine/Shaders/Private/RayTracing/RayTracingReflections.usf" 1771
"../../../Engine/Shaders/Private/RayTracing/RayTracingLightingCommon.ush" 1772
"../../../Engine/Shaders/Private/RayTracing/RayTracingLightCullingCommon.ush" 1773
"../../../Engine/Shaders/Private/RayTracing/RayTracingReflectionEnvironment.ush" 1774
"../../../Engine/Shaders/Private/RayTracing/RayTracingPrimaryRays.usf" 1775
"../../../Engine/Shaders/Private/RayTracing/RayTracingMaterialDefaultHitShaders.usf" 1776
"../../../Engine/Shaders/Private/RayTracing/RayTracingMaterialHitShaders.usf" 1777
"../../../Engine/Shaders/Private/LightmapCommon.ush" 1778
"../../../Engine/Shaders/Private/PathTracing/Material/PathTracingFresnel.ush" 1779
"../../../Engine/Shaders/Private/PathTracing/Material/PathTracingThinGlass.ush" 1780
"../../../Engine/Shaders/Private/PathTracing/Material/PathTracingMaterialCommon.ush" 1781
"../../../Engine/Shaders/Private/PathTracing/PathTracingCommon.ush" 1782
"../../../Engine/Shaders/Private/PathTracing/PathTracingDefinitions.ush" 1783
"../../../Engine/Shaders/Private/PathTracing/Material/PathTracingGlossy.ush" 1784
"../../../Engine/Shaders/Private/RayTracing/RayTracingLightingMS.usf" 1785
"../../../Engine/Shaders/Private/RayTracing/GenerateCulledLightListCS.usf" 1786
"../../../Engine/Shaders/Private/RayTracing/RayTracingFinalGatherRGS.usf" 1787
"../../../Engine/Shaders/Private/RayTracing/RayTracingGatherPoints.ush" 1788
"../../../Engine/Shaders/Private/PathTracing/Light/PathTracingLightSampling.ush" 1789
"../../../Engine/Shaders/Private/PathTracing/Light/PathTracingLightCommon.ush" 1790
"../../../Engine/Shaders/Shared/RayTracingTypes.h" 1791
"../../../Engine/Shaders/Shared/PathTracingDefinitions.h" 1792
"../../../Engine/Shaders/Private/PathTracing/Light/PathTracingDirectionalLight.ush" 1793
"../../../Engine/Shaders/Private/PathTracing/Light/PathTracingPointLight.ush" 1794
"../../../Engine/Shaders/Private/PathTracing/Light/PathTracingCapsuleLight.ush" 1795
"../../../Engine/Shaders/Private/PathTracing/Light/PathTracingRectLight.ush" 1796
"../../../Engine/Shaders/Private/PathTracing/Light/PathTracingSkyLight.ush" 1797
"../../../Engine/Shaders/Private/PathTracing/Light/PathTracingSpotLight.ush" 1798
"../../../Engine/Shaders/Private/PathTracing/Material/PathTracingMaterialSampling.ush" 1799
"../../../Engine/Shaders/Private/PathTracing/Material/PathTracingLambert.ush" 1800
"../../../Engine/Shaders/Private/PathTracing/Material/PathTracingRadianceProbe.ush" 1801
"../../../Engine/Shaders/Private/PathTracing/Material/FirstBounceRayGuidingCommon.ush" 1802
"../../../Engine/Shaders/Private/PathTracing/Material/PathTracingSpecularReflection.ush" 1803
"../../../Engine/Shaders/Private/PathTracing/Material/PathTracingSpecularTransmission.ush" 1804
"../../../Engine/Shaders/Private/PathTracing/Material/PathTracingSolidGlass.ush" 1805
"../../../Engine/Shaders/Private/PathTracing/Material/PathTracingDefaultLit.ush" 1806
"../../../Engine/Shaders/Private/PathTracing/Material/PathTracingClearCoat.ush" 1807
"../../../Engine/Shaders/Private/PathTracing/Material/PathTracingTwoSidedFoliage.ush" 1808
"../../../Engine/Shaders/Private/PathTracing/Material/PathTracingCloth.ush" 1809
"../../../Engine/Shaders/Private/PathTracing/Material/PathTracingSubsurfaceProfile.ush" 1810
"../../../Engine/Shaders/Private/RayTracing/RayTracingCreateGatherPointsRGS.usf" 1811
"../../../Engine/Shaders/Private/RayTracing/RayTracingGlobalIlluminationRGS.usf" 1812
"../../../Engine/Shaders/Private/RayTracing/RayTracingDynamicMesh.usf" 1813
"../../../Engine/Shaders/Private/RayTracing/RayTracingDeferredReflections.usf" 1814
"../../../Engine/Shaders/Private/RayTracing/RayTracingDeferredMaterials.ush" 1815
"../../../Engine/Shaders/Shared/ThirdParty/AMD/ags_shader_intrinsics_dx12.h" 1816
"../../../Engine/Shaders/Private/RayTracing/RayTracingDeferredReflections.ush" 1817
"../../../Engine/Shaders/Private/RayTracing/RayTracingReflectionResolve.usf" 1818
"../../../Engine/Shaders/Private/RayTracing/RayTracingReflectionsGenerateRaysCS.usf" 1819
"../../../Engine/Shaders/Private/RayTracing/MaterialSort.usf" 1820
"../../../Engine/Shaders/Private/RayTracing/RayTracingDeferredMaterials.usf" 1821
"../../../Engine/Shaders/Private/RayTracing/RayTracingDebug.usf" 1822
"../../../Engine/Shaders/Shared/RayTracingDebugDefinitions.h" 1823
"../../../Engine/Shaders/Private/RayTracing/RayTracingBarycentrics.usf" 1824
"../../../Engine/Shaders/Private/RayTracing/RayTracingAmbientOcclusionRGS.usf" 1825
"../../../Engine/Shaders/Private/PrimitiveDistanceAccuracyPixelShader.usf" 1826
"../../../Engine/Shaders/Private/VisualizeShadingModels.usf" 1827
"../../../Engine/Shaders/Private/PostProcessCommon.ush" 1828
"../../../Engine/Shaders/Private/TemporalAA/TAAUpdateHistory.usf" 1829
"../../../Engine/Shaders/Private/TemporalAA/TAACommon.ush" 1830
"../../../Engine/Shaders/Private/TemporalAA/TAADilateRejection.usf" 1831
"../../../Engine/Shaders/Private/TemporalAA/TAACompareHistory.usf" 1832
"../../../Engine/Shaders/Private/TemporalAA/TAAFilterFrequencies.usf" 1833
"../../../Engine/Shaders/Private/TemporalAA/TAADecimateHistory.usf" 1834
"../../../Engine/Shaders/Private/TemporalAA/TAADilateVelocity.usf" 1835
"../../../Engine/Shaders/Private/TemporalAA/TAAClearPrevTextures.usf" 1836
"../../../Engine/Shaders/Private/TemporalAA/TAAStandalone.usf" 1837
"../../../Engine/Shaders/Private/FilterPixelShader.usf" 1838
"../../../Engine/Shaders/Private/ScreenPass.ush" 1839
"../../../Engine/Shaders/Private/FilterVertexShader.usf" 1840
"../../../Engine/Shaders/Private/PostProcessVisualizeHDR.usf" 1841
"../../../Engine/Shaders/Private/PostProcessHistogramCommon.ush" 1842
"../../../Engine/Shaders/Private/ShaderComplexityApplyPixelShader.usf" 1843
"../../../Engine/Shaders/Private/PostProcessVisualizeBuffer.usf" 1844
"../../../Engine/Shaders/Private/PostProcessUpscale.usf" 1845
"../../../Engine/Shaders/Private/PostProcessTonemap.usf" 1846
"../../../Engine/Shaders/Private/PostProcessTestImage.usf" 1847
"../../../Engine/Shaders/Private/PostProcessSubsurface.usf" 1848
"../../../Engine/Shaders/Private/SeparableSSS.ush" 1849
"../../../Engine/Shaders/Private/SubsurfaceBurleyNormalized.ush" 1850
"../../../Engine/Shaders/Private/PostProcessSelectionOutline.usf" 1851
"../../../Engine/Shaders/Private/PostProcessPixelProjectedReflectionMobile.usf" 1852
"../../../Engine/Shaders/Private/PostProcessNoiseBlur.usf" 1853
"../../../Engine/Shaders/Private/PostProcessMotionBlur.usf" 1854
"../../../Engine/Shaders/Private/PostProcessVelocityFlatten.usf" 1855
"../../../Engine/Shaders/Private/PostProcessMobile.usf" 1856
"../../../Engine/Shaders/Private/PostProcessMitchellNetravali.usf" 1857
"../../../Engine/Shaders/Private/PostProcessMaterialShaders.usf" 1858
"../../../Engine/Shaders/Private/PostProcessLensFlares.usf" 1859
"../../../Engine/Shaders/Private/ComposeSeparateTranslucency.usf" 1860
"../../../Engine/Shaders/Private/PostProcessHMD.usf" 1861
"../../../Engine/Shaders/Private/PostProcessHistogramReduce.usf" 1862
"../../../Engine/Shaders/Private/PostProcessHistogram.usf" 1863
"../../../Engine/Shaders/Private/PostProcessGBufferHints.usf" 1864
"../../../Engine/Shaders/Private/PostProcessFFTBloom.usf" 1865
"../../../Engine/Shaders/Private/PostProcessEyeAdaptation.usf" 1866
"../../../Engine/Shaders/Private/PostProcessDownsample.usf" 1867
"../../../Engine/Shaders/Private/PostProcessDOF.usf" 1868
"../../../Engine/Shaders/Private/PostProcessDeviceEncodingOnly.usf" 1869
"../../../Engine/Shaders/Private/PostProcessCompositeEditorPrimitives.usf" 1870
"../../../Engine/Shaders/Private/PostProcessCombineLUTs.usf" 1871
"../../../Engine/Shaders/Private/PostProcessVisualizeDOF.usf" 1872
"../../../Engine/Shaders/Private/PostProcessBloom.usf" 1873
"../../../Engine/Shaders/Private/PostProcessAmbientOcclusionMobile.usf" 1874
"../../../Engine/Shaders/Private/PostProcessAmbientOcclusionCommon.ush" 1875
"../../../Engine/Shaders/Private/FXAAShader.usf" 1876
"../../../Engine/Shaders/Private/Fxaa3_11.ush" 1877
"../../../Engine/Shaders/Private/DiaphragmDOF/DOFRecombine.usf" 1878
"../../../Engine/Shaders/Private/DiaphragmDOF/DOFCommon.ush" 1879
"../../../Engine/Shaders/Private/DiaphragmDOF/DOFHybridScatterPixelShader.usf" 1880
"../../../Engine/Shaders/Private/DiaphragmDOF/DOFHybridScatterCommon.ush" 1881
"../../../Engine/Shaders/Private/DiaphragmDOF/DOFHybridScatterVertexShader.usf" 1882
"../../../Engine/Shaders/Private/DiaphragmDOF/DOFPostfiltering.usf" 1883
"../../../Engine/Shaders/Private/DiaphragmDOF/DOFGatherTileSuggest.ush" 1884
"../../../Engine/Shaders/Private/DiaphragmDOF/DOFCocTileCommon.ush" 1885
"../../../Engine/Shaders/Private/DiaphragmDOF/DOFGatherPass.usf" 1886
"../../../Engine/Shaders/Private/DiaphragmDOF/DOFGatherCommon.ush" 1887
"../../../Engine/Shaders/Private/DiaphragmDOF/DOFGatherAccumulator.ush" 1888
"../../../Engine/Shaders/Private/DiaphragmDOF/DOFGatherKernel.ush" 1889
"../../../Engine/Shaders/Private/DiaphragmDOF/DOFBokehLUT.usf" 1890
"../../../Engine/Shaders/Private/DiaphragmDOF/DOFHybridScatterCompilation.usf" 1891
"../../../Engine/Shaders/Private/DiaphragmDOF/DOFReduce.usf" 1892
"../../../Engine/Shaders/Private/DiaphragmDOF/DOFDownsample.ush" 1893
"../../../Engine/Shaders/Private/DiaphragmDOF/DOFHybridScatterCompilation.ush" 1894
"../../../Engine/Shaders/Private/DiaphragmDOF/DOFDownsample.usf" 1895
"../../../Engine/Shaders/Private/DiaphragmDOF/DOFCocTileDilate.usf" 1896
"../../../Engine/Shaders/Private/DiaphragmDOF/DOFCocTileFlatten.usf" 1897
"../../../Engine/Shaders/Private/DiaphragmDOF/DOFSetup.usf" 1898
"../../../Engine/Shaders/Private/PlanarReflectionShaders.usf" 1899
"../../../Engine/Shaders/Private/PlanarReflectionShared.ush" 1900
"../../../Engine/Shaders/Private/PathTracing/PathTracingCompositingPixelShader.usf" 1901
"../../../Engine/Shaders/Private/PathTracing/PathTracingIESAtlas.usf" 1902
"../../../Engine/Shaders/Private/PathTracing/PathTracing.usf" 1903
"../../../Engine/Shaders/Private/PathTracing/Light/PathTracingLightGrid.ush" 1904
"../../../Engine/Shaders/Private/PathTracing/PathTracingCamera.ush" 1905
"../../../Engine/Shaders/Private/PathTracing/Sensor/PathTracingPinholeCamera.ush" 1906
"../../../Engine/Shaders/Private/PathTracing/PathTracingBuildLightGrid.usf" 1907
"../../../Engine/Shaders/Private/PathTracing/PathTracingSkylightMISCompensation.usf" 1908
"../../../Engine/Shaders/Private/PathTracing/PathTracingSkylightPrepare.usf" 1909
"../../../Engine/Shaders/Private/MobileSceneCapture.usf" 1910
"../../../Engine/Shaders/Private/DistortApplyScreenPS.usf" 1911
"../../../Engine/Shaders/Private/MobileDeferredShading.usf" 1912
"../../../Engine/Shaders/Private/MobileShadingModels.ush" 1913
"../../../Engine/Shaders/Private/MobileGGX.ush" 1914
"../../../Engine/Shaders/Private/MobileBasePassPixelShader.usf" 1915
"../../../Engine/Shaders/Private/MobileBasePassCommon.ush" 1916
"../../../Engine/Shaders/Private/SingleLayerWaterShading.ush" 1917
"../../../Engine/Shaders/Private/DistortionCommon.ush" 1918
"../../../Engine/Shaders/Private/MobileBasePassVertexShader.usf" 1919
"../../../Engine/Shaders/Private/MeshTexCoordSizeAccuracyPixelShader.usf" 1920
"../../../Engine/Shaders/Private/MaterialTexCoordScalesPixelShader.usf" 1921
"../../../Engine/Shaders/Private/LightShaftShader.usf" 1922
"../../../Engine/Shaders/Private/StationaryLightOverlapShaders.usf" 1923
"../../../Engine/Shaders/Private/DeferredLightPixelShaders.usf" 1924
"../../../Engine/Shaders/Private/HairStrands/HairStrandsCommon.ush" 1925
"../../../Engine/Shaders/Private/HairStrands/HairStrandsDeepTransmittanceCommon.ush" 1926
"../../../Engine/Shaders/Private/HairStrands/HairStrandsDeepTransmittanceDualScattering.ush" 1927
"../../../Engine/Shaders/Private/DeferredLightVertexShaders.usf" 1928
"../../../Engine/Shaders/Private/LPVVisualise.usf" 1929
"../../../Engine/Shaders/Private/LPVGeometryVolumeCommon.ush" 1930
"../../../Engine/Shaders/Private/LPVDirectLightInject.usf" 1931
"../../../Engine/Shaders/Private/LPVPropagate.usf" 1932
"../../../Engine/Shaders/Private/LPVPacking.ush" 1933
"../../../Engine/Shaders/Private/LPVBuildGeometryVolume.usf" 1934
"../../../Engine/Shaders/Private/LPVDirectionalOcclusion.usf" 1935
"../../../Engine/Shaders/Private/LPVInject_AccumulateVplLists.usf" 1936
"../../../Engine/Shaders/Private/LPVInject_GenerateVplLists.usf" 1937
"../../../Engine/Shaders/Private/LPVClearLists.usf" 1938
"../../../Engine/Shaders/Private/LPVClear.usf" 1939
"../../../Engine/Shaders/Private/LightMapDensityShader.usf" 1940
"../../../Engine/Shaders/Private/LightGridInjection.usf" 1941
"../../../Engine/Shaders/Private/LightFunctionPixelShader.usf" 1942
"../../../Engine/Shaders/Private/LightFunctionVertexShader.usf" 1943
"../../../Engine/Shaders/Private/ReflectionEnvironmentPixelShader.usf" 1944
"../../../Engine/Shaders/Private/AmbientCubemapComposite.usf" 1945
"../../../Engine/Shaders/Private/DiffuseIndirectComposite.usf" 1946
"../../../Engine/Shaders/Private/HeightfieldLighting.usf" 1947
"../../../Engine/Shaders/Private/DistanceFieldLightingShared.ush" 1948
"../../../Engine/Shaders/Private/DistanceFieldShadowingShared.ush" 1949
"../../../Engine/Shaders/Private/HeightfieldLightingShared.ush" 1950
"../../../Engine/Shaders/Private/HdrCustomResolveShaders.usf" 1951
"../../../Engine/Shaders/Private/HairStrands/HairStrandsVoxelMip.usf" 1952
"../../../Engine/Shaders/Private/HairStrands/HairStrandsVoxelRasterCompute.usf" 1953
"../../../Engine/Shaders/Private/HairStrands/HairStrandsVoxelPageAllocation.usf" 1954
"../../../Engine/Shaders/Private/Matrices.ush" 1955
"../../../Engine/Shaders/Private/HairStrands/HairStrandsAABBCommon.ush" 1956
"../../../Engine/Shaders/Private/HairStrands/HairStrandsVoxelOpaque.usf" 1957
"../../../Engine/Shaders/Private/HairStrands/HairStrandsVisibilityRasterCompute.usf" 1958
"../../../Engine/Shaders/Shared/ThirdParty/NVIDIA/nvHLSLExtns.h" 1959
"../../../Engine/Shaders/Shared/ThirdParty/NVIDIA/nvHLSLExtnsInternal.h" 1960
"../../../Engine/Shaders/Shared/ThirdParty/NVIDIA/nvShaderExtnEnums.h" 1961
"../../../Engine/Shaders/Shared/ThirdParty/AMD/ags_shader_intrinsics_dx11.h" 1962
"../../../Engine/Shaders/Private/HairStrands/HairStrandsCoverage.usf" 1963
"../../../Engine/Shaders/Private/HairStrands/HairStrandsVisibilityDepthPS.usf" 1964
"../../../Engine/Shaders/Private/HairStrands/HairStrandsVisibilityTransmittanceDepthPS.usf" 1965
"../../../Engine/Shaders/Private/HairStrands/HairStrandsVisibilityFillOpaqueDepthPS.usf" 1966
"../../../Engine/Shaders/Private/HairStrands/HairStrandsVisibilityTile.usf" 1967
"../../../Engine/Shaders/Private/HairStrands/HairStrandsVisibilityCompactionComputeRaster.usf" 1968
"../../../Engine/Shaders/Private/HairStrands/HairStrandsVisibilityCompaction.usf" 1969
"../../../Engine/Shaders/Private/HairStrands/HairStrandsVisibilityCopyIndirectArg.usf" 1970
"../../../Engine/Shaders/Private/HairStrands/HairStrandsVisibilityClearPS.usf" 1971
"../../../Engine/Shaders/Private/HairStrands/HairStrandsVisibilityPS.usf" 1972
"../../../Engine/Shaders/Private/HairStrands/HairStrandsVisibilityVS.usf" 1973
"../../../Engine/Shaders/Private/HairStrands/HairStrandsLightChannelMask.usf" 1974
"../../../Engine/Shaders/Private/HairStrands/HairStrandsVelocity.usf" 1975
"../../../Engine/Shaders/Private/HairStrands/HairStrandsVisibilityComputeSampleCoverage.usf" 1976
"../../../Engine/Shaders/Private/HairStrands/HairStrandsMaterialPS.usf" 1977
"../../../Engine/Shaders/Private/HairStrands/HairStrandsMaterialCommon.ush" 1978
"../../../Engine/Shaders/Private/HairStrands/HairStrandsMaterialVS.usf" 1979
"../../../Engine/Shaders/Private/HairStrands/HairStrandsMaterialGBufferPS.usf" 1980
"../../../Engine/Shaders/Private/HairStrands/HairStrandsGBufferCommon.ush" 1981
"../../../Engine/Shaders/Private/HairStrands/HairStrandsMaterialGBufferVS.usf" 1982
"../../../Engine/Shaders/Private/HairStrands/HairStrandsLightSample.usf" 1983
"../../../Engine/Shaders/Private/HairStrands/HairStrandsDeepShadowMask.usf" 1984
"../../../Engine/Shaders/Private/HairStrands/HairStrandsDeepShadowCommonStruct.ush" 1985
"../../../Engine/Shaders/Private/HairStrands/HairStrandsDebugCommon.ush" 1986
"../../../Engine/Shaders/Private/HairStrands/HairStrandsDeepShadowCommon.ush" 1987
"../../../Engine/Shaders/Private/HairStrands/HairStrandsDeepTransmittanceMask.usf" 1988
"../../../Engine/Shaders/Private/HairStrands/HairScatter.usf" 1989
"../../../Engine/Shaders/Private/HairStrands/HairScatterCompose.usf" 1990
"../../../Engine/Shaders/Private/HairStrands/HairStrandsDeepShadowPS.usf" 1991
"../../../Engine/Shaders/Private/HairStrands/HairStrandsDeepShadowVS.usf" 1992
"../../../Engine/Shaders/Private/HairStrands/HairStrandsLUT.usf" 1993
"../../../Engine/Shaders/Private/HairStrands/HairStrandsEnvironmentLighting.usf" 1994
"../../../Engine/Shaders/Private/HairStrands/HairStrandsEnvironmentLightingCommon.ush" 1995
"../../../Engine/Shaders/Private/HairStrands/HairStrandsDebugCommonStruct.ush" 1996
"../../../Engine/Shaders/Private/HairStrands/HairStrandsEnvironmentAO.usf" 1997
"../../../Engine/Shaders/Private/HairStrands/HairStrandsDeepShadowAllocation.usf" 1998
"../../../Engine/Shaders/Private/HairStrands/HairStrandsVoxelDepthInjection.usf" 1999
"../../../Engine/Shaders/Private/HairStrands/HairStrandsClusterCulling.usf" 2000
"../../../Engine/Shaders/Private/HairStrands/HairStrandsClusterCommon.ush" 2001
"../../../Engine/Shaders/Private/HairStrands/HairStrandsVisibilityPPLLDebug.usf" 2002
"../../../Engine/Shaders/Private/HairStrands/HairStrandsBsdfPlot.usf" 2003
"../../../Engine/Shaders/Private/HairStrands/HairStrandsVoxelPageRayMarching.usf" 2004
"../../../Engine/Shaders/Private/HairStrands/HairStrandsDeepShadowDebug.usf" 2005
"../../../Engine/Shaders/Private/HairStrands/HairStrandsDebug.usf" 2006
"../../../Engine/Shaders/Private/HairStrands/HairStrandsDebugPrint.usf" 2007
"../../../Engine/Shaders/Private/HairStrands/HairStrandsGBufferWrite.usf" 2008
"../../../Engine/Shaders/Private/HairStrands/HairStrandsVisibilityComposeSubPixelPS.usf" 2009
"../../../Engine/Shaders/Private/HairStrands/HairStrandsAABB.usf" 2010
"../../../Engine/Shaders/Private/GPUFastFourierTransform.usf" 2011
"../../../Engine/Shaders/Private/GPUFastFourierTransform2DCore.ush" 2012
"../../../Engine/Shaders/Private/GPUFastFourierTransformCore.ush" 2013
"../../../Engine/Shaders/Private/ShaderDrawDebug.usf" 2014
"../../../Engine/Shaders/Private/GPUBenchmark.usf" 2015
"../../../Engine/Shaders/Private/GlobalDistanceField.usf" 2016
"../../../Engine/Shaders/Private/GammaCorrection.usf" 2017
"../../../Engine/Shaders/Private/HeightFogPixelShader.usf" 2018
"../../../Engine/Shaders/Private/HeightFogVertexShader.usf" 2019
"../../../Engine/Shaders/Private/DistortAccumulatePS.usf" 2020
"../../../Engine/Shaders/Private/DistortAccumulateVS.usf" 2021
"../../../Engine/Shaders/Private/DistanceFieldVisualization.usf" 2022
"../../../Engine/Shaders/Private/DistanceFieldShadowing.usf" 2023
"../../../Engine/Shaders/Private/DistanceFieldScreenGridLighting.usf" 2024
"../../../Engine/Shaders/Private/DistanceFieldObjectCulling.usf" 2025
"../../../Engine/Shaders/Private/DistanceFieldLightingPost.usf" 2026
"../../../Engine/Shaders/Private/DitheredTransitionStencil.usf" 2027
"../../../Engine/Shaders/Private/DepthOnlyPixelShader.usf" 2028
"../../../Engine/Shaders/Private/DepthOnlyVertexShader.usf" 2029
"../../../Engine/Shaders/Private/PositionOnlyDepthVertexShader.usf" 2030
"../../../Engine/Shaders/Private/DeferredDecal.usf" 2031
"../../../Engine/Shaders/Private/DecalCommon.ush" 2032
"../../../Engine/Shaders/Private/DBufferDecalShared.ush" 2033
"../../../Engine/Shaders/Private/DebugViewModeVertexShader.usf" 2034
"../../../Engine/Shaders/Private/PostProcessPassThrough.usf" 2035
"../../../Engine/Shaders/Private/MeshDecals.usf" 2036
"../../../Engine/Shaders/Private/PostProcessLpvIndirect.usf" 2037
"../../../Engine/Shaders/Private/LPVFinalPass.ush" 2038
"../../../Engine/Shaders/Private/PostProcessAmbientOcclusion.usf" 2039
"../../../Engine/Shaders/Private/ClusteredDeferredShadingPixelShader.usf" 2040
"../../../Engine/Shaders/Private/CapsuleShadowShaders.usf" 2041
"../../../Engine/Shaders/Private/BasePassPixelShader.usf" 2042
"../../../Engine/Shaders/Private/BasePassCommon.ush" 2043
"../../../Engine/Shaders/Private/ShadingModelsMaterial.ush" 2044
"../../../Engine/Shaders/Private/ThinTranslucentCommon.ush" 2045
"../../../Engine/Shaders/Private/ForwardLightingCommon.ush" 2046
"../../../Engine/Shaders/Private/BasePassTessellationShaders.usf" 2047
"../../../Engine/Shaders/Private/BasePassVertexCommon.ush" 2048
"../../../Engine/Shaders/Private/BasePassVertexShader.usf" 2049
"../../../Engine/Shaders/Private/AtmospherePrecomputeInscatter.usf" 2050
"../../../Engine/Shaders/Private/AtmospherePrecomputeCommon.ush" 2051
"../../../Engine/Shaders/Private/AtmospherePrecompute.usf" 2052
"../../../Engine/Shaders/Private/AtmosphericFogShader.usf" 2053
"../../../Engine/Shaders/Private/AnisotropyPassShader.usf" 2054
"../../../Engine/Shaders/Private/SimpleElementVolumeTexturePreviewPixelShader.usf" 2055
"../../../Engine/Shaders/Private/SimpleElementTexture2DPreviewPixelShader.usf" 2056
"../../../Engine/Shaders/Private/SimpleElementNormalMapPixelShader.usf" 2057
"../../../Engine/Shaders/Private/meshpaintdilatepixelshader.usf" 2058
"../../../Engine/Shaders/Private/meshpaintdilatevertexshader.usf" 2059
"../../../Engine/Shaders/Private/MeshPaintPixelShader.usf" 2060
"../../../Engine/Shaders/Private/MeshPaintVertexShader.usf" 2061
"../../../Engine/Shaders/Private/Tools/VisualizeTexture.usf" 2062
"../../../Engine/Shaders/Private/ByteBuffer.usf" 2063
"../../../Engine/Shaders/Private/ResolveVertexShader.usf" 2064
"../../../Engine/Shaders/Private/ResolvePixelShader.usf" 2065
"../../../Engine/Shaders/Private/Tools/ClearUAV.usf" 2066
"../../../Engine/Shaders/Private/ClearReplacementShaders.usf" 2067
"../../../Engine/Shaders/Private/Raytracing/RayTracingInstanceCopy.usf" 2068
"../../../Engine/Shaders/Private/RenderGraphUtilities.usf" 2069
"../../../Engine/Shaders/Private/OneColorShader.usf" 2070
"../../../Engine/Shaders/Private/OculusShaders.usf" 2071
"../../../Engine/Shaders/Private/MediaShaders.usf" 2072
"../../../Engine/Shaders/Private/NullPixelShader.usf" 2073
"../../../Engine/Shaders/Private/ComputeGenerateMips.usf" 2074
"../../../Engine/Shaders/Private/CopyTextureShaders.usf" 2075
"../../../Engine/Shaders/Private/Tools/FullscreenVertexShader.usf" 2076
"../../../Engine/Shaders/Private/RayTracing/RayTracingBuiltInShaders.usf" 2077
"C:/Users/minukey/AppData/Local/UnrealEngine/4.27/DerivedDataCache/Boot.ddc" 2078
"../../../Engine/DerivedDataCache/Compressed.ddp" 2079
"C:/Users/minukey/AppData/Local/UnrealEngine/Common/DerivedDataCache/TestData/0/TestData_4kb.dat" 2080
"C:/Users/minukey/AppData/Local/UnrealEngine/Common/DerivedDataCache/TestData/1/TestData_4kb.dat" 2081
"C:/Users/minukey/AppData/Local/UnrealEngine/Common/DerivedDataCache/TestData/0/TestData_8kb.dat" 2082
"C:/Users/minukey/AppData/Local/UnrealEngine/Common/DerivedDataCache/TestData/1/TestData_8kb.dat" 2083
"C:/Users/minukey/AppData/Local/UnrealEngine/Common/DerivedDataCache/TestData/0/TestData_16kb.dat" 2084
"C:/Users/minukey/AppData/Local/UnrealEngine/Common/DerivedDataCache/TestData/1/TestData_16kb.dat" 2085
"C:/Users/minukey/AppData/Local/UnrealEngine/Common/DerivedDataCache/TestData/0/TestData_64kb.dat" 2086
"C:/Users/minukey/AppData/Local/UnrealEngine/Common/DerivedDataCache/TestData/1/TestData_64kb.dat" 2087
"C:/Users/minukey/AppData/Local/UnrealEngine/Common/DerivedDataCache/TestData/0/TestData_128kb.dat" 2088
"C:/Users/minukey/AppData/Local/UnrealEngine/Common/DerivedDataCache/TestData/1/TestData_128kb.dat" 2089
"C:/Users/minukey/AppData/Local/UnrealEngine/Common/DerivedDataCache/TestData/0/TestData_256kb.dat" 2090
"C:/Users/minukey/AppData/Local/UnrealEngine/Common/DerivedDataCache/TestData/1/TestData_256kb.dat" 2091
"../../../Engine/Content/EditorResources/S_Actor.uasset" 2092
"../../../Engine/Content/EngineResources/WhiteSquareTexture.uasset" 2093
"../../../Engine/Content/EngineResources/GradientTexture0.uasset" 2094
"../../../Engine/Content/EngineResources/Black.uasset" 2095
"../../../Engine/Content/EngineMeshes/Sphere.uasset" 2096
"../../../Engine/Content/EditorMaterials/MatineeGroups/MAT_Groups_Float.uasset" 2097
"../../../Engine/Content/EditorMaterials/MatineeGroups/MAT_Groups_Anim.uasset" 2098
"../../../Engine/Content/EditorMaterials/MatineeGroups/MAT_Groups_AudioMaster.uasset" 2099
"../../../Engine/Content/EditorMaterials/MatineeGroups/MAT_ColorTrack.uasset" 2100
"../../../Engine/Content/EditorMaterials/MatineeGroups/MAT_Groups_Fade.uasset" 2101
"../../../Engine/Content/EditorMaterials/MatineeGroups/MAT_Groups_Director.uasset" 2102
"../../../Engine/Content/EditorMaterials/MatineeGroups/MAT_Groups_Event.uasset" 2103
"../../../Engine/Content/EditorMaterials/MatineeGroups/MAT_Groups_Move.uasset" 2104
"../../../Engine/Content/EditorMaterials/MatineeGroups/MAT_Groups_Slomo.uasset" 2105
"../../../Engine/Content/EditorMaterials/MatineeGroups/MAT_Groups_Sound.uasset" 2106
"../../../Engine/Content/EditorMaterials/MAT_Groups_Toggle.uasset" 2107
"../../../Engine/Content/EditorMaterials/MatineeGroups/MAT_Groups_Vector.uasset" 2108
"../../../Engine/Content/EditorMaterials/MAT_Groups_Visibility.uasset" 2109
"../../../Engine/Content/EngineResources/DefaultTexture.uasset" 2110
"../../../Engine/Content/EngineResources/DefaultTextureCube.uasset" 2111
"../../../Engine/Content/EngineResources/DefaultVolumeTexture.uasset" 2112
"../../../Engine/Content/EngineResources/DefaultVolumeTexture2D.uasset" 2113
"../../../Engine/Content/EngineFonts/RobotoDistanceField.uasset" 2114
"../../../Engine/Content/EngineMaterials/DefaultTextMaterialOpaque.uasset" 2115
"../../../Engine/Content/Functions/Engine_MaterialFunctions01/Shading/PowerToRoughness.uasset" 2116
"../../../Engine/Content/Functions/Engine_MaterialFunctions01/Shading/ConvertFromDiffSpec.uasset" 2117
"../../../Engine/Content/EngineMaterials/WorldGridMaterial.uasset" 2118
"../../../Engine/Content/Functions/Engine_MaterialFunctions01/Opacity/CameraDepthFade.uasset" 2119
"../../../Engine/Content/EngineMaterials/T_Default_Material_Grid_M.uasset" 2120
"../../../Engine/Content/EngineMaterials/T_Default_Material_Grid_N.uasset" 2121
"../../../Engine/Content/EngineMaterials/DefaultDeferredDecalMaterial.uasset" 2122
"../../../Engine/Content/EngineMaterials/DefaultDiffuse.uasset" 2123
"../../../Engine/Content/EngineMaterials/DefaultLightFunctionMaterial.uasset" 2124
"../../../Engine/Content/EngineMaterials/DefaultPostProcessMaterial.uasset" 2125
"../../../Engine/Content/Functions/Engine_MaterialFunctions02/Utility/BreakOutFloat2Components.uasset" 2126
"../../../Engine/Content/EditorResources/S_Trigger.uasset" 2127
"../../../Engine/Content/EngineSky/VolumetricClouds/m_SimpleVolumetricCloud_Inst.uasset" 2128
"../../../Engine/Content/EngineSky/VolumetricClouds/m_SimpleVolumetricCloud.uasset" 2129
"../../../Engine/Content/Functions/Engine_MaterialFunctions02/Utility/MakeFloat2.uasset" 2130
"../../../Engine/Content/EngineSky/VolumetricClouds/CloudGradientTexture.uasset" 2131
"../../../Engine/Content/EngineSky/VolumetricClouds/CloudWeatherTexture.uasset" 2132
"../../../Engine/Content/EngineSky/VolumetricClouds/T_VolumeNoiseErosion32.uasset" 2133
"../../../Engine/Content/EngineSky/VolumetricClouds/T_NoiseErosion.uasset" 2134
"../../../Engine/Content/EngineSky/VolumetricClouds/T_VolumeNoiseShape64.uasset" 2135
"../../../Engine/Content/EngineSky/VolumetricClouds/T_NoiseShape64.uasset" 2136
"../../../Engine/Content/EngineMaterials/BaseFlattenMaterial.uasset" 2137
"../../../Engine/Content/EngineMaterials/BaseFlattenDiffuseMap.uasset" 2138
"../../../Engine/Content/EngineMaterials/BaseFlattenEmissiveMap.uasset" 2139
"../../../Engine/Content/EngineMaterials/BaseFlattenGrayscaleMap.uasset" 2140
"../../../Engine/Content/EngineMaterials/BaseFlattenNormalMap.uasset" 2141
"../../../Engine/Content/EngineDamageTypes/DmgTypeBP_Environmental.uasset" 2142
"../../../Engine/Content/VREditor/TransformGizmo/SM_Sequencer_Key.uasset" 2143
"../../../Engine/Content/VREditor/TransformGizmo/Main.uasset" 2144
"../../../Engine/Content/VREditor/TransformGizmo/Xray.uasset" 2145
"../../../Engine/Content/EngineMaterials/Widget3DPassThrough_Translucent.uasset" 2146
"../../../Engine/Content/EngineMaterials/Widget3DPassThrough.uasset" 2147
"../../../Engine/Config/TVOS/TVOSEngine.ini" 2148
"../../../Engine/Content/EngineMaterials/Widget3DPassThrough_Translucent_OneSided.uasset" 2149
"../../../Engine/Content/EngineMaterials/Widget3DPassThrough_Opaque.uasset" 2150
"../../../Engine/Content/EngineMaterials/Widget3DPassThrough_Opaque_OneSided.uasset" 2151
"../../../Engine/Content/EngineMaterials/Widget3DPassThrough_Masked.uasset" 2152
"../../../Engine/Content/EngineMaterials/Widget3DPassThrough_Masked_OneSided.uasset" 2153
"../../../Engine/Content/VREditor/TransformGizmo/PlaneTranslationHandle.uasset" 2154
"../../../Engine/Content/VREditor/TransformGizmo/TransformGizmoMaterial.uasset" 2155
"../../../Engine/Content/VREditor/LaserPointer/VR_LaserPower_01.uasset" 2156
"../../../Engine/Content/VREditor/TransformGizmo/TranslucentTransformGizmoMaterial.uasset" 2157
"../../../Engine/Content/VREditor/TransformGizmo/BoundingBoxCorner.uasset" 2158
"../../../Engine/Content/VREditor/TransformGizmo/BoundingBoxEdge.uasset" 2159
"../../../Engine/Content/EditorMeshes/Camera/SM_CraneRig_Base.uasset" 2160
"../../../Engine/Content/EditorMaterials/Camera/MI_CineMat_Rig.uasset" 2161
"../../../Engine/Content/EditorMaterials/Camera/CineMat.uasset" 2162
"../../../Engine/Content/EditorMeshes/Camera/SM_CraneRig_Arm.uasset" 2163
"../../../Engine/Content/EditorMeshes/Camera/SM_CraneRig_Mount.uasset" 2164
"../../../Engine/Content/EditorMeshes/Camera/SM_CraneRig_Body.uasset" 2165
"../../../Engine/Content/EditorMeshes/Camera/SM_RailRig_Track.uasset" 2166
"../../../Engine/Content/EditorMeshes/Camera/SM_RailRig_Mount.uasset" 2167
"../../../Engine/Content/ArtTools/RenderToTexture/Meshes/S_1_Unit_Plane.uasset" 2168
"../../../Engine/Content/EngineDebugMaterials/M_SimpleUnlitTranslucent.uasset" 2169
"../../../Engine/Content/EngineFonts/Roboto.uasset" 2170
"../../../Engine/Content/EngineFonts/Faces/DroidSansFallback.uasset" 2171
"../../../Engine/Content/EngineFonts/Faces/RobotoBold.uasset" 2172
"../../../Engine/Content/EngineFonts/Faces/RobotoBoldItalic.uasset" 2173
"../../../Engine/Content/EngineFonts/Faces/RobotoItalic.uasset" 2174
"../../../Engine/Content/EngineFonts/Faces/RobotoLight.uasset" 2175
"../../../Engine/Content/EngineFonts/Faces/RobotoRegular.uasset" 2176
"../../../Engine/Content/EditorMaterials/ParticleSystems/PSysThumbnail_NoImage.uasset" 2177
"../../../Engine/Content/EditorMaterials/ParticleSystems/PSysThumbnail_OOD.uasset" 2178
"../../../Engine/Content/Maps/Templates/Thumbnails/Default.uasset" 2179
"../../../Engine/Content/Maps/Templates/Thumbnails/TimeOfDay.uasset" 2180
"../../../Engine/Content/Maps/Templates/Thumbnails/VR-Basic.uasset" 2181
"../../../Engine/Content/EditorLandscapeResources/DataLayer.uasset" 2182
"../../../Engine/Content/VREditor/TransformGizmo/SM_Sequencer_Node.uasset" 2183
"../../../Engine/Content/Internationalization/icudt64l/coll/ucadata.icu" 2184
"../../../Engine/Content/Internationalization/icudt64l/coll/en.res" 2185
"../../../Engine/Content/Internationalization/icudt64l/coll/root.res" 2186
"../../../Engine/Content/Tutorial/Basics/LevelEditorAttract.uasset" 2187
"../../../Engine/Content/Tutorial/Installation/InstallingVisualStudioTutorial.uasset" 2188
"../../../Engine/Content/Tutorial/BlueprintTutorials/BlueprintEditorTutorial.uasset" 2189
"../../../Engine/Content/Tutorial/BlueprintTutorials/TutorialAssets/Blueprint_64x.uasset" 2190
"../../../Engine/Content/Tutorial/ContentIntroCurve.uasset" 2191
"../../Plugins/2D/Paper2D/Content/MaskedUnlitSpriteMaterial.uasset" 2192
"../../Plugins/2D/Paper2D/Content/DefaultSpriteMaterial.uasset" 2193
"../../Plugins/2D/Paper2D/Content/PlaceholderTextures/DummySpriteTexture.uasset" 2194
"../../Plugins/2D/Paper2D/Content/OpaqueUnlitSpriteMaterial.uasset" 2195
"../../Plugins/2D/Paper2D/Content/DefaultPaperTerrainMaterial.uasset" 2196
"../../Plugins/2D/Paper2D/Content/DummySprite.uasset" 2197
"../../Plugins/Lumin/MagicLeapPassableWorld/Content/MagicLeapARPinInfoActor.uasset" 2198
"../../../Engine/Content/ArtTools/RenderToTexture/Materials/Debug/M_Emissive_Color.uasset" 2199
"../../../Engine/Content/BasicShapes/Cylinder.uasset" 2200
"../../../Engine/Content/EngineMaterials/DefaultMaterial.uasset" 2201
"../../../Engine/Content/EngineDebugMaterials/VertexColorMaterial.uasset" 2202
"../../../Engine/Content/EngineDebugMaterials/WireframeMaterial.uasset" 2203
"../../../Engine/Content/EngineMeshes/Cylinder.uasset" 2204
"C:/Users/minukey/AppData/Local/UnrealEngine/4.27/Saved/Config/Windows/SourceControlSettings.ini" 2205
"../../Plugins/Editor/SpeedTreeImporter/Content/SpeedTree9/SpeedTreeMaster.uasset" 2206
"../../../Engine/Content/Functions/Engine_MaterialFunctions02/ObjectLocalBounds.uasset" 2207
"../../../Engine/Content/Functions/Engine_MaterialFunctions02/SafeNormalize.uasset" 2208
"../../../Engine/Content/Functions/Engine_MaterialFunctions02/Utility/BreakOutFloat3Components.uasset" 2209
"../../../Engine/Content/Functions/Engine_MaterialFunctions02/Utility/VectorLength.uasset" 2210
"../../../Engine/Content/Functions/Engine_MaterialFunctions02/UVs/BoundingBoxBased_0-1_UVW.uasset" 2211
"../../../Engine/Content/Functions/Engine_MaterialFunctions02/WorldPositionOffset/ObjectScale.uasset" 2212
"../../Plugins/Editor/SpeedTreeImporter/Content/SpeedTree9/SpeedTreeBranchMotion.uasset" 2213
"../../Plugins/Editor/SpeedTreeImporter/Content/SpeedTree9/SpeedTreeWindMotion.uasset" 2214
"../../Plugins/Editor/SpeedTreeImporter/Content/SpeedTree9/game_wind_noise.uasset" 2215
"../../Plugins/Editor/SpeedTreeImporter/Content/SpeedTree9/UnpackDirection.uasset" 2216
"../../Plugins/Editor/SpeedTreeImporter/Content/SpeedTree9/UnpackInteger3.uasset" 2217
"../../Plugins/Editor/SpeedTreeImporter/Content/SpeedTree9/SpeedTreeCameraFacing.uasset" 2218
"../../Plugins/Editor/SpeedTreeImporter/Content/SpeedTree9/SpeedTreeWind.uasset" 2219
"../../Plugins/Editor/SpeedTreeImporter/Content/SpeedTree9/Empty.uasset" 2220
"../../Plugins/Editor/SpeedTreeImporter/Content/SpeedTree9/EmptyNormal.uasset" 2221
"../../Plugins/Editor/SpeedTreeImporter/Content/SpeedTree9/SpeedTreeBillboardMaster.uasset" 2222
"../../Plugins/Editor/SpeedTreeImporter/Content/SpeedTree9/SpeedTreeBillboard.uasset" 2223
"../../../Engine/Content/EditorResources/S_Solver.uasset" 2224
"../../../Engine/Content/EditorResources/S_Note.uasset" 2225
"../../../Engine/Content/EngineDebugMaterials/VolumeToRender.uasset" 2226
"../../../Engine/Content/EngineDebugMaterials/M_VolumeRenderSphereTracePP.uasset" 2227
"../../../Engine/Content/Functions/Engine_MaterialFunctions02/Utility/CameraDirectionVector.uasset" 2228
"../../Plugins/Runtime/OpenXR/Content/Devices/GoogleDaydream/GoogleDaydreamController.uasset" 2229
"../../Plugins/Runtime/OpenXR/Content/Devices/GoogleDaydream/MI_GoogleDaydream.uasset" 2230
"../../Plugins/Runtime/OpenXR/Content/Devices/M_XRController.uasset" 2231
"../../Plugins/Runtime/OpenXR/Content/Devices/GoogleDaydream/BaseTexture.uasset" 2232
"../../Plugins/Runtime/OpenXR/Content/Devices/GoogleDaydream/MRTexture.uasset" 2233
"../../Plugins/Runtime/OpenXR/Content/Devices/HTCVive/HTCViveController.uasset" 2234
"../../Plugins/Runtime/OpenXR/Content/Devices/HTCVive/MI_HTCVive.uasset" 2235
"../../Plugins/Runtime/OpenXR/Content/Devices/HTCVive/BaseTexture.uasset" 2236
"../../Plugins/Runtime/OpenXR/Content/Devices/MicrosoftMixedReality/Left/left_MicrosoftMixedRealityController.uasset" 2237
"../../Plugins/Runtime/OpenXR/Content/Devices/MicrosoftMixedReality/MI_MicrosoftMixedReality.uasset" 2238
"../../Plugins/Runtime/OpenXR/Content/Devices/MicrosoftMixedReality/BaseTexture.uasset" 2239
"../../Plugins/Runtime/OpenXR/Content/Devices/MicrosoftMixedReality/EmissiveTexture.uasset" 2240
"../../Plugins/Runtime/OpenXR/Content/Devices/MicrosoftMixedReality/MRTexture.uasset" 2241
"../../Plugins/Runtime/OpenXR/Content/Devices/MicrosoftMixedReality/NormalTexture.uasset" 2242
"../../Plugins/Runtime/OpenXR/Content/Devices/MicrosoftMixedReality/Right/right_MicrosoftMixedRealityController.uasset" 2243
"../../Plugins/Runtime/OpenXR/Content/Devices/OculusGo/OculusGoController.uasset" 2244
"../../Plugins/Runtime/OpenXR/Content/Devices/OculusGo/MI_OculusGo.uasset" 2245
"../../Plugins/Runtime/OpenXR/Content/Devices/OculusGo/BaseTexture.uasset" 2246
"../../Plugins/Runtime/OpenXR/Content/Devices/OculusTouch/Left/left_OculusTouchController.uasset" 2247
"../../Plugins/Runtime/OpenXR/Content/Devices/OculusTouch/MI_OculusTouch.uasset" 2248
"../../Plugins/Runtime/OpenXR/Content/Devices/OculusTouch/BaseTexture.uasset" 2249
"../../Plugins/Runtime/OpenXR/Content/Devices/OculusTouch/MRTexture.uasset" 2250
"../../Plugins/Runtime/OpenXR/Content/Devices/OculusTouch/Right/right_OculusTouchController.uasset" 2251
"../../Plugins/Runtime/OpenXR/Content/Devices/ValveIndex/Left/left_ValveIndexController.uasset" 2252
"../../Plugins/Runtime/OpenXR/Content/Devices/ValveIndex/Left/MI_left_ValveIndex.uasset" 2253
"../../Plugins/Runtime/OpenXR/Content/Devices/ValveIndex/BaseTexture.uasset" 2254
"../../Plugins/Runtime/OpenXR/Content/Devices/ValveIndex/MRTexture.uasset" 2255
"../../Plugins/Runtime/OpenXR/Content/Devices/ValveIndex/Right/right_ValveIndexController.uasset" 2256
"../../Plugins/Runtime/OpenXR/Content/Devices/ValveIndex/Right/MI_right_ValveIndex.uasset" 2257
"../../Plugins/Runtime/OpenXR/Content/Devices/OculusTouch_v2/Left/left_OculusTouch_v2Controller.uasset" 2258
"../../Plugins/Runtime/OpenXR/Content/Devices/OculusTouch_v2/MI_OculusTouch_v2.uasset" 2259
"../../Plugins/Runtime/OpenXR/Content/Devices/OculusTouch_v2/BaseTexture.uasset" 2260
"../../Plugins/Runtime/OpenXR/Content/Devices/OculusTouch_v2/MRTexture.uasset" 2261
"../../Plugins/Runtime/OpenXR/Content/Devices/OculusTouch_v2/Right/right_OculusTouch_v2Controller.uasset" 2262
"../../Plugins/Runtime/OpenXR/Content/Devices/OculusTouch_v3/Left/left_OculusTouch_v3Controller.uasset" 2263
"../../Plugins/Runtime/OpenXR/Content/Devices/OculusTouch_v3/MI_OculusTouch_v3.uasset" 2264
"../../Plugins/Runtime/OpenXR/Content/Devices/OculusTouch_v3/BaseTexture.uasset" 2265
"../../Plugins/Runtime/OpenXR/Content/Devices/OculusTouch_v3/MRTexture.uasset" 2266
"../../Plugins/Runtime/OpenXR/Content/Devices/OculusTouch_v3/Right/right_OculusTouch_v3Controller.uasset" 2267
"../../../Engine/Content/EngineMaterials/RemoveSurfaceMaterial.uasset" 2268
"../../../Engine/Content/EngineDebugMaterials/DebugMeshMaterial.uasset" 2269
"../../../Engine/Content/EngineMaterials/EmissiveMeshMaterial.uasset" 2270
"../../../Engine/Content/EngineMaterials/DefaultWhiteGrid_Low.uasset" 2271
"../../../Engine/Content/EngineMaterials/M_InvalidLightmapSettings.uasset" 2272
"../../../Engine/Content/EngineMaterials/InvalidLightmapSettings.uasset" 2273
"../../../Engine/Content/EngineMaterials/GizmoMaterial.uasset" 2274
"../../../Engine/Content/EngineMaterials/PhAT_JointLimitMaterial.uasset" 2275
"../../../Engine/Content/Functions/Engine_MaterialFunctions02/WorldPositionOffset/CameraOffset.uasset" 2276
"../../../Engine/Content/EngineMaterials/Good64x64TilingNoiseHighFreq.uasset" 2277
"../../../Engine/Content/EngineMaterials/DefaultBokeh.uasset" 2278
"../../../Engine/Content/EngineMaterials/DefaultBloomKernel.uasset" 2279
"../../../Engine/Content/EngineMaterials/PreintegratedSkinBRDF.uasset" 2280
"../../../Engine/Content/EngineMaterials/MiniFont.uasset" 2281
"../../../Engine/Content/EngineMaterials/WeightMapPlaceholderTexture.uasset" 2282
"../../../Engine/Content/EngineMaterials/DefaultWhiteGrid.uasset" 2283
"../../../Engine/Content/EngineMaterials/BlueNoise.uasset" 2284
"../../../Engine/Content/EngineMaterials/DefaultPhysicalMaterial.uasset" 2285
"E:/Documents/SIKAT OJT/Game Project/Backup/ProjectLumina/Content/DP_DataTable.uasset" 2286
"E:/Documents/SIKAT OJT/Game Project/Backup/ProjectLumina/Content/DP_Enter_BP.uasset" 2287
"E:/Documents/SIKAT OJT/Game Project/Backup/ProjectLumina/Content/DP_SampleFillBlanksTable.uasset" 2288
"E:/Documents/SIKAT OJT/Game Project/Backup/ProjectLumina/Content/DP_SampleProblemMatchingTable.uasset" 2289
"E:/Documents/SIKAT OJT/Game Project/Backup/ProjectLumina/Content/DP_SampleQnATable.uasset" 2290
"E:/Documents/SIKAT OJT/Game Project/Backup/ProjectLumina/Content/ST_Question.uasset" 2291
"E:/Documents/SIKAT OJT/Game Project/Backup/ProjectLumina/Content/Assets/Audio/Ambience/freesound_community__Pixabay_/Fireworks.uasset" 2292
"E:/Documents/SIKAT OJT/Game Project/Backup/ProjectLumina/Content/Assets/Audio/Ambience/freesound_community__Pixabay_/3D_Printer.uasset" 2293
"E:/Documents/SIKAT OJT/Game Project/Backup/ProjectLumina/Content/DP_DataTable_2.uasset" 2294
"E:/Documents/SIKAT OJT/Game Project/Backup/ProjectLumina/Content/Assets/Audio/Ambience/freesound_community__Pixabay_/Light.uasset" 2295
"E:/Documents/SIKAT OJT/Game Project/Backup/ProjectLumina/Content/Assets/Audio/Ambience/FulminisIctus__itchio_/Birds_+_Crickets.uasset" 2296
"E:/Documents/SIKAT OJT/Game Project/Backup/ProjectLumina/Content/Assets/Audio/Ambience/freesound_community__Pixabay_/Peoples.uasset" 2297
"E:/Documents/SIKAT OJT/Game Project/Backup/ProjectLumina/Content/Assets/Audio/FX/button.uasset" 2298
"E:/Documents/SIKAT OJT/Game Project/Backup/ProjectLumina/Content/Assets/Audio/Ambience/freesound_community__Pixabay_/Paper.uasset" 2299
"E:/Documents/SIKAT OJT/Game Project/Backup/ProjectLumina/Content/Assets/Audio/FX/correct.uasset" 2300
"E:/Documents/SIKAT OJT/Game Project/Backup/ProjectLumina/Content/Assets/Audio/FX/correctgameplay.uasset" 2301
"E:/Documents/SIKAT OJT/Game Project/Backup/ProjectLumina/Content/Assets/Audio/FX/countdown.uasset" 2302
"E:/Documents/SIKAT OJT/Game Project/Backup/ProjectLumina/Content/Assets/Audio/FX/countscore.uasset" 2303
"E:/Documents/SIKAT OJT/Game Project/Backup/ProjectLumina/Content/Assets/Audio/FX/fail.uasset" 2304
"E:/Documents/SIKAT OJT/Game Project/Backup/ProjectLumina/Content/Assets/Audio/FX/nextdialogue.uasset" 2305
"E:/Documents/SIKAT OJT/Game Project/Backup/ProjectLumina/Content/Assets/Audio/FX/nextdialogue_Cue.uasset" 2306
"E:/Documents/SIKAT OJT/Game Project/Backup/ProjectLumina/Content/Assets/Audio/FX/loadgame.uasset" 2307
"E:/Documents/SIKAT OJT/Game Project/Backup/ProjectLumina/Content/Assets/Audio/Music/Bell_Kalengar__itchio_/Comedy/WAV_Accidentally_Fell_for_the_Tsundere_.uasset" 2308
"E:/Documents/SIKAT OJT/Game Project/Backup/ProjectLumina/Content/Assets/Audio/Music/Alex_Coldfire__Itchio_/Peaceful_Sky.uasset" 2309
"E:/Documents/SIKAT OJT/Game Project/Backup/ProjectLumina/Content/Assets/Audio/Music/Bell_Kalengar__itchio_/Comedy/WAV_Chaotic_Periods.uasset" 2310
"E:/Documents/SIKAT OJT/Game Project/Backup/ProjectLumina/Content/Assets/Audio/Music/Bell_Kalengar__itchio_/Comedy/WAV_Cooking_Time_.uasset" 2311
"E:/Documents/SIKAT OJT/Game Project/Backup/ProjectLumina/Content/Assets/Audio/Music/Bell_Kalengar__itchio_/Comedy/WAV_Help__I_Fell_for_the_Side_Character.uasset" 2312
"E:/Documents/SIKAT OJT/Game Project/Backup/ProjectLumina/Content/Assets/Audio/Music/Bell_Kalengar__itchio_/Comedy/WAV_The_Art_of_Courtship_Requires_Many_Save_Slots.uasset" 2313
"E:/Documents/SIKAT OJT/Game Project/Backup/ProjectLumina/Content/Assets/Audio/Music/Bell_Kalengar__itchio_/Emotional/WAV_Falling_Leaves.uasset" 2314
"E:/Documents/SIKAT OJT/Game Project/Backup/ProjectLumina/Content/Assets/Audio/Music/Bell_Kalengar__itchio_/Emotional/WAV_Jonquil.uasset" 2315
"E:/Documents/SIKAT OJT/Game Project/Backup/ProjectLumina/Content/Assets/Audio/Music/Bell_Kalengar__itchio_/Emotional/WAV_Roadtrip.uasset" 2316
"E:/Documents/SIKAT OJT/Game Project/Backup/ProjectLumina/Content/Assets/Audio/Music/Bell_Kalengar__itchio_/Emotional/WAV_Where_You_Used_to_Be.uasset" 2317
"E:/Documents/SIKAT OJT/Game Project/Backup/ProjectLumina/Content/Assets/Audio/Music/Bell_Kalengar__itchio_/Emotional/WAV_Your_Name__Softly.uasset" 2318
"E:/Documents/SIKAT OJT/Game Project/Backup/ProjectLumina/Content/Assets/Audio/Music/Bell_Kalengar__itchio_/Investigation/WAV_Case_File.uasset" 2319
"E:/Documents/SIKAT OJT/Game Project/Backup/ProjectLumina/Content/Assets/Audio/Music/Bell_Kalengar__itchio_/Investigation/WAV_Intuition.uasset" 2320
"E:/Documents/SIKAT OJT/Game Project/Backup/ProjectLumina/Content/Assets/Audio/Music/Bell_Kalengar__itchio_/Investigation/WAV_Paranormal_Investigation.uasset" 2321
"E:/Documents/SIKAT OJT/Game Project/Backup/ProjectLumina/Content/Assets/Audio/Music/Bell_Kalengar__itchio_/Investigation/WAV_Reasoning.uasset" 2322
"E:/Documents/SIKAT OJT/Game Project/Backup/ProjectLumina/Content/Assets/Audio/Music/Bell_Kalengar__itchio_/Investigation/WAV_Suspicious.uasset" 2323
"E:/Documents/SIKAT OJT/Game Project/Backup/ProjectLumina/Content/Assets/Audio/Music/Bell_Kalengar__itchio_/Lounge/WAV_Blessing.uasset" 2324
"E:/Documents/SIKAT OJT/Game Project/Backup/ProjectLumina/Content/Assets/Audio/Music/Bell_Kalengar__itchio_/Lounge/WAV_Everyday_Life.uasset" 2325
"E:/Documents/SIKAT OJT/Game Project/Backup/ProjectLumina/Content/Assets/Audio/Music/Bell_Kalengar__itchio_/Lounge/WAV_Moments.uasset" 2326
"E:/Documents/SIKAT OJT/Game Project/Backup/ProjectLumina/Content/Assets/Audio/Music/Bell_Kalengar__itchio_/Lounge/WAV_Sidewalk.uasset" 2327
"E:/Documents/SIKAT OJT/Game Project/Backup/ProjectLumina/Content/Assets/Audio/Music/Bell_Kalengar__itchio_/Lounge/WAV_Window_View.uasset" 2328
"E:/Documents/SIKAT OJT/Game Project/Backup/ProjectLumina/Content/Assets/Audio/Music/Chajamakesmusic__itchio_/yeahhhhh_yuh.uasset" 2329
"E:/Documents/SIKAT OJT/Game Project/Backup/ProjectLumina/Content/Assets/Audio/Music/David_KBD__itchio_/DavidKBD_-_Tropical_Pack_-_03_-_Heartbeats_-_Bossanova.uasset" 2330
"E:/Documents/SIKAT OJT/Game Project/Backup/ProjectLumina/Content/Assets/Audio/Music/Chajamakesmusic__itchio_/regrowth_wip.uasset" 2331
"E:/Documents/SIKAT OJT/Game Project/Backup/ProjectLumina/Content/Assets/Audio/Music/freesound_community__Pixabay_/3D_Printer.uasset" 2332
"E:/Documents/SIKAT OJT/Game Project/Backup/ProjectLumina/Content/Assets/Audio/Music/freesound_community__Pixabay_/Fireworks.uasset" 2333
"E:/Documents/SIKAT OJT/Game Project/Backup/ProjectLumina/Content/Assets/Audio/Music/freesound_community__Pixabay_/Peoples.uasset" 2334
"E:/Documents/SIKAT OJT/Game Project/Backup/ProjectLumina/Content/Assets/Audio/Music/FulminisIctus__itchio_/Birds_+_Crickets.uasset" 2335
"E:/Documents/SIKAT OJT/Game Project/Backup/ProjectLumina/Content/Assets/Audio/Music/FulminisIctus__itchio_/Doll_Dance.uasset" 2336
"E:/Documents/SIKAT OJT/Game Project/Backup/ProjectLumina/Content/Assets/Audio/Music/FulminisIctus__itchio_/Idle_Chatter.uasset" 2337
"E:/Documents/SIKAT OJT/Game Project/Backup/ProjectLumina/Content/Assets/Audio/Music/FulminisIctus__itchio_/Magical_Main.uasset" 2338
"E:/Documents/SIKAT OJT/Game Project/Backup/ProjectLumina/Content/Assets/Audio/Music/FulminisIctus__itchio_/Severed.uasset" 2339
"E:/Documents/SIKAT OJT/Game Project/Backup/ProjectLumina/Content/Assets/Audio/Music/FulminisIctus__itchio_/Relax.uasset" 2340
"E:/Documents/SIKAT OJT/Game Project/Backup/ProjectLumina/Content/Assets/Audio/Music/FulminisIctus__itchio_/Shenanigans_.uasset" 2341
"E:/Documents/SIKAT OJT/Game Project/Backup/ProjectLumina/Content/Assets/Audio/Music/FulminisIctus__itchio_/Time_for_Rest.uasset" 2342
"E:/Documents/SIKAT OJT/Game Project/Backup/ProjectLumina/Content/Assets/Audio/Music/FulminisIctus__itchio_/AMBIANCE/University.uasset" 2343
"E:/Documents/SIKAT OJT/Game Project/Backup/ProjectLumina/Content/Assets/Audio/Music/FulminisIctus__itchio_/AMBIANCE/Birds_+_Crickets.uasset" 2344
"E:/Documents/SIKAT OJT/Game Project/Backup/ProjectLumina/Content/Assets/Audio/Music/FulminisIctus__itchio_/BG/Doll_Dance.uasset" 2345
"E:/Documents/SIKAT OJT/Game Project/Backup/ProjectLumina/Content/Assets/Audio/Music/FulminisIctus__itchio_/BG/Idle_Chatter.uasset" 2346
"E:/Documents/SIKAT OJT/Game Project/Backup/ProjectLumina/Content/Assets/Audio/Music/FulminisIctus__itchio_/BG/Magical_Main.uasset" 2347
"E:/Documents/SIKAT OJT/Game Project/Backup/ProjectLumina/Content/Assets/Audio/Music/FulminisIctus__itchio_/BG/Relax.uasset" 2348
"E:/Documents/SIKAT OJT/Game Project/Backup/ProjectLumina/Content/Assets/Audio/Music/FulminisIctus__itchio_/BG/Severed.uasset" 2349
"E:/Documents/SIKAT OJT/Game Project/Backup/ProjectLumina/Content/Assets/Audio/Music/FulminisIctus__itchio_/BG/Shenanigans_.uasset" 2350
"E:/Documents/SIKAT OJT/Game Project/Backup/ProjectLumina/Content/Assets/Audio/Music/FulminisIctus__itchio_/BG/Time_for_Rest.uasset" 2351
"E:/Documents/SIKAT OJT/Game Project/Backup/ProjectLumina/Content/Assets/Audio/Music/SondangSirait419__Pixabay_/Quiz_Game.uasset" 2352
"E:/Documents/SIKAT OJT/Game Project/Backup/ProjectLumina/Content/Assets/Audio/Music/lolurio__itchio_/Sweet_Memories.uasset" 2353
"E:/Documents/SIKAT OJT/Game Project/Backup/ProjectLumina/Content/Assets/Audio/Music/Tim_Beek__itchio_/The_Protagonist.uasset" 2354
"E:/Documents/SIKAT OJT/Game Project/Backup/ProjectLumina/Content/Assets/Audio/Music/XtremeFreddy/afterfail.uasset" 2355
"E:/Documents/SIKAT OJT/Game Project/Backup/ProjectLumina/Content/Assets/Audio/Music/Tim_Beek__itchio_/The_Protagonist_Cue.uasset" 2356
"E:/Documents/SIKAT OJT/Game Project/Backup/ProjectLumina/Content/Assets/Audio/UI/lowtimer.uasset" 2357
"E:/Documents/SIKAT OJT/Game Project/Backup/ProjectLumina/Content/Assets/Audio/UI/Alpix__Pixabay_/Game_Over.uasset" 2358
"E:/Documents/SIKAT OJT/Game Project/Backup/ProjectLumina/Content/Assets/Audio/UI/Dragon_Studio__PIXABAY_/Timer.uasset" 2359
"E:/Documents/SIKAT OJT/Game Project/Backup/ProjectLumina/Content/Assets/Audio/UI/floraphonic__PIXABAY_/No.uasset" 2360
"E:/Documents/SIKAT OJT/Game Project/Backup/ProjectLumina/Content/Assets/Audio/UI/floraphonic__PIXABAY_/No_Cue.uasset" 2361
"E:/Documents/SIKAT OJT/Game Project/Backup/ProjectLumina/Content/Assets/Audio/UI/floraphonic__PIXABAY_/Yes.uasset" 2362
"E:/Documents/SIKAT OJT/Game Project/Backup/ProjectLumina/Content/Assets/Backgrounds/Backgrounds/BG_Dining.uasset" 2363
"E:/Documents/SIKAT OJT/Game Project/Backup/ProjectLumina/Content/Assets/Backgrounds/Backgrounds/BG_Conference.uasset" 2364
"E:/Documents/SIKAT OJT/Game Project/Backup/ProjectLumina/Content/Assets/Backgrounds/Backgrounds/BG_Fablab.uasset" 2365
"E:/Documents/SIKAT OJT/Game Project/Backup/ProjectLumina/Content/Assets/Backgrounds/Backgrounds/BG_Forest.uasset" 2366
"E:/Documents/SIKAT OJT/Game Project/Backup/ProjectLumina/Content/Assets/Backgrounds/Backgrounds/BG_ForestExt.uasset" 2367
"E:/Documents/SIKAT OJT/Game Project/Backup/ProjectLumina/Content/Assets/Backgrounds/Backgrounds/BG_Garage.uasset" 2368
"E:/Documents/SIKAT OJT/Game Project/Backup/ProjectLumina/Content/Assets/Backgrounds/Backgrounds/BG_Proofside.uasset" 2369
"E:/Documents/SIKAT OJT/Game Project/Backup/ProjectLumina/Content/Assets/Backgrounds/Backgrounds/BG_Scaling.uasset" 2370
"E:/Documents/SIKAT OJT/Game Project/Backup/ProjectLumina/Content/Assets/Backgrounds/Backgrounds/BG_SIKAT.uasset" 2371
"E:/Documents/SIKAT OJT/Game Project/Backup/ProjectLumina/Content/Assets/Backgrounds/Backgrounds/BG_SIKATROPOLIS.uasset" 2372
"E:/Documents/SIKAT OJT/Game Project/Backup/ProjectLumina/Content/Assets/Backgrounds/Backgrounds/BG_Silicone.uasset" 2373
"E:/Documents/SIKAT OJT/Game Project/Backup/ProjectLumina/Content/Assets/Backgrounds/Backgrounds/BG_SparkFest.uasset" 2374
"E:/Documents/SIKAT OJT/Game Project/Backup/ProjectLumina/Content/Assets/Backgrounds/Backgrounds/BG_SparkFestv2.uasset" 2375
"E:/Documents/SIKAT OJT/Game Project/Backup/ProjectLumina/Content/Assets/Backgrounds/Backgrounds/BG_Traction.uasset" 2376
"E:/Documents/SIKAT OJT/Game Project/Backup/ProjectLumina/Content/Assets/Backgrounds/Backgrounds/BG_Workshop.uasset" 2377
"E:/Documents/SIKAT OJT/Game Project/Backup/ProjectLumina/Content/Assets/Backgrounds/Chap1/BG_Dining.uasset" 2378
"E:/Documents/SIKAT OJT/Game Project/Backup/ProjectLumina/Content/Assets/Backgrounds/Chap1/BG_Garage.uasset" 2379
"E:/Documents/SIKAT OJT/Game Project/Backup/ProjectLumina/Content/Assets/Backgrounds/Chap1/BG_PM-Forest.uasset" 2380
"E:/Documents/SIKAT OJT/Game Project/Backup/ProjectLumina/Content/Assets/Backgrounds/Chap1/Events/EVBG_Kitchen.uasset" 2381
"E:/Documents/SIKAT OJT/Game Project/Backup/ProjectLumina/Content/Assets/Backgrounds/Chap10/BGPH_ConferenceRoom.uasset" 2382
"E:/Documents/SIKAT OJT/Game Project/Backup/ProjectLumina/Content/Assets/Backgrounds/Chap10/BGPH_SparkFestV2.uasset" 2383
"E:/Documents/SIKAT OJT/Game Project/Backup/ProjectLumina/Content/Assets/Backgrounds/Chap10/EVBG_Pitching.uasset" 2384
"E:/Documents/SIKAT OJT/Game Project/Backup/ProjectLumina/Content/Assets/Backgrounds/Chap11/BGPH_SiliconValley.uasset" 2385
"E:/Documents/SIKAT OJT/Game Project/Backup/ProjectLumina/Content/Assets/Backgrounds/Chap11/EVBG_Goodbye.uasset" 2386
"E:/Documents/SIKAT OJT/Game Project/Backup/ProjectLumina/Content/Assets/Backgrounds/Chap2/Events/EVBG_Farewell.uasset" 2387
"E:/Documents/SIKAT OJT/Game Project/Backup/ProjectLumina/Content/Assets/Backgrounds/Chap3/BGPH_SparkFest.uasset" 2388
"E:/Documents/SIKAT OJT/Game Project/Backup/ProjectLumina/Content/Assets/Backgrounds/Chap3/EVBG_Forest.uasset" 2389
"E:/Documents/SIKAT OJT/Game Project/Backup/ProjectLumina/Content/Assets/Backgrounds/Chap3/EVGB_Forest.uasset" 2390
"E:/Documents/SIKAT OJT/Game Project/Backup/ProjectLumina/Content/Assets/Backgrounds/Chap4/EVBG_SparkFest.uasset" 2391
"E:/Documents/SIKAT OJT/Game Project/Backup/ProjectLumina/Content/Assets/Backgrounds/Chap5/BGPH_DR3AMCenter.uasset" 2392
"E:/Documents/SIKAT OJT/Game Project/Backup/ProjectLumina/Content/Assets/Backgrounds/Chap6/BGPH_ProofsideDistrict.uasset" 2393
"E:/Documents/SIKAT OJT/Game Project/Backup/ProjectLumina/Content/Assets/Backgrounds/Chap6/EVBG_Bench.uasset" 2394
"E:/Documents/SIKAT OJT/Game Project/Backup/ProjectLumina/Content/Assets/Backgrounds/Chap7/BGPH_SIKATOffice.uasset" 2395
"E:/Documents/SIKAT OJT/Game Project/Backup/ProjectLumina/Content/Assets/Backgrounds/Chap8/BGPH_TractionDistrict.uasset" 2396
"E:/Documents/SIKAT OJT/Game Project/Backup/ProjectLumina/Content/Assets/Audio/UI/Dragon_Studio__PIXABAY_/Heartbeat.uasset" 2397
"E:/Documents/SIKAT OJT/Game Project/Backup/ProjectLumina/Content/Assets/Backgrounds/Chap8/EVGB_UnIQEvolve.uasset" 2398
"E:/Documents/SIKAT OJT/Game Project/Backup/ProjectLumina/Content/Assets/Backgrounds/Chap9/BGPH_MCWarehouse.uasset" 2399
"E:/Documents/SIKAT OJT/Game Project/Backup/ProjectLumina/Content/Assets/Backgrounds/Chap9/BGPH_Scalehaven.uasset" 2400
"E:/Documents/SIKAT OJT/Game Project/Backup/ProjectLumina/Content/Assets/Fonts/CafeDeParisSans-BWwJx.uasset" 2401
"E:/Documents/SIKAT OJT/Game Project/Backup/ProjectLumina/Content/Assets/Fonts/CafeDeParisSans-BWwJx_Font.uasset" 2402
"E:/Documents/SIKAT OJT/Game Project/Backup/ProjectLumina/Content/Assets/Fonts/Digitalt-04no.uasset" 2403
"E:/Documents/SIKAT OJT/Game Project/Backup/ProjectLumina/Content/Assets/Fonts/Digitalt-04no_Font.uasset" 2404
"E:/Documents/SIKAT OJT/Game Project/Backup/ProjectLumina/Content/Assets/Fonts/DosisBold-OLR6.uasset" 2405
"E:/Documents/SIKAT OJT/Game Project/Backup/ProjectLumina/Content/Assets/Fonts/DosisBold-OLR6_Font.uasset" 2406
"E:/Documents/SIKAT OJT/Game Project/Backup/ProjectLumina/Content/Assets/Fonts/DosisBook-ZZm3.uasset" 2407
"E:/Documents/SIKAT OJT/Game Project/Backup/ProjectLumina/Content/Assets/Fonts/DosisLight-3jdp.uasset" 2408
"E:/Documents/SIKAT OJT/Game Project/Backup/ProjectLumina/Content/Assets/Fonts/DosisBook-ZZm3_Font.uasset" 2409
"E:/Documents/SIKAT OJT/Game Project/Backup/ProjectLumina/Content/Assets/Fonts/DosisLight-3jdp_Font.uasset" 2410
"E:/Documents/SIKAT OJT/Game Project/Backup/ProjectLumina/Content/Assets/Fonts/DosisMedium-xP6m.uasset" 2411
"E:/Documents/SIKAT OJT/Game Project/Backup/ProjectLumina/Content/Assets/Fonts/DosisMedium-xP6m_Font.uasset" 2412
"E:/Documents/SIKAT OJT/Game Project/Backup/ProjectLumina/Content/Assets/Fonts/DosisSemibold-pxJd.uasset" 2413
"E:/Documents/SIKAT OJT/Game Project/Backup/ProjectLumina/Content/Assets/Fonts/DosisSemibold-pxJd_Font.uasset" 2414
"E:/Documents/SIKAT OJT/Game Project/Backup/ProjectLumina/Content/Assets/Fonts/FriendlySans-8OxvB.uasset" 2415
"E:/Documents/SIKAT OJT/Game Project/Backup/ProjectLumina/Content/Assets/Fonts/FriendlySans-8OxvB_Font.uasset" 2416
"E:/Documents/SIKAT OJT/Game Project/Backup/ProjectLumina/Content/Assets/Fonts/FriendlySansItalic-Yqv28.uasset" 2417
"E:/Documents/SIKAT OJT/Game Project/Backup/ProjectLumina/Content/Assets/Fonts/FriendlySansItalic-Yqv28_Font.uasset" 2418
"E:/Documents/SIKAT OJT/Game Project/Backup/ProjectLumina/Content/Assets/Fonts/LilitaOne-rvwl9.uasset" 2419
"E:/Documents/SIKAT OJT/Game Project/Backup/ProjectLumina/Content/Assets/Fonts/LilitaOne-rvwl9_Font.uasset" 2420
"E:/Documents/SIKAT OJT/Game Project/Backup/ProjectLumina/Content/Assets/Fonts/PassionOne-Black.uasset" 2421
"E:/Documents/SIKAT OJT/Game Project/Backup/ProjectLumina/Content/Assets/Fonts/PassionOne-Black_Font.uasset" 2422
"E:/Documents/SIKAT OJT/Game Project/Backup/ProjectLumina/Content/Assets/Fonts/PassionOne-Bold.uasset" 2423
"E:/Documents/SIKAT OJT/Game Project/Backup/ProjectLumina/Content/Assets/Fonts/PassionOne-Bold_Font.uasset" 2424
"E:/Documents/SIKAT OJT/Game Project/Backup/ProjectLumina/Content/Assets/Fonts/PassionOne-Regular.uasset" 2425
"E:/Documents/SIKAT OJT/Game Project/Backup/ProjectLumina/Content/Assets/Fonts/PassionOne-Regular_Font.uasset" 2426
"E:/Documents/SIKAT OJT/Game Project/Backup/ProjectLumina/Content/Assets/Fonts/Pelisse.uasset" 2427
"E:/Documents/SIKAT OJT/Game Project/Backup/ProjectLumina/Content/Assets/Fonts/PelisseBold.uasset" 2428
"E:/Documents/SIKAT OJT/Game Project/Backup/ProjectLumina/Content/Assets/Fonts/PelisseBoldItalic.uasset" 2429
"E:/Documents/SIKAT OJT/Game Project/Backup/ProjectLumina/Content/Assets/Fonts/PelisseBoldItalic_Font.uasset" 2430
"E:/Documents/SIKAT OJT/Game Project/Backup/ProjectLumina/Content/Assets/Fonts/PelisseBold_Font.uasset" 2431
"E:/Documents/SIKAT OJT/Game Project/Backup/ProjectLumina/Content/Assets/Fonts/PelisseExtraBold.uasset" 2432
"E:/Documents/SIKAT OJT/Game Project/Backup/ProjectLumina/Content/Assets/Fonts/PelisseExtraBold_Font.uasset" 2433
"E:/Documents/SIKAT OJT/Game Project/Backup/ProjectLumina/Content/Assets/Fonts/PelisseItalic.uasset" 2434
"E:/Documents/SIKAT OJT/Game Project/Backup/ProjectLumina/Content/Assets/Fonts/PelisseItalic_Font.uasset" 2435
"E:/Documents/SIKAT OJT/Game Project/Backup/ProjectLumina/Content/Assets/IllustrationEvents/EVBG_CutscenePlaceholder.uasset" 2436
"E:/Documents/SIKAT OJT/Game Project/Backup/ProjectLumina/Content/Assets/Fonts/Pelisse_Font.uasset" 2437
"E:/Documents/SIKAT OJT/Game Project/Backup/ProjectLumina/Content/Assets/IllustrationEvents/Chap2/Chap2_Illustration.uasset" 2438
"E:/Documents/SIKAT OJT/Game Project/Backup/ProjectLumina/Content/Assets/IllustrationEvents/Chap6/EVGB_Bench.uasset" 2439
"E:/Documents/SIKAT OJT/Game Project/Backup/ProjectLumina/Content/Assets/IllustrationEvents/Chap6/EVGB_PH_Bench.uasset" 2440
"E:/Documents/SIKAT OJT/Game Project/Backup/ProjectLumina/Content/Assets/Material/DefaultSpriteMaterial.uasset" 2441
"E:/Documents/SIKAT OJT/Game Project/Backup/ProjectLumina/Content/Assets/Material/MAT_GenericGlow.uasset" 2442
"E:/Documents/SIKAT OJT/Game Project/Backup/ProjectLumina/Content/Assets/Material/MT_RoundedBorderCorner.uasset" 2443
"E:/Documents/SIKAT OJT/Game Project/Backup/ProjectLumina/Content/Assets/Placeholders/Background/PH_Background.uasset" 2444
"E:/Documents/SIKAT OJT/Game Project/Backup/ProjectLumina/Content/Assets/Placeholders/Background/PH_CityBackground.uasset" 2445
"E:/Documents/SIKAT OJT/Game Project/Backup/ProjectLumina/Content/Assets/Placeholders/Cutscenes/EVGB_Cutscene1.uasset" 2446
"E:/Documents/SIKAT OJT/Game Project/Backup/ProjectLumina/Content/Assets/Placeholders/Cutscenes/EVGB_Cutscene2.uasset" 2447
"E:/Documents/SIKAT OJT/Game Project/Backup/ProjectLumina/Content/Assets/Placeholders/Cutscenes/EVGB_Cutscene3.uasset" 2448
"E:/Documents/SIKAT OJT/Game Project/Backup/ProjectLumina/Content/Assets/Placeholders/Cutscenes/EVGB_Cutscene4.uasset" 2449
"E:/Documents/SIKAT OJT/Game Project/Backup/ProjectLumina/Content/Assets/Placeholders/Cutscenes/EVGB_Cutscene5.uasset" 2450
"E:/Documents/SIKAT OJT/Game Project/Backup/ProjectLumina/Content/Assets/Placeholders/Cutscenes/EVGB_Cutscene6.uasset" 2451
"E:/Documents/SIKAT OJT/Game Project/Backup/ProjectLumina/Content/Assets/Placeholders/Cutscenes/EVGB_Cutscene7.uasset" 2452
"E:/Documents/SIKAT OJT/Game Project/Backup/ProjectLumina/Content/Assets/Placeholders/Cutscenes/EVGB_Cutscene8.uasset" 2453
"E:/Documents/SIKAT OJT/Game Project/Backup/ProjectLumina/Content/Assets/Placeholders/Sprites/Character/MilesEdgeworth.uasset" 2454
"E:/Documents/SIKAT OJT/Game Project/Backup/ProjectLumina/Content/Assets/Placeholders/Sprites/Character/PhoenixWright.uasset" 2455
"E:/Documents/SIKAT OJT/Game Project/Backup/ProjectLumina/Content/Assets/Placeholders/Sprites/Character/Edgeworth/Edgeworth_Angry.uasset" 2456
"E:/Documents/SIKAT OJT/Game Project/Backup/ProjectLumina/Content/Assets/Placeholders/Sprites/Character/Edgeworth/Edgeworth_Goofy.uasset" 2457
"E:/Documents/SIKAT OJT/Game Project/Backup/ProjectLumina/Content/Assets/Placeholders/Sprites/Character/Edgeworth/Edgeworth_Happy.uasset" 2458
"E:/Documents/SIKAT OJT/Game Project/Backup/ProjectLumina/Content/Assets/Placeholders/Sprites/Character/Edgeworth/Edgeworth_Neutral.uasset" 2459
"E:/Documents/SIKAT OJT/Game Project/Backup/ProjectLumina/Content/Assets/Placeholders/Sprites/Character/Edgeworth/Edgeworth_Shouting.uasset" 2460
"E:/Documents/SIKAT OJT/Game Project/Backup/ProjectLumina/Content/Assets/Placeholders/Sprites/Character/Edgeworth/Edgeworth_Thinking.uasset" 2461
"E:/Documents/SIKAT OJT/Game Project/Backup/ProjectLumina/Content/Assets/Placeholders/Sprites/Character/Thalassa/Thalassa_Gramarye_OA.uasset" 2462
"E:/Documents/SIKAT OJT/Game Project/Backup/ProjectLumina/Content/Assets/Placeholders/UI/PauseMenu/PH_Powerup1.uasset" 2463
"E:/Documents/SIKAT OJT/Game Project/Backup/ProjectLumina/Content/Assets/Placeholders/UI/PauseMenu/PH_Powerup2.uasset" 2464
"E:/Documents/SIKAT OJT/Game Project/Backup/ProjectLumina/Content/Assets/Placeholders/UI/PauseMenu/PH_Powerup3.uasset" 2465
"E:/Documents/SIKAT OJT/Game Project/Backup/ProjectLumina/Content/Assets/SlateBrushes/SB_AnswerButton.uasset" 2466
"E:/Documents/SIKAT OJT/Game Project/Backup/ProjectLumina/Content/Assets/SlateBrushes/SB_AnswerButtonPressed.uasset" 2467
"E:/Documents/SIKAT OJT/Game Project/Backup/ProjectLumina/Content/Assets/Sprites/Distributor/Portrait_Distributor.uasset" 2468
"E:/Documents/SIKAT OJT/Game Project/Backup/ProjectLumina/Content/Assets/Sprites/Guard/Portrait_Guard.uasset" 2469
"E:/Documents/SIKAT OJT/Game Project/Backup/ProjectLumina/Content/Assets/Sprites/Hikari/Portrait_HikariConfused.uasset" 2470
"E:/Documents/SIKAT OJT/Game Project/Backup/ProjectLumina/Content/Assets/Sprites/Hikari/Portrait_HikariLaughing.uasset" 2471
"E:/Documents/SIKAT OJT/Game Project/Backup/ProjectLumina/Content/Assets/Sprites/Hikari/Portrait_HikariNeutral.uasset" 2472
"E:/Documents/SIKAT OJT/Game Project/Backup/ProjectLumina/Content/Assets/Sprites/Hikari/Portrait_HikariSad.uasset" 2473
"E:/Documents/SIKAT OJT/Game Project/Backup/ProjectLumina/Content/Assets/Sprites/Hikari/Portrait_HikariSuit.uasset" 2474
"E:/Documents/SIKAT OJT/Game Project/Backup/ProjectLumina/Content/Assets/Sprites/Hikari/Portrait_HikariThinking.uasset" 2475
"E:/Documents/SIKAT OJT/Game Project/Backup/ProjectLumina/Content/Assets/Sprites/Hikari/SideWalking/Hikari_SideWalking.uasset" 2476
"E:/Documents/SIKAT OJT/Game Project/Backup/ProjectLumina/Content/Assets/Sprites/Hikari/SideWalking/Hikari_SideWalking000.uasset" 2477
"E:/Documents/SIKAT OJT/Game Project/Backup/ProjectLumina/Content/Assets/Sprites/Hikari/SideWalking/Hikari_SideWalking001.uasset" 2478
"E:/Documents/SIKAT OJT/Game Project/Backup/ProjectLumina/Content/Assets/Sprites/Hikari/SideWalking/Hikari_SideWalking000_Sprite.uasset" 2479
"E:/Documents/SIKAT OJT/Game Project/Backup/ProjectLumina/Content/Assets/Sprites/Hikari/SideWalking/Hikari_SideWalking001_Sprite.uasset" 2480
"E:/Documents/SIKAT OJT/Game Project/Backup/ProjectLumina/Content/Assets/Sprites/Hikari/SideWalking/Hikari_SideWalking002.uasset" 2481
"E:/Documents/SIKAT OJT/Game Project/Backup/ProjectLumina/Content/Assets/Sprites/Hikari/SideWalking/Hikari_SideWalking002_Sprite.uasset" 2482
"E:/Documents/SIKAT OJT/Game Project/Backup/ProjectLumina/Content/Assets/Sprites/Hikari/SideWalking/Hikari_SideWalking003.uasset" 2483
"E:/Documents/SIKAT OJT/Game Project/Backup/ProjectLumina/Content/Assets/Sprites/Hikari/SideWalking/Hikari_SideWalking003_Sprite.uasset" 2484
"E:/Documents/SIKAT OJT/Game Project/Backup/ProjectLumina/Content/Assets/Sprites/Investors/Portrait_Investor1.uasset" 2485
"E:/Documents/SIKAT OJT/Game Project/Backup/ProjectLumina/Content/Assets/Sprites/Investors/Portrait_Investor2.uasset" 2486
"E:/Documents/SIKAT OJT/Game Project/Backup/ProjectLumina/Content/Assets/Sprites/Investors/Portrait_Investor3.uasset" 2487
"E:/Documents/SIKAT OJT/Game Project/Backup/ProjectLumina/Content/Assets/Sprites/Mother/Portrait_Mother.uasset" 2488
"E:/Documents/SIKAT OJT/Game Project/Backup/ProjectLumina/Content/Assets/Sprites/Officer/Portrait_Officer.uasset" 2489
"E:/Documents/SIKAT OJT/Game Project/Backup/ProjectLumina/Content/Assets/Sprites/UnIQ-Egg/Portrait_UnIQ-Egg-Exclamation.uasset" 2490
"E:/Documents/SIKAT OJT/Game Project/Backup/ProjectLumina/Content/Assets/Sprites/UnIQ-Egg/Portrait_UnIQ-Egg-Neutral.uasset" 2491
"E:/Documents/SIKAT OJT/Game Project/Backup/ProjectLumina/Content/Assets/Sprites/UnIQ-Egg/Portrait_UnIQ-Egg-Question.uasset" 2492
"E:/Documents/SIKAT OJT/Game Project/Backup/ProjectLumina/Content/Assets/Sprites/UniQ-Mid/UniQ-Mid.uasset" 2493
"E:/Documents/SIKAT OJT/Game Project/Backup/ProjectLumina/Content/Assets/Sprites/UnIQ-Unicorn/Portrait_UnIQ-Unicorn.uasset" 2494
"E:/Documents/SIKAT OJT/Game Project/Backup/ProjectLumina/Content/Assets/UI/Buttons/BTN_Arrow.uasset" 2495
"E:/Documents/SIKAT OJT/Game Project/Backup/ProjectLumina/Content/Assets/UI/Buttons/BTN_ArrowPressed.uasset" 2496
"E:/Documents/SIKAT OJT/Game Project/Backup/ProjectLumina/Content/Assets/UI/Buttons/BTN_Back.uasset" 2497
"E:/Documents/SIKAT OJT/Game Project/Backup/ProjectLumina/Content/Assets/UI/Buttons/BTN_BackPressed.uasset" 2498
"E:/Documents/SIKAT OJT/Game Project/Backup/ProjectLumina/Content/Assets/UI/Buttons/BTN_HideUIPressed.uasset" 2499
"E:/Documents/SIKAT OJT/Game Project/Backup/ProjectLumina/Content/Assets/UI/Buttons/BTN_Home.uasset" 2500
"E:/Documents/SIKAT OJT/Game Project/Backup/ProjectLumina/Content/Assets/UI/Buttons/BTN_HomePressed.uasset" 2501
"E:/Documents/SIKAT OJT/Game Project/Backup/ProjectLumina/Content/Assets/UI/Buttons/BTN_Pause.uasset" 2502
"E:/Documents/SIKAT OJT/Game Project/Backup/ProjectLumina/Content/Assets/UI/Buttons/BTN_PausePressed.uasset" 2503
"E:/Documents/SIKAT OJT/Game Project/Backup/ProjectLumina/Content/Assets/UI/Buttons/BTN_Skip.uasset" 2504
"E:/Documents/SIKAT OJT/Game Project/Backup/ProjectLumina/Content/Assets/UI/Buttons/BTN_SkipPressed.uasset" 2505
"E:/Documents/SIKAT OJT/Game Project/Backup/ProjectLumina/Content/Assets/UI/CountrySelect/UI_CSHeader.uasset" 2506
"E:/Documents/SIKAT OJT/Game Project/Backup/ProjectLumina/Content/Assets/UI/Buttons/BTN_HideUI.uasset" 2507
"E:/Documents/SIKAT OJT/Game Project/Backup/ProjectLumina/Content/Assets/UI/CountrySelect/ID/Country_IDIsland.uasset" 2508
"E:/Documents/SIKAT OJT/Game Project/Backup/ProjectLumina/Content/Assets/UI/CountrySelect/ID/Country_IDText.uasset" 2509
"E:/Documents/SIKAT OJT/Game Project/Backup/ProjectLumina/Content/Assets/UI/CountrySelect/PH/Country_PHIsland.uasset" 2510
"E:/Documents/SIKAT OJT/Game Project/Backup/ProjectLumina/Content/Assets/UI/CountrySelect/PH/Country_PHText.uasset" 2511
"E:/Documents/SIKAT OJT/Game Project/Backup/ProjectLumina/Content/Assets/UI/CountrySelect/SG/Country_SGIsland.uasset" 2512
"E:/Documents/SIKAT OJT/Game Project/Backup/ProjectLumina/Content/Assets/UI/CountrySelect/SG/Country_SGText.uasset" 2513
"E:/Documents/SIKAT OJT/Game Project/Backup/ProjectLumina/Content/Assets/UI/CountrySelect/TH/Country_THIsland.uasset" 2514
"E:/Documents/SIKAT OJT/Game Project/Backup/ProjectLumina/Content/Assets/UI/CountrySelect/VN/Country_VNIsland.uasset" 2515
"E:/Documents/SIKAT OJT/Game Project/Backup/ProjectLumina/Content/Assets/UI/CountrySelect/TH/Country_THText.uasset" 2516
"E:/Documents/SIKAT OJT/Game Project/Backup/ProjectLumina/Content/Assets/UI/CountrySelect/VN/Country_VNText.uasset" 2517
"E:/Documents/SIKAT OJT/Game Project/Backup/ProjectLumina/Content/Assets/UI/Dialogue/DialogueChoice.uasset" 2518
"E:/Documents/SIKAT OJT/Game Project/Backup/ProjectLumina/Content/Assets/UI/Dialogue/DialogueChoicePressed.uasset" 2519
"E:/Documents/SIKAT OJT/Game Project/Backup/ProjectLumina/Content/Assets/UI/Dialogue/Dialogue_Nametag.uasset" 2520
"E:/Documents/SIKAT OJT/Game Project/Backup/ProjectLumina/Content/Assets/UI/Dialogue/Dialogue_TextBox.uasset" 2521
"E:/Documents/SIKAT OJT/Game Project/Backup/ProjectLumina/Content/Assets/UI/Dialogue/Dialouge_TextBoxAlt.uasset" 2522
"E:/Documents/SIKAT OJT/Game Project/Backup/ProjectLumina/Content/Assets/UI/Dialogue/NextDialogueIndicator.uasset" 2523
"E:/Documents/SIKAT OJT/Game Project/Backup/ProjectLumina/Content/Assets/UI/GameOver/GameOverBox.uasset" 2524
"E:/Documents/SIKAT OJT/Game Project/Backup/ProjectLumina/Content/Assets/UI/GameOver/GameOverTipBox.uasset" 2525
"E:/Documents/SIKAT OJT/Game Project/Backup/ProjectLumina/Content/Assets/UI/GameOver/TipProfileIcon.uasset" 2526
"E:/Documents/SIKAT OJT/Game Project/Backup/ProjectLumina/Content/Assets/UI/Gameplay/BackgroundShape.uasset" 2527
"E:/Documents/SIKAT OJT/Game Project/Backup/ProjectLumina/Content/Assets/Placeholders/Sprites/Character/Edgeworth/Edgeworth_Sad.uasset" 2528
"E:/Documents/SIKAT OJT/Game Project/Backup/ProjectLumina/Content/Assets/UI/Gameplay/BackgroundShape2.uasset" 2529
"E:/Documents/SIKAT OJT/Game Project/Backup/ProjectLumina/Content/Assets/UI/Gameplay/ItemsSlot.uasset" 2530
"E:/Documents/SIKAT OJT/Game Project/Backup/ProjectLumina/Content/Assets/UI/Gameplay/PauseButton.uasset" 2531
"E:/Documents/SIKAT OJT/Game Project/Backup/ProjectLumina/Content/Assets/UI/Gameplay/PH_AnswerBox.uasset" 2532
"E:/Documents/SIKAT OJT/Game Project/Backup/ProjectLumina/Content/Assets/UI/Gameplay/PH_AnswerBoxPressed.uasset" 2533
"E:/Documents/SIKAT OJT/Game Project/Backup/ProjectLumina/Content/Assets/UI/Gameplay/PH_AnswerBoxPressed_2.uasset" 2534
"E:/Documents/SIKAT OJT/Game Project/Backup/ProjectLumina/Content/Assets/UI/Gameplay/PH_AnswerBox_2.uasset" 2535
"E:/Documents/SIKAT OJT/Game Project/Backup/ProjectLumina/Content/Assets/UI/Gameplay/PH_QuestionBox.uasset" 2536
"E:/Documents/SIKAT OJT/Game Project/Backup/ProjectLumina/Content/Assets/UI/Gameplay/SettingsButton.uasset" 2537
"E:/Documents/SIKAT OJT/Game Project/Backup/ProjectLumina/Content/Assets/UI/Gameplay/QuestionandTimeIndicator.uasset" 2538
"E:/Documents/SIKAT OJT/Game Project/Backup/ProjectLumina/Content/Assets/UI/Gameplay/FillBlanks/BTN_Submit.uasset" 2539
"E:/Documents/SIKAT OJT/Game Project/Backup/ProjectLumina/Content/Assets/UI/Gameplay/Answers/BTN_MutipleQAnswer.uasset" 2540
"E:/Documents/SIKAT OJT/Game Project/Backup/ProjectLumina/Content/Assets/UI/Gameplay/Answers/BTN_MutipleQAnswerPressed.uasset" 2541
"E:/Documents/SIKAT OJT/Game Project/Backup/ProjectLumina/Content/Assets/UI/Gameplay/FillBlanks/BTN_SubmitPressed.uasset" 2542
"E:/Documents/SIKAT OJT/Game Project/Backup/ProjectLumina/Content/Assets/UI/Gameplay/FillBlanks/DragItem_Border.uasset" 2543
"E:/Documents/SIKAT OJT/Game Project/Backup/ProjectLumina/Content/Assets/UI/Gameplay/FillBlanks/DragItem_BorderNoShadow.uasset" 2544
"E:/Documents/SIKAT OJT/Game Project/Backup/ProjectLumina/Content/Assets/UI/Gameplay/Indicator/UI_IndicatorBorder.uasset" 2545
"E:/Documents/SIKAT OJT/Game Project/Backup/ProjectLumina/Content/Assets/UI/Gameplay/Indicator/UI_IndicatorBorder2.uasset" 2546
"E:/Documents/SIKAT OJT/Game Project/Backup/ProjectLumina/Content/Assets/UI/Gameplay/Indicator/UI_IndicatorBorderAlt.uasset" 2547
"E:/Documents/SIKAT OJT/Game Project/Backup/ProjectLumina/Content/Assets/UI/Gameplay/Intro/IntroBox.uasset" 2548
"E:/Documents/SIKAT OJT/Game Project/Backup/ProjectLumina/Content/Assets/UI/Gameplay/Indicator/UI_IndicatorBorderGold.uasset" 2549
"E:/Documents/SIKAT OJT/Game Project/Backup/ProjectLumina/Content/Assets/UI/Gameplay/Intro/NPC_PortraitPlaceholder.uasset" 2550
"E:/Documents/SIKAT OJT/Game Project/Backup/ProjectLumina/Content/Assets/UI/Gameplay/ItemSelect/ItemSelectButton.uasset" 2551
"E:/Documents/SIKAT OJT/Game Project/Backup/ProjectLumina/Content/Assets/UI/Gameplay/ItemSelect/ItemSelectButtonPressed.uasset" 2552
"E:/Documents/SIKAT OJT/Game Project/Backup/ProjectLumina/Content/Assets/UI/Gameplay/ItemSelect/SkipButton.uasset" 2553
"E:/Documents/SIKAT OJT/Game Project/Backup/ProjectLumina/Content/Assets/UI/Gameplay/ProblemMatching/Border_AnswerSlot.uasset" 2554
"E:/Documents/SIKAT OJT/Game Project/Backup/ProjectLumina/Content/Assets/UI/Gameplay/ProblemMatching/Border_AnswerSlotPressed.uasset" 2555
"E:/Documents/SIKAT OJT/Game Project/Backup/ProjectLumina/Content/Assets/UI/Gameplay/ProblemMatching/Border_Problem.uasset" 2556
"E:/Documents/SIKAT OJT/Game Project/Backup/ProjectLumina/Content/Assets/UI/Gameplay/Restart/BTN_Restart.uasset" 2557
"E:/Documents/SIKAT OJT/Game Project/Backup/ProjectLumina/Content/Assets/UI/Gameplay/Restart/BTN_RestartPressed.uasset" 2558
"E:/Documents/SIKAT OJT/Game Project/Backup/ProjectLumina/Content/Assets/UI/Gameplay/Timer/TimerClock.uasset" 2559
"E:/Documents/SIKAT OJT/Game Project/Backup/ProjectLumina/Content/Assets/UI/HUD/HUD_MoneyCounter.uasset" 2560
"E:/Documents/SIKAT OJT/Game Project/Backup/ProjectLumina/Content/Assets/UI/Gameplay/Timer/TimerClockBase.uasset" 2561
"E:/Documents/SIKAT OJT/Game Project/Backup/ProjectLumina/Content/Assets/UI/HUD/HUD_MoneyCounterAlt.uasset" 2562
"E:/Documents/SIKAT OJT/Game Project/Backup/ProjectLumina/Content/Assets/UI/HUD/UI_RequirementCounter.uasset" 2563
"E:/Documents/SIKAT OJT/Game Project/Backup/ProjectLumina/Content/Assets/UI/Icons/AddSave/UI_AddSave.uasset" 2564
"E:/Documents/SIKAT OJT/Game Project/Backup/ProjectLumina/Content/Assets/UI/Icons/Money/Icon_Money.uasset" 2565
"E:/Documents/SIKAT OJT/Game Project/Backup/ProjectLumina/Content/Assets/UI/Icons/Unlocked/ICN_Unlocked.uasset" 2566
"E:/Documents/SIKAT OJT/Game Project/Backup/ProjectLumina/Content/Assets/UI/LevelSelect/BTN_Luminavale.uasset" 2567
"E:/Documents/SIKAT OJT/Game Project/Backup/ProjectLumina/Content/Assets/UI/LevelSelect/Island_City.uasset" 2568
"E:/Documents/SIKAT OJT/Game Project/Backup/ProjectLumina/Content/Assets/UI/LevelSelect/Island_CityHovered.uasset" 2569
"E:/Documents/SIKAT OJT/Game Project/Backup/ProjectLumina/Content/Assets/UI/LevelSelect/Island_CityOutline.uasset" 2570
"E:/Documents/SIKAT OJT/Game Project/Backup/ProjectLumina/Content/Assets/UI/LevelSelect/Island_Forest.uasset" 2571
"E:/Documents/SIKAT OJT/Game Project/Backup/ProjectLumina/Content/Assets/UI/LevelSelect/Island_ForestHovered.uasset" 2572
"E:/Documents/SIKAT OJT/Game Project/Backup/ProjectLumina/Content/Assets/UI/LevelSelect/Island_LuminavaleHovered.uasset" 2573
"E:/Documents/SIKAT OJT/Game Project/Backup/ProjectLumina/Content/Assets/UI/LevelSelect/Island_LuminavaleOutline.uasset" 2574
"E:/Documents/SIKAT OJT/Game Project/Backup/ProjectLumina/Content/Assets/UI/LevelSelect/Island_SparkFest.uasset" 2575
"E:/Documents/SIKAT OJT/Game Project/Backup/ProjectLumina/Content/Assets/UI/LevelSelect/Island_SparkFestHovered.uasset" 2576
"E:/Documents/SIKAT OJT/Game Project/Backup/ProjectLumina/Content/Assets/UI/LevelSelect/Island_SparkFestOutline.uasset" 2577
"E:/Documents/SIKAT OJT/Game Project/Backup/ProjectLumina/Content/Assets/UI/LevelSelect/LVLSelect_Border.uasset" 2578
"E:/Documents/SIKAT OJT/Game Project/Backup/ProjectLumina/Content/Assets/UI/LevelSelect/PopUp/LevelSelectIndicatorBorder.uasset" 2579
"E:/Documents/SIKAT OJT/Game Project/Backup/ProjectLumina/Content/Assets/UI/LevelSelect/PopUp/LevelSelectStoryIndicator.uasset" 2580
"E:/Documents/SIKAT OJT/Game Project/Backup/ProjectLumina/Content/Assets/UI/LevelSelect/PopUp/LevelSelectStoryIndicatorComplete.uasset" 2581
"E:/Documents/SIKAT OJT/Game Project/Backup/ProjectLumina/Content/Assets/UI/LevelSelect/PopUp/LVLSelect_PopUpBox.uasset" 2582
"E:/Documents/SIKAT OJT/Game Project/Backup/ProjectLumina/Content/Assets/UI/LevelSelect/PopUp/Buttons/LVLSelect_BTN_Close.uasset" 2583
"E:/Documents/SIKAT OJT/Game Project/Backup/ProjectLumina/Content/Assets/UI/LevelSelect/PopUp/LevelSelectIndicatorBorderCompleted.uasset" 2584
"E:/Documents/SIKAT OJT/Game Project/Backup/ProjectLumina/Content/Assets/UI/LevelSelect/PopUp/Buttons/LVLSelect_BTN_ClosePressed.uasset" 2585
"E:/Documents/SIKAT OJT/Game Project/Backup/ProjectLumina/Content/Assets/UI/LevelSelect/Island_ForestOutline.uasset" 2586
"E:/Documents/SIKAT OJT/Game Project/Backup/ProjectLumina/Content/Assets/UI/LevelSelect/PopUp/Buttons/PopUpButtonPressed.uasset" 2587
"E:/Documents/SIKAT OJT/Game Project/Backup/ProjectLumina/Content/Assets/UI/LevelSelect/PopUp/Buttons/LVLSelect_PopUpButton.uasset" 2588
"E:/Documents/SIKAT OJT/Game Project/Backup/ProjectLumina/Content/Assets/UI/LevelSelect/PopUp/TitleTexts/TT_City.uasset" 2589
"E:/Documents/SIKAT OJT/Game Project/Backup/ProjectLumina/Content/Assets/UI/LevelSelect/PopUp/TitleTexts/TT_Luminavale.uasset" 2590
"E:/Documents/SIKAT OJT/Game Project/Backup/ProjectLumina/Content/Assets/UI/PauseMenu/BTN_PauseNo.uasset" 2591
"E:/Documents/SIKAT OJT/Game Project/Backup/ProjectLumina/Content/Assets/UI/PauseMenu/BTN_PauseNo_Pressed.uasset" 2592
"E:/Documents/SIKAT OJT/Game Project/Backup/ProjectLumina/Content/Assets/UI/PauseMenu/BTN_PauseYes.uasset" 2593
"E:/Documents/SIKAT OJT/Game Project/Backup/ProjectLumina/Content/Assets/UI/PauseMenu/BTN_PauseYesPressed.uasset" 2594
"E:/Documents/SIKAT OJT/Game Project/Backup/ProjectLumina/Content/Assets/UI/PauseMenu/BTN_Quit.uasset" 2595
"E:/Documents/SIKAT OJT/Game Project/Backup/ProjectLumina/Content/Assets/UI/PauseMenu/BTN_QuitPressed.uasset" 2596
"E:/Documents/SIKAT OJT/Game Project/Backup/ProjectLumina/Content/Assets/UI/PauseMenu/BTN_Restart.uasset" 2597
"E:/Documents/SIKAT OJT/Game Project/Backup/ProjectLumina/Content/Assets/UI/PauseMenu/BTN_Restart_Pressed.uasset" 2598
"E:/Documents/SIKAT OJT/Game Project/Backup/ProjectLumina/Content/Assets/UI/PauseMenu/BTN_Resume.uasset" 2599
"E:/Documents/SIKAT OJT/Game Project/Backup/ProjectLumina/Content/Assets/UI/PauseMenu/BTN_Resume_Pressed.uasset" 2600
"E:/Documents/SIKAT OJT/Game Project/Backup/ProjectLumina/Content/Assets/UI/PauseMenu/BTN_Settings.uasset" 2601
"E:/Documents/SIKAT OJT/Game Project/Backup/ProjectLumina/Content/Assets/UI/PauseMenu/BTN_Settings_Pressed.uasset" 2602
"E:/Documents/SIKAT OJT/Game Project/Backup/ProjectLumina/Content/Assets/UI/PauseMenu/Icon_Questions.uasset" 2603
"E:/Documents/SIKAT OJT/Game Project/Backup/ProjectLumina/Content/Assets/UI/PauseMenu/Icon_Time.uasset" 2604
"E:/Documents/SIKAT OJT/Game Project/Backup/ProjectLumina/Content/Assets/UI/PauseMenu/Pause_BoxShape.uasset" 2605
"E:/Documents/SIKAT OJT/Game Project/Backup/ProjectLumina/Content/Assets/UI/PopUps/PopUps_Terms_and_Conditions.uasset" 2606
"E:/Documents/SIKAT OJT/Game Project/Backup/ProjectLumina/Content/Assets/UI/PopUps/InvestorPopUp/PP_InvestorDialogue.uasset" 2607
"E:/Documents/SIKAT OJT/Game Project/Backup/ProjectLumina/Content/Assets/UI/PauseMenu/Pause_LineShape.uasset" 2608
"E:/Documents/SIKAT OJT/Game Project/Backup/ProjectLumina/Content/Assets/UI/Settings/BTN_Close.uasset" 2609
"E:/Documents/SIKAT OJT/Game Project/Backup/ProjectLumina/Content/Assets/UI/Settings/BTN_ClosePressed.uasset" 2610
"E:/Documents/SIKAT OJT/Game Project/Backup/ProjectLumina/Content/Assets/UI/Settings/SettingsBTN_Info.uasset" 2611
"E:/Documents/SIKAT OJT/Game Project/Backup/ProjectLumina/Content/Assets/UI/Settings/SettingsBTN_InfoPressed.uasset" 2612
"E:/Documents/SIKAT OJT/Game Project/Backup/ProjectLumina/Content/Assets/UI/Settings/SettingsBTN_Tutorial.uasset" 2613
"E:/Documents/SIKAT OJT/Game Project/Backup/ProjectLumina/Content/Assets/UI/Settings/SettingsBTN_TutorialPressed.uasset" 2614
"E:/Documents/SIKAT OJT/Game Project/Backup/ProjectLumina/Content/Assets/UI/Settings/SettingsIcon.uasset" 2615
"E:/Documents/SIKAT OJT/Game Project/Backup/ProjectLumina/Content/Assets/UI/Settings/SettingsNormalBarImage.uasset" 2616
"E:/Documents/SIKAT OJT/Game Project/Backup/ProjectLumina/Content/Assets/UI/Settings/SettingsNormalThumbImage.uasset" 2617
"E:/Documents/SIKAT OJT/Game Project/Backup/ProjectLumina/Content/Assets/UI/Settings/SettingsWindowBorder.uasset" 2618
"E:/Documents/SIKAT OJT/Game Project/Backup/ProjectLumina/Content/Assets/UI/Settings/Settings_FPSButton.uasset" 2619
"E:/Documents/SIKAT OJT/Game Project/Backup/ProjectLumina/Content/Assets/UI/Settings/Settings_FPSButtonSelected.uasset" 2620
"E:/Documents/SIKAT OJT/Game Project/Backup/ProjectLumina/Content/Assets/UI/SplashScreen/BackgroundInitial.uasset" 2621
"E:/Documents/SIKAT OJT/Game Project/Backup/ProjectLumina/Content/Assets/UI/SplashScreen/Q4Logo.uasset" 2622
"E:/Documents/SIKAT OJT/Game Project/Backup/ProjectLumina/Content/Assets/UI/SplashScreen/SIKATLogoInitial.uasset" 2623
"E:/Documents/SIKAT OJT/Game Project/Backup/ProjectLumina/Content/Assets/UI/SplashScreen/SIKATLogoAlt.uasset" 2624
"E:/Documents/SIKAT OJT/Game Project/Backup/ProjectLumina/Content/Assets/UI/TitleLogo/TitleLogoNoMascot.uasset" 2625
"E:/Documents/SIKAT OJT/Game Project/Backup/ProjectLumina/Content/Assets/UI/TitleLogo/TitleLogoNoMascot1.uasset" 2626
"E:/Documents/SIKAT OJT/Game Project/Backup/ProjectLumina/Content/Assets/UI/TitleLogo/TitleLogoNoMascot_Mat.uasset" 2627
"E:/Documents/SIKAT OJT/Game Project/Backup/ProjectLumina/Content/Assets/UI/TitleLogo/TitleLogo_Llewie.uasset" 2628
"E:/Documents/SIKAT OJT/Game Project/Backup/ProjectLumina/Content/Assets/UI/TitleScreen/CloudTitle.uasset" 2629
"E:/Documents/SIKAT OJT/Game Project/Backup/ProjectLumina/Content/Assets/UI/TitleScreen/LightRay.uasset" 2630
"E:/Documents/SIKAT OJT/Game Project/Backup/ProjectLumina/Content/Assets/UI/TitleScreen/TitleScreenBackgroundFinished.uasset" 2631
"E:/Documents/SIKAT OJT/Game Project/Backup/ProjectLumina/Content/Assets/UI/TitleScreen/TitleScreenBG.uasset" 2632
"E:/Documents/SIKAT OJT/Game Project/Backup/ProjectLumina/Content/Assets/UI/TitleScreen/TitleScreenBG2.uasset" 2633
"E:/Documents/SIKAT OJT/Game Project/Backup/ProjectLumina/Content/Assets/UI/TitleScreen/TitleScreenTransparent.uasset" 2634
"E:/Documents/SIKAT OJT/Game Project/Backup/ProjectLumina/Content/Assets/UI/TitleScreen/HIkariWalk/Hikari_Run.uasset" 2635
"E:/Documents/SIKAT OJT/Game Project/Backup/ProjectLumina/Content/Assets/UI/TitleScreen/HIkariWalk/MAT_HikariWalk.uasset" 2636
"E:/Documents/SIKAT OJT/Game Project/Backup/ProjectLumina/Content/Assets/UI/TitleScreen/HIkariWalk/MI_HikariWalk.uasset" 2637
"E:/Documents/SIKAT OJT/Game Project/Backup/ProjectLumina/Content/Assets/UI/TitleScreen/HIkariWalk/Render_00000.uasset" 2638
"E:/Documents/SIKAT OJT/Game Project/Backup/ProjectLumina/Content/Assets/UI/TitleScreen/HIkariWalk/Render_00001.uasset" 2639
"E:/Documents/SIKAT OJT/Game Project/Backup/ProjectLumina/Content/Assets/UI/TitleScreen/HIkariWalk/Render_00000_Sprite.uasset" 2640
"E:/Documents/SIKAT OJT/Game Project/Backup/ProjectLumina/Content/Assets/UI/TitleScreen/HIkariWalk/Render_00001_Sprite.uasset" 2641
"E:/Documents/SIKAT OJT/Game Project/Backup/ProjectLumina/Content/Assets/UI/TitleScreen/HIkariWalk/Render_00002.uasset" 2642
"E:/Documents/SIKAT OJT/Game Project/Backup/ProjectLumina/Content/Assets/UI/TitleScreen/HIkariWalk/Render_00002_Sprite.uasset" 2643
"E:/Documents/SIKAT OJT/Game Project/Backup/ProjectLumina/Content/Assets/UI/TitleScreen/HIkariWalk/Render_00003.uasset" 2644
"E:/Documents/SIKAT OJT/Game Project/Backup/ProjectLumina/Content/Assets/UI/TitleScreen/HIkariWalk/Render_00003_Sprite.uasset" 2645
"E:/Documents/SIKAT OJT/Game Project/Backup/ProjectLumina/Content/Assets/UI/TitleScreen/HIkariWalk/Render_00004.uasset" 2646
"E:/Documents/SIKAT OJT/Game Project/Backup/ProjectLumina/Content/Assets/UI/TitleScreen/HIkariWalk/Render_00004_Sprite.uasset" 2647
"E:/Documents/SIKAT OJT/Game Project/Backup/ProjectLumina/Content/Assets/UI/TitleScreen/HIkariWalk/Render_00005.uasset" 2648
"E:/Documents/SIKAT OJT/Game Project/Backup/ProjectLumina/Content/Assets/UI/TitleScreen/HIkariWalk/Render_00005_Sprite.uasset" 2649
"E:/Documents/SIKAT OJT/Game Project/Backup/ProjectLumina/Content/Assets/UI/TitleScreen/HIkariWalk/Render_00006.uasset" 2650
"E:/Documents/SIKAT OJT/Game Project/Backup/ProjectLumina/Content/Assets/UI/TitleScreen/HIkariWalk/Render_00007.uasset" 2651
"E:/Documents/SIKAT OJT/Game Project/Backup/ProjectLumina/Content/Assets/UI/TitleScreen/HIkariWalk/Render_00006_Sprite.uasset" 2652
"E:/Documents/SIKAT OJT/Game Project/Backup/ProjectLumina/Content/Assets/UI/TitleScreen/HIkariWalk/Render_00007_Sprite.uasset" 2653
"E:/Documents/SIKAT OJT/Game Project/Backup/ProjectLumina/Content/Assets/UI/TitleScreen/HIkariWalk/T2DA_HikariWalk.uasset" 2654
"E:/Documents/SIKAT OJT/Game Project/Backup/ProjectLumina/Content/Assets/UI/TitleScreen/UniQWalk/a_0.uasset" 2655
"E:/Documents/SIKAT OJT/Game Project/Backup/ProjectLumina/Content/Assets/UI/TitleScreen/UniQWalk/a_0_Sprite.uasset" 2656
"E:/Documents/SIKAT OJT/Game Project/Backup/ProjectLumina/Content/Assets/UI/TitleScreen/UniQWalk/a_1.uasset" 2657
"E:/Documents/SIKAT OJT/Game Project/Backup/ProjectLumina/Content/Assets/UI/TitleScreen/UniQWalk/a_1_Sprite.uasset" 2658
"E:/Documents/SIKAT OJT/Game Project/Backup/ProjectLumina/Content/Assets/UI/TitleScreen/UniQWalk/a_2.uasset" 2659
"E:/Documents/SIKAT OJT/Game Project/Backup/ProjectLumina/Content/Assets/UI/TitleScreen/UniQWalk/a_2_Sprite.uasset" 2660
"E:/Documents/SIKAT OJT/Game Project/Backup/ProjectLumina/Content/Assets/UI/TitleScreen/UniQWalk/a_3.uasset" 2661
"E:/Documents/SIKAT OJT/Game Project/Backup/ProjectLumina/Content/Assets/UI/TitleScreen/UniQWalk/a_3_Sprite.uasset" 2662
"E:/Documents/SIKAT OJT/Game Project/Backup/ProjectLumina/Content/Assets/UI/TitleScreen/UniQWalk/a_4.uasset" 2663
"E:/Documents/SIKAT OJT/Game Project/Backup/ProjectLumina/Content/Assets/UI/TitleScreen/UniQWalk/a_4_Sprite.uasset" 2664
"E:/Documents/SIKAT OJT/Game Project/Backup/ProjectLumina/Content/Assets/UI/TitleScreen/UniQWalk/a_5.uasset" 2665
"E:/Documents/SIKAT OJT/Game Project/Backup/ProjectLumina/Content/Assets/UI/TitleScreen/UniQWalk/a_5_Sprite.uasset" 2666
"E:/Documents/SIKAT OJT/Game Project/Backup/ProjectLumina/Content/Assets/UI/TitleScreen/UniQWalk/a_6.uasset" 2667
"E:/Documents/SIKAT OJT/Game Project/Backup/ProjectLumina/Content/Assets/UI/TitleScreen/UniQWalk/a_6_Sprite.uasset" 2668
"E:/Documents/SIKAT OJT/Game Project/Backup/ProjectLumina/Content/Assets/UI/TitleScreen/UniQWalk/a_7.uasset" 2669
"E:/Documents/SIKAT OJT/Game Project/Backup/ProjectLumina/Content/Assets/UI/TitleScreen/UniQWalk/a_7_Sprite.uasset" 2670
"E:/Documents/SIKAT OJT/Game Project/Backup/ProjectLumina/Content/Assets/UI/TitleScreen/UniQWalk/a_9.uasset" 2671
"E:/Documents/SIKAT OJT/Game Project/Backup/ProjectLumina/Content/Assets/UI/TitleScreen/UniQWalk/a_8_Sprite.uasset" 2672
"E:/Documents/SIKAT OJT/Game Project/Backup/ProjectLumina/Content/Assets/UI/TitleScreen/UniQWalk/a_9_Sprite.uasset" 2673
"E:/Documents/SIKAT OJT/Game Project/Backup/ProjectLumina/Content/Assets/UI/TitleScreen/UniQWalk/PF_UniQWalk.uasset" 2674
"E:/Documents/SIKAT OJT/Game Project/Backup/ProjectLumina/Content/Assets/UI/Window/AS_Border.uasset" 2675
"E:/Documents/SIKAT OJT/Game Project/Backup/ProjectLumina/Content/Assets/UI/TitleScreen/UniQWalk/a_8.uasset" 2676
"E:/Documents/SIKAT OJT/Game Project/Backup/ProjectLumina/Content/Blueprints/Character/BP_Character.uasset" 2677
"E:/Documents/SIKAT OJT/Game Project/Backup/ProjectLumina/Content/Blueprints/Conversation/BPC_Conversant.uasset" 2678
"E:/Documents/SIKAT OJT/Game Project/Backup/ProjectLumina/Content/Blueprints/Conversation/ConversationTester.uasset" 2679
"E:/Documents/SIKAT OJT/Game Project/Backup/ProjectLumina/Content/Blueprints/Conversation/DT_Conversation_Example.uasset" 2680
"E:/Documents/SIKAT OJT/Game Project/Backup/ProjectLumina/Content/Blueprints/Conversation/DT_PandE.uasset" 2681
"E:/Documents/SIKAT OJT/Game Project/Backup/ProjectLumina/Content/Blueprints/Conversation/GameplayTesterOutro.uasset" 2682
"E:/Documents/SIKAT OJT/Game Project/Backup/ProjectLumina/Content/Blueprints/Conversation/GameplayTester.uasset" 2683
"E:/Documents/SIKAT OJT/Game Project/Backup/ProjectLumina/Content/Blueprints/Conversation/S_Conversation.uasset" 2684
"E:/Documents/SIKAT OJT/Game Project/Backup/ProjectLumina/Content/Blueprints/Enum/Enum_CurrentChapterFinished.uasset" 2685
"E:/Documents/SIKAT OJT/Game Project/Backup/ProjectLumina/Content/Blueprints/Enum/Enum_CurrentCountrySelected.uasset" 2686
"E:/Documents/SIKAT OJT/Game Project/Backup/ProjectLumina/Content/Blueprints/Enum/Enum_CurrentEmotionNPC.uasset" 2687
"E:/Documents/SIKAT OJT/Game Project/Backup/ProjectLumina/Content/Blueprints/Enum/Enum_CurrentEmotionPlayer.uasset" 2688
"E:/Documents/SIKAT OJT/Game Project/Backup/ProjectLumina/Content/Blueprints/Enum/Enum_Framerate.uasset" 2689
"E:/Documents/SIKAT OJT/Game Project/Backup/ProjectLumina/Content/Blueprints/Enum/Enum_GameplayOutroState.uasset" 2690
"E:/Documents/SIKAT OJT/Game Project/Backup/ProjectLumina/Content/Blueprints/Enum/Enum_InvestorSelected.uasset" 2691
"E:/Documents/SIKAT OJT/Game Project/Backup/ProjectLumina/Content/Blueprints/Enum/Enum_LevelPressed.uasset" 2692
"E:/Documents/SIKAT OJT/Game Project/Backup/ProjectLumina/Content/Blueprints/Enum/Enum_Menus.uasset" 2693
"E:/Documents/SIKAT OJT/Game Project/Backup/ProjectLumina/Content/Blueprints/Enum/Enum_ObtainMoney.uasset" 2694
"E:/Documents/SIKAT OJT/Game Project/Backup/ProjectLumina/Content/Blueprints/Enum/Enum_PauseState.uasset" 2695
"E:/Documents/SIKAT OJT/Game Project/Backup/ProjectLumina/Content/Blueprints/Enum/Enum_PlayerSpeaking.uasset" 2696
"E:/Documents/SIKAT OJT/Game Project/Backup/ProjectLumina/Content/Blueprints/Enum/Enum_QuestionType.uasset" 2697
"E:/Documents/SIKAT OJT/Game Project/Backup/ProjectLumina/Content/Blueprints/Enum/Enum_SavedSlotPicked.uasset" 2698
"E:/Documents/SIKAT OJT/Game Project/Backup/ProjectLumina/Content/Blueprints/GameInstance/BP_GameInst.uasset" 2699
"E:/Documents/SIKAT OJT/Game Project/Backup/ProjectLumina/Content/Blueprints/GameMode/BP_GameMode.uasset" 2700
"E:/Documents/SIKAT OJT/Game Project/Backup/ProjectLumina/Content/Blueprints/GameMode/BP_HUDBorder.uasset" 2701
"E:/Documents/SIKAT OJT/Game Project/Backup/ProjectLumina/Content/Blueprints/GameMode/BP_TitleScreen.uasset" 2702
"E:/Documents/SIKAT OJT/Game Project/Backup/ProjectLumina/Content/Blueprints/SaveGame/BP_SaveGame.uasset" 2703
"E:/Documents/SIKAT OJT/Game Project/Backup/ProjectLumina/Content/Blueprints/Sound/SC_Master.uasset" 2704
"E:/Documents/SIKAT OJT/Game Project/Backup/ProjectLumina/Content/Blueprints/Sound/SC_Music.uasset" 2705
"E:/Documents/SIKAT OJT/Game Project/Backup/ProjectLumina/Content/Blueprints/Sound/SC_SFX.uasset" 2706
"E:/Documents/SIKAT OJT/Game Project/Backup/ProjectLumina/Content/Blueprints/Sound/SM_MasterMix.uasset" 2707
"E:/Documents/SIKAT OJT/Game Project/Backup/ProjectLumina/Content/Blueprints/Widgets/Dialogue/WBP_Conv_Answer.uasset" 2708
"E:/Documents/SIKAT OJT/Game Project/Backup/ProjectLumina/Content/Blueprints/Widgets/Border/UI_Border.uasset" 2709
"E:/Documents/SIKAT OJT/Game Project/Backup/ProjectLumina/Content/Blueprints/Widgets/Dialogue/WBP_Conv_Main.uasset" 2710
"E:/Documents/SIKAT OJT/Game Project/Backup/ProjectLumina/Content/Blueprints/Widgets/Dialogue/WBP_Conv_NPC.uasset" 2711
"E:/Documents/SIKAT OJT/Game Project/Backup/ProjectLumina/Content/Blueprints/Widgets/Dialogue/WBP_Conv_Player.uasset" 2712
"E:/Documents/SIKAT OJT/Game Project/Backup/ProjectLumina/Content/Blueprints/Widgets/GameOver/UI_GameOver.uasset" 2713
"E:/Documents/SIKAT OJT/Game Project/Backup/ProjectLumina/Content/Blueprints/Widgets/Gameplay/DP_ItemSelect.uasset" 2714
"E:/Documents/SIKAT OJT/Game Project/Backup/ProjectLumina/Content/Blueprints/Widgets/Gameplay/DP_Widget.uasset" 2715
"E:/Documents/SIKAT OJT/Game Project/Backup/ProjectLumina/Content/Blueprints/Widgets/Gameplay/WG_GameplayIntro.uasset" 2716
"E:/Documents/SIKAT OJT/Game Project/Backup/ProjectLumina/Content/Blueprints/Widgets/Gameplay/WG_GameplayResult.uasset" 2717
"E:/Documents/SIKAT OJT/Game Project/Backup/ProjectLumina/Content/Blueprints/Widgets/Gameplay/WG_MainGameplay.uasset" 2718
"E:/Documents/SIKAT OJT/Game Project/Backup/ProjectLumina/Content/Blueprints/Widgets/Gameplay/FillBlanks/UI_GPFillBlanks.uasset" 2719
"E:/Documents/SIKAT OJT/Game Project/Backup/ProjectLumina/Content/Blueprints/Widgets/Gameplay/FillBlanks/Drag/BP_DragOperation.uasset" 2720
"E:/Documents/SIKAT OJT/Game Project/Backup/ProjectLumina/Content/Blueprints/Widgets/Gameplay/FillBlanks/Drag/WBP_DraggableButton.uasset" 2721
"E:/Documents/SIKAT OJT/Game Project/Backup/ProjectLumina/Content/Blueprints/Widgets/Gameplay/FillBlanks/Drag/WBP_DragVisual.uasset" 2722
"E:/Documents/SIKAT OJT/Game Project/Backup/ProjectLumina/Content/Blueprints/Widgets/Gameplay/FillBlanks/Drag/WBP_MainUI.uasset" 2723
"E:/Documents/SIKAT OJT/Game Project/Backup/ProjectLumina/Content/Blueprints/Widgets/Gameplay/FillBlanks/Drag/WBP_TextBox.uasset" 2724
"E:/Documents/SIKAT OJT/Game Project/Backup/ProjectLumina/Content/Blueprints/Widgets/Gameplay/ProblemMatcing/BP_PM-DragOperation.uasset" 2725
"E:/Documents/SIKAT OJT/Game Project/Backup/ProjectLumina/Content/Blueprints/Widgets/Gameplay/ProblemMatcing/WG_PM-DraggableButton.uasset" 2726
"E:/Documents/SIKAT OJT/Game Project/Backup/ProjectLumina/Content/Blueprints/Widgets/Gameplay/ProblemMatcing/WG_PM-DragVisual.uasset" 2727
"E:/Documents/SIKAT OJT/Game Project/Backup/ProjectLumina/Content/Blueprints/Widgets/Gameplay/ProblemMatcing/WG_PM-Problem.uasset" 2728
"E:/Documents/SIKAT OJT/Game Project/Backup/ProjectLumina/Content/Blueprints/Widgets/Gameplay/ProblemMatcing/WG_PMAnswerSlot.uasset" 2729
"E:/Documents/SIKAT OJT/Game Project/Backup/ProjectLumina/Content/Blueprints/Widgets/Gameplay/QA-Enum-Picture/DP_GPQA-Enum-Pic.uasset" 2730
"E:/Documents/SIKAT OJT/Game Project/Backup/ProjectLumina/Content/Blueprints/Widgets/Gameplay/QA-Enum-Picture/DP_Widget.uasset" 2731
"E:/Documents/SIKAT OJT/Game Project/Backup/ProjectLumina/Content/Blueprints/Widgets/LevelSelect/UI_CountrySelect.uasset" 2732
"E:/Documents/SIKAT OJT/Game Project/Backup/ProjectLumina/Content/Blueprints/Widgets/LevelSelect/UI_LevelSelect.uasset" 2733
"E:/Documents/SIKAT OJT/Game Project/Backup/ProjectLumina/Content/Blueprints/Widgets/LevelSelect/UI_LevelSelectPopUpButton.uasset" 2734
"E:/Documents/SIKAT OJT/Game Project/Backup/ProjectLumina/Content/Blueprints/Widgets/LevelSelect/UI_LevelSelect2.uasset" 2735
"E:/Documents/SIKAT OJT/Game Project/Backup/ProjectLumina/Content/Blueprints/Widgets/LevelSelect/UI_LVLSelect.uasset" 2736
"E:/Documents/SIKAT OJT/Game Project/Backup/ProjectLumina/Content/Blueprints/Widgets/MainCanvas/UI_MainCanvas.uasset" 2737
"E:/Documents/SIKAT OJT/Game Project/Backup/ProjectLumina/Content/Blueprints/Widgets/MainMenu/UI_FileSelect.uasset" 2738
"E:/Documents/SIKAT OJT/Game Project/Backup/ProjectLumina/Content/Blueprints/Widgets/MainMenu/UI_MainMenu.uasset" 2739
"E:/Documents/SIKAT OJT/Game Project/Backup/ProjectLumina/Content/Blueprints/Widgets/MainMenu/UI_SplashScreen.uasset" 2740
"E:/Documents/SIKAT OJT/Game Project/Backup/ProjectLumina/Content/Blueprints/Widgets/MainMenu/UI_TitleScreen.uasset" 2741
"E:/Documents/SIKAT OJT/Game Project/Backup/ProjectLumina/Content/Blueprints/Widgets/MainMenu/UI_TitleScreenBorder.uasset" 2742
"E:/Documents/SIKAT OJT/Game Project/Backup/ProjectLumina/Content/Blueprints/Widgets/LevelSelect/UI_LevelSelectWindow.uasset" 2743
"E:/Documents/SIKAT OJT/Game Project/Backup/ProjectLumina/Content/Blueprints/Widgets/Pause/WG_Pause.uasset" 2744
"E:/Documents/SIKAT OJT/Game Project/Backup/ProjectLumina/Content/Blueprints/Widgets/PopUps/UI_DeleteSave.uasset" 2745
"E:/Documents/SIKAT OJT/Game Project/Backup/ProjectLumina/Content/Blueprints/Widgets/PopUps/UI_QuitGame.uasset" 2746
"E:/Documents/SIKAT OJT/Game Project/Backup/ProjectLumina/Content/Blueprints/Widgets/PopUps/UI_ObtainMoney.uasset" 2747
"E:/Documents/SIKAT OJT/Game Project/Backup/ProjectLumina/Content/Blueprints/Widgets/PopUps/UI_SaveGame.uasset" 2748
"E:/Documents/SIKAT OJT/Game Project/Backup/ProjectLumina/Content/Blueprints/Widgets/PopUps/UI_TermsAndConditions.uasset" 2749
"E:/Documents/SIKAT OJT/Game Project/Backup/ProjectLumina/Content/Blueprints/Widgets/PopUps/ChooseInvestor/UI_ChooseInvestor.uasset" 2750
"E:/Documents/SIKAT OJT/Game Project/Backup/ProjectLumina/Content/Blueprints/Widgets/PopUps/ChooseInvestor/UI_RegistrationFee.uasset" 2751
"E:/Documents/SIKAT OJT/Game Project/Backup/ProjectLumina/Content/Blueprints/Widgets/PopUps/ChooseInvestor/UI_InvestorInfo.uasset" 2752
"E:/Documents/SIKAT OJT/Game Project/Backup/ProjectLumina/Content/Blueprints/Widgets/QA/DP_Widget.uasset" 2753
"E:/Documents/SIKAT OJT/Game Project/Backup/ProjectLumina/Content/Blueprints/Widgets/SplashScreen/Widget.uasset" 2754
"E:/Documents/SIKAT OJT/Game Project/Backup/ProjectLumina/Content/Blueprints/Widgets/TitleScreen/UI_TitleScreen.uasset" 2755
"E:/Documents/SIKAT OJT/Game Project/Backup/ProjectLumina/Content/Blueprints/Widgets/Transitions/UI_Transition.uasset" 2756
"E:/Documents/SIKAT OJT/Game Project/Backup/ProjectLumina/Content/Blueprints/Widgets/Settings/WG_Settings.uasset" 2757
"E:/Documents/SIKAT OJT/Game Project/Backup/ProjectLumina/Content/Dialogues/DL_ChTemplate.uasset" 2758
"E:/Documents/SIKAT OJT/Game Project/Backup/ProjectLumina/Content/Dialogues/DL_DialogueGameplayTest.uasset" 2759
"E:/Documents/SIKAT OJT/Game Project/Backup/ProjectLumina/Content/Dialogues/DL_DialogueGameplayTestOutro.uasset" 2760
"E:/Documents/SIKAT OJT/Game Project/Backup/ProjectLumina/Content/Dialogues/Ch01/BP_DL-Ch1.uasset" 2761
"E:/Documents/SIKAT OJT/Game Project/Backup/ProjectLumina/Content/Dialogues/Ch01/BP_DLChap1.uasset" 2762
"E:/Documents/SIKAT OJT/Game Project/Backup/ProjectLumina/Content/Dialogues/Ch01/Default__BP_DLChap1_C.uasset" 2763
"E:/Documents/SIKAT OJT/Game Project/Backup/ProjectLumina/Content/Dialogues/Ch01/BP_DLChap1_C.uasset" 2764
"E:/Documents/SIKAT OJT/Game Project/Backup/ProjectLumina/Content/Dialogues/Ch01/DL_Ch1.uasset" 2765
"E:/Documents/SIKAT OJT/Game Project/Backup/ProjectLumina/Content/Dialogues/Ch010/BP_DL-Ch10.uasset" 2766
"E:/Documents/SIKAT OJT/Game Project/Backup/ProjectLumina/Content/Dialogues/Ch010/BP_DL-Ch10_2.uasset" 2767
"E:/Documents/SIKAT OJT/Game Project/Backup/ProjectLumina/Content/Dialogues/Ch010/BP_DL-Ch10_3.uasset" 2768
"E:/Documents/SIKAT OJT/Game Project/Backup/ProjectLumina/Content/Dialogues/Ch010/BP_DL-Ch10_GO.uasset" 2769
"E:/Documents/SIKAT OJT/Game Project/Backup/ProjectLumina/Content/Dialogues/Ch010/DL_Ch10.uasset" 2770
"E:/Documents/SIKAT OJT/Game Project/Backup/ProjectLumina/Content/Dialogues/Ch010/DL_Ch10_2.uasset" 2771
"E:/Documents/SIKAT OJT/Game Project/Backup/ProjectLumina/Content/Dialogues/Ch010/DL_Ch10_3.uasset" 2772
"E:/Documents/SIKAT OJT/Game Project/Backup/ProjectLumina/Content/Dialogues/Ch010/DL_Ch10_3Backup.uasset" 2773
"E:/Documents/SIKAT OJT/Game Project/Backup/ProjectLumina/Content/Dialogues/Ch010/DL_Ch10_GO.uasset" 2774
"E:/Documents/SIKAT OJT/Game Project/Backup/ProjectLumina/Content/Dialogues/Ch02/BP_DL-Ch1.uasset" 2775
"E:/Documents/SIKAT OJT/Game Project/Backup/ProjectLumina/Content/Dialogues/Ch010/DL_Ch10_GO_2.uasset" 2776
"E:/Documents/SIKAT OJT/Game Project/Backup/ProjectLumina/Content/Dialogues/Ch02/BP_DL-Ch2.uasset" 2777
"E:/Documents/SIKAT OJT/Game Project/Backup/ProjectLumina/Content/Dialogues/Ch03/BP_DL-Ch3.uasset" 2778
"E:/Documents/SIKAT OJT/Game Project/Backup/ProjectLumina/Content/Dialogues/Ch03/DL_Ch3.uasset" 2779
"E:/Documents/SIKAT OJT/Game Project/Backup/ProjectLumina/Content/Dialogues/Ch04/BP_DL-Ch4.uasset" 2780
"E:/Documents/SIKAT OJT/Game Project/Backup/ProjectLumina/Content/Dialogues/Ch04/BP_DL-Ch4-2.uasset" 2781
"E:/Documents/SIKAT OJT/Game Project/Backup/ProjectLumina/Content/Dialogues/Ch04/DL_Ch4-2.uasset" 2782
"E:/Documents/SIKAT OJT/Game Project/Backup/ProjectLumina/Content/Dialogues/Ch04/DL_Ch4.uasset" 2783
"E:/Documents/SIKAT OJT/Game Project/Backup/ProjectLumina/Content/Dialogues/Ch05/BP_DL-Ch5.uasset" 2784
"E:/Documents/SIKAT OJT/Game Project/Backup/ProjectLumina/Content/Dialogues/Ch02/DL_Ch2.uasset" 2785
"E:/Documents/SIKAT OJT/Game Project/Backup/ProjectLumina/Content/Dialogues/Ch05/DL_Ch5.uasset" 2786
"E:/Documents/SIKAT OJT/Game Project/Backup/ProjectLumina/Content/Dialogues/Ch06/BP_DL-Ch6.uasset" 2787
"E:/Documents/SIKAT OJT/Game Project/Backup/ProjectLumina/Content/Dialogues/Ch06/BP_DL-Ch6_2.uasset" 2788
"E:/Documents/SIKAT OJT/Game Project/Backup/ProjectLumina/Content/Dialogues/Ch06/DL_Ch6.uasset" 2789
"E:/Documents/SIKAT OJT/Game Project/Backup/ProjectLumina/Content/Dialogues/Ch06/DL_Ch6_2.uasset" 2790
"E:/Documents/SIKAT OJT/Game Project/Backup/ProjectLumina/Content/Dialogues/Ch07/BP_DL-Ch7.uasset" 2791
"E:/Documents/SIKAT OJT/Game Project/Backup/ProjectLumina/Content/Dialogues/Ch07/DL_Ch7.uasset" 2792
"E:/Documents/SIKAT OJT/Game Project/Backup/ProjectLumina/Content/Dialogues/Ch08/BP_DL-Ch8.uasset" 2793
"E:/Documents/SIKAT OJT/Game Project/Backup/ProjectLumina/Content/Dialogues/Ch08/BP_DL-Ch8_2.uasset" 2794
"E:/Documents/SIKAT OJT/Game Project/Backup/ProjectLumina/Content/Dialogues/Ch08/DL_Ch8.uasset" 2795
"E:/Documents/SIKAT OJT/Game Project/Backup/ProjectLumina/Content/Dialogues/Ch08/DL_Ch8_2.uasset" 2796
"E:/Documents/SIKAT OJT/Game Project/Backup/ProjectLumina/Content/Dialogues/Ch09/BP_DL-Ch9.uasset" 2797
"E:/Documents/SIKAT OJT/Game Project/Backup/ProjectLumina/Content/Dialogues/Ch09/BP_DL-Ch9_2.uasset" 2798
"E:/Documents/SIKAT OJT/Game Project/Backup/ProjectLumina/Content/Dialogues/Ch09/BP_DL-Ch9_GO.uasset" 2799
"E:/Documents/SIKAT OJT/Game Project/Backup/ProjectLumina/Content/Dialogues/Ch09/DL_Ch9.uasset" 2800
"E:/Documents/SIKAT OJT/Game Project/Backup/ProjectLumina/Content/Dialogues/Ch09/DL_Ch9_2.uasset" 2801
"E:/Documents/SIKAT OJT/Game Project/Backup/ProjectLumina/Content/Dialogues/Ch09/DL_Ch9_GO.uasset" 2802
"E:/Documents/SIKAT OJT/Game Project/Backup/ProjectLumina/Content/Dialogues/Ch1/BP_DL-Ch1.uasset" 2803
"E:/Documents/SIKAT OJT/Game Project/Backup/ProjectLumina/Content/Dialogues/Ch3/BP_DL-Ch3.uasset" 2804
"E:/Documents/SIKAT OJT/Game Project/Backup/ProjectLumina/Content/Dialogues/Ch4/BP_DL-Ch4-2.uasset" 2805
"E:/Documents/SIKAT OJT/Game Project/Backup/ProjectLumina/Content/Dialogues/Ch2/BP_DL-Ch2.uasset" 2806
"E:/Documents/SIKAT OJT/Game Project/Backup/ProjectLumina/Content/Dialogues/Ch4/BP_DL-Ch4.uasset" 2807
"E:/Documents/SIKAT OJT/Game Project/Backup/ProjectLumina/Content/Dialogues/Ch6/BP_DL-Ch6.uasset" 2808
"E:/Documents/SIKAT OJT/Game Project/Backup/ProjectLumina/Content/Dialogues/Ch6/BP_DL-Ch6_2.uasset" 2809
"E:/Documents/SIKAT OJT/Game Project/Backup/ProjectLumina/Content/Dialogues/Ch7/BP_DL-Ch7.uasset" 2810
"E:/Documents/SIKAT OJT/Game Project/Backup/ProjectLumina/Content/Dialogues/Ch8/BP_DL-Ch8.uasset" 2811
"E:/Documents/SIKAT OJT/Game Project/Backup/ProjectLumina/Content/Dialogues/Ch8/BP_DL-Ch8_2.uasset" 2812
"E:/Documents/SIKAT OJT/Game Project/Backup/ProjectLumina/Content/Dialogues/Ch9/BP_DL-Ch9.uasset" 2813
"E:/Documents/SIKAT OJT/Game Project/Backup/ProjectLumina/Content/Dialogues/Ch5/BP_DL-Ch5.uasset" 2814
"E:/Documents/SIKAT OJT/Game Project/Backup/ProjectLumina/Content/Dialogues/Ch9/BP_DL-Ch9_2.uasset" 2815
"E:/Documents/SIKAT OJT/Game Project/Backup/ProjectLumina/Content/Dialogues/Ch9/BP_DL-Ch9_GO.uasset" 2816
"E:/Documents/SIKAT OJT/Game Project/Backup/ProjectLumina/Content/Dialogues/Chap011/BP_DL-Ch11.uasset" 2817
"E:/Documents/SIKAT OJT/Game Project/Backup/ProjectLumina/Content/Dialogues/Chap011/DL_Ch11.uasset" 2818
"E:/Documents/SIKAT OJT/Game Project/Backup/ProjectLumina/Content/Dialogues/Chap1/BP_DL-Ch1.uasset" 2819
"E:/Documents/SIKAT OJT/Game Project/Backup/ProjectLumina/Content/Dialogues/Chap1/BP_DLChap1.uasset" 2820
"E:/Documents/SIKAT OJT/Game Project/Backup/ProjectLumina/Content/Dialogues/DL_Chap2Test/BP_DLChap2.uasset" 2821
"E:/Documents/SIKAT OJT/Game Project/Backup/ProjectLumina/Content/Dialogues/DL_Chap2Test/DL_Chap2.uasset" 2822
"E:/Documents/SIKAT OJT/Game Project/Backup/ProjectLumina/Content/GameplayQuestions/GQ_Test-EarlyTraction.uasset" 2823
"E:/Documents/SIKAT OJT/Game Project/Backup/ProjectLumina/Content/GameplayQuestions/GQ_Test-Ideation.uasset" 2824
"E:/Documents/SIKAT OJT/Game Project/Backup/ProjectLumina/Content/GameplayQuestions/GQ_Test-Growth.uasset" 2825
"E:/Documents/SIKAT OJT/Game Project/Backup/ProjectLumina/Content/GameplayQuestions/GQ_Test-Investors.uasset" 2826
"E:/Documents/SIKAT OJT/Game Project/Backup/ProjectLumina/Content/GameplayQuestions/GQ_Test-Pitching.uasset" 2827
"E:/Documents/SIKAT OJT/Game Project/Backup/ProjectLumina/Content/GameplayQuestions/GQ_Test-Validation.uasset" 2828
"E:/Documents/SIKAT OJT/Game Project/Backup/ProjectLumina/Content/GameplayQuestions/GQ_TEst.uasset" 2829
"E:/Documents/SIKAT OJT/Game Project/Backup/ProjectLumina/Content/GameplayQuestions/Ch4/GQ_Ch4.uasset" 2830
"E:/Documents/SIKAT OJT/Game Project/Backup/ProjectLumina/Content/Geometry/Meshes/1M_Cube.uasset" 2831
"E:/Documents/SIKAT OJT/Game Project/Backup/ProjectLumina/Content/Geometry/Meshes/1M_Cube_Chamfer.uasset" 2832
"E:/Documents/SIKAT OJT/Game Project/Backup/ProjectLumina/Content/Geometry/Meshes/CubeMaterial.uasset" 2833
"E:/Documents/SIKAT OJT/Game Project/Backup/ProjectLumina/Content/Geometry/Meshes/TemplateFloor.uasset" 2834
"E:/Documents/SIKAT OJT/Game Project/Backup/ProjectLumina/Content/Levels/DebuggingLevels/LVL_DebuggingLevel.umap" 2835
"E:/Documents/SIKAT OJT/Game Project/Backup/ProjectLumina/Content/Levels/DebuggingLevels/LVL_DebuggingLevel_BuiltData.uasset" 2836
"E:/Documents/SIKAT OJT/Game Project/Backup/ProjectLumina/Content/Levels/DebuggingLevels/LVL_DialogueDebug.umap" 2837
"E:/Documents/SIKAT OJT/Game Project/Backup/ProjectLumina/Content/Levels/DebuggingLevels/LVL_DialogueDebug_BuiltData.uasset" 2838
"E:/Documents/SIKAT OJT/Game Project/Backup/ProjectLumina/Content/Levels/DebuggingLevels/LVL_DraggableButtonDebug.umap" 2839
"E:/Documents/SIKAT OJT/Game Project/Backup/ProjectLumina/Content/Levels/DebuggingLevels/LVL_FillBlanksGPDebug.umap" 2840
"E:/Documents/SIKAT OJT/Game Project/Backup/ProjectLumina/Content/Levels/DebuggingLevels/LVL_InvestorPopUpDebug.umap" 2841
"E:/Documents/SIKAT OJT/Game Project/Backup/ProjectLumina/Content/Levels/DebuggingLevels/LVL_LevelSelectDebug.umap" 2842
"E:/Documents/SIKAT OJT/Game Project/Backup/ProjectLumina/Content/Levels/DebuggingLevels/LVL_LevelSelectDebug_BuiltData.uasset" 2843
"E:/Documents/SIKAT OJT/Game Project/Backup/ProjectLumina/Content/Levels/DebuggingLevels/LVL_MainGameplayFillBlanks_BuiltData.uasset" 2844
"E:/Documents/SIKAT OJT/Game Project/Backup/ProjectLumina/Content/Levels/DebuggingLevels/LVL_MainGameplayQnA_BuiltData.uasset" 2845
"E:/Documents/SIKAT OJT/Game Project/Backup/ProjectLumina/Content/Levels/DebuggingLevels/LVL_MainGameplayQnA.umap" 2846
"E:/Documents/SIKAT OJT/Game Project/Backup/ProjectLumina/Content/Levels/DebuggingLevels/LVL_SelectCountry.umap" 2847
"E:/Documents/SIKAT OJT/Game Project/Backup/ProjectLumina/Content/Levels/DebuggingLevels/LVL_SettingsDebug.umap" 2848
"E:/Documents/SIKAT OJT/Game Project/Backup/ProjectLumina/Content/Levels/DebuggingLevels/LVL_SettingsDebug_BuiltData.uasset" 2849
"E:/Documents/SIKAT OJT/Game Project/Backup/ProjectLumina/Content/Levels/DebuggingLevels/LVL_TermsandConditionsWidget.umap" 2850
"E:/Documents/SIKAT OJT/Game Project/Backup/ProjectLumina/Content/Levels/LevelSelect/LVL_LVLSelect.umap" 2851
"E:/Documents/SIKAT OJT/Game Project/Backup/ProjectLumina/Content/Levels/LevelSelect/LVL_LVLSelect_BuiltData.uasset" 2852
"E:/Documents/SIKAT OJT/Game Project/Backup/ProjectLumina/Content/Levels/LoadGame/LVL_LoadGame.umap" 2853
"E:/Documents/SIKAT OJT/Game Project/Backup/ProjectLumina/Content/Levels/LVL1/LVL1_Ch1.umap" 2854
"E:/Documents/SIKAT OJT/Game Project/Backup/ProjectLumina/Content/Levels/LVL1/LVL1_Ch2.umap" 2855
"E:/Documents/SIKAT OJT/Game Project/Backup/ProjectLumina/Content/Levels/LVL1/LVL1_Ch3.umap" 2856
"E:/Documents/SIKAT OJT/Game Project/Backup/ProjectLumina/Content/Levels/LVL2/LVL2_Ch10.umap" 2857
"E:/Documents/SIKAT OJT/Game Project/Backup/ProjectLumina/Content/Levels/LVL2/LVL2_Ch10_2.umap" 2858
"E:/Documents/SIKAT OJT/Game Project/Backup/ProjectLumina/Content/Levels/LVL2/LVL2_Ch10_3.umap" 2859
"E:/Documents/SIKAT OJT/Game Project/Backup/ProjectLumina/Content/Levels/LVL2/LVL2_Ch10_GO.umap" 2860
"E:/Documents/SIKAT OJT/Game Project/Backup/ProjectLumina/Content/Levels/LVL2/LVL2_Ch4-2.umap" 2861
"E:/Documents/SIKAT OJT/Game Project/Backup/ProjectLumina/Content/Levels/LVL2/LVL2_Ch4.umap" 2862
"E:/Documents/SIKAT OJT/Game Project/Backup/ProjectLumina/Content/Levels/LVL2/LVL2_Ch4_Game.umap" 2863
"E:/Documents/SIKAT OJT/Game Project/Backup/ProjectLumina/Content/Levels/LVL3/LVL3_Ch5.umap" 2864
"E:/Documents/SIKAT OJT/Game Project/Backup/ProjectLumina/Content/Levels/LVL3/LVL3_Ch6.umap" 2865
"E:/Documents/SIKAT OJT/Game Project/Backup/ProjectLumina/Content/Levels/LVL3/LVL3_Ch6_2.umap" 2866
"E:/Documents/SIKAT OJT/Game Project/Backup/ProjectLumina/Content/Levels/LVL3/LVL3_Ch7.umap" 2867
"E:/Documents/SIKAT OJT/Game Project/Backup/ProjectLumina/Content/Levels/DebuggingLevels/LVL_MainGameplayFillBlanks.umap" 2868
"E:/Documents/SIKAT OJT/Game Project/Backup/ProjectLumina/Content/Levels/LVL3/LVL3_Ch8.umap" 2869
"E:/Documents/SIKAT OJT/Game Project/Backup/ProjectLumina/Content/Levels/LVL3/LVL3_Ch8_2.umap" 2870
"E:/Documents/SIKAT OJT/Game Project/Backup/ProjectLumina/Content/Levels/LVL3/LVL3_Ch9.umap" 2871
"E:/Documents/SIKAT OJT/Game Project/Backup/ProjectLumina/Content/Levels/LVL3/LVL3_Ch9_2.umap" 2872
"E:/Documents/SIKAT OJT/Game Project/Backup/ProjectLumina/Content/Levels/LVL3/LVL3_Ch9_GO.umap" 2873
"E:/Documents/SIKAT OJT/Game Project/Backup/ProjectLumina/Content/Levels/LVL4/LVL4_Ch11.umap" 2874
"E:/Documents/SIKAT OJT/Game Project/Backup/ProjectLumina/Content/Levels/LVL4/LVL4_StoryQuest1.umap" 2875
"E:/Documents/SIKAT OJT/Game Project/Backup/ProjectLumina/Content/Levels/LVL4/LVL4_StoryScene.umap" 2876
"E:/Documents/SIKAT OJT/Game Project/Backup/ProjectLumina/Content/Levels/TitleScreen/LVL_TitleScreen.umap" 2877
"E:/Documents/SIKAT OJT/Game Project/Backup/ProjectLumina/Content/Levels/TitleScreen/LVL_TitleScreenOpened.umap" 2878
"E:/Documents/SIKAT OJT/Game Project/Backup/ProjectLumina/Content/Levels/TitleScreen/LVL_TitleScreen_BuiltData.uasset" 2879
"E:/Documents/SIKAT OJT/Game Project/Backup/ProjectLumina/Content/Mannequin/Animations/ThirdPersonIdle.uasset" 2880
"E:/Documents/SIKAT OJT/Game Project/Backup/ProjectLumina/Content/Mannequin/Animations/ThirdPersonJump_End.uasset" 2881
"E:/Documents/SIKAT OJT/Game Project/Backup/ProjectLumina/Content/Mannequin/Animations/ThirdPersonJump_Loop.uasset" 2882
"E:/Documents/SIKAT OJT/Game Project/Backup/ProjectLumina/Content/Mannequin/Animations/ThirdPersonJump_Start.uasset" 2883
"E:/Documents/SIKAT OJT/Game Project/Backup/ProjectLumina/Content/Mannequin/Animations/ThirdPersonRun.uasset" 2884
"E:/Documents/SIKAT OJT/Game Project/Backup/ProjectLumina/Content/Mannequin/Animations/ThirdPersonWalk.uasset" 2885
"E:/Documents/SIKAT OJT/Game Project/Backup/ProjectLumina/Content/Mannequin/Animations/ThirdPerson_AnimBP.uasset" 2886
"E:/Documents/SIKAT OJT/Game Project/Backup/ProjectLumina/Content/Mannequin/Animations/ThirdPerson_IdleRun_2D.uasset" 2887
"E:/Documents/SIKAT OJT/Game Project/Backup/ProjectLumina/Content/Mannequin/Animations/ThirdPerson_Jump.uasset" 2888
"E:/Documents/SIKAT OJT/Game Project/Backup/ProjectLumina/Content/Mannequin/Character/Materials/MI_Female_Body.uasset" 2889
"E:/Documents/SIKAT OJT/Game Project/Backup/ProjectLumina/Content/Mannequin/Character/Materials/M_Male_Body.uasset" 2890
"E:/Documents/SIKAT OJT/Game Project/Backup/ProjectLumina/Content/Mannequin/Character/Materials/M_UE4Man_ChestLogo.uasset" 2891
"E:/Documents/SIKAT OJT/Game Project/Backup/ProjectLumina/Content/Mannequin/Character/Materials/MaterialLayers/ML_GlossyBlack_Latex_UE4.uasset" 2892
"E:/Documents/SIKAT OJT/Game Project/Backup/ProjectLumina/Content/Mannequin/Character/Materials/MaterialLayers/ML_Plastic_Shiny_Beige.uasset" 2893
"E:/Documents/SIKAT OJT/Game Project/Backup/ProjectLumina/Content/Mannequin/Character/Materials/MaterialLayers/ML_SoftMetal_UE4.uasset" 2894
"E:/Documents/SIKAT OJT/Game Project/Backup/ProjectLumina/Content/Mannequin/Character/Materials/MaterialLayers/ML_Plastic_Shiny_Beige_LOGO.uasset" 2895
"E:/Documents/SIKAT OJT/Game Project/Backup/ProjectLumina/Content/Mannequin/Character/Materials/MaterialLayers/T_ML_Aluminum01.uasset" 2896
"E:/Documents/SIKAT OJT/Game Project/Backup/ProjectLumina/Content/Mannequin/Character/Materials/MaterialLayers/T_ML_Rubber_Blue_01_D.uasset" 2897
"E:/Documents/SIKAT OJT/Game Project/Backup/ProjectLumina/Content/Mannequin/Character/Materials/MaterialLayers/T_ML_Rubber_Blue_01_N.uasset" 2898
"E:/Documents/SIKAT OJT/Game Project/Backup/ProjectLumina/Content/Mannequin/Character/Materials/MaterialLayers/T_ML_Aluminum01_N.uasset" 2899
"E:/Documents/SIKAT OJT/Game Project/Backup/ProjectLumina/Content/Mannequin/Character/Mesh/SK_Mannequin.uasset" 2900
"E:/Documents/SIKAT OJT/Game Project/Backup/ProjectLumina/Content/Mannequin/Character/Mesh/SK_Mannequin_Female.uasset" 2901
"E:/Documents/SIKAT OJT/Game Project/Backup/ProjectLumina/Content/Mannequin/Character/Mesh/SK_Mannequin_Female_PhysicsAsset.uasset" 2902
"E:/Documents/SIKAT OJT/Game Project/Backup/ProjectLumina/Content/Mannequin/Character/Mesh/SK_Mannequin_PhysicsAsset.uasset" 2903
"E:/Documents/SIKAT OJT/Game Project/Backup/ProjectLumina/Content/Mannequin/Character/Mesh/UE4_Mannequin_Skeleton.uasset" 2904
"E:/Documents/SIKAT OJT/Game Project/Backup/ProjectLumina/Content/Mannequin/Character/Textures/T_Female_Mask.uasset" 2905
"E:/Documents/SIKAT OJT/Game Project/Backup/ProjectLumina/Content/Mannequin/Character/Textures/T_Female_N.uasset" 2906
"E:/Documents/SIKAT OJT/Game Project/Backup/ProjectLumina/Content/Mannequin/Character/Textures/T_Male_Mask.uasset" 2907
"E:/Documents/SIKAT OJT/Game Project/Backup/ProjectLumina/Content/Mannequin/Character/Textures/T_Male_N.uasset" 2908
"E:/Documents/SIKAT OJT/Game Project/Backup/ProjectLumina/Content/Mannequin/Character/Textures/T_UE4Logo_Mask.uasset" 2909
"E:/Documents/SIKAT OJT/Game Project/Backup/ProjectLumina/Content/Mannequin/Character/Textures/T_UE4Logo_N.uasset" 2910
"E:/Documents/SIKAT OJT/Game Project/Backup/ProjectLumina/Content/Materials/Material_Test.uasset" 2911
"E:/Documents/SIKAT OJT/Game Project/Backup/ProjectLumina/Content/References/ConceptGameplay_FillBlanks.uasset" 2912
"E:/Documents/SIKAT OJT/Game Project/Backup/ProjectLumina/Content/SideScrollerBP/SideScrollerOverview.uasset" 2913
"E:/Documents/SIKAT OJT/Game Project/Backup/ProjectLumina/Content/SideScrollerBP/Blueprints/SideScrollerCharacter.uasset" 2914
"E:/Documents/SIKAT OJT/Game Project/Backup/ProjectLumina/Content/SideScrollerBP/Blueprints/SideScrollerGameMode.uasset" 2915
"E:/Documents/SIKAT OJT/Game Project/Backup/ProjectLumina/Content/SideScrollerBP/Maps/SideScrollerExampleMap.umap" 2916
"E:/Documents/SIKAT OJT/Game Project/Backup/ProjectLumina/Content/SideScrollerBP/Maps/SideScrollerExampleMap_BuiltData.uasset" 2917
"E:/Documents/SIKAT OJT/Game Project/Backup/ProjectLumina/Content/SideScrollerBP/Meshes/CubeMaterial.uasset" 2918
"E:/Documents/SIKAT OJT/Game Project/Backup/ProjectLumina/Content/SideScrollerBP/Meshes/Ramp_Mesh.uasset" 2919
"E:/Documents/SIKAT OJT/Game Project/Backup/ProjectLumina/Content/Sprites/NewPaperTileMap.uasset" 2920
"E:/Documents/SIKAT OJT/Game Project/Backup/ProjectLumina/Content/Sprites/NewPaperTileMap1.uasset" 2921
"E:/Documents/SIKAT OJT/Game Project/Backup/ProjectLumina/Content/Sprites/Tiles_TileSet.uasset" 2922
"E:/Documents/SIKAT OJT/Game Project/Backup/ProjectLumina/Content/Sprites/Tiles.uasset" 2923
"E:/Documents/SIKAT OJT/Game Project/Backup/ProjectLumina/Content/Structure/ST_LevelData.uasset" 2924
"E:/Documents/SIKAT OJT/Game Project/Backup/ProjectLumina/Content/Structure/FillBlanks/DP_Structure.uasset" 2925
"E:/Documents/SIKAT OJT/Game Project/Backup/ProjectLumina/Content/Structure/LevelSelect/DT_Level2ButtonData.uasset" 2926
"E:/Documents/SIKAT OJT/Game Project/Backup/ProjectLumina/Content/Structure/LevelSelect/DT_Level3ButtonData.uasset" 2927
"E:/Documents/SIKAT OJT/Game Project/Backup/ProjectLumina/Content/Structure/LevelSelect/DT_Level4ButtonData.uasset" 2928
"E:/Documents/SIKAT OJT/Game Project/Backup/ProjectLumina/Content/TopDownBP/TopDownOverview.uasset" 2929
"E:/Documents/SIKAT OJT/Game Project/Backup/ProjectLumina/Content/TopDownBP/Blueprints/M_Cursor_Decal.uasset" 2930
"E:/Documents/SIKAT OJT/Game Project/Backup/ProjectLumina/Content/Structure/LevelSelect/DT_Level1ButtonData.uasset" 2931
"E:/Documents/SIKAT OJT/Game Project/Backup/ProjectLumina/Content/TopDownBP/Blueprints/TopDownCharacter.uasset" 2932
"E:/Documents/SIKAT OJT/Game Project/Backup/ProjectLumina/Content/TopDownBP/Blueprints/TopDownController.uasset" 2933
"E:/Documents/SIKAT OJT/Game Project/Backup/ProjectLumina/Content/TopDownBP/Blueprints/TopDownGameMode.uasset" 2934
"E:/Documents/SIKAT OJT/Game Project/Backup/ProjectLumina/Content/TopDownBP/Maps/TopDownExampleMap.umap" 2935
"E:/Documents/SIKAT OJT/Game Project/Backup/ProjectLumina/Content/TopDownBP/Maps/TopDownExampleMap_BuiltData.uasset" 2936
"../../../Engine/Content/BasicShapes/Cube.uasset" 2937
"../../../Engine/Content/BasicShapes/Sphere.uasset" 2938
"../../../Engine/Content/BasicShapes/Cone.uasset" 2939
"../../../Engine/Content/BasicShapes/Plane.uasset" 2940
"../../../Engine/Content/EditorLandscapeResources/DefaultAlphaTexture.uasset" 2941
"../../../Engine/Content/EditorResources/S_Terrain.uasset" 2942
"../../../Engine/Content/EditorResources/SequenceRecorder/Countdown.uasset" 2943
"../../../Engine/Content/EditorResources/SequenceRecorder/RecordingIndicator.uasset" 2944
"../../../Engine/Content/Animation/DefaultAnimBoneCompressionSettings.uasset" 2945
"../../../Engine/Content/Animation/DefaultAnimCurveCompressionSettings.uasset" 2946
"../../../Engine/Content/Animation/DefaultRecorderBoneCompression.uasset" 2947
"../../../Engine/Content/ArtTools/RenderToTexture/Blueprints/RenderToTexture_Game.uasset" 2948
"../../../Engine/Content/ArtTools/RenderToTexture/Blueprints/PhysMesh.uasset" 2949
"../../../Engine/Content/ArtTools/RenderToTexture/Blueprints/RenderToTexture_LevelBP.uasset" 2950
"../../../Engine/Content/ArtTools/RenderToTexture/Blueprints/RenderToTexture_Pawn.uasset" 2951
"../../../Engine/Content/ArtTools/RenderToTexture/Blueprints/TilingMesh.uasset" 2952
"../../../Engine/Content/ArtTools/RenderToTexture/Enums/EFloatTypes.uasset" 2953
"../../../Engine/Content/ArtTools/RenderToTexture/Enums/EIntTypes.uasset" 2954
"../../../Engine/Content/ArtTools/RenderToTexture/Enums/RenderToTexture_Enum.uasset" 2955
"../../../Engine/Content/ArtTools/RenderToTexture/Enums/RenderToTexture_Flipbook_Enum.uasset" 2956
"../../../Engine/Content/ArtTools/RenderToTexture/Enums/RenderToTexture_Imposter_Enum.uasset" 2957
"../../../Engine/Content/ArtTools/RenderToTexture/Macros/RenderToTextureFunctionLibrary.uasset" 2958
"../../../Engine/Content/ArtTools/RenderToTexture/Macros/RenderToTextureMacros.uasset" 2959
"../../../Engine/Content/ArtTools/RenderToTexture/MaterialFunctions/BoundingSphereBased_0-1_UVW.uasset" 2960
"../../../Engine/Content/ArtTools/RenderToTexture/MaterialFunctions/Boundingsphere_DebugCircles.uasset" 2961
"../../../Engine/Content/ArtTools/RenderToTexture/MaterialFunctions/BoundingSphere_LightTransform.uasset" 2962
"../../../Engine/Content/ArtTools/RenderToTexture/MaterialFunctions/CustomBoundingBox_0-1_UVW.uasset" 2963
"../../../Engine/Content/ArtTools/RenderToTexture/MaterialFunctions/DiffMotionVectors.uasset" 2964
"../../../Engine/Content/ArtTools/RenderToTexture/MaterialFunctions/FlipbookWind.uasset" 2965
"../../../Engine/Content/ArtTools/RenderToTexture/MaterialFunctions/Flipbook_LocalBounds.uasset" 2966
"../../../Engine/Content/ArtTools/RenderToTexture/MaterialFunctions/FoliageZRotation.uasset" 2967
"../../../Engine/Content/ArtTools/RenderToTexture/MaterialFunctions/ImposterUVs.uasset" 2968
"../../../Engine/Content/ArtTools/RenderToTexture/MaterialFunctions/Imposter_MotionVectors.uasset" 2969
"../../../Engine/Content/ArtTools/RenderToTexture/MaterialFunctions/CheckerPattern.uasset" 2970
"../../../Engine/Content/ArtTools/RenderToTexture/MaterialFunctions/MarkRedOutside0-1Range.uasset" 2971
"../../../Engine/Content/ArtTools/RenderToTexture/MaterialFunctions/MF_UnwwrapUVs.uasset" 2972
"../../../Engine/Content/ArtTools/RenderToTexture/MaterialFunctions/OrthoFOV.uasset" 2973
"../../../Engine/Content/ArtTools/RenderToTexture/MaterialFunctions/TransformImposterNormals.uasset" 2974
"../../../Engine/Content/ArtTools/RenderToTexture/Materials/MPC_R2T.uasset" 2975
"../../../Engine/Content/ArtTools/RenderToTexture/MaterialFunctions/VolumeShadowMap.uasset" 2976
"../../../Engine/Content/ArtTools/RenderToTexture/MaterialFunctions/UnwrapUVsForRender.uasset" 2977
"../../../Engine/Content/ArtTools/RenderToTexture/Materials/M_50percent_Test.uasset" 2978
"../../../Engine/Content/ArtTools/RenderToTexture/Materials/M_50percent_Test_Inst.uasset" 2979
"../../../Engine/Content/ArtTools/RenderToTexture/Materials/M_BackgroundCard_01.uasset" 2980
"../../../Engine/Content/ArtTools/RenderToTexture/Materials/M_CompareUVtoLocalSpaceDensity_01.uasset" 2981
"../../../Engine/Content/ArtTools/RenderToTexture/Materials/M_CompareUVtoLocalSpaceDensity_01_Inst.uasset" 2982
"../../../Engine/Content/ArtTools/RenderToTexture/Materials/M_DebugSphereBounds_01.uasset" 2983
"../../../Engine/Content/ArtTools/RenderToTexture/Materials/M_DebugSphereBounds_01_Inst.uasset" 2984
"../../../Engine/Content/ArtTools/RenderToTexture/Materials/M_FlipBookCounter_01.uasset" 2985
"../../../Engine/Content/ArtTools/RenderToTexture/Materials/M_FlipBookCounter_01_Inst.uasset" 2986
"../../../Engine/Content/ArtTools/RenderToTexture/Materials/M_FlipbookPreview_01.uasset" 2987
"../../../Engine/Content/ArtTools/RenderToTexture/Materials/M_FlipbookPreview_01_Inst.uasset" 2988
"../../../Engine/Content/ArtTools/RenderToTexture/Materials/M_FlipbookUVTest_01.uasset" 2989
"../../../Engine/Content/ArtTools/RenderToTexture/Materials/M_FlipbookLocalCoordinateTest_01_Inst.uasset" 2990
"../../../Engine/Content/ArtTools/RenderToTexture/Materials/M_ImposterTest_01.uasset" 2991
"../../../Engine/Content/ArtTools/RenderToTexture/Materials/M_ImposterTest_01_Inst.uasset" 2992
"../../../Engine/Content/ArtTools/RenderToTexture/Materials/M_FlipbookLocalCoordinateTest_01.uasset" 2993
"../../../Engine/Content/ArtTools/RenderToTexture/Materials/M_ImposterTest_01_Inst_SingleAxis.uasset" 2994
"../../../Engine/Content/ArtTools/RenderToTexture/Materials/M_RadiusDebugTranslucent.uasset" 2995
"../../../Engine/Content/ArtTools/RenderToTexture/Materials/M_RenderCustomHeightmap_01.uasset" 2996
"../../../Engine/Content/ArtTools/RenderToTexture/Materials/M_RenderMotionVectors.uasset" 2997
"../../../Engine/Content/ArtTools/RenderToTexture/Materials/M_RenderMotionVectors_Inst.uasset" 2998
"../../../Engine/Content/ArtTools/RenderToTexture/Materials/M_RenderNormalizedDepth_01.uasset" 2999
"../../../Engine/Content/ArtTools/RenderToTexture/Materials/M_RenderNormalizedDepth_01_Inst.uasset" 3000
"../../../Engine/Content/ArtTools/RenderToTexture/Materials/M_TilingPreviewMat_01.uasset" 3001
"../../../Engine/Content/ArtTools/RenderToTexture/Materials/M_UnlitText_01.uasset" 3002
"../../../Engine/Content/ArtTools/RenderToTexture/Materials/Debug/M_2sidedLit.uasset" 3003
"../../../Engine/Content/ArtTools/RenderToTexture/Materials/Debug/M_50percent_BaseColor.uasset" 3004
"../../../Engine/Content/ArtTools/RenderToTexture/Materials/Debug/M_50percent_BaseInst.uasset" 3005
"../../../Engine/Content/ArtTools/RenderToTexture/Materials/Debug/M_50percent_D_S_R_SSS_O.uasset" 3006
"../../../Engine/Content/ArtTools/RenderToTexture/Materials/Debug/M_50percent_Test.uasset" 3007
"../../../Engine/Content/ArtTools/RenderToTexture/Materials/Debug/M_50percent_Test_Inst.uasset" 3008
"../../../Engine/Content/ArtTools/RenderToTexture/Materials/Debug/M_BaseColor_Constant.uasset" 3009
"../../../Engine/Content/ArtTools/RenderToTexture/Materials/Debug/M_Emissive_Color_0-0-127.uasset" 3010
"../../../Engine/Content/ArtTools/RenderToTexture/Materials/Debug/M_Emissive_Color_127-127-0.uasset" 3011
"../../../Engine/Content/ArtTools/RenderToTexture/Materials/Debug/M_Emissive_Constant.uasset" 3012
"../../../Engine/Content/ArtTools/RenderToTexture/Materials/Debug/M_Graph_Inputs.uasset" 3013
"../../../Engine/Content/ArtTools/RenderToTexture/Materials/Debug/M_TestFlipbookAnimation.uasset" 3014
"../../../Engine/Content/ArtTools/RenderToTexture/Materials/Debug/M_TestFlipbookAnimation_Inst.uasset" 3015
"../../../Engine/Content/ArtTools/RenderToTexture/Materials/Flipbooks/M_FlipBookCounter_01.uasset" 3016
"../../../Engine/Content/ArtTools/RenderToTexture/Materials/Flipbooks/M_FlipbookLocalCoordinateTest_01.uasset" 3017
"../../../Engine/Content/ArtTools/RenderToTexture/Materials/Flipbooks/M_FlipbookLocalCoordinateTest_01_Inst.uasset" 3018
"../../../Engine/Content/ArtTools/RenderToTexture/Materials/Flipbooks/M_FlipbookPreview_01.uasset" 3019
"../../../Engine/Content/ArtTools/RenderToTexture/Materials/Flipbooks/M_FlipBookCounter_01_Inst.uasset" 3020
"../../../Engine/Content/ArtTools/RenderToTexture/Materials/Flipbooks/M_FlipbookPreview_01_Inst.uasset" 3021
"../../../Engine/Content/ArtTools/RenderToTexture/Materials/Flipbooks/M_FlipbookPreview_01_Inst_Cubetest_DBL.uasset" 3022
"../../../Engine/Content/ArtTools/RenderToTexture/Materials/Flipbooks/M_FlipbookPreview_01_Inst_Cubetest_NoV.uasset" 3023
"../../../Engine/Content/ArtTools/RenderToTexture/Materials/Flipbooks/M_FlipbookPreview_01_Inst_Cubetest_NoV_S.uasset" 3024
"../../../Engine/Content/ArtTools/RenderToTexture/Materials/Flipbooks/M_FlipbookPreview_01_Inst_Cubetest_Slow.uasset" 3025
"../../../Engine/Content/ArtTools/RenderToTexture/Materials/Flipbooks/M_RenderMotionVectors.uasset" 3026
"../../../Engine/Content/ArtTools/RenderToTexture/Materials/Flipbooks/M_RenderMotionVectors_Applied.uasset" 3027
"../../../Engine/Content/ArtTools/RenderToTexture/Materials/Flipbooks/M_RenderMotionVectors_Applied_Imposter.uasset" 3028
"../../../Engine/Content/ArtTools/RenderToTexture/Materials/Flipbooks/M_RenderMotionVectors_Inst.uasset" 3029
"../../../Engine/Content/ArtTools/RenderToTexture/Materials/Imposters/M_ImposterTest_01.uasset" 3030
"../../../Engine/Content/ArtTools/RenderToTexture/Materials/Flipbooks/M_RenderMotionVectors_StartPositions.uasset" 3031
"../../../Engine/Content/ArtTools/RenderToTexture/Materials/Imposters/M_ImposterTest_01_Inst.uasset" 3032
"../../../Engine/Content/ArtTools/RenderToTexture/Materials/Imposters/M_ImposterTest_01_Inst_SingleAxis.uasset" 3033
"../../../Engine/Content/ArtTools/RenderToTexture/Meshes/ShadowTestMesh.uasset" 3034
"../../../Engine/Content/ArtTools/RenderToTexture/Meshes/S_1_Unit_Sphere.uasset" 3035
"../../../Engine/Content/ArtTools/RenderToTexture/Meshes/S_1_Unit_Sphere_HI.uasset" 3036
"../../../Engine/Content/ArtTools/RenderToTexture/Textures/127grey.uasset" 3037
"../../../Engine/Content/ArtTools/RenderToTexture/Textures/TilingTexturePreview.uasset" 3038
"../../../Engine/Content/ArtTools/RenderToTexture/Textures/T_EV_BlankWhite_01.uasset" 3039
"../../../Engine/Content/ArtTools/RenderToTexture/Textures/FlipbookMotionVectors/Position1.uasset" 3040
"../../../Engine/Content/BasicShapes/BasicShapeMaterial.uasset" 3041
"../../../Engine/Content/BasicShapes/Cube1.uasset" 3042
"../../../Engine/Content/BufferVisualization/AmbientOcclusion.uasset" 3043
"../../../Engine/Content/BufferVisualization/Anisotropy.uasset" 3044
"../../../Engine/Content/BufferVisualization/BaseColor.uasset" 3045
"../../../Engine/Content/BufferVisualization/CustomDepth.uasset" 3046
"../../../Engine/Content/BufferVisualization/CustomDepthWorldUnits.uasset" 3047
"../../../Engine/Content/BufferVisualization/CustomStencil.uasset" 3048
"../../../Engine/Content/BufferVisualization/FinalImage.uasset" 3049
"../../../Engine/Content/BufferVisualization/LightingModel.uasset" 3050
"../../../Engine/Content/ArtTools/RenderToTexture/Materials/Flipbooks/M_FlipbookPreview_01_Inst_Cubetest.uasset" 3051
"../../../Engine/Content/BufferVisualization/Metallic.uasset" 3052
"../../../Engine/Content/BufferVisualization/Opacity.uasset" 3053
"../../../Engine/Content/BufferVisualization/MaterialAO.uasset" 3054
"../../../Engine/Content/BufferVisualization/PostTonemapHDRColor.uasset" 3055
"../../../Engine/Content/BufferVisualization/PreTonemapHDRColor.uasset" 3056
"../../../Engine/Content/BufferVisualization/SceneColor.uasset" 3057
"../../../Engine/Content/BufferVisualization/Roughness.uasset" 3058
"../../../Engine/Content/BufferVisualization/SceneDepth.uasset" 3059
"../../../Engine/Content/BufferVisualization/SeparateTranslucencyA.uasset" 3060
"../../../Engine/Content/BufferVisualization/SceneDepthWorldUnits.uasset" 3061
"../../../Engine/Content/BufferVisualization/SeparateTranslucencyRGB.uasset" 3062
"../../../Engine/Content/BufferVisualization/Specular.uasset" 3063
"../../../Engine/Content/BufferVisualization/SubsurfaceColor.uasset" 3064
"../../../Engine/Content/BufferVisualization/Velocity.uasset" 3065
"../../../Engine/Content/BufferVisualization/WorldNormal.uasset" 3066
"../../../Engine/Content/BufferVisualization/WorldTangent.uasset" 3067
"../../../Engine/Content/Editor/Slate/Icons/AssetIcons/Cone_16x.uasset" 3068
"../../../Engine/Content/Editor/Slate/Icons/AssetIcons/Cone_64x.uasset" 3069
"../../../Engine/Content/Editor/Slate/Icons/AssetIcons/Cube_16x.uasset" 3070
"../../../Engine/Content/Editor/Slate/Icons/AssetIcons/Cube_64x.uasset" 3071
"../../../Engine/Content/Editor/Slate/Icons/AssetIcons/Cylinder_16x.uasset" 3072
"../../../Engine/Content/Editor/Slate/Icons/AssetIcons/Cylinder_64x.uasset" 3073
"../../../Engine/Content/Editor/Slate/Icons/AssetIcons/Sphere_16x.uasset" 3074
"../../../Engine/Content/Editor/Slate/Icons/AssetIcons/UserWidget_16x.uasset" 3075
"../../../Engine/Content/Editor/Slate/Icons/AssetIcons/Sphere_64x.uasset" 3076
"../../../Engine/Content/Editor/Slate/Icons/AssetIcons/UserWidget_64x.uasset" 3077
"../../../Engine/Content/Editor/Slate/Icons/AssetIcons/WidgetBlueprint_16x.uasset" 3078
"../../../Engine/Content/EditorBlueprintResources/ActorMacros.uasset" 3079
"../../../Engine/Content/Editor/Slate/Icons/AssetIcons/WidgetBlueprint_64x.uasset" 3080
"../../../Engine/Content/EditorBlueprintResources/StandardMacros.uasset" 3081
"../../../Engine/Content/EditorKismetResources/StandardMacros.uasset" 3082
"../../../Engine/Content/EditorLandscapeResources/AlphaBrushMaterial.uasset" 3083
"../../../Engine/Content/EditorLandscapeResources/AlphaBrushMaterial_Smooth.uasset" 3084
"../../../Engine/Content/EditorLandscapeResources/CircleBrushMaterial.uasset" 3085
"../../../Engine/Content/EditorLandscapeResources/CircleBrushMaterial_Linear.uasset" 3086
"../../../Engine/Content/EditorLandscapeResources/CircleBrushMaterial_Smooth.uasset" 3087
"../../../Engine/Content/EditorLandscapeResources/CircleBrushMaterial_Spherical.uasset" 3088
"../../../Engine/Content/EditorLandscapeResources/CircleBrushMaterial_Tip.uasset" 3089
"../../../Engine/Content/EditorLandscapeResources/ColorMaskBrushMaterial.uasset" 3090
"../../../Engine/Content/EditorLandscapeResources/ColorMaskBrushMaterial_MaskedRegion.uasset" 3091
"../../../Engine/Content/EditorLandscapeResources/DebugLayerColorMat.uasset" 3092
"../../../Engine/Content/EditorLandscapeResources/FlattenPlaneMesh.uasset" 3093
"../../../Engine/Content/EditorLandscapeResources/FlattenHeightMat.uasset" 3094
"../../../Engine/Content/EditorLandscapeResources/FoliageBrushSphereMaterial.uasset" 3095
"../../../Engine/Content/EditorLandscapeResources/GizmoTexture.uasset" 3096
"../../../Engine/Content/EditorLandscapeResources/LandscapeGizmoHeightLookup.uasset" 3097
"../../../Engine/Content/EditorLandscapeResources/LandscapeDirtyMaterial.uasset" 3098
"../../../Engine/Content/EditorLandscapeResources/LandscapeGizmoHeight_Mat.uasset" 3099
"../../../Engine/Content/EditorLandscapeResources/LandscapeGizmoHeight_UnderMat.uasset" 3100
"../../../Engine/Content/EditorLandscapeResources/LandscapeGizmo_Mat.uasset" 3101
"../../../Engine/Content/EditorLandscapeResources/LandscapeGizmo_Mat_Copied.uasset" 3102
"../../../Engine/Content/EditorLandscapeResources/LandscapeLayerUsageMaterial.uasset" 3103
"../../../Engine/Content/EditorLandscapeResources/LandscapeLightingMaterial.uasset" 3104
"../../../Engine/Content/EditorLandscapeResources/LandscapeThumbnailHeightmap.uasset" 3105
"../../../Engine/Content/EditorLandscapeResources/LandscapeThumbnailWeightmap.uasset" 3106
"../../../Engine/Content/EditorLandscapeResources/LayerVisMaterial.uasset" 3107
"../../../Engine/Content/EditorLandscapeResources/Landscape_Heightmap_To_RenderTarget2D.uasset" 3108
"../../../Engine/Content/EditorLandscapeResources/MaskBrushMaterial.uasset" 3109
"../../../Engine/Content/EditorLandscapeResources/MaskBrushMaterial_Gizmo.uasset" 3110
"../../../Engine/Content/EditorLandscapeResources/MaskBrushMaterial_MaskedRegion.uasset" 3111
"../../../Engine/Content/EditorLandscapeResources/MirrorPlaneMaterial.uasset" 3112
"../../../Engine/Content/EditorLandscapeResources/PatternBrushMaterial_Smooth.uasset" 3113
"../../../Engine/Content/EditorLandscapeResources/SelectBrushMaterial.uasset" 3114
"../../../Engine/Content/EditorLandscapeResources/SelectBrushMaterial_Gizmo.uasset" 3115
"../../../Engine/Content/EditorLandscapeResources/SelectBrushMaterial_Selected.uasset" 3116
"../../../Engine/Content/EditorLandscapeResources/SelectBrushMaterial_SelectedRegion.uasset" 3117
"../../../Engine/Content/EditorLandscapeResources/SplineEditorMesh.uasset" 3118
"../../../Engine/Content/EditorLandscapeResources/SplineEditorMeshMat.uasset" 3119
"../../../Engine/Content/EditorLandscapeResources/WhiteSquareTexture.uasset" 3120
"../../../Engine/Content/EditorMaterials/Anchor.uasset" 3121
"../../../Engine/Content/EditorMaterials/AntialiasedGridFloor.uasset" 3122
"../../../Engine/Content/EditorMaterials/CASC_Curve_2.uasset" 3123
"../../../Engine/Content/EditorMaterials/CheckMaterial.uasset" 3124
"../../../Engine/Content/EditorMaterials/Cross.uasset" 3125
"../../../Engine/Content/EditorMaterials/CASC_ModuleEnab_2.uasset" 3126
"../../../Engine/Content/EditorMaterials/Cross_Mat.uasset" 3127
"../../../Engine/Content/EditorMaterials/FakeLight.uasset" 3128
"../../../Engine/Content/EditorMaterials/Frac_ElementMaterial.uasset" 3129
"../../../Engine/Content/EditorMaterials/GizmoMaterial.uasset" 3130
"../../../Engine/Content/EditorMaterials/GreyCheck.uasset" 3131
"../../../Engine/Content/EditorMaterials/GridMaterial.uasset" 3132
"../../../Engine/Content/EditorMaterials/HelpActorMaterial.uasset" 3133
"../../../Engine/Content/EditorMaterials/CompositeARGBLayer.uasset" 3134
"../../../Engine/Content/EditorMaterials/HelpFlatColour.uasset" 3135
"../../../Engine/Content/EditorMaterials/HelpFlatColour_Blk_Inst.uasset" 3136
"../../../Engine/Content/EditorMaterials/HelpFlatColour_W_Inst.uasset" 3137
"../../../Engine/Content/EditorMaterials/LevelGridMaterial.uasset" 3138
"../../../Engine/Content/EditorMaterials/LevelGridMaterial2.uasset" 3139
"../../../Engine/Content/EditorMaterials/LevelTransformMaterial.uasset" 3140
"../../../Engine/Content/EditorMaterials/MakeCompositeARGBLayer.uasset" 3141
"../../../Engine/Content/EditorMaterials/MatineeGreyGrad.uasset" 3142
"../../../Engine/Content/EditorMaterials/MAT_Groups_ParticleReplay.uasset" 3143
"../../../Engine/Content/EditorMaterials/PersonaFloorMat.uasset" 3144
"../../../Engine/Content/EditorMaterials/PersonaSky.uasset" 3145
"../../../Engine/Content/EditorMaterials/MatineeCam_mat.uasset" 3146
"../../../Engine/Content/EditorMaterials/PhAT_ElemSelectedMaterial.uasset" 3147
"../../../Engine/Content/EditorMaterials/PhAT_BoneSelectedMaterial.uasset" 3148
"../../../Engine/Content/EditorMaterials/PhAT_JointLimitMaterial.uasset" 3149
"../../../Engine/Content/EditorMaterials/PhAT_NoCollisionMaterial.uasset" 3150
"../../../Engine/Content/EditorMaterials/PhAT_UnselectedMaterial.uasset" 3151
"../../../Engine/Content/EditorMaterials/PreviewShadowIndicator.uasset" 3152
"../../../Engine/Content/EditorMaterials/PreviewShadowIndicatorMaterial.uasset" 3153
"../../../Engine/Content/EditorMaterials/TargetIconSpawn.uasset" 3154
"../../../Engine/Content/EditorMaterials/TextureGridCascaded1D.uasset" 3155
"../../../Engine/Content/EditorMaterials/TextureGridCascaded2D.uasset" 3156
"../../../Engine/Content/EditorMaterials/ThumbnailBack.uasset" 3157
"../../../Engine/Content/EditorMaterials/ThumbnailSolid.uasset" 3158
"../../../Engine/Content/EditorMaterials/ThumbnailSolid_MATInst.uasset" 3159
"../../../Engine/Content/EditorMaterials/Tick.uasset" 3160
"../../../Engine/Content/EditorMaterials/Tick_Mat.uasset" 3161
"../../../Engine/Content/EditorMaterials/TargetIcon.uasset" 3162
"../../../Engine/Content/EditorMaterials/TilingAADots.uasset" 3163
"../../../Engine/Content/EditorMaterials/TilingAAGrid.uasset" 3164
"../../../Engine/Content/EditorMaterials/TilingAALineBoxFiltered.uasset" 3165
"../../../Engine/Content/EditorMaterials/TilingAALineIntegral.uasset" 3166
"../../../Engine/Content/EditorMaterials/TreeArrow_Collapsed.uasset" 3167
"../../../Engine/Content/EditorMaterials/TreeArrow_Expanded.uasset" 3168
"../../../Engine/Content/EditorMaterials/T_1x1_Grid.uasset" 3169
"../../../Engine/Content/EditorMaterials/TreeArrow_ExpandedRealtimePreview.uasset" 3170
"../../../Engine/Content/EditorMaterials/UnrealEdIcons.uasset" 3171
"../../../Engine/Content/EditorMaterials/WidgetMaterial.uasset" 3172
"../../../Engine/Content/EditorMaterials/WidgetGridVertexColorMaterial.uasset" 3173
"../../../Engine/Content/EditorMaterials/WidgetGridVertexColorMaterial_Ma.uasset" 3174
"../../../Engine/Content/EditorMaterials/WidgetMaterial_X.uasset" 3175
"../../../Engine/Content/EditorMaterials/WidgetMaterial_Current.uasset" 3176
"../../../Engine/Content/EditorMaterials/WidgetMaterial_Y.uasset" 3177
"../../../Engine/Content/EditorMaterials/WidgetMaterial_Z.uasset" 3178
"../../../Engine/Content/EditorMaterials/WidgetVertexColorMaterial.uasset" 3179
"../../../Engine/Content/EditorMaterials/AssetViewer/M_SkyBox.uasset" 3180
"../../../Engine/Content/EditorMaterials/AssetViewer/EpicQuadPanorama_CC+EV1.uasset" 3181
"../../../Engine/Content/EditorMaterials/AssetViewer/T_ClearSky.uasset" 3182
"../../../Engine/Content/EditorMaterials/Camera/MI_CineMat_CameraBody.uasset" 3183
"../../../Engine/Content/EditorMaterials/Camera/MI_CineMat_CamViewFinder.uasset" 3184
"../../../Engine/Content/EditorMaterials/Cascade/CASC_BackgroundCube_MATInst.uasset" 3185
"../../../Engine/Content/EditorMaterials/Cascade/CASC_BackgroundCube_MAT.uasset" 3186
"../../../Engine/Content/EditorMaterials/Cascade/CASC_Cross.uasset" 3187
"../../../Engine/Content/EditorMaterials/Cascade/CASC_CurveEd.uasset" 3188
"../../../Engine/Content/EditorMaterials/Cascade/CASC_CurveEd_MAT.uasset" 3189
"../../../Engine/Content/EditorMaterials/Cascade/CASC_DisabledModule.uasset" 3190
"../../../Engine/Content/EditorMaterials/Cascade/CASC_Lights.uasset" 3191
"../../../Engine/Content/EditorMaterials/Cascade/CASC_ModuleDisable.uasset" 3192
"../../../Engine/Content/EditorMaterials/Cascade/CASC_ModuleDisable_MAT.uasset" 3193
"../../../Engine/Content/EditorMaterials/Cascade/CASC_ModuleEnable.uasset" 3194
"../../../Engine/Content/EditorMaterials/Cascade/CASC_ModuleEnable_MAT.uasset" 3195
"../../../Engine/Content/EditorMaterials/Cascade/CASC_None.uasset" 3196
"../../../Engine/Content/EditorMaterials/Cascade/CASC_Normal.uasset" 3197
"../../../Engine/Content/EditorMaterials/Cascade/CASC_Point.uasset" 3198
"../../../Engine/Content/EditorMaterials/Cascade/CASC_RenderCross_MAT.uasset" 3199
"../../../Engine/Content/EditorMaterials/Cascade/CASC_RenderNone_MAT.uasset" 3200
"../../../Engine/Content/EditorMaterials/Cascade/CASC_RenderLights_MAT.uasset" 3201
"../../../Engine/Content/EditorMaterials/Cascade/CASC_RenderNormal_MAT.uasset" 3202
"../../../Engine/Content/EditorMaterials/Cascade/CASC_RenderPoint_MAT.uasset" 3203
"../../../Engine/Content/EditorMaterials/Cascade/CASC_Solo_On.uasset" 3204
"../../../Engine/Content/EditorMaterials/Cascade/CASC_Solo_Off.uasset" 3205
"../../../Engine/Content/EditorMaterials/Cloth/CameraLitDoubleSided.uasset" 3206
"../../../Engine/Content/EditorMaterials/GeometryCollection/InMaterial.uasset" 3207
"../../../Engine/Content/EditorMaterials/GeometryCollection/SelectedGeometryMaterial.uasset" 3208
"../../../Engine/Content/EditorMaterials/Matinee/MAT_EnableTrack_Mat.uasset" 3209
"../../../Engine/Content/EditorMaterials/MatineeGroups/MAT_ColorTrack_Mat.uasset" 3210
"../../../Engine/Content/EditorMaterials/MatineeGroups/MAT_Groups_Anim_Mat.uasset" 3211
"../../../Engine/Content/EditorMaterials/MatineeGroups/MAT_Groups_AudioMaster_Mat.uasset" 3212
"../../../Engine/Content/EditorMaterials/MatineeGroups/MAT_Groups_Director_Mat.uasset" 3213
"../../../Engine/Content/EditorMaterials/MatineeGroups/MAT_Groups_Event_Mat.uasset" 3214
"../../../Engine/Content/EditorMaterials/MatineeGroups/MAT_Groups_Fade_Mat.uasset" 3215
"../../../Engine/Content/EditorMaterials/MatineeGroups/MAT_Groups_Float_Mat.uasset" 3216
"../../../Engine/Content/EditorMaterials/MatineeGroups/MAT_Groups_Graph_Off.uasset" 3217
"../../../Engine/Content/EditorMaterials/MatineeGroups/MAT_Groups_Graph_On.uasset" 3218
"../../../Engine/Content/EditorMaterials/MatineeGroups/MAT_Groups_Graph_On_Mat.uasset" 3219
"../../../Engine/Content/EditorMaterials/MatineeGroups/MAT_Groups_Graph_Off_Mat.uasset" 3220
"../../../Engine/Content/EditorMaterials/MatineeGroups/MAT_Groups_Left_Off.uasset" 3221
"../../../Engine/Content/EditorMaterials/MatineeGroups/MAT_Groups_Left_Off_Mat.uasset" 3222
"../../../Engine/Content/EditorMaterials/MatineeGroups/MAT_Groups_Left_On.uasset" 3223
"../../../Engine/Content/EditorMaterials/MatineeGroups/MAT_Groups_Left_On_Mat.uasset" 3224
"../../../Engine/Content/EditorMaterials/MatineeGroups/MAT_Groups_Move_Mat.uasset" 3225
"../../../Engine/Content/EditorMaterials/MatineeGroups/MAT_Groups_ParticleReplay_Mat.uasset" 3226
"../../../Engine/Content/EditorMaterials/MatineeGroups/MAT_Groups_Right_Off.uasset" 3227
"../../../Engine/Content/EditorMaterials/MatineeGroups/MAT_Groups_Right_Off_Mat.uasset" 3228
"../../../Engine/Content/EditorMaterials/MatineeGroups/MAT_Groups_Right_On.uasset" 3229
"../../../Engine/Content/EditorMaterials/MatineeGroups/MAT_Groups_Right_On_Mat.uasset" 3230
"../../../Engine/Content/EditorMaterials/MatineeGroups/MAT_Groups_Slomo_Mat.uasset" 3231
"../../../Engine/Content/EditorMaterials/MatineeGroups/MAT_Groups_Sound_Mat.uasset" 3232
"../../../Engine/Content/EditorMaterials/MatineeGroups/MAT_Groups_Toggle_Mat.uasset" 3233
"../../../Engine/Content/EditorMaterials/MatineeGroups/MAT_Groups_Trajectory_Off_Mat.uasset" 3234
"../../../Engine/Content/EditorMaterials/MatineeGroups/MAT_Groups_Trajectory_On_Mat.uasset" 3235
"../../../Engine/Content/EditorMaterials/MatineeGroups/MAT_Groups_Vector_Mat.uasset" 3236
"../../../Engine/Content/EditorMaterials/MatineeGroups/MAT_Groups_View_Off.uasset" 3237
"../../../Engine/Content/EditorMaterials/MatineeGroups/MAT_Groups_View_Off_Mat.uasset" 3238
"../../../Engine/Content/EditorMaterials/MatineeGroups/MAT_Groups_View_On.uasset" 3239
"../../../Engine/Content/EditorMaterials/MatineeGroups/MAT_Groups_View_On_Mat.uasset" 3240
"../../../Engine/Content/EditorMaterials/MatineeGroups/MAT_Groups_Visibility_Mat.uasset" 3241
"../../../Engine/Content/EditorMaterials/Thumbnails/FloorPlaneMaterial.uasset" 3242
"../../../Engine/Content/EditorMaterials/Thumbnails/SkySphereMaterial.uasset" 3243
"../../../Engine/Content/EditorMaterials/Utilities/ImageReflectionPreview.uasset" 3244
"../../../Engine/Content/EditorMaterials/Utilities/LinearColorPicker_MAT.uasset" 3245
"../../../Engine/Content/EditorMaterials/Utilities/LinearColorPicker_MATInst.uasset" 3246
"../../../Engine/Content/EditorMeshes/AnimTreeEd_PreviewFloor.uasset" 3247
"../../../Engine/Content/EditorMeshes/ArcadeEditorSphere.uasset" 3248
"../../../Engine/Content/EditorMeshes/Axis_Guide.uasset" 3249
"../../../Engine/Content/EditorMeshes/EditorCube.uasset" 3250
"../../../Engine/Content/EditorMeshes/EditorCylinder.uasset" 3251
"../../../Engine/Content/EditorMeshes/EditorHelp.uasset" 3252
"../../../Engine/Content/EditorMeshes/EditorPlane.uasset" 3253
"../../../Engine/Content/EditorMeshes/EditorSphere.uasset" 3254
"../../../Engine/Content/EditorMeshes/EditorSkySphere.uasset" 3255
"../../../Engine/Content/EditorMeshes/MatineeCam_SM.uasset" 3256
"../../../Engine/Content/EditorMeshes/PhAT_FloorBox.uasset" 3257
"../../../Engine/Content/EditorMeshes/PlanarReflectionPlane.uasset" 3258
"../../../Engine/Content/EditorMeshes/AssetViewer/Floor_Mesh.uasset" 3259
"../../../Engine/Content/EditorMeshes/AssetViewer/Sphere_inversenormals.uasset" 3260
"../../../Engine/Content/EditorMeshes/Camera/MI_CineCam_Body.uasset" 3261
"../../../Engine/Content/EditorMeshes/Camera/MI_CraneRig.uasset" 3262
"../../../Engine/Content/EditorMeshes/Camera/MI_CineCam_ViewFinder.uasset" 3263
"../../../Engine/Content/EditorMeshes/Camera/MI_RailRig.uasset" 3264
"../../../Engine/Content/EditorMeshes/Camera/SM_CineCam.uasset" 3265
"../../../Engine/Content/EditorMeshes/Camera/SM_CraneArm_Body.uasset" 3266
"../../../Engine/Content/EditorMeshes/Cascade/BackgroundCube.uasset" 3267
"../../../Engine/Content/EditorMeshes/ColorCalibrator/Color_checker.uasset" 3268
"../../../Engine/Content/EditorMeshes/ColorCalibrator/Color_checker_8bit.uasset" 3269
"../../../Engine/Content/EditorMeshes/ColorCalibrator/M_ChromeBall.uasset" 3270
"../../../Engine/Content/EditorMeshes/ColorCalibrator/M_ClearCoat.uasset" 3271
"../../../Engine/Content/EditorMeshes/ColorCalibrator/M_ClearCoatBlack.uasset" 3272
"../../../Engine/Content/EditorMeshes/ColorCalibrator/M_ColorGrid.uasset" 3273
"../../../Engine/Content/EditorMeshes/ColorCalibrator/M_GreyBall.uasset" 3274
"../../../Engine/Content/EditorMeshes/ColorCalibrator/M_SkinBall.uasset" 3275
"../../../Engine/Content/EditorMeshes/ColorCalibrator/SM_ColorCalibrator.uasset" 3276
"../../../Engine/Content/EditorMeshes/ColorCalibrator/T_ColorGrid.uasset" 3277
"../../../Engine/Content/EditorMeshes/SkeletalMesh/DefaultSkeletalMesh.uasset" 3278
"../../../Engine/Content/EditorResources/Ai_Spawnpoint.uasset" 3279
"../../../Engine/Content/EditorMeshes/SkeletalMesh/DefaultSkeletalMesh_Skeleton.uasset" 3280
"../../../Engine/Content/EditorResources/Bad.uasset" 3281
"../../../Engine/Content/EditorResources/BadBlueprintSprite.uasset" 3282
"../../../Engine/Content/EditorResources/BadHighlight.uasset" 3283
"../../../Engine/Content/EditorResources/BadPylon.uasset" 3284
"../../../Engine/Content/EditorResources/BSPVertex.uasset" 3285
"../../../Engine/Content/EditorResources/Console.uasset" 3286
"../../../Engine/Content/EditorResources/EmptyActor.uasset" 3287
"../../../Engine/Content/EditorResources/Goal_Waypoint.uasset" 3288
"../../../Engine/Content/EditorResources/MaterialBackdrop.uasset" 3289
"../../../Engine/Content/EditorResources/LevelGrid1DStripes.uasset" 3290
"../../../Engine/Content/EditorResources/MatineeCam_D.uasset" 3291
"../../../Engine/Content/EditorResources/MatInstActSprite.uasset" 3292
"../../../Engine/Content/EditorResources/PathNode.uasset" 3293
"../../../Engine/Content/EditorResources/SceneManager.uasset" 3294
"../../../Engine/Content/EditorResources/SimplygonLogo.uasset" 3295
"../../../Engine/Content/EditorResources/SmallFont.uasset" 3296
"../../../Engine/Content/EditorResources/RGBTable16x1_AssetViewer.uasset" 3297
"../../../Engine/Content/EditorResources/Spawn_Point.uasset" 3298
"../../../Engine/Content/EditorResources/S_AutoAlignToTerrain.uasset" 3299
"../../../Engine/Content/EditorResources/S_BezierHandle.uasset" 3300
"../../../Engine/Content/EditorResources/S_DecalActorIcon.uasset" 3301
"../../../Engine/Content/EditorResources/S_Emitter.uasset" 3302
"../../../Engine/Content/EditorResources/S_CameraShakeSource.uasset" 3303
"../../../Engine/Content/EditorResources/S_ExpoHeightFog.uasset" 3304
"../../../Engine/Content/EditorResources/S_FluidFlow.uasset" 3305
"../../../Engine/Content/EditorResources/S_FluidRaindrops.uasset" 3306
"../../../Engine/Content/EditorResources/S_FluidSphere.uasset" 3307
"../../../Engine/Content/EditorResources/S_FluidSurf.uasset" 3308
"../../../Engine/Content/EditorResources/S_FluidSurfOsc.uasset" 3309
"../../../Engine/Content/EditorResources/S_ForceFeedbackComponent.uasset" 3310
"../../../Engine/Content/EditorResources/S_ForceFeedbackComponent_AutoActivate.uasset" 3311
"../../../Engine/Content/EditorResources/S_FTest.uasset" 3312
"../../../Engine/Content/EditorResources/S_KBSJoint.uasset" 3313
"../../../Engine/Content/EditorResources/S_KHinge.uasset" 3314
"../../../Engine/Content/EditorResources/S_KPrismatic.uasset" 3315
"../../../Engine/Content/EditorResources/S_LevelSequence.uasset" 3316
"../../../Engine/Content/EditorResources/S_NavP.uasset" 3317
"../../../Engine/Content/EditorResources/S_Pawn.uasset" 3318
"../../../Engine/Content/EditorResources/S_Pickup.uasset" 3319
"../../../Engine/Content/EditorResources/S_Player.uasset" 3320
"../../../Engine/Content/EditorResources/S_PolyMarker.uasset" 3321
"../../../Engine/Content/EditorResources/S_PortalActorIcon.uasset" 3322
"../../../Engine/Content/EditorResources/S_PortalActorIcon2.uasset" 3323
"../../../Engine/Content/EditorResources/S_RadForce.uasset" 3324
"../../../Engine/Content/EditorResources/S_ReflActorIcon.uasset" 3325
"../../../Engine/Content/EditorResources/S_Route.uasset" 3326
"../../../Engine/Content/EditorResources/S_SceneCaptureIcon.uasset" 3327
"../../../Engine/Content/EditorResources/S_SkyAtmosphere.uasset" 3328
"../../../Engine/Content/EditorResources/S_SkyLight.uasset" 3329
"../../../Engine/Content/EditorResources/S_Teleport.uasset" 3330
"../../../Engine/Content/EditorResources/S_TextRenderActorIcon.uasset" 3331
"../../../Engine/Content/EditorResources/S_Thruster.uasset" 3332
"../../../Engine/Content/EditorResources/S_VolumetricCloud.uasset" 3333
"../../../Engine/Content/EditorResources/S_WindDirectional.uasset" 3334
"../../../Engine/Content/EditorResources/TilePatine_D.uasset" 3335
"../../../Engine/Content/EditorResources/TilePatine_N.uasset" 3336
"../../../Engine/Content/EditorResources/T_EditorHelp.uasset" 3337
"../../../Engine/Content/EditorResources/UnrealEdIcon_PhysAsset.uasset" 3338
"../../../Engine/Content/EditorResources/S_VectorFieldVol.uasset" 3339
"../../../Engine/Content/EditorResources/AI/S_NavLink.uasset" 3340
"../../../Engine/Content/EditorResources/AudioIcons/S_Ambient_Sound_Moveable.uasset" 3341
"../../../Engine/Content/EditorResources/AudioIcons/S_Ambient_Sound_Non_Loop.uasset" 3342
"../../../Engine/Content/EditorResources/AudioIcons/S_Ambient_Sound_Simple.uasset" 3343
"../../../Engine/Content/EditorResources/AudioIcons/S_Ambient_Sound_Toggleable.uasset" 3344
"../../../Engine/Content/EditorResources/AudioIcons/S_AudioComponent.uasset" 3345
"../../../Engine/Content/EditorResources/Waypoint.uasset" 3346
"../../../Engine/Content/EditorResources/AudioIcons/S_AudioComponent_AutoActivate.uasset" 3347
"../../../Engine/Content/EditorResources/LightIcons/Light_Point_Stationary_Statics.uasset" 3348
"../../../Engine/Content/EditorResources/LightIcons/SkyLight.uasset" 3349
"../../../Engine/Content/EditorResources/LightIcons/S_LightDirectional.uasset" 3350
"../../../Engine/Content/EditorResources/LightIcons/S_LightDirectionalMove.uasset" 3351
"../../../Engine/Content/EditorResources/LightIcons/S_LightError.uasset" 3352
"../../../Engine/Content/EditorResources/LightIcons/S_LightPoint.uasset" 3353
"../../../Engine/Content/EditorResources/LightIcons/S_LightPointMove.uasset" 3354
"../../../Engine/Content/EditorResources/LightIcons/S_LightSpot.uasset" 3355
"../../../Engine/Content/EditorResources/LightIcons/S_LightSpotMove.uasset" 3356
"../../../Engine/Content/EditorResources/Spline/T_Loft_Spline_Surf.uasset" 3357
"../../../Engine/Content/EditorResources/Crowd/T_Crowd_Spline.uasset" 3358
"../../../Engine/Content/EditorResources/Spline/T_Loft_Spline.uasset" 3359
"../../../Engine/Content/EditorShapes/Materials/MI_ShapeInstance.uasset" 3360
"../../../Engine/Content/EditorShapes/Textures/T_ShapeDiffuse.uasset" 3361
"../../../Engine/Content/EditorShapes/Textures/T_ShapeNormal.uasset" 3362
"../../../Engine/Content/EditorShapes/Materials/M_ShapeMaster.uasset" 3363
"../../../Engine/Content/EditorShellMaterials/MI_BaseFlat.uasset" 3364
"../../../Engine/Content/EditorShellMaterials/M_ShellMaster.uasset" 3365
"../../../Engine/Content/EditorShellMaterials/T_Base.uasset" 3366
"../../../Engine/Content/EditorShellMaterials/T_BaseButton.uasset" 3367
"../../../Engine/Content/EditorShellMaterials/T_BaseOverlay.uasset" 3368
"../../../Engine/Content/EditorShellMaterials/ManualUVs/MI_BaseGrid_MUV.uasset" 3369
"../../../Engine/Content/EditorShellMaterials/ManualUVs/MI_BaseInterpMesh_MUV.uasset" 3370
"../../../Engine/Content/EditorShellMaterials/ManualUVs/MI_BaseMesh_MUV.uasset" 3371
"../../../Engine/Content/EditorShellMaterials/ManualUVs/MI_Shell_256_MUV.uasset" 3372
"../../../Engine/Content/EditorShellMaterials/ManualUVs/MI_Shell_128_MUV.uasset" 3373
"../../../Engine/Content/EditorShellMaterials/ManualUVs/MI_Shell_32_MUV.uasset" 3374
"../../../Engine/Content/EditorShellMaterials/ManualUVs/MI_Shell_64_MUV.uasset" 3375
"../../../Engine/Content/EditorShellMaterials/SketchUp/MI_BaseGrid_WUV_SketchUp.uasset" 3376
"../../../Engine/Content/EditorShellMaterials/SketchUp/MI_BaseInterpMesh_WUV_SketchUp.uasset" 3377
"../../../Engine/Content/EditorShellMaterials/SketchUp/MI_BaseMesh_WUV_SketchUp.uasset" 3378
"../../../Engine/Content/EditorShellMaterials/SketchUp/MI_Shell_128_WUV_SketchUp.uasset" 3379
"../../../Engine/Content/EditorShellMaterials/SketchUp/MI_Shell_256_WUV_SketchUp.uasset" 3380
"../../../Engine/Content/EditorShellMaterials/SketchUp/MI_Shell_32_WUV_SketchUp.uasset" 3381
"../../../Engine/Content/EditorShellMaterials/SketchUp/MI_Shell_64_WUV_SketchUp.uasset" 3382
"../../../Engine/Content/EditorShellMaterials/WorldUVs/MI_BaseGrid_WUV.uasset" 3383
"../../../Engine/Content/EditorShellMaterials/WorldUVs/MI_BaseInterpMesh_WUV.uasset" 3384
"../../../Engine/Content/EditorShellMaterials/WorldUVs/MI_BaseMesh_WUV.uasset" 3385
"../../../Engine/Content/EditorShellMaterials/WorldUVs/MI_Shell_128_WUV.uasset" 3386
"../../../Engine/Content/EditorShellMaterials/WorldUVs/MI_Shell_256_WUV.uasset" 3387
"../../../Engine/Content/EditorShellMaterials/WorldUVs/MI_Shell_32_WUV.uasset" 3388
"../../../Engine/Content/EditorShellMaterials/WorldUVs/MI_Shell_64_WUV.uasset" 3389
"../../../Engine/Content/EditorSounds/GamePreview/EjectFromPlayer.uasset" 3390
"../../../Engine/Content/EditorSounds/GamePreview/EjectFromPlayer_Cue.uasset" 3391
"../../../Engine/Content/EditorSounds/GamePreview/EndPlayInEditor.uasset" 3392
"../../../Engine/Content/EditorSounds/GamePreview/EndPlayInEditor_Cue.uasset" 3393
"../../../Engine/Content/EditorSounds/GamePreview/EndSimulate.uasset" 3394
"../../../Engine/Content/EditorSounds/GamePreview/EndSimulate_Cue.uasset" 3395
"../../../Engine/Content/EditorSounds/GamePreview/PossessPlayer.uasset" 3396
"../../../Engine/Content/EditorSounds/GamePreview/PossessPlayer_Cue.uasset" 3397
"../../../Engine/Content/EditorSounds/GamePreview/StartPlayInEditor.uasset" 3398
"../../../Engine/Content/EditorSounds/GamePreview/StartPlayInEditor_Cue.uasset" 3399
"../../../Engine/Content/EditorSounds/GamePreview/StartSimulate.uasset" 3400
"../../../Engine/Content/EditorSounds/GamePreview/StartSimulate_Cue.uasset" 3401
"../../../Engine/Content/EditorSounds/Notifications/CompileFailed.uasset" 3402
"../../../Engine/Content/EditorSounds/Notifications/CompileFailed_Cue.uasset" 3403
"../../../Engine/Content/EditorSounds/Notifications/CompileStart_Cue.uasset" 3404
"../../../Engine/Content/EditorSounds/Notifications/CompileSuccess.uasset" 3405
"../../../Engine/Content/EditorSounds/Notifications/CompileSuccess_Cue.uasset" 3406
"../../../Engine/Content/EngineDebugMaterials/BlackUnlitMaterial.uasset" 3407
"../../../Engine/Content/EngineDebugMaterials/BoneWeightMaterial.uasset" 3408
"../../../Engine/Content/EngineDebugMaterials/CASC_Cross.uasset" 3409
"../../../Engine/Content/EngineDebugMaterials/CASC_None.uasset" 3410
"../../../Engine/Content/EngineDebugMaterials/ClothMaterial_WF.uasset" 3411
"../../../Engine/Content/EngineDebugMaterials/ClothMaterial.uasset" 3412
"../../../Engine/Content/EngineDebugMaterials/DebugEditorMaterial.uasset" 3413
"../../../Engine/Content/EngineDebugMaterials/DebugMeshMaterialFakeLight.uasset" 3414
"../../../Engine/Content/EngineDebugMaterials/GeomMaterial.uasset" 3415
"../../../Engine/Content/EngineDebugMaterials/HeatmapGradient.uasset" 3416
"../../../Engine/Content/EngineDebugMaterials/HeatmapMaterial.uasset" 3417
"../../../Engine/Content/EngineDebugMaterials/LevelColorationUnlitMaterial.uasset" 3418
"../../../Engine/Content/EngineDebugMaterials/LevelColorationLitMaterial.uasset" 3419
"../../../Engine/Content/EngineDebugMaterials/LightmapResolutionMaterial.uasset" 3420
"../../../Engine/Content/EngineDebugMaterials/MaterialError.uasset" 3421
"../../../Engine/Content/EngineDebugMaterials/MaterialError_Mat.uasset" 3422
"../../../Engine/Content/EngineDebugMaterials/MAT_LevelColorationLitLightmapUV.uasset" 3423
"../../../Engine/Content/EngineDebugMaterials/M_SimpleOpaque.uasset" 3424
"../../../Engine/Content/EngineDebugMaterials/M_SimpleTranslucent.uasset" 3425
"../../../Engine/Content/EngineDebugMaterials/PhysicalMaterialMaskMaterial.uasset" 3426
"../../../Engine/Content/EngineDebugMaterials/ShadedLevelColorationLitMaterial.uasset" 3427
"../../../Engine/Content/EngineDebugMaterials/ShadedLevelColorationUnlitMateri.uasset" 3428
"../../../Engine/Content/EngineDebugMaterials/TangentColorMap.uasset" 3429
"../../../Engine/Content/EngineDebugMaterials/TangentColorMaterial.uasset" 3430
"../../../Engine/Content/EngineDebugMaterials/TargetIcon.uasset" 3431
"../../../Engine/Content/EngineDebugMaterials/TerrainCollisionMaterial.uasset" 3432
"../../../Engine/Content/EngineDebugMaterials/TexturePaint_2Tex_Color.uasset" 3433
"../../../Engine/Content/EngineDebugMaterials/T_1x1_Grid.uasset" 3434
"../../../Engine/Content/EngineDebugMaterials/VertexColorViewMode_AlphaAsColor.uasset" 3435
"../../../Engine/Content/EngineDebugMaterials/VertexColorViewMode_BlueOnly.uasset" 3436
"../../../Engine/Content/EngineDebugMaterials/VertexColorViewMode_ColorOnly.uasset" 3437
"../../../Engine/Content/EngineDebugMaterials/VertexColorViewMode_RedOnly.uasset" 3438
"../../../Engine/Content/EngineDebugMaterials/VertexColorViewMode_GreenOnly.uasset" 3439
"../../../Engine/Content/EngineDebugMaterials/VertexPaint_2Tex_Color.uasset" 3440
"../../../Engine/Content/EngineDebugMaterials/VertexPaint_4Tex.uasset" 3441
"../../../Engine/Content/EngineDebugMaterials/LightingModels/M_TextureDefinedSpecularReflecti.uasset" 3442
"../../../Engine/Content/EngineFonts/DroidSansMono.uasset" 3443
"../../../Engine/Content/EngineFonts/RobotoTiny.uasset" 3444
"../../../Engine/Content/EngineFonts/SmallFont.uasset" 3445
"../../../Engine/Content/EngineFonts/TinyFont.uasset" 3446
"../../../Engine/Content/EngineFonts/Faces/DroidSansMono.uasset" 3447
"../../../Engine/Content/EngineFonts/Faces/RobotoTiny.uasset" 3448
"../../../Engine/Content/EngineLightProfiles/180Degree_IES.uasset" 3449
"../../../Engine/Content/EngineLightProfiles/90Degree_IES.uasset" 3450
"../../../Engine/Content/EngineLightProfiles/Complex_IES.uasset" 3451
"../../../Engine/Content/EngineLightProfiles/Narrow10000.uasset" 3452
"../../../Engine/Content/EngineLightProfiles/Narrow1000_IES.uasset" 3453
"../../../Engine/Content/EngineLightProfiles/NarrowComplex_IES.uasset" 3454
"../../../Engine/Content/EngineMaterials/AntiAliasedTextMaterialTranslucent.uasset" 3455
"../../../Engine/Content/EngineMaterials/BlendFunc_DefBase.uasset" 3456
"../../../Engine/Content/EngineMaterials/BlendFunc_DefBlend.uasset" 3457
"../../../Engine/Content/EngineMaterials/BlinkingCaret.uasset" 3458
"../../../Engine/Content/EngineMaterials/CubeMaterial.uasset" 3459
"../../../Engine/Content/EngineMaterials/DefaultBokeh_Low.uasset" 3460
"../../../Engine/Content/EngineMaterials/DefaultCalibrationColor.uasset" 3461
"../../../Engine/Content/EngineMaterials/DefaultCalibrationGrayscale.uasset" 3462
"../../../Engine/Content/EngineMaterials/DefaultCubemap.uasset" 3463
"../../../Engine/Content/EngineMaterials/DefaultDecalMaterial.uasset" 3464
"../../../Engine/Content/EngineMaterials/DefaultDiffuse_TC_Masks.uasset" 3465
"../../../Engine/Content/EngineMaterials/DefaultDiffuse_Low.uasset" 3466
"../../../Engine/Content/EngineMaterials/DefaultMaterial_B.uasset" 3467
"../../../Engine/Content/EngineMaterials/DefaultNormal.uasset" 3468
"../../../Engine/Content/EngineMaterials/DefaultNormal_Uncompressed.uasset" 3469
"../../../Engine/Content/EngineMaterials/DefaultParticle.uasset" 3470
"../../../Engine/Content/EngineMaterials/DefaultPhysicalMaterial2.uasset" 3471
"../../../Engine/Content/EngineMaterials/DefaultTextMaterialOpaque2.uasset" 3472
"../../../Engine/Content/EngineMaterials/DefaultTextMaterialTranslucent.uasset" 3473
"../../../Engine/Content/EngineMaterials/DefCube_Face.uasset" 3474
"../../../Engine/Content/EngineMaterials/EditorBrushMaterial.uasset" 3475
"../../../Engine/Content/EngineMaterials/EmissiveTexturedMaterial.uasset" 3476
"../../../Engine/Content/EngineMaterials/FlatNormal.uasset" 3477
"../../../Engine/Content/EngineMaterials/FogVolumeMaterial.uasset" 3478
"../../../Engine/Content/EngineMaterials/Good64x64TilingNoiseHighFreq_Low.uasset" 3479
"../../../Engine/Content/EngineMaterials/Grid.uasset" 3480
"../../../Engine/Content/EngineMaterials/Grid_N.uasset" 3481
"../../../Engine/Content/EngineMaterials/HairColorMap.uasset" 3482
"../../../Engine/Content/EngineMaterials/HairDebugColor.uasset" 3483
"../../../Engine/Content/EngineMaterials/HighResolutionScreenshotMaskFunction.uasset" 3484
"../../../Engine/Content/EngineMaterials/HighResScreenshot.uasset" 3485
"../../../Engine/Content/EngineMaterials/HighResScreenshotCaptureRegion.uasset" 3486
"../../../Engine/Content/EngineMaterials/HighResScreenshotMask.uasset" 3487
"../../../Engine/Content/EngineMaterials/InvalidLightmapSettings_Low.uasset" 3488
"../../../Engine/Content/EngineMaterials/LandscapeHolePhysicalMaterial.uasset" 3489
"../../../Engine/Content/EngineMaterials/NewBaseFlattenMaterial.uasset" 3490
"../../../Engine/Content/EngineMaterials/OrientParticle.uasset" 3491
"../../../Engine/Content/EngineMaterials/PaperDiffuse.uasset" 3492
"../../../Engine/Content/EngineMaterials/PaperNormal.uasset" 3493
"../../../Engine/Content/EngineMaterials/PhysMat_Carboard.uasset" 3494
"../../../Engine/Content/EngineMaterials/PhysMat_Ice.uasset" 3495
"../../../Engine/Content/EngineMaterials/PhysMat_Metal.uasset" 3496
"../../../Engine/Content/EngineMaterials/PhysMat_Rubber.uasset" 3497
"../../../Engine/Content/EngineMaterials/PhysMat_Vehicle.uasset" 3498
"../../../Engine/Content/EngineMaterials/PhysMat_VehicleRagdoll.uasset" 3499
"../../../Engine/Content/EngineMaterials/PPM_DefaultCalibrationGrayscale.uasset" 3500
"../../../Engine/Content/EngineMaterials/PPM_DefaultCalibrationColor.uasset" 3501
"../../../Engine/Content/EngineMaterials/PPVolumeMaterial.uasset" 3502
"../../../Engine/Content/EngineMaterials/PPVolumeMaterialInstance.uasset" 3503
"../../../Engine/Content/EngineMaterials/RandomAngles.uasset" 3504
"../../../Engine/Content/EngineMaterials/PreintegratedSkinBRDF_Low.uasset" 3505
"../../../Engine/Content/EngineMaterials/RandomMirrorDisc.uasset" 3506
"../../../Engine/Content/EngineMaterials/RandomNormal2.uasset" 3507
"../../../Engine/Content/EngineMaterials/RandomVectors_WithXNeighbor.uasset" 3508
"../../../Engine/Content/EngineMaterials/ScreenMaterial.uasset" 3509
"../../../Engine/Content/EngineMaterials/SoundCue_SpeakerIcon.uasset" 3510
"../../../Engine/Content/EngineMaterials/T_DefaultTexture2_D.uasset" 3511
"../../../Engine/Content/EngineMaterials/T_Default_MacroVariation.uasset" 3512
"../../../Engine/Content/EngineMaterials/T_Default_BaseColor.uasset" 3513
"../../../Engine/Content/EngineMaterials/T_Default_Material_Grid_M_Low.uasset" 3514
"../../../Engine/Content/EngineMaterials/T_Default_Material_Grid_N_Low.uasset" 3515
"../../../Engine/Content/EngineMaterials/T_Default_Normal.uasset" 3516
"../../../Engine/Content/EngineMaterials/T_SphereShadow_RGBA_5-15-30-60deg.uasset" 3517
"../../../Engine/Content/EngineMaterials/UnlitText.uasset" 3518
"../../../Engine/Content/EngineMaterials/VolumeTextureThumbnailMaterial.uasset" 3519
"../../../Engine/Content/EngineMaterials/WaterMaterial.uasset" 3520
"../../../Engine/Content/EngineMaterials/Widget3DCameraPassThrough_Opaque_OneSided.uasset" 3521
"../../../Engine/Content/EngineMaterials/WorldGridMaterial_Low.uasset" 3522
"../../../Engine/Content/EngineMeshes/BackgroundCube.uasset" 3523
"../../../Engine/Content/EngineMeshes/BackgroundMaterial.uasset" 3524
"../../../Engine/Content/EngineMeshes/Cube.uasset" 3525
"../../../Engine/Content/EngineMeshes/Humanoid.uasset" 3526
"../../../Engine/Content/EngineMeshes/MaterialSphere.uasset" 3527
"../../../Engine/Content/EngineMeshes/M_Mat_UnrealTech.uasset" 3528
"../../../Engine/Content/EngineMeshes/SkeletalCube.uasset" 3529
"../../../Engine/Content/EngineMeshes/ParticleCube.uasset" 3530
"../../../Engine/Content/EngineMeshes/SkeletalCube_Skeleton.uasset" 3531
"../../../Engine/Content/EngineMeshes/SM_MatPreviewMesh_01.uasset" 3532
"../../../Engine/Content/EngineMeshes/SM_Projectile.uasset" 3533
"../../../Engine/Content/EngineMeshes/s_cube_1cm_flippednormals.uasset" 3534
"../../../Engine/Content/EngineMeshes/T_Mat_UnrealTech_01_D.uasset" 3535
"../../../Engine/Content/EngineProduction/ReferenceNormalMap.uasset" 3536
"../../../Engine/Content/EngineResources/AICON-Green_Low.uasset" 3537
"../../../Engine/Content/EngineResources/AICON-Green.uasset" 3538
"../../../Engine/Content/EngineResources/AICON-Red.uasset" 3539
"../../../Engine/Content/EngineResources/AICON-Red_Low.uasset" 3540
"../../../Engine/Content/EngineResources/Bad.uasset" 3541
"../../../Engine/Content/EngineResources/DefaultMediaTexture.uasset" 3542
"../../../Engine/Content/EngineResources/DefaultTextureCube_Low.uasset" 3543
"../../../Engine/Content/EngineResources/DefaultTexture_Low.uasset" 3544
"../../../Engine/Content/EngineResources/GradientTexture0_Low.uasset" 3545
"../../../Engine/Content/EngineResources/Black_Low.uasset" 3546
"../../../Engine/Content/EngineResources/Gray.uasset" 3547
"../../../Engine/Content/EngineResources/GrayDarkTextureCube.uasset" 3548
"../../../Engine/Content/EngineResources/GrayTextureCube.uasset" 3549
"../../../Engine/Content/EngineResources/GrayLightTextureCube.uasset" 3550
"../../../Engine/Content/EngineResources/M_StreamingPause.uasset" 3551
"../../../Engine/Content/EngineResources/StreamingPauseIcon.uasset" 3552
"../../../Engine/Content/EngineResources/WireframeTexture.uasset" 3553
"../../../Engine/Content/EngineResources/Cursors/Arrow.uasset" 3554
"../../../Engine/Content/EngineResources/Cursors/SplitterHorz.uasset" 3555
"../../../Engine/Content/EngineResources/Cursors/SplitterVert.uasset" 3556
"../../../Engine/Content/EngineSky/BP_Sky_Shere.uasset" 3557
"../../../Engine/Content/EngineSky/BP_Sky_Sphere.uasset" 3558
"../../../Engine/Content/EngineSky/C_Sky_Cloud_Color.uasset" 3559
"../../../Engine/Content/EngineSky/C_Sky_Horizon_Color.uasset" 3560
"../../../Engine/Content/EngineSky/C_Sky_Zenith_Color.uasset" 3561
"../../../Engine/Content/EngineSky/M_SkyTimeOfDay.uasset" 3562
"../../../Engine/Content/EngineSky/M_Sky_Panning_Clouds.uasset" 3563
"../../../Engine/Content/EngineSky/M_Sky_Panning_Clouds2.uasset" 3564
"../../../Engine/Content/EngineSky/M_Sky_Panning_Clouds2_Inst.uasset" 3565
"../../../Engine/Content/EngineSky/SM_SkySphere.uasset" 3566
"../../../Engine/Content/EngineSky/T_Sky_Clouds_M.uasset" 3567
"../../../Engine/Content/EngineSky/T_Sky_Blue.uasset" 3568
"../../../Engine/Content/EngineSky/T_Sky_Stars.uasset" 3569
"../../../Engine/Content/EngineSky/SkyAtmosphere/SkyAtmosphere_MaterialSkyDome.uasset" 3570
"../../../Engine/Content/EngineSky/VolumetricClouds/m_VolumetricClouds.uasset" 3571
"../../../Engine/Content/EngineSky/VolumetricClouds/T_NoiseShape.uasset" 3572
"../../../Engine/Content/EngineSky/VolumetricClouds/T_VolumeNoiseShape128.uasset" 3573
"../../../Engine/Content/EngineSounds/Duck_Normal_Attack_MixMod.uasset" 3574
"../../../Engine/Content/EngineSounds/Master.uasset" 3575
"../../../Engine/Content/EngineSounds/Music.uasset" 3576
"../../../Engine/Content/EngineSounds/Normal_Attack.uasset" 3577
"../../../Engine/Content/EngineSounds/SFX.uasset" 3578
"../../../Engine/Content/EngineSounds/Voice.uasset" 3579
"../../../Engine/Content/EngineSounds/Special_Attack_PSM.uasset" 3580
"../../../Engine/Content/EngineSounds/WhiteNoise.uasset" 3581
"../../../Engine/Content/EngineSounds/ReverbSettings/Auditorium.uasset" 3582
"../../../Engine/Content/EngineSounds/ReverbSettings/Bathroom.uasset" 3583
"../../../Engine/Content/EngineSounds/ReverbSettings/BunkerHall.uasset" 3584
"../../../Engine/Content/EngineSounds/ReverbSettings/Alley.uasset" 3585
"../../../Engine/Content/EngineSounds/ReverbSettings/Cave.uasset" 3586
"../../../Engine/Content/EngineSounds/ReverbSettings/ConcertHall.uasset" 3587
"../../../Engine/Content/EngineSounds/ReverbSettings/CaveHall.uasset" 3588
"../../../Engine/Content/EngineSounds/ReverbSettings/City.uasset" 3589
"../../../Engine/Content/EngineSounds/ReverbSettings/Default.uasset" 3590
"../../../Engine/Content/EngineSounds/ReverbSettings/Forest.uasset" 3591
"../../../Engine/Content/EngineSounds/ReverbSettings/Hallway.uasset" 3592
"../../../Engine/Content/EngineSounds/ReverbSettings/LargeHall.uasset" 3593
"../../../Engine/Content/EngineSounds/ReverbSettings/MediumHall.uasset" 3594
"../../../Engine/Content/EngineSounds/ReverbSettings/LargeRoom.uasset" 3595
"../../../Engine/Content/EngineSounds/ReverbSettings/Mine.uasset" 3596
"../../../Engine/Content/EngineSounds/ReverbSettings/Mountains.uasset" 3597
"../../../Engine/Content/EngineSounds/ReverbSettings/ParkingLot.uasset" 3598
"../../../Engine/Content/EngineSounds/ReverbSettings/Plain.uasset" 3599
"../../../Engine/Content/EngineSounds/ReverbSettings/MediumRoom.uasset" 3600
"../../../Engine/Content/EngineSounds/ReverbSettings/Plate.uasset" 3601
"../../../Engine/Content/EngineSounds/ReverbSettings/Quarry.uasset" 3602
"../../../Engine/Content/EngineSounds/ReverbSettings/SewerPipe.uasset" 3603
"../../../Engine/Content/EngineSounds/ReverbSettings/SmallRoom.uasset" 3604
"../../../Engine/Content/EngineSounds/ReverbSettings/StoneCorridor.uasset" 3605
"../../../Engine/Content/EngineSounds/ReverbSettings/Underwater.uasset" 3606
"../../../Engine/Content/EngineSounds/Submixes/MasterEQEffectPreset.uasset" 3607
"../../../Engine/Content/EngineSounds/ReverbSettings/StoneRoom.uasset" 3608
"../../../Engine/Content/EngineSounds/Submixes/MasterEQSubmixDefault.uasset" 3609
"../../../Engine/Content/EngineSounds/Submixes/MasterReverbEffectPreset.uasset" 3610
"../../../Engine/Content/EngineSounds/Submixes/MasterReverbSubmixDefault.uasset" 3611
"../../../Engine/Content/EngineSounds/Submixes/MasterSubmixDefault.uasset" 3612
"../../../Engine/Content/EngineVolumetrics/FalloffSphere/Materials/M_EV_FalloffSphere_Master_01.uasset" 3613
"../../../Engine/Content/EngineVolumetrics/FalloffSphere/Mesh/S_EV_FalloffSphere_Mesh_01.uasset" 3614
"../../../Engine/Content/EngineVolumetrics/FogEnvironment/Materials/M_EV_FogEnvironment_Master_01.uasset" 3615
"../../../Engine/Content/EngineVolumetrics/FogEnvironment/Mesh/S_EV_FogEnvironment_01_Mesh.uasset" 3616
"../../../Engine/Content/EngineVolumetrics/FogEnvironment/Mesh/S_EV_FogVolume_Cube_01.uasset" 3617
"../../../Engine/Content/EngineVolumetrics/FogEnvironment/Mesh/S_EV_FogVolume_Cylinder_01.uasset" 3618
"../../../Engine/Content/EngineVolumetrics/FogEnvironment/Mesh/S_EV_FogVolume_Sphere_01.uasset" 3619
"../../../Engine/Content/EngineVolumetrics/Fogsheet/T_EV_Fogsheet_FlareColors_01.uasset" 3620
"../../../Engine/Content/EngineVolumetrics/Fogsheet/Materials/M_EV_FogSheet_1sided_Master_01.uasset" 3621
"../../../Engine/Content/EngineVolumetrics/Fogsheet/Materials/M_EV_FogSheet_1sided_Master_01_N.uasset" 3622
"../../../Engine/Content/EngineVolumetrics/Fogsheet/Materials/M_EV_FogSheet_1sided_Master_Addi.uasset" 3623
"../../../Engine/Content/EngineVolumetrics/Fogsheet/Materials/M_EV_FogSheet_1sided_Master_Ad_2.uasset" 3624
"../../../Engine/Content/EngineVolumetrics/Fogsheet/Materials/M_EV_FogSheet_Master_01.uasset" 3625
"../../../Engine/Content/EngineVolumetrics/Fogsheet/Materials/M_EV_FogSheet_2sided_Master_Addi.uasset" 3626
"../../../Engine/Content/EngineVolumetrics/Fogsheet/Materials/T_EV_BlankWhite_01.uasset" 3627
"../../../Engine/Content/EngineVolumetrics/Fogsheet/Materials/T_EV_FogSheet_CloudTex_01.uasset" 3628
"../../../Engine/Content/EngineVolumetrics/Fogsheet/Materials/T_EV_FogSheet_CloudTex_02.uasset" 3629
"../../../Engine/Content/EngineVolumetrics/Fogsheet/Materials/T_EV_FogSheet_Falloff_01.uasset" 3630
"../../../Engine/Content/EngineVolumetrics/Fogsheet/Materials/T_EV_FogSheet_Falloff_02.uasset" 3631
"../../../Engine/Content/EngineVolumetrics/Fogsheet/Materials/T_EV_FogSheet_Falloff_03.uasset" 3632
"../../../Engine/Content/EngineVolumetrics/Fogsheet/Mesh/MI_Fogsheet_HideClose.uasset" 3633
"../../../Engine/Content/EngineVolumetrics/Fogsheet/Mesh/S_EV_FogSheet_01.uasset" 3634
"../../../Engine/Content/EngineVolumetrics/LightBeam/Materials/M_EV_Lightbeam_Master_01.uasset" 3635
"../../../Engine/Content/EngineVolumetrics/LightBeam/Materials/M_EV_Lightbeam_Master_01_Inst.uasset" 3636
"../../../Engine/Content/EngineVolumetrics/LightBeam/Materials/M_EV_Lightbeam_Master_1sided_01.uasset" 3637
"../../../Engine/Content/EngineVolumetrics/LightBeam/Materials/T_EV_DustPanner_01.uasset" 3638
"../../../Engine/Content/EngineVolumetrics/LightBeam/Materials/T_EV_LightBeam_Falloff_01.uasset" 3639
"../../../Engine/Content/EngineVolumetrics/LightBeam/Materials/T_EV_LightBeam_Falloff_01_Graysc.uasset" 3640
"../../../Engine/Content/EngineVolumetrics/LightBeam/Materials/T_EV_LightBeam_Falloff_01_Skyflo.uasset" 3641
"../../../Engine/Content/EngineVolumetrics/LightBeam/Materials/T_EV_LightBeam_Falloff_02.uasset" 3642
"../../../Engine/Content/EngineVolumetrics/LightBeam/Materials/T_EV_LightBeam_Falloff_03.uasset" 3643
"../../../Engine/Content/EngineVolumetrics/LightBeam/Mesh/S_EV_SimpleLightBeam_02.uasset" 3644
"../../../Engine/Content/EngineVolumetrics/LightBeam/Mesh/S_EV_SimpleLightBeam_01.uasset" 3645
"../../../Engine/Content/EngineVolumetrics/LightBeam/Mesh/S_EV_SimpleLightBeam_03.uasset" 3646
"../../../Engine/Content/EngineVolumetrics/LightBeam/Mesh/S_EV_SimpleLightBeam_03_cross.uasset" 3647
"../../../Engine/Content/Engine_MI_Shaders/MI_Shader_BaseTileEx.uasset" 3648
"../../../Engine/Content/Engine_MI_Shaders/M_ES_Phong_Masked_Master_1sided.uasset" 3649
"../../../Engine/Content/Engine_MI_Shaders/M_ES_Phong_Masked_Master_2sided.uasset" 3650
"../../../Engine/Content/Engine_MI_Shaders/M_ES_Phong_Opaque_Master_01.uasset" 3651
"../../../Engine/Content/Engine_MI_Shaders/M_ES_Phong_Opaque_Liquid_Master_.uasset" 3652
"../../../Engine/Content/Engine_MI_Shaders/M_ES_Phong_Translucent_Liquid_Ma.uasset" 3653
"../../../Engine/Content/Engine_MI_Shaders/M_ES_Phong_Translucent_Liquid__2.uasset" 3654
"../../../Engine/Content/Engine_MI_Shaders/M_ES_Phong_Translucent_Master_01.uasset" 3655
"../../../Engine/Content/Engine_MI_Shaders/M_ES_Unlit_Translucent_Liquid_Ma.uasset" 3656
"../../../Engine/Content/Engine_MI_Shaders/M_Shader_Complex.uasset" 3657
"../../../Engine/Content/Engine_MI_Shaders/M_Shader_Medium.uasset" 3658
"../../../Engine/Content/Engine_MI_Shaders/M_Shader_PlanarMap.uasset" 3659
"../../../Engine/Content/Engine_MI_Shaders/M_Shader_Simple.uasset" 3660
"../../../Engine/Content/Engine_MI_Shaders/M_Shader_SimpleMasked.uasset" 3661
"../../../Engine/Content/Engine_MI_Shaders/M_Shader_SimpleMaskedTwoSided.uasset" 3662
"../../../Engine/Content/Engine_MI_Shaders/M_Shader_SimpleTranslucent.uasset" 3663
"../../../Engine/Content/Engine_MI_Shaders/M_Shader_Simple_CustomUV.uasset" 3664
"../../../Engine/Content/Engine_MI_Shaders/T_Base_Tile_DetailNormal.uasset" 3665
"../../../Engine/Content/Engine_MI_Shaders/T_Base_Tile_Diffuse.uasset" 3666
"../../../Engine/Content/Engine_MI_Shaders/T_Base_Tile_Emmisive.uasset" 3667
"../../../Engine/Content/Engine_MI_Shaders/T_Base_Tile_Normal.uasset" 3668
"../../../Engine/Content/Engine_MI_Shaders/T_Base_Tile_Reflection.uasset" 3669
"../../../Engine/Content/Engine_MI_Shaders/T_Base_Tile_ReflectionMask.uasset" 3670
"../../../Engine/Content/Engine_MI_Shaders/T_Base_Tile_Specular.uasset" 3671
"../../../Engine/Content/Engine_MI_Shaders/T_Base_Tile_Variation.uasset" 3672
"../../../Engine/Content/Engine_MI_Shaders/T_Cubemap_01.uasset" 3673
"../../../Engine/Content/Engine_MI_Shaders/T_Cubemap_01_tex.uasset" 3674
"../../../Engine/Content/Engine_MI_Shaders/T_Cubemap_02_tex.uasset" 3675
"../../../Engine/Content/Engine_MI_Shaders/T_Normal.uasset" 3676
"../../../Engine/Content/Engine_MI_Shaders/T_Emissive.uasset" 3677
"../../../Engine/Content/Engine_MI_Shaders/T_Reflection.uasset" 3678
"../../../Engine/Content/Engine_MI_Shaders/T_Specular.uasset" 3679
"../../../Engine/Content/Engine_MI_Shaders/Instances/M_ES_Phong_Opaque_INST_01.uasset" 3680
"../../../Engine/Content/Engine_MI_Shaders/Instances/M_Shader_SimpleTranslucent_Invis.uasset" 3681
"../../../Engine/Content/Engine_MI_Shaders/Textures/Bokeh.uasset" 3682
"../../../Engine/Content/FunctionalTesting/Blueprints/AITesting_MoveGoal.uasset" 3683
"../../../Engine/Content/Functions/DistanceFields/Combiners/DistanceField_Intersection.uasset" 3684
"../../../Engine/Content/Functions/DistanceFields/Combiners/DistanceField_Subtract.uasset" 3685
"../../../Engine/Content/Functions/DistanceFields/Combiners/DistanceField_Union.uasset" 3686
"../../../Engine/Content/Functions/DistanceFields/Shapes/DistanceField_Capsule.uasset" 3687
"../../../Engine/Content/Functions/DistanceFields/Shapes/DistanceField_Cylinder.uasset" 3688
"../../../Engine/Content/Functions/DistanceFields/Shapes/DistanceField_Sphere.uasset" 3689
"../../../Engine/Content/Functions/Engine_MaterialFunctions01/AlphaBlend/WorldAlignedBlend.uasset" 3690
"../../../Engine/Content/Functions/Engine_MaterialFunctions01/AlphaBlend/World_Aligned_Blend.uasset" 3691
"../../../Engine/Content/Functions/Engine_MaterialFunctions01/Chromakeying/DespillByAvg.uasset" 3692
"../../../Engine/Content/Functions/Engine_MaterialFunctions01/Chromakeying/DespillByHue.uasset" 3693
"../../../Engine/Content/Functions/Engine_MaterialFunctions01/Chromakeying/DespillManual.uasset" 3694
"../../../Engine/Content/Functions/Engine_MaterialFunctions01/Chromakeying/DiffColorKeyer.uasset" 3695
"../../../Engine/Content/Functions/Engine_MaterialFunctions01/Chromakeying/DiffColorKeyerErodeSinglePass.uasset" 3696
"../../../Engine/Content/Functions/Engine_MaterialFunctions01/Chromakeying/RGBtoHSV.uasset" 3697
"../../../Engine/Content/Functions/Engine_MaterialFunctions01/Coordinates/1Dto2DIndex.uasset" 3698
"../../../Engine/Content/Functions/Engine_MaterialFunctions01/Coordinates/1Dto3DIndex.uasset" 3699
"../../../Engine/Content/Functions/Engine_MaterialFunctions01/Coordinates/2Dto1DIndex.uasset" 3700
"../../../Engine/Content/Functions/Engine_MaterialFunctions01/Coordinates/3Dto1DIndex.uasset" 3701
"../../../Engine/Content/Functions/Engine_MaterialFunctions01/Coordinates/DrawLine-2D.uasset" 3702
"../../../Engine/Content/Functions/Engine_MaterialFunctions01/Coordinates/DrawLine-3D.uasset" 3703
"../../../Engine/Content/Functions/Engine_MaterialFunctions01/Coordinates/LongLatToUV.uasset" 3704
"../../../Engine/Content/Functions/Engine_MaterialFunctions01/Coordinates/PixelInWorldUnits.uasset" 3705
"../../../Engine/Content/Functions/Engine_MaterialFunctions01/Coordinates/UVRemap_0-1_ToRange.uasset" 3706
"../../../Engine/Content/Functions/Engine_MaterialFunctions01/Coordinates/UVToLongLat.uasset" 3707
"../../../Engine/Content/Functions/Engine_MaterialFunctions01/Coordinates/VirtualPlaneCoordinates.uasset" 3708
"../../../Engine/Content/Functions/Engine_MaterialFunctions01/Coordinates/WorldPosition-XY.uasset" 3709
"../../../Engine/Content/Functions/Engine_MaterialFunctions01/Coordinates/WorldUnitsInPixel.uasset" 3710
"../../../Engine/Content/Functions/Engine_MaterialFunctions01/Debug/DebugBinaryValues-Float.uasset" 3711
"../../../Engine/Content/Functions/Engine_MaterialFunctions01/Cubemaps/InteriorCubemap.uasset" 3712
"../../../Engine/Content/Functions/Engine_MaterialFunctions01/Debug/DebugBinaryValues-Int.uasset" 3713
"../../../Engine/Content/Functions/Engine_MaterialFunctions01/Debug/DebugIntValues.uasset" 3714
"../../../Engine/Content/Functions/Engine_MaterialFunctions01/Debug/FunctionGraphSetup.uasset" 3715
"../../../Engine/Content/Functions/Engine_MaterialFunctions01/Debug/PlotFunctionOnGraph.uasset" 3716
"../../../Engine/Content/Functions/Engine_MaterialFunctions01/Debug/PlotFunctionOnGraph_Derivative.uasset" 3717
"../../../Engine/Content/Functions/Engine_MaterialFunctions01/Debug/PlotFunctionOnGraph_Setup_Input.uasset" 3718
"../../../Engine/Content/Functions/Engine_MaterialFunctions01/Debug/T_Grid.uasset" 3719
"../../../Engine/Content/Functions/Engine_MaterialFunctions01/Density/ExponentialDensity.uasset" 3720
"../../../Engine/Content/Functions/Engine_MaterialFunctions01/Density/RayMarchHeightMap.uasset" 3721
"../../../Engine/Content/Functions/Engine_MaterialFunctions01/Gradient/BellCurve.uasset" 3722
"../../../Engine/Content/Functions/Engine_MaterialFunctions01/Gradient/BoxMask-2D.uasset" 3723
"../../../Engine/Content/Functions/Engine_MaterialFunctions01/Gradient/BoxMask-3D.uasset" 3724
"../../../Engine/Content/Functions/Engine_MaterialFunctions01/Gradient/DiamondGradient.uasset" 3725
"../../../Engine/Content/Functions/Engine_MaterialFunctions01/Gradient/GeneratedRoundRect.uasset" 3726
"../../../Engine/Content/Functions/Engine_MaterialFunctions01/Gradient/RadialGradient.uasset" 3727
"../../../Engine/Content/Functions/Engine_MaterialFunctions01/Gradient/LinearGradient.uasset" 3728
"../../../Engine/Content/Functions/Engine_MaterialFunctions01/Gradient/RadialGradientExponential.uasset" 3729
"../../../Engine/Content/Functions/Engine_MaterialFunctions01/Gradient/SphereGradient-2D.uasset" 3730
"../../../Engine/Content/Functions/Engine_MaterialFunctions01/Gradient/SphereGradient-3D.uasset" 3731
"../../../Engine/Content/Functions/Engine_MaterialFunctions01/ImageAdjustment/3ColorBlend.uasset" 3732
"../../../Engine/Content/Functions/Engine_MaterialFunctions01/ImageAdjustment/BlurSampleOffsets.uasset" 3733
"../../../Engine/Content/Functions/Engine_MaterialFunctions01/ImageAdjustment/CheapContrast.uasset" 3734
"../../../Engine/Content/Functions/Engine_MaterialFunctions01/ImageAdjustment/CheapContrast_RGB.uasset" 3735
"../../../Engine/Content/Functions/Engine_MaterialFunctions01/ImageAdjustment/ColorCorrection.uasset" 3736
"../../../Engine/Content/Functions/Engine_MaterialFunctions01/ImageAdjustment/DeriveHDRfromLDR.uasset" 3737
"../../../Engine/Content/Functions/Engine_MaterialFunctions01/ImageAdjustment/Contrast_Preserve_Color.uasset" 3738
"../../../Engine/Content/Functions/Engine_MaterialFunctions01/ImageAdjustment/HighPassFunction.uasset" 3739
"../../../Engine/Content/Functions/Engine_MaterialFunctions01/ImageAdjustment/HighPassTexture.uasset" 3740
"../../../Engine/Content/Functions/Engine_MaterialFunctions01/ImageAdjustment/LinearTosRGB.uasset" 3741
"../../../Engine/Content/Functions/Engine_MaterialFunctions01/ImageAdjustment/Luminosity_And_Color.uasset" 3742
"../../../Engine/Content/Functions/Engine_MaterialFunctions01/ImageAdjustment/SceneTextureAverage.uasset" 3743
"../../../Engine/Content/Functions/Engine_MaterialFunctions01/ImageAdjustment/SCurve.uasset" 3744
"../../../Engine/Content/Functions/Engine_MaterialFunctions01/ImageAdjustment/sRGBToLinear.uasset" 3745
"../../../Engine/Content/Functions/Engine_MaterialFunctions01/ImageAdjustment/UnSharpMaskFunction.uasset" 3746
"../../../Engine/Content/Functions/Engine_MaterialFunctions01/ImageAdjustment/UnSharpMaskTexture.uasset" 3747
"../../../Engine/Content/Functions/Engine_MaterialFunctions01/Landscape/Landscape_Manual_UVW.uasset" 3748
"../../../Engine/Content/Functions/Engine_MaterialFunctions01/Lighting/PixelDepthOffset_Foliage.uasset" 3749
"../../../Engine/Content/Functions/Engine_MaterialFunctions01/Math/BoxIntersection.uasset" 3750
"../../../Engine/Content/Functions/Engine_MaterialFunctions01/Math/CylinderIntersection.uasset" 3751
"../../../Engine/Content/Functions/Engine_MaterialFunctions01/Math/DegreesToRadians.uasset" 3752
"../../../Engine/Content/Functions/Engine_MaterialFunctions01/Math/QuadraticFormula.uasset" 3753
"../../../Engine/Content/Functions/Engine_MaterialFunctions01/Math/RadiansToDegrees.uasset" 3754
"../../../Engine/Content/Functions/Engine_MaterialFunctions01/Math/SmoothCeil.uasset" 3755
"../../../Engine/Content/Functions/Engine_MaterialFunctions01/Opacity/AlphaOffset.uasset" 3756
"../../../Engine/Content/Functions/Engine_MaterialFunctions01/Opacity/Chroma_Key_Alpha.uasset" 3757
"../../../Engine/Content/Functions/Engine_MaterialFunctions01/Opacity/SoftOpacity.uasset" 3758
"../../../Engine/Content/Functions/Engine_MaterialFunctions01/Reflections/DistanceLimitedReflections.uasset" 3759
"../../../Engine/Content/Functions/Engine_MaterialFunctions01/Reflections/ReflectionVectorSoft.uasset" 3760
"../../../Engine/Content/Functions/Engine_MaterialFunctions01/Reflections/ViewAlignedReflection.uasset" 3761
"../../../Engine/Content/Functions/Engine_MaterialFunctions01/Reflections/WorldAlignedReflection.uasset" 3762
"../../../Engine/Content/Functions/Engine_MaterialFunctions01/Shading/AxisAlignedFresnel.uasset" 3763
"../../../Engine/Content/Functions/Engine_MaterialFunctions01/Shading/CalcLightsourceAngle.uasset" 3764
"../../../Engine/Content/Functions/Engine_MaterialFunctions01/Shading/Ellipsoid-ConeShadow-Texture.uasset" 3765
"../../../Engine/Content/Functions/Engine_MaterialFunctions01/Shading/FuzzyShading.uasset" 3766
"../../../Engine/Content/Functions/Engine_MaterialFunctions01/Shading/FuzzyShadingGrass.uasset" 3767
"../../../Engine/Content/Functions/Engine_MaterialFunctions01/Shading/MetallicShading.uasset" 3768
"../../../Engine/Content/Functions/Engine_MaterialFunctions01/Shading/Sphere-ConeShadow-Texture.uasset" 3769
"../../../Engine/Content/Functions/Engine_MaterialFunctions01/Shading/Sphere_AO.uasset" 3770
"../../../Engine/Content/Functions/Engine_MaterialFunctions01/Shading/Spherical-Cap-Intersection.uasset" 3771
"../../../Engine/Content/Functions/Engine_MaterialFunctions01/Shading/TextureDefinedSpecularShape.uasset" 3772
"../../../Engine/Content/Functions/Engine_MaterialFunctions01/SpeedTree/SpeedTreeBillboardNormals.uasset" 3773
"../../../Engine/Content/Functions/Engine_MaterialFunctions01/SpeedTree/SpeedTreeColorVariation.uasset" 3774
"../../../Engine/Content/Functions/Engine_MaterialFunctions01/SpeedTree/SpeedTreeCrossfadeBillboard.uasset" 3775
"../../../Engine/Content/Functions/Engine_MaterialFunctions01/Texturing/AbberatedBlur-Texture.uasset" 3776
"../../../Engine/Content/Functions/Engine_MaterialFunctions01/Texturing/BakedDisplacement.uasset" 3777
"../../../Engine/Content/Functions/Engine_MaterialFunctions01/Texturing/BitMask.uasset" 3778
"../../../Engine/Content/Functions/Engine_MaterialFunctions01/Texturing/BrickAndTileUVs.uasset" 3779
"../../../Engine/Content/Functions/Engine_MaterialFunctions01/Texturing/ComputeMipLevel.uasset" 3780
"../../../Engine/Content/Functions/Engine_MaterialFunctions01/Texturing/CylindricalUVs.uasset" 3781
"../../../Engine/Content/Functions/Engine_MaterialFunctions01/Texturing/DeriveTangentBasis.uasset" 3782
"../../../Engine/Content/Functions/Engine_MaterialFunctions01/Texturing/DetailTexturing.uasset" 3783
"../../../Engine/Content/Functions/Engine_MaterialFunctions01/Texturing/DistanceField.uasset" 3784
"../../../Engine/Content/Functions/Engine_MaterialFunctions01/Texturing/FlattenNormal.uasset" 3785
"../../../Engine/Content/Functions/Engine_MaterialFunctions01/Texturing/LocalAlignedTexture.uasset" 3786
"../../../Engine/Content/Functions/Engine_MaterialFunctions01/Texturing/LocalAlignedTexture_TransformedWorldSpace.uasset" 3787
"../../../Engine/Content/Functions/Engine_MaterialFunctions01/Texturing/MF_VectorDisplacement.uasset" 3788
"../../../Engine/Content/Functions/Engine_MaterialFunctions01/Texturing/MosaicUVs.uasset" 3789
"../../../Engine/Content/Functions/Engine_MaterialFunctions01/Texturing/MotionBlur-Texture.uasset" 3790
"../../../Engine/Content/Functions/Engine_MaterialFunctions01/Texturing/PackedDistanceField.uasset" 3791
"../../../Engine/Content/Functions/Engine_MaterialFunctions01/Texturing/ParallaxOcclusionMapping.uasset" 3792
"../../../Engine/Content/Functions/Engine_MaterialFunctions01/Texturing/Parallax_For_Bomb.uasset" 3793
"../../../Engine/Content/Functions/Engine_MaterialFunctions01/Texturing/PointSampledUVs.uasset" 3794
"../../../Engine/Content/Functions/Engine_MaterialFunctions01/Texturing/ScaleByCenter-Texture2D.uasset" 3795
"../../../Engine/Content/Functions/Engine_MaterialFunctions01/Texturing/ScaleByPosition-Texture2D.uasset" 3796
"../../../Engine/Content/Functions/Engine_MaterialFunctions01/Texturing/ScaleUVsAroundPoint.uasset" 3797
"../../../Engine/Content/Functions/Engine_MaterialFunctions01/Texturing/ScaleUVsByCenter.uasset" 3798
"../../../Engine/Content/Functions/Engine_MaterialFunctions01/Texturing/SkyAtmosphereImage.uasset" 3799
"../../../Engine/Content/Functions/Engine_MaterialFunctions01/Texturing/SkyboxImage.uasset" 3800
"../../../Engine/Content/Functions/Engine_MaterialFunctions01/Texturing/SlopeMask.uasset" 3801
"../../../Engine/Content/Functions/Engine_MaterialFunctions01/Texturing/SpiralBlur-SceneTexture.uasset" 3802
"../../../Engine/Content/Functions/Engine_MaterialFunctions01/Texturing/SpiralBlur-Texture.uasset" 3803
"../../../Engine/Content/Functions/Engine_MaterialFunctions01/Texturing/TangentSpaceFlow.uasset" 3804
"../../../Engine/Content/Functions/Engine_MaterialFunctions01/Texturing/TangentSpaceFlowComplex.uasset" 3805
"../../../Engine/Content/Functions/Engine_MaterialFunctions01/Texturing/TextureBomb_SingleSample.uasset" 3806
"../../../Engine/Content/Functions/Engine_MaterialFunctions01/Texturing/TextureBomb_SingleSample_POM.uasset" 3807
"../../../Engine/Content/Functions/Engine_MaterialFunctions01/Texturing/TextureCropping.uasset" 3808
"../../../Engine/Content/Functions/Engine_MaterialFunctions01/Texturing/Texture_Bombing.uasset" 3809
"../../../Engine/Content/Functions/Engine_MaterialFunctions01/Texturing/UVCropping.uasset" 3810
"../../../Engine/Content/Functions/Engine_MaterialFunctions01/Texturing/TriplanarCameraVector.uasset" 3811
"../../../Engine/Content/Functions/Engine_MaterialFunctions01/Texturing/Texture_Bombing_POM.uasset" 3812
"../../../Engine/Content/Functions/Engine_MaterialFunctions01/Texturing/VectorDisplacement.uasset" 3813
"../../../Engine/Content/Functions/Engine_MaterialFunctions01/Texturing/WorldAlignedNormal.uasset" 3814
"../../../Engine/Content/Functions/Engine_MaterialFunctions01/Texturing/WorldAlignedNormal2.uasset" 3815
"../../../Engine/Content/Functions/Engine_MaterialFunctions01/Texturing/WorldAlignedTexture.uasset" 3816
"../../../Engine/Content/Functions/Engine_MaterialFunctions01/Texturing/WorldAlignedTexture_MipBias.uasset" 3817
"../../../Engine/Content/Functions/Engine_MaterialFunctions01/Texturing/WorldAlignedTexture_SeperateChannels.uasset" 3818
"../../../Engine/Content/Functions/Engine_MaterialFunctions01/Texturing/WorldSpaceFlow.uasset" 3819
"../../../Engine/Content/Functions/Engine_MaterialFunctions01/Texturing/ZWorldSpaceFlow.uasset" 3820
"../../../Engine/Content/Functions/Engine_MaterialFunctions01/Units/Cm-to-Km.uasset" 3821
"../../../Engine/Content/Functions/Engine_MaterialFunctions01/Units/Km-to-Cm.uasset" 3822
"../../../Engine/Content/Functions/Engine_MaterialFunctions01/Vectors/MF_RotateVector_90.uasset" 3823
"../../../Engine/Content/Functions/Engine_MaterialFunctions01/Vectors/OctahedronToUnitVector.uasset" 3824
"../../../Engine/Content/Functions/Engine_MaterialFunctions01/Vectors/Refract.uasset" 3825
"../../../Engine/Content/Functions/Engine_MaterialFunctions01/Vectors/RotateVector.uasset" 3826
"../../../Engine/Content/Functions/Engine_MaterialFunctions01/Vectors/UnitVectorToOctahedron.uasset" 3827
"../../../Engine/Content/Functions/Engine_MaterialFunctions01/Volumetrics/BeersLaw.uasset" 3828
"../../../Engine/Content/Functions/Engine_MaterialFunctions01/Volumetrics/SchlickPhase.uasset" 3829
"../../../Engine/Content/Functions/Engine_MaterialFunctions01/WorldPositionOffset/CanopyCreator_Branches.uasset" 3830
"../../../Engine/Content/Functions/Engine_MaterialFunctions01/WorldPositionOffset/ConstantScalebyDistance.uasset" 3831
"../../../Engine/Content/Functions/Engine_MaterialFunctions01/WorldPositionOffset/FoliageScaleFactor.uasset" 3832
"../../../Engine/Content/Functions/Engine_MaterialFunctions01/Volumetrics/Henyey-Greenstein-Phase.uasset" 3833
"../../../Engine/Content/Functions/Engine_MaterialFunctions01/WorldPositionOffset/SimpleGrassWind.uasset" 3834
"../../../Engine/Content/Functions/Engine_MaterialFunctions01/WorldPositionOffset/SplineThicken.uasset" 3835
"../../../Engine/Content/Functions/Engine_MaterialFunctions02/3PointLevels.uasset" 3836
"../../../Engine/Content/Functions/Engine_MaterialFunctions02/AlignFacingParticlesByVelocity2D.uasset" 3837
"../../../Engine/Content/Functions/Engine_MaterialFunctions02/CenterPivotAroundVector.uasset" 3838
"../../../Engine/Content/Functions/Engine_MaterialFunctions02/CheckOcclusion.uasset" 3839
"../../../Engine/Content/Functions/Engine_MaterialFunctions02/DebugNumberPeriod.uasset" 3840
"../../../Engine/Content/Functions/Engine_MaterialFunctions02/FixRotateAboutAxisNormals.uasset" 3841
"../../../Engine/Content/Functions/Engine_MaterialFunctions02/FixRotateAboutAxisNormals2.uasset" 3842
"../../../Engine/Content/Functions/Engine_MaterialFunctions02/Fresnel.uasset" 3843
"../../../Engine/Content/Functions/Engine_MaterialFunctions02/Fresnel_Function.uasset" 3844
"../../../Engine/Content/Functions/Engine_MaterialFunctions02/HighQualityWorldAlignedNormals.uasset" 3845
"../../../Engine/Content/Functions/Engine_MaterialFunctions02/HueShift.uasset" 3846
"../../../Engine/Content/Functions/Engine_MaterialFunctions02/Lerp_3Color.uasset" 3847
"../../../Engine/Content/Functions/Engine_MaterialFunctions02/Lerp_Multiple.uasset" 3848
"../../../Engine/Content/Functions/Engine_MaterialFunctions02/Lerp_Multiple_Float.uasset" 3849
"../../../Engine/Content/Functions/Engine_MaterialFunctions02/Lerp_Multiple_Float2.uasset" 3850
"../../../Engine/Content/Functions/Engine_MaterialFunctions02/Lerp_Multiple_Float3.uasset" 3851
"../../../Engine/Content/Functions/Engine_MaterialFunctions02/Lerp_Multiple_Float4.uasset" 3852
"../../../Engine/Content/Functions/Engine_MaterialFunctions02/LumensFromLightSource.uasset" 3853
"../../../Engine/Content/Functions/Engine_MaterialFunctions02/MacroUVs.uasset" 3854
"../../../Engine/Content/Functions/Engine_MaterialFunctions02/MatLayerBlend_BreakOpacity.uasset" 3855
"../../../Engine/Content/Functions/Engine_MaterialFunctions02/ms_PivotPainter2_UnpackIntegerAsFloat.uasset" 3856
"../../../Engine/Content/Functions/Engine_MaterialFunctions02/ObjectLocalToWorldData.uasset" 3857
"../../../Engine/Content/Functions/Engine_MaterialFunctions02/OffsetAndScaleTo1.uasset" 3858
"../../../Engine/Content/Functions/Engine_MaterialFunctions02/PassThrough.uasset" 3859
"../../../Engine/Content/Functions/Engine_MaterialFunctions02/PassThrough_V4.uasset" 3860
"../../../Engine/Content/Functions/Engine_MaterialFunctions02/Posterize.uasset" 3861
"../../../Engine/Content/Functions/Engine_MaterialFunctions02/ProceduralRayTracedSphere.uasset" 3862
"../../../Engine/Content/Functions/Engine_MaterialFunctions02/RandomPannerTime.uasset" 3863
"../../../Engine/Content/Functions/Engine_MaterialFunctions02/RayTracedSphere.uasset" 3864
"../../../Engine/Content/Functions/Engine_MaterialFunctions02/HighPrecisionWorldPosTextureSampling.uasset" 3865
"../../../Engine/Content/Functions/Engine_MaterialFunctions02/SampleSceneDepth.uasset" 3866
"../../../Engine/Content/Functions/Engine_MaterialFunctions02/ScreenPixelCount.uasset" 3867
"../../../Engine/Content/Functions/Engine_MaterialFunctions02/ScreenResolution.uasset" 3868
"../../../Engine/Content/Functions/Engine_MaterialFunctions02/SmoothStep.uasset" 3869
"../../../Engine/Content/Functions/Engine_MaterialFunctions02/SmoothThreshold.uasset" 3870
"../../../Engine/Content/Functions/Engine_MaterialFunctions02/SplineDeformation.uasset" 3871
"../../../Engine/Content/Functions/Engine_MaterialFunctions02/SplitComponents.uasset" 3872
"../../../Engine/Content/Functions/Engine_MaterialFunctions02/Step.uasset" 3873
"../../../Engine/Content/Functions/Engine_MaterialFunctions02/SteppingPannerTime.uasset" 3874
"../../../Engine/Content/Functions/Engine_MaterialFunctions02/TangentBasis.uasset" 3875
"../../../Engine/Content/Functions/Engine_MaterialFunctions02/TransformToClipSpace.uasset" 3876
"../../../Engine/Content/Functions/Engine_MaterialFunctions02/ValueStep.uasset" 3877
"../../../Engine/Content/Functions/Engine_MaterialFunctions02/WorldAlignedNormals_HighQuality.uasset" 3878
"../../../Engine/Content/Functions/Engine_MaterialFunctions02/WorldAlignedNormals_HighQuality_optimizationAttempt.uasset" 3879
"../../../Engine/Content/Functions/Engine_MaterialFunctions02/ExampleContent/3dParticleOpacityInstance.uasset" 3880
"../../../Engine/Content/Functions/Engine_MaterialFunctions02/ExampleContent/3dParticleOpacity_Mat.uasset" 3881
"../../../Engine/Content/Functions/Engine_MaterialFunctions02/ExampleContent/3dParticleOpacity_Particle.uasset" 3882
"../../../Engine/Content/Functions/Engine_MaterialFunctions02/ExampleContent/DebugNumberStrip.uasset" 3883
"../../../Engine/Content/Functions/Engine_MaterialFunctions02/ExampleContent/Decal.uasset" 3884
"../../../Engine/Content/Functions/Engine_MaterialFunctions02/ExampleContent/FlowMaps.uasset" 3885
"../../../Engine/Content/Functions/Engine_MaterialFunctions02/ExampleContent/Gradient.uasset" 3886
"../../../Engine/Content/Functions/Engine_MaterialFunctions02/ExampleContent/GradientMap_Multi_Example.uasset" 3887
"../../../Engine/Content/Functions/Engine_MaterialFunctions02/ExampleContent/Greyscale.uasset" 3888
"../../../Engine/Content/Functions/Engine_MaterialFunctions02/ExampleContent/HueShift_Inst.uasset" 3889
"../../../Engine/Content/Functions/Engine_MaterialFunctions02/ExampleContent/HueShift_Mat.uasset" 3890
"../../../Engine/Content/Functions/Engine_MaterialFunctions02/ExampleContent/Plane002AlphaMap.uasset" 3891
"../../../Engine/Content/Functions/Engine_MaterialFunctions02/ExampleContent/planes.uasset" 3892
"../../../Engine/Content/Functions/Engine_MaterialFunctions02/ExampleContent/Plane002NormalsMap.uasset" 3893
"../../../Engine/Content/Functions/Engine_MaterialFunctions02/ExampleContent/StaticMeshDecal.uasset" 3894
"../../../Engine/Content/Functions/Engine_MaterialFunctions02/ExampleContent/ReorientedNormalsDemo.uasset" 3895
"../../../Engine/Content/Functions/Engine_MaterialFunctions02/ExampleContent/TestMatrixTransform.uasset" 3896
"../../../Engine/Content/Functions/Engine_MaterialFunctions02/ExampleContent/MacroUVs/MacroUVs.uasset" 3897
"../../../Engine/Content/Functions/Engine_MaterialFunctions02/ExampleContent/PivotPainter2/PP2_rgb_XVect_a_XExtent.uasset" 3898
"../../../Engine/Content/Functions/Engine_MaterialFunctions02/ExampleContent/PivotPainter2/SimpExPivPos.uasset" 3899
"../../../Engine/Content/Functions/Engine_MaterialFunctions02/ExampleContent/PivotPainter2/SimplePivotPainterExample.uasset" 3900
"../../../Engine/Content/Functions/Engine_MaterialFunctions02/ExampleContent/PivotPainter2/SimplePivotPainterExampleMat.uasset" 3901
"../../../Engine/Content/Functions/Engine_MaterialFunctions02/ExampleContent/testDynamicbranch.uasset" 3902
"../../../Engine/Content/Functions/Engine_MaterialFunctions02/ExampleContent/PivotPainter2/SimplePivotPainterExampleMat_Inst.uasset" 3903
"../../../Engine/Content/Functions/Engine_MaterialFunctions02/ExampleContent/PivotPainter2/test2_rgb_PivotPos_a_ParentIndexInt_UV_2.uasset" 3904
"../../../Engine/Content/Functions/Engine_MaterialFunctions02/ExampleContent/TextureBasedWPO/DemoBoxMesh.uasset" 3905
"../../../Engine/Content/Functions/Engine_MaterialFunctions02/ExampleContent/TextureBasedWPO/DemoBox.uasset" 3906
"../../../Engine/Content/Functions/Engine_MaterialFunctions02/ExampleContent/TextureBasedWPO/DemoBox_Normals.uasset" 3907
"../../../Engine/Content/Functions/Engine_MaterialFunctions02/ExampleContent/TextureBasedWPO/TextureBasedMorphDemo.uasset" 3908
"../../../Engine/Content/Functions/Engine_MaterialFunctions02/ExampleContent/TextureBasedWPO/TextureBasedWPO.uasset" 3909
"../../../Engine/Content/Functions/Engine_MaterialFunctions02/ExampleContent/Textures/CylindricalHeightMap.uasset" 3910
"../../../Engine/Content/Functions/Engine_MaterialFunctions02/ExampleContent/Textures/CylindricalNormals.uasset" 3911
"../../../Engine/Content/Functions/Engine_MaterialFunctions02/ExampleContent/Textures/DebugNumberPeriod.uasset" 3912
"../../../Engine/Content/Functions/Engine_MaterialFunctions02/ExampleContent/Textures/DepthTexture.uasset" 3913
"../../../Engine/Content/Functions/Engine_MaterialFunctions02/ExampleContent/Textures/LowResBlurredNoise.uasset" 3914
"../../../Engine/Content/Functions/Engine_MaterialFunctions02/ExampleContent/Textures/flipbook.uasset" 3915
"../../../Engine/Content/Functions/Engine_MaterialFunctions02/ExampleContent/Textures/newhplaneAlphaMap.uasset" 3916
"../../../Engine/Content/Functions/Engine_MaterialFunctions02/ExampleContent/Textures/newhplaneHeightMap.uasset" 3917
"../../../Engine/Content/Functions/Engine_MaterialFunctions02/ExampleContent/Textures/newhplaneLightingMap.uasset" 3918
"../../../Engine/Content/Functions/Engine_MaterialFunctions02/ExampleContent/Textures/newhplaneNormalsMap.uasset" 3919
"../../../Engine/Content/Functions/Engine_MaterialFunctions02/ExampleContent/Textures/OffsetNoiseDistanceFields_ForNormals.uasset" 3920
"../../../Engine/Content/Functions/Engine_MaterialFunctions02/ExampleContent/Textures/SineWaveHeightMap.uasset" 3921
"../../../Engine/Content/Functions/Engine_MaterialFunctions02/ExampleContent/Textures/SineWaveWorldNormalMap.uasset" 3922
"../../../Engine/Content/Functions/Engine_MaterialFunctions02/ExampleContent/Textures/smoothNormalSphere.uasset" 3923
"../../../Engine/Content/Functions/Engine_MaterialFunctions02/ExampleContent/Textures/SphereRenderHeightMap.uasset" 3924
"../../../Engine/Content/Functions/Engine_MaterialFunctions02/ExampleContent/Textures/SphereRenderMask.uasset" 3925
"../../../Engine/Content/Functions/Engine_MaterialFunctions02/ExampleContent/Textures/SphereRenderNormalsMap.uasset" 3926
"../../../Engine/Content/Functions/Engine_MaterialFunctions02/ExampleContent/Textures/SwirlMap.uasset" 3927
"../../../Engine/Content/Functions/Engine_MaterialFunctions02/ExampleContent/Textures/testPattern1.uasset" 3928
"../../../Engine/Content/Functions/Engine_MaterialFunctions02/ExampleContent/Textures/testPattern2.uasset" 3929
"../../../Engine/Content/Functions/Engine_MaterialFunctions02/ExampleContent/Textures/water_d.uasset" 3930
"../../../Engine/Content/Functions/Engine_MaterialFunctions02/ExampleContent/Textures/water_n.uasset" 3931
"../../../Engine/Content/Functions/Engine_MaterialFunctions02/ExampleContent/Textures/WindTurblenceVectorAndGustMagnitude.uasset" 3932
"../../../Engine/Content/Functions/Engine_MaterialFunctions02/Gradients/GetGradientMapRow.uasset" 3933
"../../../Engine/Content/Functions/Engine_MaterialFunctions02/Gradients/GradientMap_Multi.uasset" 3934
"../../../Engine/Content/Functions/Engine_MaterialFunctions02/Gradients/GradientMap_Multi_TexObjSamplerType.uasset" 3935
"../../../Engine/Content/Functions/Engine_MaterialFunctions02/Gradients/RayTraceSphereFalloff.uasset" 3936
"../../../Engine/Content/Functions/Engine_MaterialFunctions02/Gradients/SmoothCurve.uasset" 3937
"../../../Engine/Content/Functions/Engine_MaterialFunctions02/Gradients/StretchGradient.uasset" 3938
"../../../Engine/Content/Functions/Engine_MaterialFunctions02/Masking/ComponentWise_SphereMask.uasset" 3939
"../../../Engine/Content/Functions/Engine_MaterialFunctions02/Masking/ThresholdWithRange.uasset" 3940
"../../../Engine/Content/Functions/Engine_MaterialFunctions02/Math/AddComponents.uasset" 3941
"../../../Engine/Content/Functions/Engine_MaterialFunctions02/Math/AngleBetweenVectors.uasset" 3942
"../../../Engine/Content/Functions/Engine_MaterialFunctions02/Math/ArrangePointsEvenlyAroundABox.uasset" 3943
"../../../Engine/Content/Functions/Engine_MaterialFunctions02/Math/ConcatenateMatrices.uasset" 3944
"../../../Engine/Content/Functions/Engine_MaterialFunctions02/Math/CorrectPixelDepthOffset.uasset" 3945
"../../../Engine/Content/Functions/Engine_MaterialFunctions02/Math/CorrectPixelDepthOffsetValue.uasset" 3946
"../../../Engine/Content/Functions/Engine_MaterialFunctions02/Math/CreateThirdOrthogonalVector.uasset" 3947
"../../../Engine/Content/Functions/Engine_MaterialFunctions02/Math/DeriveNormalZ_Function.uasset" 3948
"../../../Engine/Content/Functions/Engine_MaterialFunctions02/Math/DeriveZ_Function.uasset" 3949
"../../../Engine/Content/Functions/Engine_MaterialFunctions02/Math/LineIntervalIntersection.uasset" 3950
"../../../Engine/Content/Functions/Engine_MaterialFunctions02/Math/InverseTransformMatrix.uasset" 3951
"../../../Engine/Content/Functions/Engine_MaterialFunctions02/Math/MakeVectorsOrthogonal.uasset" 3952
"../../../Engine/Content/Functions/Engine_MaterialFunctions02/Math/ManualWorldToScreenUVsTransform.uasset" 3953
"../../../Engine/Content/Functions/Engine_MaterialFunctions02/Math/MultiplyAdd.uasset" 3954
"../../../Engine/Content/Functions/Engine_MaterialFunctions02/Math/Pi.uasset" 3955
"../../../Engine/Content/Functions/Engine_MaterialFunctions02/Math/ProjectVectorOntoPlane.uasset" 3956
"../../../Engine/Content/Functions/Engine_MaterialFunctions02/Math/pythagoreanTheorum.uasset" 3957
"../../../Engine/Content/Functions/Engine_MaterialFunctions02/Math/QuatAxisAngleConversions.uasset" 3958
"../../../Engine/Content/Functions/Engine_MaterialFunctions02/Math/Refract.uasset" 3959
"../../../Engine/Content/Functions/Engine_MaterialFunctions02/Math/RGBtoHSV.uasset" 3960
"../../../Engine/Content/Functions/Engine_MaterialFunctions02/Math/TimeWithSpeedVariable.uasset" 3961
"../../../Engine/Content/Functions/Engine_MaterialFunctions02/Math/Transform3x3Matrix.uasset" 3962
"../../../Engine/Content/Functions/Engine_MaterialFunctions02/Math/TransformMatrix.uasset" 3963
"../../../Engine/Content/Functions/Engine_MaterialFunctions02/Math/TransformNormals_Tangent_to_Vertex.uasset" 3964
"../../../Engine/Content/Functions/Engine_MaterialFunctions02/Math/TransformToClipSpace.uasset" 3965
"../../../Engine/Content/Functions/Engine_MaterialFunctions02/Math/TransformToZVector.uasset" 3966
"../../../Engine/Content/Functions/Engine_MaterialFunctions02/MAXScripts/MeshSequenceFlipbook_Script.uasset" 3967
"../../../Engine/Content/Functions/Engine_MaterialFunctions02/MAXScripts/MS_CanopyCreatorMeshExpansion.uasset" 3968
"../../../Engine/Content/Functions/Engine_MaterialFunctions02/MAXScripts/MS_MultiNormal_UVnormals.uasset" 3969
"../../../Engine/Content/Functions/Engine_MaterialFunctions02/MAXScripts/MS_MultiNormal_VertexColorNormals.uasset" 3970
"../../../Engine/Content/Functions/Engine_MaterialFunctions02/MAXScripts/MS_SequencePainter_SequenceFlipbook.uasset" 3971
"../../../Engine/Content/Functions/Engine_MaterialFunctions02/MAXScripts/MS_SequencePainter_Sequence.uasset" 3972
"../../../Engine/Content/Functions/Engine_MaterialFunctions02/Math/DeleteReference4x4Matrix.uasset" 3973
"../../../Engine/Content/Functions/Engine_MaterialFunctions02/MAXScripts/ms_StaticMeshSkeletalAnimation.uasset" 3974
"../../../Engine/Content/Functions/Engine_MaterialFunctions02/MAXScripts/ms_StaticMeshSkeletalAnimationHighQuality.uasset" 3975
"../../../Engine/Content/Functions/Engine_MaterialFunctions02/MAXScripts/MS_VertexAnimationTools_MorphTargets.uasset" 3976
"../../../Engine/Content/Functions/Engine_MaterialFunctions02/MAXScripts/MultiNormalScript_UVs.uasset" 3977
"../../../Engine/Content/Functions/Engine_MaterialFunctions02/MAXScripts/MultiNormalScript_VertexColors.uasset" 3978
"../../../Engine/Content/Functions/Engine_MaterialFunctions02/MAXScripts/SecondVertNormalSet_Script.uasset" 3979
"../../../Engine/Content/Functions/Engine_MaterialFunctions02/MAXScripts/TextureBasedMorphTargets.uasset" 3980
"../../../Engine/Content/Functions/Engine_MaterialFunctions02/Normals/DynamicNormalFromDistanceField.uasset" 3981
"../../../Engine/Content/Functions/Engine_MaterialFunctions02/Normals/RotateNormalWhileMasking.uasset" 3982
"../../../Engine/Content/Functions/Engine_MaterialFunctions02/Normals/UnpackNormalFromFloat.uasset" 3983
"../../../Engine/Content/Functions/Engine_MaterialFunctions02/NotInUse/WorldAlignedNormals_HighQuality_optimizationAttempt.uasset" 3984
"../../../Engine/Content/Functions/Engine_MaterialFunctions02/Normals/UnpackVector3FromFloat.uasset" 3985
"../../../Engine/Content/Functions/Engine_MaterialFunctions02/NotInUse/WorldAlignedTextures_Complex_OptimizationAttempt.uasset" 3986
"../../../Engine/Content/Functions/Engine_MaterialFunctions02/Particles/ParticleSizeByPixelUnits.uasset" 3987
"../../../Engine/Content/Functions/Engine_MaterialFunctions02/PivotPainter/PivotPainter_HierarchyData.uasset" 3988
"../../../Engine/Content/Functions/Engine_MaterialFunctions02/PivotPainter/PivotPainter_PerObjectData.uasset" 3989
"../../../Engine/Content/Functions/Engine_MaterialFunctions02/PivotPainter/PivotPainter_PerObjectFoliageData.uasset" 3990
"../../../Engine/Content/Functions/Engine_MaterialFunctions02/PivotPainter/PivotPainter_TreeData.uasset" 3991
"../../../Engine/Content/Functions/Engine_MaterialFunctions02/PivotPainter/ProtectFrom0.uasset" 3992
"../../../Engine/Content/Functions/Engine_MaterialFunctions02/PivotPainter/TreeAnimationSines.uasset" 3993
"../../../Engine/Content/Functions/Engine_MaterialFunctions02/PivotPainter2/2dArrayLookupByIndex.uasset" 3994
"../../../Engine/Content/Functions/Engine_MaterialFunctions02/PivotPainter2/Black_1x1_EXR_Texture.uasset" 3995
"../../../Engine/Content/Functions/Engine_MaterialFunctions02/PivotPainter2/ms_PivotPainter2_CalcuateCurrentIndex.uasset" 3996
"../../../Engine/Content/Functions/Engine_MaterialFunctions02/PivotPainter2/ms_PivotPainter2_CalculateCurrentIndex.uasset" 3997
"../../../Engine/Content/Functions/Engine_MaterialFunctions02/PivotPainter2/ms_PivotPainter2_CalculateMeshElementIndex.uasset" 3998
"../../../Engine/Content/Functions/Engine_MaterialFunctions02/PivotPainter2/ms_PivotPainter2_Decode8BitAlphaAxisExtent.uasset" 3999
"../../../Engine/Content/Functions/Engine_MaterialFunctions02/PivotPainter2/ms_PivotPainter2_DecodeAxisVector.uasset" 4000
"../../../Engine/Content/Functions/Engine_MaterialFunctions02/PivotPainter2/ms_PivotPainter2_DecodePostion.uasset" 4001
"../../../Engine/Content/Functions/Engine_MaterialFunctions02/PivotPainter2/ms_PivotPainter2_ReadParentData.uasset" 4002
"../../../Engine/Content/Functions/Engine_MaterialFunctions02/PivotPainter2/ms_PivotPainter2_ReturnParentTextureInfo.uasset" 4003
"../../../Engine/Content/Functions/Engine_MaterialFunctions02/PivotPainter2/ms_PivotPainter2_SampleLayerData.uasset" 4004
"../../../Engine/Content/Functions/Engine_MaterialFunctions02/PivotPainter2/ms_PivotPainter2_UnpackRGBVector.uasset" 4005
"../../../Engine/Content/Functions/Engine_MaterialFunctions02/PivotPainter2/PivotPainter2FoliageAnimation.uasset" 4006
"../../../Engine/Content/Functions/Engine_MaterialFunctions02/PivotPainter2/PivotPainter2FoliageShader.uasset" 4007
"../../../Engine/Content/Functions/Engine_MaterialFunctions02/StaticMeshDecals/StaticMeshDecal_Function.uasset" 4008
"../../../Engine/Content/Functions/Engine_MaterialFunctions02/SupportFiles/1x1x1_Box_Pivot_-XYZ.uasset" 4009
"../../../Engine/Content/Functions/Engine_MaterialFunctions02/SupportFiles/1x1x1BoxCenterAligned.uasset" 4010
"../../../Engine/Content/Functions/Engine_MaterialFunctions02/Texturing/3dParticleOpacity.uasset" 4011
"../../../Engine/Content/Functions/Engine_MaterialFunctions02/Texturing/3DParticleUVs.uasset" 4012
"../../../Engine/Content/Functions/Engine_MaterialFunctions02/Texturing/3DSandMayaUVCoordinates.uasset" 4013
"../../../Engine/Content/Functions/Engine_MaterialFunctions02/Texturing/CustomRotator.uasset" 4014
"../../../Engine/Content/Functions/Engine_MaterialFunctions02/Texturing/FlipBook.uasset" 4015
"../../../Engine/Content/Functions/Engine_MaterialFunctions02/Texturing/FlipBook_MotionVectors.uasset" 4016
"../../../Engine/Content/Functions/Engine_MaterialFunctions02/Texturing/FlipBook_UniformNonUniform.uasset" 4017
"../../../Engine/Content/Functions/Engine_MaterialFunctions02/Texturing/Flowmaps.uasset" 4018
"../../../Engine/Content/Functions/Engine_MaterialFunctions02/Texturing/Flowmaps_3D.uasset" 4019
"../../../Engine/Content/Functions/Engine_MaterialFunctions02/Texturing/Flowmaps_2D.uasset" 4020
"../../../Engine/Content/Functions/Engine_MaterialFunctions02/Texturing/FlowMaps_Simple.uasset" 4021
"../../../Engine/Content/Functions/Engine_MaterialFunctions02/Texturing/FlowMaps_UV1.uasset" 4022
"../../../Engine/Content/Functions/Engine_MaterialFunctions02/Texturing/HeightLerp.uasset" 4023
"../../../Engine/Content/Functions/Engine_MaterialFunctions02/Texturing/HeightLerpWithTwoHeightMaps.uasset" 4024
"../../../Engine/Content/Functions/Engine_MaterialFunctions02/Texturing/RaiseBlackLevelsByPercentage.uasset" 4025
"../../../Engine/Content/Functions/Engine_MaterialFunctions02/Texturing/ScreenAlignedPixelToPixelUVs.uasset" 4026
"../../../Engine/Content/Functions/Engine_MaterialFunctions02/Texturing/ScreenAlignedUVs.uasset" 4027
"../../../Engine/Content/Functions/Engine_MaterialFunctions02/Texturing/TangentSpaceFlowComplex.uasset" 4028
"../../../Engine/Content/Functions/Engine_MaterialFunctions02/Texturing/WorldAlignedTextures_Complex.uasset" 4029
"../../../Engine/Content/Functions/Engine_MaterialFunctions02/Texturing/WorldAlignedTextures_Complex_OptimizationAttempt.uasset" 4030
"../../../Engine/Content/Functions/Engine_MaterialFunctions02/Texturing/WorldAlignedTexture_Complex.uasset" 4031
"../../../Engine/Content/Functions/Engine_MaterialFunctions02/Texturing/WorldPosition.uasset" 4032
"../../../Engine/Content/Functions/Engine_MaterialFunctions02/Texturing/WorldPositionWithScale.uasset" 4033
"../../../Engine/Content/Functions/Engine_MaterialFunctions02/Utility/Append4.uasset" 4034
"../../../Engine/Content/Functions/Engine_MaterialFunctions02/Utility/BlendAngleCorrectedNormals.uasset" 4035
"../../../Engine/Content/Functions/Engine_MaterialFunctions02/Utility/BreakFloat2Components.uasset" 4036
"../../../Engine/Content/Functions/Engine_MaterialFunctions02/Utility/AppendMany.uasset" 4037
"../../../Engine/Content/Functions/Engine_MaterialFunctions02/Utility/BreakFloat3Components.uasset" 4038
"../../../Engine/Content/Functions/Engine_MaterialFunctions02/Utility/BreakFloat4Components.uasset" 4039
"../../../Engine/Content/Functions/Engine_MaterialFunctions02/Utility/BreakOutFloat4Components.uasset" 4040
"../../../Engine/Content/Functions/Engine_MaterialFunctions02/Utility/BumpOffset.uasset" 4041
"../../../Engine/Content/Functions/Engine_MaterialFunctions02/Utility/BumpOffset_Advanced.uasset" 4042
"../../../Engine/Content/Functions/Engine_MaterialFunctions02/Utility/CameraVectorWithWPOOptions.uasset" 4043
"../../../Engine/Content/Functions/Engine_MaterialFunctions02/Utility/CustomReflectionVector.uasset" 4044
"../../../Engine/Content/Functions/Engine_MaterialFunctions02/Utility/DebugFloat2Values.uasset" 4045
"../../../Engine/Content/Functions/Engine_MaterialFunctions02/Utility/DebugFloat3Values.uasset" 4046
"../../../Engine/Content/Functions/Engine_MaterialFunctions02/Utility/DebugFloat4Values.uasset" 4047
"../../../Engine/Content/Functions/Engine_MaterialFunctions02/Utility/DebugOnOff.uasset" 4048
"../../../Engine/Content/Functions/Engine_MaterialFunctions02/Utility/DebugScalarValues.uasset" 4049
"../../../Engine/Content/Functions/Engine_MaterialFunctions02/Utility/DebugTimeSine.uasset" 4050
"../../../Engine/Content/Functions/Engine_MaterialFunctions02/Utility/DepthFromWorldPosition.uasset" 4051
"../../../Engine/Content/Functions/Engine_MaterialFunctions02/Utility/DitherTemporalAA.uasset" 4052
"../../../Engine/Content/Functions/Engine_MaterialFunctions02/Utility/DynamicBranch.uasset" 4053
"../../../Engine/Content/Functions/Engine_MaterialFunctions02/Utility/DynamicBranchBasedOnScalar.uasset" 4054
"../../../Engine/Content/Functions/Engine_MaterialFunctions02/Utility/FOV.uasset" 4055
"../../../Engine/Content/Functions/Engine_MaterialFunctions02/Utility/IsFloatValid.uasset" 4056
"../../../Engine/Content/Functions/Engine_MaterialFunctions02/Utility/LinearSine.uasset" 4057
"../../../Engine/Content/Functions/Engine_MaterialFunctions02/Utility/MakeFloat3.uasset" 4058
"../../../Engine/Content/Functions/Engine_MaterialFunctions02/Utility/MakeFloat4.uasset" 4059
"../../../Engine/Content/Functions/Engine_MaterialFunctions02/Utility/Round.uasset" 4060
"../../../Engine/Content/Functions/Engine_MaterialFunctions02/Utility/SequenceSum.uasset" 4061
"../../../Engine/Content/Functions/Engine_MaterialFunctions02/Utility/Sign.uasset" 4062
"../../../Engine/Content/Functions/Engine_MaterialFunctions02/Utility/Sine_Remapped.uasset" 4063
"../../../Engine/Content/Functions/Engine_MaterialFunctions02/Utility/SumOfAConsecutiveNumberSequence.uasset" 4064
"../../../Engine/Content/Functions/Engine_MaterialFunctions02/Utility/Swizzle.uasset" 4065
"../../../Engine/Content/Functions/Engine_MaterialFunctions02/Utility/VectorToRadialValue.uasset" 4066
"../../../Engine/Content/Functions/Engine_MaterialFunctions02/UVs/ObjectAlignedVirtualPlaneCoordinates.uasset" 4067
"../../../Engine/Content/Functions/Engine_MaterialFunctions02/UVs/PanTextureCoordinateChannelfrom-1toN+1.uasset" 4068
"../../../Engine/Content/Functions/Engine_MaterialFunctions02/UVs/PanTextureCoordinateFrom-1toN+1.uasset" 4069
"../../../Engine/Content/Functions/Engine_MaterialFunctions02/UVs/UVBrickPatterns.uasset" 4070
"../../../Engine/Content/Functions/Engine_MaterialFunctions02/UVs/WorldPositionBehindFromDepth_experimental.uasset" 4071
"../../../Engine/Content/Functions/Engine_MaterialFunctions02/UVs/WorldPositionBehindTranslucency.uasset" 4072
"../../../Engine/Content/Functions/Engine_MaterialFunctions02/UVs/WorldSpaceAlignedScreenCoordinates.uasset" 4073
"../../../Engine/Content/Functions/Engine_MaterialFunctions02/WorldPositionOffset/AdjustNormalsToCompensateForRotateAboutAxisOffset.uasset" 4074
"../../../Engine/Content/Functions/Engine_MaterialFunctions02/WorldPositionOffset/AlignMeshToTheCamera.uasset" 4075
"../../../Engine/Content/Functions/Engine_MaterialFunctions02/WorldPositionOffset/AttachMeshToTheCamera.uasset" 4076
"../../../Engine/Content/Functions/Engine_MaterialFunctions02/WorldPositionOffset/ComponentBasisVectors.uasset" 4077
"../../../Engine/Content/Functions/Engine_MaterialFunctions02/WorldPositionOffset/ComponentPivotLocation.uasset" 4078
"../../../Engine/Content/Functions/Engine_MaterialFunctions02/WorldPositionOffset/DropletParticleVertexShader.uasset" 4079
"../../../Engine/Content/Functions/Engine_MaterialFunctions02/WorldPositionOffset/GenerateASpline.uasset" 4080
"../../../Engine/Content/Functions/Engine_MaterialFunctions02/WorldPositionOffset/Gravity_WPO.uasset" 4081
"../../../Engine/Content/Functions/Engine_MaterialFunctions02/WorldPositionOffset/LocalPosition.uasset" 4082
"../../../Engine/Content/Functions/Engine_MaterialFunctions02/WorldPositionOffset/ObjectPivotPoint.uasset" 4083
"../../../Engine/Content/Functions/Engine_MaterialFunctions02/WorldPositionOffset/PivotAxis.uasset" 4084
"../../../Engine/Content/Functions/Engine_MaterialFunctions02/WorldPositionOffset/RotateAboutWorldAxis_cheap.uasset" 4085
"../../../Engine/Content/Functions/Engine_MaterialFunctions02/WorldPositionOffset/RotNormals.uasset" 4086
"../../../Engine/Content/Functions/Engine_MaterialFunctions02/WorldPositionOffset/SineWithNormalSupport.uasset" 4087
"../../../Engine/Content/Functions/Engine_MaterialFunctions02/WorldPositionOffset/SplineBasedModelDeformation.uasset" 4088
"../../../Engine/Content/Functions/Engine_MaterialFunctions02/WorldPositionOffset/Sprite.uasset" 4089
"../../../Engine/Content/Functions/Engine_MaterialFunctions02/WorldPositionOffset/Sprite_Capsule.uasset" 4090
"../../../Engine/Content/Functions/Engine_MaterialFunctions02/WorldPositionOffset/Sprite_Ellipsoid.uasset" 4091
"../../../Engine/Content/Functions/Engine_MaterialFunctions02/WorldPositionOffset/Sprite_TearDrop.uasset" 4092
"../../../Engine/Content/Functions/Engine_MaterialFunctions02/WorldPositionOffset/TextureBasedMorphTargets.uasset" 4093
"../../../Engine/Content/Functions/Engine_MaterialFunctions02/WorldPositionOffset/StaticMeshMorphTargets.uasset" 4094
"../../../Engine/Content/Functions/Engine_MaterialFunctions02/WorldPositionOffset/UVLayoutToWorldSpacePosition.uasset" 4095
"../../../Engine/Content/Functions/Engine_MaterialFunctions02/WorldPositionOffset/VelocityAlignedEllipsoidalSprite.uasset" 4096
"../../../Engine/Content/Functions/Engine_MaterialFunctions02/WorldPositionOffset/Wind.uasset" 4097
"../../../Engine/Content/Functions/Engine_MaterialFunctions02/WorldPositionOffset/V2/ComponentBasisVectors.uasset" 4098
"../../../Engine/Content/Functions/Engine_MaterialFunctions02/WorldPositionOffset/V2/ObjectScale.uasset" 4099
"../../../Engine/Content/Functions/Engine_MaterialFunctions03/Blends/Blend_ColorDodge.uasset" 4100
"../../../Engine/Content/Functions/Engine_MaterialFunctions03/Blends/Blend_ColorBurn.uasset" 4101
"../../../Engine/Content/Functions/Engine_MaterialFunctions03/Blends/Blend_Difference.uasset" 4102
"../../../Engine/Content/Functions/Engine_MaterialFunctions03/Blends/Blend_Darken.uasset" 4103
"../../../Engine/Content/Functions/Engine_MaterialFunctions03/Blends/Blend_HardLight.uasset" 4104
"../../../Engine/Content/Functions/Engine_MaterialFunctions03/Blends/Blend_Lighten.uasset" 4105
"../../../Engine/Content/Functions/Engine_MaterialFunctions03/Blends/Blend_LinearBurn.uasset" 4106
"../../../Engine/Content/Functions/Engine_MaterialFunctions03/Blends/Blend_LinearDodge.uasset" 4107
"../../../Engine/Content/Functions/Engine_MaterialFunctions03/Blends/Blend_LinearLight.uasset" 4108
"../../../Engine/Content/Functions/Engine_MaterialFunctions03/Blends/Blend_Exclusion.uasset" 4109
"../../../Engine/Content/Functions/Engine_MaterialFunctions03/Blends/Blend_PinLight.uasset" 4110
"../../../Engine/Content/Functions/Engine_MaterialFunctions03/Blends/Blend_Overlay.uasset" 4111
"../../../Engine/Content/Functions/Engine_MaterialFunctions03/Blends/Blend_Screen.uasset" 4112
"../../../Engine/Content/Functions/Engine_MaterialFunctions03/Blends/Blend_SoftLight.uasset" 4113
"../../../Engine/Content/Functions/Engine_MaterialFunctions03/Blends/Lerp_ScratchGrime.uasset" 4114
"../../../Engine/Content/Functions/Engine_MaterialFunctions03/Blends/Lerp_ScratchGrime2.uasset" 4115
"../../../Engine/Content/Functions/Engine_MaterialFunctions03/Blends/ScratchGrime_Blend.uasset" 4116
"../../../Engine/Content/Functions/Engine_MaterialFunctions03/ComplexMotion/Motion_4WayChaos.uasset" 4117
"../../../Engine/Content/Functions/Engine_MaterialFunctions03/ComplexMotion/Motion_4WayChaos_Normal.uasset" 4118
"../../../Engine/Content/Functions/Engine_MaterialFunctions03/Math/MultiplyVectorWithQuaternion.uasset" 4119
"../../../Engine/Content/Functions/Engine_MaterialFunctions03/Math/PackTwoNormalizedFloats.uasset" 4120
"../../../Engine/Content/Functions/Engine_MaterialFunctions03/Math/RemapValueRange.uasset" 4121
"../../../Engine/Content/Functions/Engine_MaterialFunctions03/Math/UnpackTwoNormalizedFloats.uasset" 4122
"../../../Engine/Content/Functions/Engine_MaterialFunctions03/Particles/Distance_Blend.uasset" 4123
"../../../Engine/Content/Functions/Engine_MaterialFunctions03/Particles/ParticleDOF.uasset" 4124
"../../../Engine/Content/Functions/Engine_MaterialFunctions03/Particles/RandomUVs.uasset" 4125
"../../../Engine/Content/Functions/Engine_MaterialFunctions03/Procedurals/Compute3DDeriv.uasset" 4126
"../../../Engine/Content/Functions/Engine_MaterialFunctions03/Procedurals/ComputeFilterWidth.uasset" 4127
"../../../Engine/Content/Functions/Engine_MaterialFunctions03/Procedurals/CurlFrom3DDeriv.uasset" 4128
"../../../Engine/Content/Functions/Engine_MaterialFunctions03/Procedurals/GeneratedBand.uasset" 4129
"../../../Engine/Content/Functions/Engine_MaterialFunctions03/Procedurals/HeightToNormalSmooth.uasset" 4130
"../../../Engine/Content/Functions/Engine_MaterialFunctions03/Procedurals/GradFrom3DDeriv.uasset" 4131
"../../../Engine/Content/Functions/Engine_MaterialFunctions03/Procedurals/GeneratedOffsetBands.uasset" 4132
"../../../Engine/Content/Functions/Engine_MaterialFunctions03/Procedurals/NormalFromHeightmap.uasset" 4133
"../../../Engine/Content/Functions/Engine_MaterialFunctions03/Procedurals/NormalFromFunction.uasset" 4134
"../../../Engine/Content/Functions/Engine_MaterialFunctions03/Procedurals/NormalFromHeightmapChaos.uasset" 4135
"../../../Engine/Content/Functions/Engine_MaterialFunctions03/Procedurals/ObjectSpaceFalloff.uasset" 4136
"../../../Engine/Content/Functions/Engine_MaterialFunctions03/Procedurals/PerturbNormalHQ.uasset" 4137
"../../../Engine/Content/Functions/Engine_MaterialFunctions03/Procedurals/PerturbNormalLQ.uasset" 4138
"../../../Engine/Content/Functions/Engine_MaterialFunctions03/Procedurals/Prepare3DDeriv.uasset" 4139
"../../../Engine/Content/Functions/Engine_MaterialFunctions03/Texturing/CameraWorldBlend.uasset" 4140
"../../../Engine/Content/Functions/Engine_MaterialFunctions03/Procedurals/PreparePerturbNormalHQ.uasset" 4141
"../../../Engine/Content/Functions/Engine_MaterialFunctions03/Texturing/LocalSpaceSurfaceMirroring.uasset" 4142
"../../../Engine/Content/Functions/Engine_MaterialFunctions03/Texturing/SubUV_Function.uasset" 4143
"../../../Engine/Content/Functions/Engine_MaterialFunctions03/Texturing/SubUV_Function_MipDerivative.uasset" 4144
"../../../Engine/Content/Functions/Engine_MaterialFunctions03/Texturing/TextureVariation.uasset" 4145
"../../../Engine/Content/Functions/Engine_MaterialFunctions03/Texturing/TextureVariation_RotateNormals.uasset" 4146
"../../../Engine/Content/Functions/Engine_MaterialFunctions03/Texturing/TextureVariation_RotateUV.uasset" 4147
"../../../Engine/Content/Functions/Engine_MaterialFunctions03/Texturing/TwoSidedTexturing.uasset" 4148
"../../../Engine/Content/Functions/Engine_MaterialFunctions03/Texturing/WorldCoordinate3Way.uasset" 4149
"../../../Engine/Content/Functions/GetPostProcessFunctions/GetAmbientCubemapIntensity.uasset" 4150
"../../../Engine/Content/Functions/GetPostProcessFunctions/GetAmbientCubemapTint.uasset" 4151
"../../../Engine/Content/Functions/MaterialLayerFunctions/MatLayerBlend_AddWorldPositionOffset.uasset" 4152
"../../../Engine/Content/Functions/MaterialLayerFunctions/MatLayerBlend_AO.uasset" 4153
"../../../Engine/Content/Functions/MaterialLayerFunctions/MatLayerBlend_BakedNormal.uasset" 4154
"../../../Engine/Content/Functions/MaterialLayerFunctions/MatLayerBlend_BakedNormal_SimpleAdd.uasset" 4155
"../../../Engine/Content/Functions/MaterialLayerFunctions/MatLayerBlend_BaseColorOverride.uasset" 4156
"../../../Engine/Content/Functions/MaterialLayerFunctions/MatLayerBlend_BreakBaseColor.uasset" 4157
"../../../Engine/Content/Functions/MaterialLayerFunctions/MatLayerBlend_BlendAngleCorrectedNormals.uasset" 4158
"../../../Engine/Content/Functions/MaterialLayerFunctions/MatLayerBlend_BreakNormal.uasset" 4159
"../../../Engine/Content/Functions/MaterialLayerFunctions/MatLayerBlend_Decal.uasset" 4160
"../../../Engine/Content/Functions/MaterialLayerFunctions/MatLayerBlend_Decal_UV3.uasset" 4161
"../../../Engine/Content/Functions/MaterialLayerFunctions/MatLayerBlend_Displacement.uasset" 4162
"../../../Engine/Content/Functions/MaterialLayerFunctions/MatLayerBlend_Emissive.uasset" 4163
"../../../Engine/Content/Functions/MaterialLayerFunctions/MatLayerBlend_GlobalNormal.uasset" 4164
"../../../Engine/Content/Functions/MaterialLayerFunctions/MatLayerBlend_LightmassReplace.uasset" 4165
"../../../Engine/Content/Functions/MaterialLayerFunctions/MatLayerBlend_ModulateRoughness.uasset" 4166
"../../../Engine/Content/Functions/MaterialLayerFunctions/MatLayerBlend_ModulateSpecular.uasset" 4167
"../../../Engine/Content/Functions/MaterialLayerFunctions/MatLayerBlend_Multiply.uasset" 4168
"../../../Engine/Content/Functions/MaterialLayerFunctions/MatLayerBlend_NormalBlend.uasset" 4169
"../../../Engine/Content/Functions/MaterialLayerFunctions/MatLayerBlend_MultiplyBaseColor.uasset" 4170
"../../../Engine/Content/Functions/MaterialLayerFunctions/MatLayerBlend_NormalFlatten.uasset" 4171
"../../../Engine/Content/Functions/MaterialLayerFunctions/MatLayerBlend_OverrideBaseColor.uasset" 4172
"../../../Engine/Content/Functions/MaterialLayerFunctions/MatLayerBlend_OverrideDisplacement.uasset" 4173
"../../../Engine/Content/Functions/MaterialLayerFunctions/MatLayerBlend_OverrideMask.uasset" 4174
"../../../Engine/Content/Functions/MaterialLayerFunctions/MatLayerBlend_OverrideMetalness.uasset" 4175
"../../../Engine/Content/Functions/MaterialLayerFunctions/MatLayerBlend_OverrideOpacity.uasset" 4176
"../../../Engine/Content/Functions/MaterialLayerFunctions/MatLayerBlend_OverrideOpacityMask.uasset" 4177
"../../../Engine/Content/Functions/MaterialLayerFunctions/MatLayerBlend_OverrideSubSurface.uasset" 4178
"../../../Engine/Content/Functions/MaterialLayerFunctions/MatLayerBlend_OverrideWorldPositionOffset.uasset" 4179
"../../../Engine/Content/Functions/MaterialLayerFunctions/MatLayerBlend_ReplaceNormals.uasset" 4180
"../../../Engine/Content/Functions/MaterialLayerFunctions/MatLayerBlend_RoughnessOverride.uasset" 4181
"../../../Engine/Content/Functions/MaterialLayerFunctions/MatLayerBlend_SeparateNormalandColorClamps.uasset" 4182
"../../../Engine/Content/Functions/MaterialLayerFunctions/MatLayerBlend_Simple.uasset" 4183
"../../../Engine/Content/Functions/MaterialLayerFunctions/MatLayerBlend_Stain.uasset" 4184
"../../../Engine/Content/Functions/MaterialLayerFunctions/MatLayerBlend_Standard.uasset" 4185
"../../../Engine/Content/Functions/MaterialLayerFunctions/MatLayerBlend_StandardWithDisplacement.uasset" 4186
"../../../Engine/Content/Functions/MaterialLayerFunctions/MatLayerBlend_StandardWithMaskEdgeTint.uasset" 4187
"../../../Engine/Content/Functions/MaterialLayerFunctions/MatLayerBlend_TenLayerBlend.uasset" 4188
"../../../Engine/Content/Functions/MaterialLayerFunctions/MatLayerBlend_Tint.uasset" 4189
"../../../Engine/Content/Functions/MaterialLayerFunctions/MatLayerBlend_TintAllChannels.uasset" 4190
"../../../Engine/Content/Functions/MaterialLayerFunctions/MatLayerBlend_TopNormal.uasset" 4191
"../../../Engine/Content/Functions/MaterialLayerFunctions/ML_ExampleMaterialLayer.uasset" 4192
"../../../Engine/Content/Functions/UserInterface/GetUserInterfaceUV.uasset" 4193
"../../../Engine/Content/Maps/Entry.umap" 4194
"../../../Engine/Content/Maps/Entry_BuiltData.uasset" 4195
"../../../Engine/Content/Maps/Templates/Template_Default.umap" 4196
"../../../Engine/Content/Maps/Templates/Template_Default_BuiltData.uasset" 4197
"../../../Engine/Content/Maps/Templates/TimeOfDay_Default.umap" 4198
"../../../Engine/Content/Maps/Templates/VR-Basic.umap" 4199
"../../../Engine/Content/Maps/Templates/VR-Basic_BuiltData.uasset" 4200
"../../../Engine/Content/MapTemplates/Bokeh_5Sides.uasset" 4201
"../../../Engine/Content/MapTemplates/CloudDensityShadowing.uasset" 4202
"../../../Engine/Content/MapTemplates/CloudHemisphereShadowing.uasset" 4203
"../../../Engine/Content/MapTemplates/CloudRimLighting.uasset" 4204
"../../../Engine/Content/MapTemplates/CloudShadowSample.uasset" 4205
"../../../Engine/Content/MapTemplates/CloudShadowSample4Iterations.uasset" 4206
"../../../Engine/Content/MapTemplates/CloudShadowSample4Iterations_Hem.uasset" 4207
"../../../Engine/Content/MapTemplates/daylight.uasset" 4208
"../../../Engine/Content/MapTemplates/MASTER_Sky_Material.uasset" 4209
"../../../Engine/Content/MapTemplates/MASTER_Sky_Material_DEFAULT_MAP.uasset" 4210
"../../../Engine/Content/MapTemplates/SM_Template_Map_Floor.uasset" 4211
"../../../Engine/Content/MapTemplates/TEST.uasset" 4212
"../../../Engine/Content/MapTemplates/TestCard.uasset" 4213
"../../../Engine/Content/MapTemplates/TilingNoise05.uasset" 4214
"../../../Engine/Content/MapTemplates/T_ScreenDirt02_w.uasset" 4215
"../../../Engine/Content/MapTemplates/T_Sky_Clouds_M.uasset" 4216
"../../../Engine/Content/MapTemplates/T_UDK_Sky_CloudMask03.uasset" 4217
"../../../Engine/Content/MapTemplates/lut/LUT_Afternoon.uasset" 4218
"../../../Engine/Content/MapTemplates/lut/LUT_Daytime.uasset" 4219
"../../../Engine/Content/MapTemplates/lut/LUT_Morning.uasset" 4220
"../../../Engine/Content/MapTemplates/lut/LUT_Night.uasset" 4221
"../../../Engine/Content/MapTemplates/Materials/BasicAsset01.uasset" 4222
"../../../Engine/Content/MapTemplates/Materials/BasicAsset02.uasset" 4223
"../../../Engine/Content/MapTemplates/Materials/BasicAsset03.uasset" 4224
"../../../Engine/Content/MapTemplates/Materials/BasicTemplateMaterial.uasset" 4225
"../../../Engine/Content/MapTemplates/Materials/ML_ExampleMaterialLayer.uasset" 4226
"../../../Engine/Content/MapTemplates/Sky/DaylightAmbientCubemap.uasset" 4227
"../../../Engine/Content/MapTemplates/Sky/DaylightAmbientCubemap_Mat.uasset" 4228
"../../../Engine/Content/MapTemplates/Sky/Desert_Outer_HDR.uasset" 4229
"../../../Engine/Content/MapTemplates/Sky/Desert_Outer_HDR_Mat.uasset" 4230
"../../../Engine/Content/MapTemplates/Sky/M_BlackBackground.uasset" 4231
"../../../Engine/Content/MapTemplates/Sky/M_Procedural_Sky_Afternoon.uasset" 4232
"../../../Engine/Content/MapTemplates/Sky/M_Procedural_Sky_Daytime.uasset" 4233
"../../../Engine/Content/MapTemplates/Sky/M_Procedural_Sky_MASTER02.uasset" 4234
"../../../Engine/Content/MapTemplates/Sky/M_Procedural_Sky_MASTER022.uasset" 4235
"../../../Engine/Content/MapTemplates/Sky/M_Procedural_Sky_MASTER_UE4.uasset" 4236
"../../../Engine/Content/MapTemplates/Sky/M_Procedural_Sky_Morning.uasset" 4237
"../../../Engine/Content/MapTemplates/Sky/M_Procedural_Sky_Morning_UE4.uasset" 4238
"../../../Engine/Content/MapTemplates/Sky/M_Sky_Clouds.uasset" 4239
"../../../Engine/Content/MapTemplates/Sky/SunsetAmbientCubemap.uasset" 4240
"../../../Engine/Content/MapTemplates/Sky/T_Sky_Stars.uasset" 4241
"../../../Engine/Content/MapTemplates/Sky/SM_SkySphere.uasset" 4242
"../../../Engine/Content/MapTemplates/Sky/T_UDK_Sky_CloudMask01_N.uasset" 4243
"../../../Engine/Content/MaterialTemplates/Chromakeying/MF_Chromakeyer.uasset" 4244
"../../../Engine/Content/MaterialTemplates/Chromakeying/M_ColorDifferenceKey.uasset" 4245
"../../../Engine/Content/MaterialTemplates/Gradients/Gradient_Linear.uasset" 4246
"../../../Engine/Content/MapTemplates/Sky/M_Procedural_Sky_Night.uasset" 4247
"../../../Engine/Content/MaterialTemplates/Gradients/Gradient_Radial.uasset" 4248
"../../../Engine/Content/MaterialTemplates/Gradients/Gradient_Star.uasset" 4249
"../../../Engine/Content/MaterialTemplates/LayerBlends/LayerBlend_AddWPO.uasset" 4250
"../../../Engine/Content/MaterialTemplates/LayerBlends/LayerBlend_AddEmissive.uasset" 4251
"../../../Engine/Content/MaterialTemplates/LayerBlends/LayerBlend_AmbientOcclusion.uasset" 4252
"../../../Engine/Content/MaterialTemplates/LayerBlends/LayerBlend_NormalOverlay.uasset" 4253
"../../../Engine/Content/MaterialTemplates/LayerBlends/LayerBlend_Stain.uasset" 4254
"../../../Engine/Content/MaterialTemplates/LayerBlends/LayerBlend_Scalar.uasset" 4255
"../../../Engine/Content/MaterialTemplates/LayerBlends/LayerBlend_Stain_TextureMask.uasset" 4256
"../../../Engine/Content/MaterialTemplates/LayerBlends/LayerBlend_TextureMask.uasset" 4257
"../../../Engine/Content/MaterialTemplates/LayerBlends/LayerBlend_TextureMaskMultiplied.uasset" 4258
"../../../Engine/Content/MaterialTemplates/LayerBlends/LayerBlend_Threshold.uasset" 4259
"../../../Engine/Content/MaterialTemplates/LayerBlends/LayerBlend_VertexColor.uasset" 4260
"../../../Engine/Content/MaterialTemplates/PerfTricks/MultiChannelMask.uasset" 4261
"../../../Engine/Content/MaterialTemplates/LayerBlends/T_DefaultMaskTexture.uasset" 4262
"../../../Engine/Content/MaterialTemplates/PerfTricks/M_ContrastUsingLerp.uasset" 4263
"../../../Engine/Content/MaterialTemplates/PerfTricks/M_SpecularUsingDiffuse.uasset" 4264
"../../../Engine/Content/MaterialTemplates/PerfTricks/Spherical2dReflection.uasset" 4265
"../../../Engine/Content/MaterialTemplates/PerfTricks/VertexColorBlend.uasset" 4266
"../../../Engine/Content/MaterialTemplates/PerfTricks/VertexColorModulateTransition.uasset" 4267
"../../../Engine/Content/MaterialTemplates/Textures/T_multiMask.uasset" 4268
"../../../Engine/Content/MaterialTemplates/Textures/T_Noise01.uasset" 4269
"../../../Engine/Content/MaterialTemplates/VertexAnimation/AdvancedFlag.uasset" 4270
"../../../Engine/Content/MaterialTemplates/VertexAnimation/SimpleBuldge.uasset" 4271
"../../../Engine/Content/MaterialTemplates/VertexAnimation/SimpleRotation.uasset" 4272
"../../../Engine/Content/MaterialTemplates/VertexAnimation/SimpleWind.uasset" 4273
"../../../Engine/Content/MaterialTemplates/VertexAnimation/SimpleWave.uasset" 4274
"../../../Engine/Content/MobileResources/T_MobileControls_texture.uasset" 4275
"../../../Engine/Content/MobileResources/T_MobileMenu2.uasset" 4276
"../../../Engine/Content/MobileResources/HUD/AnalogHat.uasset" 4277
"../../../Engine/Content/MobileResources/HUD/DefaultVirtualJoysticks.uasset" 4278
"../../../Engine/Content/MobileResources/HUD/LeftVirtualJoystickOnly.uasset" 4279
"../../../Engine/Content/MobileResources/HUD/MobileHUDButton1_off.uasset" 4280
"../../../Engine/Content/MobileResources/HUD/MobileHUDButton1_on.uasset" 4281
"../../../Engine/Content/MobileResources/HUD/MobileHUDButton2_off.uasset" 4282
"../../../Engine/Content/MobileResources/HUD/MobileHUDButton2_on.uasset" 4283
"../../../Engine/Content/MobileResources/HUD/MobileHUDButtonFire.uasset" 4284
"../../../Engine/Content/MobileResources/HUD/MobileHUDDirectionPad.uasset" 4285
"../../../Engine/Content/MobileResources/HUD/MobileHUDDirectionPad2.uasset" 4286
"../../../Engine/Content/MobileResources/HUD/MobileHUDDirectionPad3.uasset" 4287
"../../../Engine/Content/MobileResources/HUD/MobileHUDDirectionStick.uasset" 4288
"../../../Engine/Content/MobileResources/HUD/T_Castle_ThumbstickInner.uasset" 4289
"../../../Engine/Content/MobileResources/HUD/T_Castle_ThumbstickOutter.uasset" 4290
"../../../Engine/Content/MobileResources/HUD/VirtualJoystick_Background.uasset" 4291
"../../../Engine/Content/MobileResources/HUD/MobileHUDButton3.uasset" 4292
"../../../Engine/Content/MobileResources/HUD/VirtualJoystick_Thumb.uasset" 4293
"../../../Engine/Content/Sequencer/DefaultBurnIn.uasset" 4294
"../../../Engine/Content/Sequencer/DefaultBurnInOptions.uasset" 4295
"../../../Engine/Content/StarterContent/Textures/T_ground_Moss_D.uasset" 4296
"../../../Engine/Content/TemplateResources/MI_Template_BaseBlue.uasset" 4297
"../../../Engine/Content/TemplateResources/MI_Template_BaseBlue_Metal.uasset" 4298
"../../../Engine/Content/TemplateResources/MI_Template_BaseGray.uasset" 4299
"../../../Engine/Content/TemplateResources/MI_Template_BaseGray_02.uasset" 4300
"../../../Engine/Content/TemplateResources/MI_Template_BaseGray_02_Metal.uasset" 4301
"../../../Engine/Content/TemplateResources/MI_Template_BaseGray_03.uasset" 4302
"../../../Engine/Content/TemplateResources/MI_Template_BaseGray_03_Metal.uasset" 4303
"../../../Engine/Content/TemplateResources/MI_Template_BaseGray_Metal.uasset" 4304
"../../../Engine/Content/TemplateResources/MI_Template_BaseOrange.uasset" 4305
"../../../Engine/Content/TemplateResources/MI_Template_BaseOrange_Metal.uasset" 4306
"../../../Engine/Content/TemplateResources/M_Template_Master.uasset" 4307
"../../../Engine/Content/Tutorial/Audio/Audience.uasset" 4308
"../../../Engine/Content/Tutorial/Audio/TutorialTest.uasset" 4309
"../../../Engine/Content/Tutorial/Audio/InterestingStuff.uasset" 4310
"../../../Engine/Content/Tutorial/Audio/Zak.uasset" 4311
"../../../Engine/Content/Tutorial/Basics/FeaturePacks.uasset" 4312
"../../../Engine/Content/Tutorial/Basics/ContentBrowserOverview.uasset" 4313
"../../../Engine/Content/Tutorial/Basics/ViewportsTutorial.uasset" 4314
"../../../Engine/Content/Tutorial/Basics/LevelEditorOverview.uasset" 4315
"../../../Engine/Content/Tutorial/Basics/TutorialAssets/CameraActor_64x.uasset" 4316
"../../../Engine/Content/Tutorial/Basics/TutorialAssets/icon_tab_Levels_40x.uasset" 4317
"../../../Engine/Content/Tutorial/BlueprintTutorials/BlueprintInterfacesEditorOverview.uasset" 4318
"../../../Engine/Content/Tutorial/BlueprintTutorials/ClassBlueprintsEditorOverview.uasset" 4319
"../../../Engine/Content/Tutorial/BlueprintTutorials/LevelBlueprintEditorOverview.uasset" 4320
"../../../Engine/Content/Tutorial/BlueprintTutorials/TutorialAssets/BlueprintFunctionLibrary_64x.uasset" 4321
"../../../Engine/Content/Tutorial/BlueprintTutorials/TutorialAssets/BlueprintInterface_64x.uasset" 4322
"../../../Engine/Content/Tutorial/BlueprintTutorials/TutorialAssets/BlueprintMacroLibrary_64x.uasset" 4323
"../../../Engine/Content/Tutorial/BlueprintTutorials/TutorialAssets/Tutorial_BP_Class.uasset" 4324
"../../../Engine/Content/Tutorial/BlueprintTutorials/TutorialAssets/Tutorial_BP_Interface.uasset" 4325
"../../../Engine/Content/Tutorial/BlueprintTutorials/TutorialAssets/Tutorial_BP_MacroLib.uasset" 4326
"../../../Engine/Content/Tutorial/Code/AddingCode.uasset" 4327
"../../../Engine/Content/Tutorial/Foliage/FoliageWalkThrough.uasset" 4328
"../../../Engine/Content/Tutorial/Foliage/Foliage_Intro_Tutorial.uasset" 4329
"../../../Engine/Content/Tutorial/Foliage/Foliage_Settings_Tutorial.uasset" 4330
"../../../Engine/Content/Tutorial/Foliage/Foliage_Using_The_Tool_Tutorial.uasset" 4331
"../../../Engine/Content/Tutorial/Foliage/TutorialAssets/Foliage.uasset" 4332
"../../../Engine/Content/Tutorial/Installation/InstallingXCodeTutorial.uasset" 4333
"../../../Engine/Content/Tutorial/BlueprintTutorials/BlueprintMacroLibrariesEditorOverview.uasset" 4334
"../../../Engine/Content/Tutorial/InWorldBlueprintEditing/IWBE_Tutorial.uasset" 4335
"../../../Engine/Content/Tutorial/InWorldBlueprintEditing/IWBE_Tutorial_Part2.uasset" 4336
"../../../Engine/Content/Tutorial/InWorldBlueprintEditing/IWBE_Tutorial_Part3.uasset" 4337
"../../../Engine/Content/Tutorial/InWorldBlueprintEditing/TutorialAssets/IWBE_Blutility.uasset" 4338
"../../../Engine/Content/Tutorial/InWorldBlueprintEditing/TutorialAssets/IWBE_Bridge1.uasset" 4339
"../../../Engine/Content/Tutorial/InWorldBlueprintEditing/TutorialAssets/IWBE_Bridge2.uasset" 4340
"../../../Engine/Content/Tutorial/InWorldBlueprintEditing/TutorialAssets/NewBlueprint.uasset" 4341
"../../../Engine/Content/Tutorial/Landscape/LandscapeWalkThrough.uasset" 4342
"../../../Engine/Content/Tutorial/Landscape/Landscape_Manage_Mode.uasset" 4343
"../../../Engine/Content/Tutorial/Landscape/Landscape_Painting_Mode.uasset" 4344
"../../../Engine/Content/Tutorial/Landscape/Landscape_Sculpt_Mode.uasset" 4345
"../../../Engine/Content/Tutorial/Landscape/TutorialAssets/Landscape.uasset" 4346
"../../../Engine/Content/Tutorial/Landscape/TutorialAssets/Landscape_Material.uasset" 4347
"../../../Engine/Content/Tutorial/Mobile/CreatingSigningCertAndProvisionTutorial.uasset" 4348
"../../../Engine/Content/Tutorial/Mobile/InstallingiTunesTutorial.uasset" 4349
"../../../Engine/Content/Tutorial/Mobile/SettingUpAndroidTutorial.uasset" 4350
"../../../Engine/Content/Tutorial/Mobile/SettingUpLuminTutorial.uasset" 4351
"../../../Engine/Content/Tutorial/Mobile/TutorialAssets/android_Icon.uasset" 4352
"../../../Engine/Content/Tutorial/Mobile/TutorialAssets/IOS.uasset" 4353
"../../../Engine/Content/Tutorial/SubEditors/GettingSubstance.uasset" 4354
"../../../Engine/Content/Tutorial/SubEditors/MaterialEditorTutorial.uasset" 4355
"../../../Engine/Content/Tutorial/SubEditors/ParticleSystemEditorTutorial.uasset" 4356
"../../../Engine/Content/Tutorial/SubEditors/PersonaAnimBlueprintEditorWalkthrough.uasset" 4357
"../../../Engine/Content/Tutorial/SubEditors/PersonaAnimEditorWalkthrough.uasset" 4358
"../../../Engine/Content/Tutorial/SubEditors/PersonaWalkthrough.uasset" 4359
"../../../Engine/Content/Tutorial/SubEditors/SkeletalMeshEditorWalkthrough.uasset" 4360
"../../../Engine/Content/Tutorial/SubEditors/SkeletonModeWalkthrough.uasset" 4361
"../../../Engine/Content/Tutorial/SubEditors/StaticMeshEditorTutorial.uasset" 4362
"../../../Engine/Content/Tutorial/SubEditors/TutorialAssets/icon_Editor_Preferences_General_40x.uasset" 4363
"../../../Engine/Content/Tutorial/SubEditors/TutorialAssets/icon_ShowSkeletalMeshes_40x.uasset" 4364
"../../../Engine/Content/Tutorial/SubEditors/TutorialAssets/M_smoke_subUV_blackbody.uasset" 4365
"../../../Engine/Content/Tutorial/SubEditors/TutorialAssets/TutorialAnimationBlueprint.uasset" 4366
"../../../Engine/Content/Tutorial/SubEditors/TutorialAssets/TutorialMaterial.uasset" 4367
"../../../Engine/Content/Tutorial/SubEditors/TutorialAssets/TutorialParticleSystem.uasset" 4368
"../../../Engine/Content/Tutorial/SubEditors/TutorialAssets/T_SmokeSubUV_8X8_SubUV.uasset" 4369
"../../../Engine/Content/Tutorial/SubEditors/TutorialAssets/T_soft_smoke.uasset" 4370
"../../../Engine/Content/Tutorial/SubEditors/TutorialAssets/Character/NewBlendSpace1D.uasset" 4371
"../../../Engine/Content/Tutorial/SubEditors/TutorialAssets/Character/TutorialTPP.uasset" 4372
"../../../Engine/Content/Tutorial/SubEditors/TutorialAssets/T_SmokeSubUV_8X8.uasset" 4373
"../../../Engine/Content/Tutorial/SubEditors/TutorialAssets/Character/TutorialCharacter.uasset" 4374
"../../../Engine/Content/Tutorial/SubEditors/TutorialAssets/Character/TutorialTPP_AnimBlueprint.uasset" 4375
"../../../Engine/Content/Tutorial/SubEditors/TutorialAssets/Character/TutorialTPP_Mat.uasset" 4376
"../../../Engine/Content/Tutorial/SubEditors/TutorialAssets/Character/TutorialTPP_PhysicsAsset.uasset" 4377
"../../../Engine/Content/Tutorial/SubEditors/TutorialAssets/Character/TutorialTPP_Skeleton.uasset" 4378
"../../../Engine/Content/Tutorial/SubEditors/TutorialAssets/Character/Tutorial_Idle.uasset" 4379
"../../../Engine/Content/Tutorial/SubEditors/TutorialAssets/Character/Tutorial_Walk_Fwd.uasset" 4380
"../../../Engine/Content/VREditor/ViewportInteractionAssetContainerData.uasset" 4381
"../../../Engine/Content/VREditor/VREditorAssetContainerData.uasset" 4382
"../../../Engine/Content/VREditor/BasicMeshes/MI_Ball_01.uasset" 4383
"../../../Engine/Content/VREditor/BasicMeshes/MI_Cube_01.uasset" 4384
"../../../Engine/Content/VREditor/BasicMeshes/MI_Cube_02.uasset" 4385
"../../../Engine/Content/VREditor/BasicMeshes/MI_Cube_03.uasset" 4386
"../../../Engine/Content/VREditor/BasicMeshes/MI_Floor_01.uasset" 4387
"../../../Engine/Content/VREditor/BasicMeshes/MI_Pyramid_01.uasset" 4388
"../../../Engine/Content/VREditor/BasicMeshes/M_Floor_01.uasset" 4389
"../../../Engine/Content/VREditor/BasicMeshes/SM_Ball_01.uasset" 4390
"../../../Engine/Content/VREditor/BasicMeshes/SM_Cube_01.uasset" 4391
"../../../Engine/Content/VREditor/BasicMeshes/SM_Cube_02.uasset" 4392
"../../../Engine/Content/VREditor/BasicMeshes/SM_Cube_03.uasset" 4393
"../../../Engine/Content/VREditor/BasicMeshes/SM_Pyramid_01.uasset" 4394
"../../../Engine/Content/VREditor/BasicMeshes/SM_Room_01.uasset" 4395
"../../../Engine/Content/VREditor/BasicMeshes/T_CleanFloorGrunge_01_D.uasset" 4396
"../../../Engine/Content/VREditor/Devices/M_EngineLogo.uasset" 4397
"../../../Engine/Content/VREditor/Devices/Generic/GenericHMD.uasset" 4398
"../../../Engine/Content/VREditor/Devices/Generic/GenericHMDMaterial.uasset" 4399
"../../../Engine/Content/VREditor/Devices/Generic/GenericHMDMaterial_Inst.uasset" 4400
"../../../Engine/Content/VREditor/Devices/Oculus/OculusControllerMaterial.uasset" 4401
"../../../Engine/Content/VREditor/Devices/Oculus/OculusControllerMaterial_Inst.uasset" 4402
"../../../Engine/Content/VREditor/Devices/Oculus/OculusControllerMesh.uasset" 4403
"../../../Engine/Content/VREditor/Devices/STEM/STEMControllerDiffuse.uasset" 4404
"../../../Engine/Content/VREditor/Devices/STEM/STEMControllerMat.uasset" 4405
"../../../Engine/Content/VREditor/Devices/STEM/STEMControllerMesh.uasset" 4406
"../../../Engine/Content/VREditor/Devices/Vive/M_ViveControllerTrim.uasset" 4407
"../../../Engine/Content/VREditor/Devices/STEM/STEMControllerNormal.uasset" 4408
"../../../Engine/Content/VREditor/Devices/Vive/M_ViveControllerTrim_Inst.uasset" 4409
"../../../Engine/Content/VREditor/Devices/Vive/T_VivePreController_EM.uasset" 4410
"../../../Engine/Content/VREditor/Devices/Vive/UE4_Logo.uasset" 4411
"../../../Engine/Content/VREditor/Devices/Vive/ViveControllerDiffuse.uasset" 4412
"../../../Engine/Content/VREditor/Devices/Vive/ViveControllerMaterial.uasset" 4413
"../../../Engine/Content/VREditor/Devices/Vive/VivePreControllerDiffuse.uasset" 4414
"../../../Engine/Content/VREditor/Devices/Vive/ViveControllerMesh.uasset" 4415
"../../../Engine/Content/VREditor/Devices/Vive/VivePreControllerMaterial.uasset" 4416
"../../../Engine/Content/VREditor/Devices/Vive/VivePreControllerMaterial_Inst.uasset" 4417
"../../../Engine/Content/VREditor/Devices/Vive/VivePreControllerMesh.uasset" 4418
"../../../Engine/Content/VREditor/Devices/Vive/VivePreControllerSpec.uasset" 4419
"../../../Engine/Content/VREditor/Devices/Vive/VivePreController_MasksA.uasset" 4420
"../../../Engine/Content/VREditor/Devices/Vive/VivePreController_MasksB.uasset" 4421
"../../../Engine/Content/VREditor/Devices/Vive/VivePreController_Trimlines.uasset" 4422
"../../../Engine/Content/VREditor/FloatingText/JointSphere.uasset" 4423
"../../../Engine/Content/VREditor/FloatingText/LineSegmentCylinder.uasset" 4424
"../../../Engine/Content/VREditor/Fonts/TranslucentVRTextMaterial.uasset" 4425
"../../../Engine/Content/VREditor/Fonts/VRTextMaterial.uasset" 4426
"../../../Engine/Content/VREditor/Fonts/VRText_RobotoLarge.uasset" 4427
"../../../Engine/Content/VREditor/LaserPointer/CursorPointer.uasset" 4428
"../../../Engine/Content/VREditor/LaserPointer/HoverMaterial.uasset" 4429
"../../../Engine/Content/VREditor/LaserPointer/HoverMesh.uasset" 4430
"../../../Engine/Content/VREditor/LaserPointer/LaserPointerMaterial.uasset" 4431
"../../../Engine/Content/VREditor/LaserPointer/LaserPointerMaterialInst.uasset" 4432
"../../../Engine/Content/VREditor/LaserPointer/LaserPointerMaterial_Inst.uasset" 4433
"../../../Engine/Content/VREditor/LaserPointer/LaserPointerMesh.uasset" 4434
"../../../Engine/Content/VREditor/LaserPointer/LaserPointerMesh_End.uasset" 4435
"../../../Engine/Content/VREditor/LaserPointer/LaserPointerMesh_Start.uasset" 4436
"../../../Engine/Content/VREditor/LaserPointer/M_LaserPointer-Core.uasset" 4437
"../../../Engine/Content/VREditor/LaserPointer/M_LaserPointer-Outer.uasset" 4438
"../../../Engine/Content/VREditor/LaserPointer/TranslucentHoverMaterial.uasset" 4439
"../../../Engine/Content/VREditor/LaserPointer/TranslucentLaserPointerMaterialInst.uasset" 4440
"../../../Engine/Content/VREditor/SnapGrid/SnapGridMaterial.uasset" 4441
"../../../Engine/Content/VREditor/SnapGrid/SnapGridPlaneMesh.uasset" 4442
"../../../Engine/Content/VREditor/Sounds/VR_click1.uasset" 4443
"../../../Engine/Content/VREditor/Sounds/VR_click1_Cue.uasset" 4444
"../../../Engine/Content/VREditor/Sounds/VR_click2.uasset" 4445
"../../../Engine/Content/VREditor/Sounds/VR_click2_Cue.uasset" 4446
"../../../Engine/Content/VREditor/Sounds/VR_click3.uasset" 4447
"../../../Engine/Content/VREditor/Sounds/VR_click3_Cue.uasset" 4448
"../../../Engine/Content/VREditor/Sounds/VR_close.uasset" 4449
"../../../Engine/Content/VREditor/Sounds/VR_close_Cue.uasset" 4450
"../../../Engine/Content/VREditor/Sounds/VR_confirm.uasset" 4451
"../../../Engine/Content/VREditor/Sounds/VR_confirm_Cue.uasset" 4452
"../../../Engine/Content/VREditor/Sounds/VR_grab.uasset" 4453
"../../../Engine/Content/VREditor/Sounds/VR_grab_Cue.uasset" 4454
"../../../Engine/Content/VREditor/Sounds/VR_negative.uasset" 4455
"../../../Engine/Content/VREditor/Sounds/VR_negative_Cue.uasset" 4456
"../../../Engine/Content/VREditor/Sounds/VR_objectRotateLoop_01.uasset" 4457
"../../../Engine/Content/VREditor/Sounds/VR_objectRotateLoop_01_Cue.uasset" 4458
"../../../Engine/Content/VREditor/Sounds/VR_objectRotateLoop_02.uasset" 4459
"../../../Engine/Content/VREditor/Sounds/VR_objectRotateLoop_02_Cue.uasset" 4460
"../../../Engine/Content/VREditor/Sounds/VR_object_grabbed_loop.uasset" 4461
"../../../Engine/Content/VREditor/Sounds/VR_object_grabbed_loop_Cue.uasset" 4462
"../../../Engine/Content/VREditor/Sounds/VR_open.uasset" 4463
"../../../Engine/Content/VREditor/Sounds/VR_open_Cue.uasset" 4464
"../../../Engine/Content/VREditor/Sounds/VR_shep_scale_down_01.uasset" 4465
"../../../Engine/Content/VREditor/Sounds/VR_shep_scale_down_01_Cue.uasset" 4466
"../../../Engine/Content/VREditor/Sounds/VR_shep_scale_down_02.uasset" 4467
"../../../Engine/Content/VREditor/Sounds/VR_shep_scale_down_02_Cue.uasset" 4468
"../../../Engine/Content/VREditor/Sounds/VR_shep_scale_down_03.uasset" 4469
"../../../Engine/Content/VREditor/Sounds/VR_shep_scale_down_03_Cue.uasset" 4470
"../../../Engine/Content/VREditor/Sounds/VR_shep_scale_down_04.uasset" 4471
"../../../Engine/Content/VREditor/Sounds/VR_shep_scale_down_04_Cue.uasset" 4472
"../../../Engine/Content/VREditor/Sounds/VR_shep_scale_up_01.uasset" 4473
"../../../Engine/Content/VREditor/Sounds/VR_shep_scale_up_01_Cue.uasset" 4474
"../../../Engine/Content/VREditor/Sounds/VR_shep_scale_up_02.uasset" 4475
"../../../Engine/Content/VREditor/Sounds/VR_shep_scale_up_02_Cue.uasset" 4476
"../../../Engine/Content/VREditor/Sounds/VR_shep_scale_up_03.uasset" 4477
"../../../Engine/Content/VREditor/Sounds/VR_shep_scale_up_03_Cue.uasset" 4478
"../../../Engine/Content/VREditor/Sounds/VR_shep_scale_up_04.uasset" 4479
"../../../Engine/Content/VREditor/Sounds/VR_shep_scale_up_04_Cue.uasset" 4480
"../../../Engine/Content/VREditor/Sounds/VR_teleport.uasset" 4481
"../../../Engine/Content/VREditor/Sounds/VR_teleport_Cue.uasset" 4482
"../../../Engine/Content/VREditor/Sounds/VR_ungrab.uasset" 4483
"../../../Engine/Content/VREditor/Sounds/VR_WorldMoveLoop_01.uasset" 4484
"../../../Engine/Content/VREditor/Sounds/VR_WorldMoveLoop_01_Cue.uasset" 4485
"../../../Engine/Content/VREditor/Sounds/VR_ungrab_Cue.uasset" 4486
"../../../Engine/Content/VREditor/FloatingText/LineMaterial.uasset" 4487
"../../../Engine/Content/VREditor/Sounds/VR_WorldMoveLoop_02.uasset" 4488
"../../../Engine/Content/VREditor/Sounds/VR_WorldMoveLoop_02_Cue.uasset" 4489
"../../../Engine/Content/VREditor/Sounds/UI/Camera_Shutter.uasset" 4490
"../../../Engine/Content/VREditor/Sounds/UI/Click_on_Button.uasset" 4491
"../../../Engine/Content/VREditor/Sounds/UI/Dockable_Window_Close.uasset" 4492
"../../../Engine/Content/VREditor/Sounds/UI/Click_on_Button_Cue.uasset" 4493
"../../../Engine/Content/VREditor/Sounds/UI/Dockable_Window_Drop.uasset" 4494
"../../../Engine/Content/VREditor/Sounds/UI/Dockable_Window_Pick_Up.uasset" 4495
"../../../Engine/Content/VREditor/Sounds/UI/Dockable_Window_Open.uasset" 4496
"../../../Engine/Content/VREditor/Sounds/UI/Drop_Item_From_ContentBrowser.uasset" 4497
"../../../Engine/Content/VREditor/Sounds/UI/Enter_Play.uasset" 4498
"../../../Engine/Content/VREditor/Sounds/UI/Enter_Simulate.uasset" 4499
"../../../Engine/Content/VREditor/Sounds/UI/Flashlight_Switch.uasset" 4500
"../../../Engine/Content/VREditor/Sounds/UI/Floating_UI_Close-001.uasset" 4501
"../../../Engine/Content/VREditor/Sounds/UI/Floating_UI_Close-002.uasset" 4502
"../../../Engine/Content/VREditor/Sounds/UI/Floating_UI_Close.uasset" 4503
"../../../Engine/Content/VREditor/Sounds/UI/Floating_UI_Open-001.uasset" 4504
"../../../Engine/Content/VREditor/Sounds/UI/Floating_UI_Open-002.uasset" 4505
"../../../Engine/Content/VREditor/Sounds/UI/Floating_UI_Open.uasset" 4506
"../../../Engine/Content/VREditor/Sounds/UI/Foliage_Placed.uasset" 4507
"../../../Engine/Content/VREditor/Sounds/UI/Gizmo_Handle_Clicked.uasset" 4508
"../../../Engine/Content/VREditor/Sounds/UI/Laser_Pull.uasset" 4509
"../../../Engine/Content/VREditor/Sounds/UI/Invalid_Action.uasset" 4510
"../../../Engine/Content/VREditor/Sounds/UI/Leave_Simulate.uasset" 4511
"../../../Engine/Content/VREditor/Sounds/UI/Laser_Push.uasset" 4512
"../../../Engine/Content/VREditor/Sounds/UI/Object_PickUp.uasset" 4513
"../../../Engine/Content/VREditor/Sounds/UI/Object_Snaps_To_Another_Actor.uasset" 4514
"../../../Engine/Content/VREditor/Sounds/UI/Object_Snaps_To_Grid.uasset" 4515
"../../../Engine/Content/VREditor/Sounds/UI/Radial_Menu_FadeOut.uasset" 4516
"../../../Engine/Content/VREditor/Sounds/UI/Scaling_Down.uasset" 4517
"../../../Engine/Content/VREditor/Sounds/UI/Scaling_Up.uasset" 4518
"../../../Engine/Content/VREditor/Sounds/UI/Selection_Changes.uasset" 4519
"../../../Engine/Content/VREditor/Sounds/UI/Teleport_Committed.uasset" 4520
"../../../Engine/Content/VREditor/Sounds/UI/Teleport_Mode_Entered.uasset" 4521
"../../../Engine/Content/VREditor/Teleport/TeleportDirectionMaterial.uasset" 4522
"../../../Engine/Content/VREditor/Teleport/TeleportDirectionMaterial_Inst.uasset" 4523
"../../../Engine/Content/VREditor/Teleport/TeleportDirectionMesh.uasset" 4524
"../../../Engine/Content/VREditor/TransformGizmo/RotationHandle.uasset" 4525
"../../../Engine/Content/VREditor/TransformGizmo/RotationHandleFull.uasset" 4526
"../../../Engine/Content/VREditor/TransformGizmo/RotationHandleIndicator.uasset" 4527
"../../../Engine/Content/VREditor/TransformGizmo/RotationHandleQuarter.uasset" 4528
"../../../Engine/Content/VREditor/TransformGizmo/SM_Dialog_Close.uasset" 4529
"../../../Engine/Content/VREditor/TransformGizmo/SM_Dialog_Main.uasset" 4530
"../../../Engine/Content/VREditor/TransformGizmo/SM_Dialog_Move.uasset" 4531
"../../../Engine/Content/VREditor/TransformGizmo/StretchingHandle.uasset" 4532
"../../../Engine/Content/VREditor/TransformGizmo/StartRotationHandleIndicator.uasset" 4533
"../../../Engine/Content/VREditor/TransformGizmo/TransformGizmoFreeRotation.uasset" 4534
"../../../Engine/Content/VREditor/TransformGizmo/TransformGizmoMaterial_Inst.uasset" 4535
"../../../Engine/Content/VREditor/TransformGizmo/TranslateArrowHandle.uasset" 4536
"../../../Engine/Content/VREditor/TransformGizmo/TranslateHandleLong.uasset" 4537
"../../../Engine/Content/VREditor/TransformGizmo/TranslationHandle.uasset" 4538
"../../../Engine/Content/VREditor/TransformGizmo/TranslucentTransformGizmoMaterial_Inst.uasset" 4539
"../../../Engine/Content/VREditor/TransformGizmo/UniformScaleHandle.uasset" 4540
"../../../Engine/Content/VREditor/UI/ArrowMaterial.uasset" 4541
"../../../Engine/Content/VREditor/UI/DiscMaterial.uasset" 4542
"../../../Engine/Content/VREditor/UI/DockButton.uasset" 4543
"../../../Engine/Content/VREditor/UI/FrameMaterial.uasset" 4544
"../../../Engine/Content/VREditor/UI/KeyDiskMaterial.uasset" 4545
"../../../Engine/Content/VREditor/UI/KeyMaterial.uasset" 4546
"../../../Engine/Content/VREditor/UI/M_ContentWindow.uasset" 4547
"../../../Engine/Content/VREditor/UI/SM_ContentWindow_01.uasset" 4548
"../../../Engine/Content/VREditor/UI/SM_Radial_Disk.uasset" 4549
"../../../Engine/Content/VREditor/UI/SM_Radial_Pointer.uasset" 4550
"../../../Engine/Content/VREditor/WorldMovementGrid/GridMaterial.uasset" 4551
"../../../Engine/Content/VREditor/WorldMovementGrid/GridPostProcess.uasset" 4552
"../../../Engine/Content/VREditor/WorldMovementGrid/PlaneMesh.uasset" 4553
"../../../Engine/Content/VREditor/WorldMovementGrid/SimpleGrid.uasset" 4554
"../../Plugins/2D/Paper2D/Content/DefaultLitSpriteMaterial.uasset" 4555
"../../Plugins/2D/Paper2D/Content/DummySpriteTexture.uasset" 4556
"../../Plugins/2D/Paper2D/Content/MaskedLitSpriteMaterial.uasset" 4557
"../../Plugins/2D/Paper2D/Content/OpaqueLitSpriteMaterial.uasset" 4558
"../../Plugins/2D/Paper2D/Content/TranslucentLitSpriteMaterial.uasset" 4559
"../../Plugins/2D/Paper2D/Content/TranslucentUnlitSpriteMaterial.uasset" 4560
"../../Plugins/2D/Paper2D/Content/PlaceholderTextures/FlatNormalMap.uasset" 4561
"../../Plugins/2D/Paper2D/Content/Tutorial/Paper2D/FlipbookEditorTutorial.uasset" 4562
"../../Plugins/2D/Paper2D/Content/Tutorial/Paper2D/SpriteEditorTutorial.uasset" 4563
"../../Plugins/2D/Paper2D/Content/Tutorial/Paper2D/TutorialAssets/Paper2DFlipbook_TutorialIcon.uasset" 4564
"../../Plugins/2D/Paper2D/Content/Tutorial/Paper2D/TutorialAssets/Paper2DSprite_TutorialIcon.uasset" 4565
"../../Plugins/2D/Paper2D/Content/Tutorial/Paper2D/TutorialAssets/TutorialSprite.uasset" 4566
"../../Plugins/2D/Paper2D/Content/Tutorial/Paper2D/TutorialAssets/TutorialFlipBook.uasset" 4567
"../../Plugins/Developer/AnimationSharing/Content/AnimSharingBlue.uasset" 4568
"../../Plugins/Developer/AnimationSharing/Content/AnimSharingGreen.uasset" 4569
"../../Plugins/Developer/AnimationSharing/Content/AnimSharingBase.uasset" 4570
"../../Plugins/Developer/AnimationSharing/Content/AnimSharingRed.uasset" 4571
"../../Plugins/Enterprise/DatasmithContent/Content/Blueprints/FBXImporter/Animation/ImportedSequencesHelper.uasset" 4572
"../../Plugins/Enterprise/DatasmithContent/Content/Blueprints/FBXImporter/UI/AnimationSampleUI.uasset" 4573
"../../Plugins/Enterprise/DatasmithContent/Content/Datasmith/AreaLightsStruct.uasset" 4574
"../../Plugins/Enterprise/DatasmithContent/Content/Datasmith/AreaLightsTable.uasset" 4575
"../../Plugins/Enterprise/DatasmithContent/Content/Datasmith/DatasmithActor.uasset" 4576
"../../Plugins/Enterprise/DatasmithContent/Content/Datasmith/DatasmithAreaLight.uasset" 4577
"../../Plugins/Enterprise/DatasmithContent/Content/Datasmith/DatasmithArealightMesh.uasset" 4578
"../../Plugins/Enterprise/DatasmithContent/Content/Datasmith/DatasmithLayer.uasset" 4579
"../../Plugins/Enterprise/DatasmithContent/Content/Datasmith/DatasmithSelector.uasset" 4580
"../../Plugins/Enterprise/DatasmithContent/Content/Materials/AliasMaster.uasset" 4581
"../../Plugins/Enterprise/DatasmithContent/Content/Materials/Arealight.uasset" 4582
"../../Plugins/Enterprise/DatasmithContent/Content/Materials/C4DMaster.uasset" 4583
"../../Plugins/Enterprise/DatasmithContent/Content/Materials/C4DMasterUV.uasset" 4584
"../../Plugins/Enterprise/DatasmithContent/Content/Materials/CE_BaseMaster.uasset" 4585
"../../Plugins/Enterprise/DatasmithContent/Content/Materials/CE_OpacityMaster.uasset" 4586
"../../Plugins/Enterprise/DatasmithContent/Content/Materials/CE_OpacitySimpleMaster.uasset" 4587
"../../Plugins/Enterprise/DatasmithContent/Content/Materials/CE_OpaqueMaster.uasset" 4588
"../../Plugins/Enterprise/DatasmithContent/Content/Materials/CroppedUVMapping.uasset" 4589
"../../Plugins/Enterprise/DatasmithContent/Content/Materials/CropUV.uasset" 4590
"../../Plugins/Enterprise/DatasmithContent/Content/Materials/Datasmith_Color.uasset" 4591
"../../Plugins/Enterprise/DatasmithContent/Content/Materials/Datasmith_Material.uasset" 4592
"../../Plugins/Enterprise/DatasmithContent/Content/Materials/ExtractColor.uasset" 4593
"../../Plugins/Enterprise/DatasmithContent/Content/Materials/HSVtoRGB.uasset" 4594
"../../Plugins/Enterprise/DatasmithContent/Content/Materials/IFC_ColorMaster.uasset" 4595
"../../Plugins/Enterprise/DatasmithContent/Content/Materials/MirrorUVTiling.uasset" 4596
"../../Plugins/Enterprise/DatasmithContent/Content/Materials/M_DatasmithDecal.uasset" 4597
"../../Plugins/Enterprise/DatasmithContent/Content/Materials/RevitMaster.uasset" 4598
"../../Plugins/Enterprise/DatasmithContent/Content/Materials/RGBtoHSV.uasset" 4599
"../../Plugins/Enterprise/DatasmithContent/Content/Materials/SketchUpMaster.uasset" 4600
"../../Plugins/Enterprise/DatasmithContent/Content/Materials/TileMirrorAxis.uasset" 4601
"../../Plugins/Enterprise/DatasmithContent/Content/Materials/UVEdit.uasset" 4602
"../../Plugins/Enterprise/DatasmithContent/Content/Materials/FBXImporter/DeltaGenBase.uasset" 4603
"../../Plugins/Enterprise/DatasmithContent/Content/Materials/FBXImporter/DeltaGenMaster.uasset" 4604
"../../Plugins/Enterprise/DatasmithContent/Content/Materials/FBXImporter/DeltaGenMasterAbsorb.uasset" 4605
"../../Plugins/Enterprise/DatasmithContent/Content/Materials/FBXImporter/DeltaGenMasterClearCoat.uasset" 4606
"../../Plugins/Enterprise/DatasmithContent/Content/Materials/FBXImporter/DeltaGenMasterTransparent.uasset" 4607
"../../Plugins/Enterprise/DatasmithContent/Content/Materials/FBXImporter/DeltaGenUVEdit.uasset" 4608
"../../Plugins/Enterprise/DatasmithContent/Content/Materials/FBXImporter/VREDBase.uasset" 4609
"../../Plugins/Enterprise/DatasmithContent/Content/Materials/FBXImporter/VREDMaster.uasset" 4610
"../../Plugins/Enterprise/DatasmithContent/Content/Materials/FBXImporter/VREDMasterAbsorb.uasset" 4611
"../../Plugins/Enterprise/DatasmithContent/Content/Materials/FBXImporter/VREDMasterClearCoat.uasset" 4612
"../../Plugins/Enterprise/DatasmithContent/Content/Materials/FBXImporter/VREDMasterTransparent.uasset" 4613
"../../Plugins/Enterprise/DatasmithContent/Content/Materials/FBXImporter/VREDUVEdit.uasset" 4614
"../../Plugins/Enterprise/DatasmithContent/Content/Materials/FBXImporter/VRED/BrushedMetal.uasset" 4615
"../../Plugins/Enterprise/DatasmithContent/Content/Materials/FBXImporter/VRED/CellularFlakes.uasset" 4616
"../../Plugins/Enterprise/DatasmithContent/Content/Materials/FBXImporter/VRED/Chrome.uasset" 4617
"../../Plugins/Enterprise/DatasmithContent/Content/Materials/FBXImporter/VRED/Glass.uasset" 4618
"../../Plugins/Enterprise/DatasmithContent/Content/Materials/FBXImporter/VRED/MetallicCarpaint.uasset" 4619
"../../Plugins/Enterprise/DatasmithContent/Content/Materials/FBXImporter/VRED/PlanarMapping.uasset" 4620
"../../Plugins/Enterprise/DatasmithContent/Content/Materials/FBXImporter/VRED/Plastic.uasset" 4621
"../../Plugins/Enterprise/DatasmithContent/Content/Materials/FBXImporter/VRED/Phong.uasset" 4622
"../../Plugins/Enterprise/DatasmithContent/Content/Materials/FBXImporter/VRED/ProcessNormal.uasset" 4623
"../../Plugins/Enterprise/DatasmithContent/Content/Materials/FBXImporter/VRED/RemapDistribution.uasset" 4624
"../../Plugins/Enterprise/DatasmithContent/Content/Materials/FBXImporter/VRED/TriplanarMapping.uasset" 4625
"../../Plugins/Enterprise/DatasmithContent/Content/Materials/FBXImporter/VRED/SimplifiedFlakes.uasset" 4626
"../../Plugins/Enterprise/DatasmithContent/Content/Materials/FBXImporter/VRED/UnicolorCarpaint.uasset" 4627
"../../Plugins/Enterprise/DatasmithContent/Content/Materials/FBXImporter/VRED/UVMapping.uasset" 4628
"../../Plugins/Enterprise/DatasmithContent/Content/Materials/FBXImporter/VRED/VREDRepeatMode.uasset" 4629
"../../Plugins/Enterprise/DatasmithContent/Content/Materials/FBXImporter/VRED/VREDTextureRead.uasset" 4630
"../../Plugins/Enterprise/DatasmithContent/Content/Materials/StdDecal/BP_DecalTestPOM.uasset" 4631
"../../Plugins/Enterprise/DatasmithContent/Content/Materials/StdDecal/MFAttr_Decal.uasset" 4632
"../../Plugins/Enterprise/DatasmithContent/Content/Materials/StdDecal/M_StdDecal.uasset" 4633
"../../Plugins/Enterprise/DatasmithContent/Content/Materials/StdDecal/M_StdDecal_OPP.uasset" 4634
"../../Plugins/Enterprise/DatasmithContent/Content/Materials/StdDecal/M_StdDecal_OPP_POM.uasset" 4635
"../../Plugins/Enterprise/DatasmithContent/Content/Materials/StdDecal/M_StdDecal_POM.uasset" 4636
"../../Plugins/Enterprise/DatasmithContent/Content/Materials/StdEmissive/MFAttr_Emissive.uasset" 4637
"../../Plugins/Enterprise/DatasmithContent/Content/Materials/StdEmissive/M_StdEmissive.uasset" 4638
"../../Plugins/Enterprise/DatasmithContent/Content/Materials/StdOpaque/MFAttr_StdOpaque.uasset" 4639
"../../Plugins/Enterprise/DatasmithContent/Content/Materials/StdOpaque/M_StdOpaque.uasset" 4640
"../../Plugins/Enterprise/DatasmithContent/Content/Materials/StdOpaque/M_StdOpaque_POM.uasset" 4641
"../../Plugins/Enterprise/DatasmithContent/Content/Materials/StdSSS/MFAttr_SSS.uasset" 4642
"../../Plugins/Enterprise/DatasmithContent/Content/Materials/StdSSS/M_StdSSS.uasset" 4643
"../../Plugins/Enterprise/DatasmithContent/Content/Materials/StdSSS/M_StdSSSFabric.uasset" 4644
"../../Plugins/Enterprise/DatasmithContent/Content/Materials/StdTranslucent/MFAttr_FrostedGlass.uasset" 4645
"../../Plugins/Enterprise/DatasmithContent/Content/Materials/StdTranslucent/MFAttr_StdTranslucent.uasset" 4646
"../../Plugins/Enterprise/DatasmithContent/Content/Materials/StdTranslucent/M_StdTranslucent.uasset" 4647
"../../Plugins/Enterprise/DatasmithContent/Content/Materials/StdTranslucent/M_StdTranslucentFrostedGlass.uasset" 4648
"../../Plugins/Enterprise/DatasmithContent/Content/Materials/_common/MaterialFunctions/MF_Imperfections.uasset" 4649
"../../Plugins/Enterprise/DatasmithContent/Content/Materials/_common/MaterialFunctions/MF_ReadyPosedCharMask.uasset" 4650
"../../Plugins/Enterprise/DatasmithContent/Content/Materials/_common/MaterialFunctions/MF_RotateV2.uasset" 4651
"../../Plugins/Enterprise/DatasmithContent/Content/Materials/_common/MaterialFunctions/MF_TransUVs.uasset" 4652
"../../Plugins/Enterprise/DatasmithContent/Content/Materials/_common/MaterialFunctions/MF_TriplanerProj.uasset" 4653
"../../Plugins/Enterprise/DatasmithContent/Content/Materials/_common/MaterialFunctions/MF_ViewTrace_DerivedTan.uasset" 4654
"../../Plugins/Enterprise/DatasmithContent/Content/Materials/_common/MaterialFunctions/MF_Triplanar_Mask.uasset" 4655
"../../Plugins/Enterprise/DatasmithContent/Content/Materials/_common/MaterialFunctions/MF_ViewTrace_InternalTan.uasset" 4656
"../../Plugins/Enterprise/DatasmithContent/Content/Materials/_common/MaterialFunctions/BaseModules/MF_BaseColor.uasset" 4657
"../../Plugins/Enterprise/DatasmithContent/Content/Materials/_common/MaterialFunctions/BaseModules/MF_Emissive.uasset" 4658
"../../Plugins/Enterprise/DatasmithContent/Content/Materials/_common/MaterialFunctions/BaseModules/MF_Metallic.uasset" 4659
"../../Plugins/Enterprise/DatasmithContent/Content/Materials/_common/MaterialFunctions/BaseModules/MF_Normals.uasset" 4660
"../../Plugins/Enterprise/DatasmithContent/Content/Materials/_common/MaterialFunctions/BaseModules/MF_ParallaxOcc.uasset" 4661
"../../Plugins/Enterprise/DatasmithContent/Content/Materials/_common/MaterialFunctions/BaseModules/MF_Roughness.uasset" 4662
"../../Plugins/Enterprise/DatasmithContent/Content/Materials/_common/MaterialFunctions/BaseModules/MF_TransformUVs.uasset" 4663
"../../Plugins/Enterprise/DatasmithContent/Content/Materials/_common/MaterialFunctions/RayTracing/MF_RTSwitch.uasset" 4664
"../../Plugins/Enterprise/DatasmithContent/Content/Materials/_common/Textures/T_GenericBrickGlass_M.uasset" 4665
"../../Plugins/Enterprise/DatasmithContent/Content/Materials/_common/Textures/T_GenericBrickGlass_N.uasset" 4666
"../../Plugins/Enterprise/DatasmithContent/Content/Materials/_common/Textures/T_GenericHalfGray_R.uasset" 4667
"../../Plugins/Enterprise/DatasmithContent/Content/Materials/_common/Textures/T_Generic_BC.uasset" 4668
"../../Plugins/Enterprise/DatasmithContent/Content/Materials/_common/Textures/T_Generic_E.uasset" 4669
"../../Plugins/Enterprise/DatasmithContent/Content/Materials/_common/Textures/T_Generic_H.uasset" 4670
"../../Plugins/Enterprise/DatasmithContent/Content/Materials/_common/Textures/T_Generic_MT.uasset" 4671
"../../Plugins/Enterprise/DatasmithContent/Content/Materials/_common/Textures/T_Generic_M.uasset" 4672
"../../Plugins/Enterprise/DatasmithContent/Content/Materials/_common/Textures/T_Generic_N.uasset" 4673
"../../Plugins/Enterprise/DatasmithContent/Content/Materials/_common/Textures/T_Generic_R.uasset" 4674
"../../Plugins/Enterprise/DatasmithContent/Content/Materials/_common/Textures/T_Imperfections_Dust_01_Mask.uasset" 4675
"../../Plugins/Enterprise/DatasmithContent/Content/Materials/_common/Textures/T_Imperfections_FingerPrints_Mask2.uasset" 4676
"../../Plugins/Enterprise/DatasmithContent/Content/Materials/_common/Textures/T_Imperfections_Stains_Mask.uasset" 4677
"../../Plugins/Enterprise/DatasmithContent/Content/Materials/_common/Textures/T_Imperfections_Wipe_Mask.uasset" 4678
"../../Plugins/Enterprise/DatasmithContent/Content/Materials/_common/Textures/T_Noise01_N.uasset" 4679
"../../Plugins/Enterprise/DatasmithContent/Content/Materials/_common/Textures/T_None_BC.uasset" 4680
"../../Plugins/Enterprise/DatasmithContent/Content/Meshes/cylinder.uasset" 4681
"../../Plugins/Enterprise/DatasmithContent/Content/Meshes/disc.uasset" 4682
"../../Plugins/Enterprise/DatasmithContent/Content/Meshes/sphere.uasset" 4683
"../../Plugins/Enterprise/DatasmithContent/Content/Meshes/square.uasset" 4684
"../../Plugins/Enterprise/DatasmithContent/Content/Textures/S_LightArea.uasset" 4685
"../../Plugins/FX/Niagara/Content/Blueprints/NiagaraPreview.uasset" 4686
"../../Plugins/FX/Niagara/Content/Blueprints/NiagaraPreviewAxisLODDistance.uasset" 4687
"../../Plugins/FX/Niagara/Content/Blueprints/PreviewMat.uasset" 4688
"../../Plugins/FX/Niagara/Content/DefaultAssets/DefaultDynamicInputs.uasset" 4689
"../../Plugins/FX/Niagara/Content/DefaultAssets/DefaultFunction.uasset" 4690
"../../Plugins/FX/Niagara/Content/DefaultAssets/DefaultModule.uasset" 4691
"../../Plugins/FX/Niagara/Content/DefaultAssets/DefaultRIbbonMaterial.uasset" 4692
"../../Plugins/FX/Niagara/Content/DefaultAssets/DefaultSpriteMaterial.uasset" 4693
"../../Plugins/FX/Niagara/Content/DefaultAssets/M_Gnomon.uasset" 4694
"../../Plugins/FX/Niagara/Content/DefaultAssets/M_Gnomon_Alpha.uasset" 4695
"../../Plugins/FX/Niagara/Content/DefaultAssets/M_NiagaraUVDebug.uasset" 4696
"../../Plugins/FX/Niagara/Content/DefaultAssets/ScenePreviewCube.uasset" 4697
"../../Plugins/FX/Niagara/Content/DefaultAssets/S_Arrow.uasset" 4698
"../../Plugins/FX/Niagara/Content/DefaultAssets/S_Gnomon.uasset" 4699
"../../Plugins/FX/Niagara/Content/DefaultAssets/T_NiagaraUVDebug.uasset" 4700
"../../Plugins/FX/Niagara/Content/DefaultAssets/Curves/DefaultAlphaScaleByDistance.uasset" 4701
"../../Plugins/FX/Niagara/Content/DefaultAssets/Curves/DefaultSizeScaleByDistance.uasset" 4702
"../../Plugins/FX/Niagara/Content/DefaultAssets/Curves/DefaultSpawnCountScaleByDistance.uasset" 4703
"../../Plugins/FX/Niagara/Content/DefaultAssets/Curves/Templates/DropOff.uasset" 4704
"../../Plugins/FX/Niagara/Content/DefaultAssets/Curves/Templates/EaseIn.uasset" 4705
"../../Plugins/FX/Niagara/Content/DefaultAssets/Curves/Templates/LinearRampDown.uasset" 4706
"../../Plugins/FX/Niagara/Content/DefaultAssets/Curves/Templates/LinearRampDownUp.uasset" 4707
"../../Plugins/FX/Niagara/Content/DefaultAssets/Curves/Templates/LinearRampUp.uasset" 4708
"../../Plugins/FX/Niagara/Content/DefaultAssets/Curves/Templates/LinearRampUpDown.uasset" 4709
"../../Plugins/FX/Niagara/Content/DefaultAssets/Curves/Templates/PulseOut.uasset" 4710
"../../Plugins/FX/Niagara/Content/DefaultAssets/Curves/Templates/RampUpDown.uasset" 4711
"../../Plugins/FX/Niagara/Content/DefaultAssets/Curves/Templates/SmoothRampDown.uasset" 4712
"../../Plugins/FX/Niagara/Content/DefaultAssets/Curves/Templates/SmoothRampUp.uasset" 4713
"../../Plugins/FX/Niagara/Content/DefaultAssets/Structs/CollisionEvent.uasset" 4714
"../../Plugins/FX/Niagara/Content/DefaultAssets/Structs/LocationEvent.uasset" 4715
"../../Plugins/FX/Niagara/Content/DefaultAssets/Structs/LocationEvent_V2.uasset" 4716
"../../Plugins/FX/Niagara/Content/DefaultAssets/Templates/BehaviorExamples/GridLocation.uasset" 4717
"../../Plugins/FX/Niagara/Content/DefaultAssets/Templates/BehaviorExamples/InfiniteParticleLifetime.uasset" 4718
"../../Plugins/FX/Niagara/Content/DefaultAssets/Templates/BehaviorExamples/InterpolateValueOverTime.uasset" 4719
"../../Plugins/FX/Niagara/Content/DefaultAssets/Templates/BehaviorExamples/KillParticles.uasset" 4720
"../../Plugins/FX/Niagara/Content/DefaultAssets/Templates/BehaviorExamples/MeshArrays.uasset" 4721
"../../Plugins/FX/Niagara/Content/DefaultAssets/Templates/BehaviorExamples/MeshOrientation.uasset" 4722
"../../Plugins/FX/Niagara/Content/DefaultAssets/Templates/BehaviorExamples/MeshRotationForce.uasset" 4723
"../../Plugins/FX/Niagara/Content/DefaultAssets/Templates/BehaviorExamples/ParticlesUniqueID.uasset" 4724
"../../Plugins/FX/Niagara/Content/DefaultAssets/Templates/BehaviorExamples/NormalizedExecutionIndex.uasset" 4725
"../../Plugins/FX/Niagara/Content/DefaultAssets/Templates/BehaviorExamples/PlayAudio.uasset" 4726
"../../Plugins/FX/Niagara/Content/DefaultAssets/Templates/BehaviorExamples/PendulumConstraint.uasset" 4727
"../../Plugins/FX/Niagara/Content/DefaultAssets/Templates/BehaviorExamples/RendererBindingOverrides.uasset" 4728
"../../Plugins/FX/Niagara/Content/DefaultAssets/Templates/BehaviorExamples/RenderersWithNoParticles.uasset" 4729
"../../Plugins/FX/Niagara/Content/DefaultAssets/Templates/BehaviorExamples/RendererVisibility.uasset" 4730
"../../Plugins/FX/Niagara/Content/DefaultAssets/Templates/BehaviorExamples/RibbonID.uasset" 4731
"../../Plugins/FX/Niagara/Content/DefaultAssets/Templates/BehaviorExamples/RibbonLinkOrder.uasset" 4732
"../../Plugins/FX/Niagara/Content/DefaultAssets/Templates/BehaviorExamples/RibbonShapes.uasset" 4733
"../../Plugins/FX/Niagara/Content/DefaultAssets/Templates/BehaviorExamples/SpawnGroups.uasset" 4734
"../../Plugins/FX/Niagara/Content/DefaultAssets/Templates/BehaviorExamples/SpawnGroupsFromMultipleBones.uasset" 4735
"../../Plugins/FX/Niagara/Content/DefaultAssets/Templates/BehaviorExamples/SpawnInterpolation.uasset" 4736
"../../Plugins/FX/Niagara/Content/DefaultAssets/Templates/BehaviorExamples/SpriteFacingAndAlignment.uasset" 4737
"../../Plugins/FX/Niagara/Content/DefaultAssets/Templates/BehaviorExamples/SubUVAnimation.uasset" 4738
"../../Plugins/FX/Niagara/Content/DefaultAssets/Templates/BehaviorExamples/WaveForms.uasset" 4739
"../../Plugins/FX/Niagara/Content/DefaultAssets/Templates/BehaviorExamples/WorkingWithAttributes.uasset" 4740
"../../Plugins/FX/Niagara/Content/DefaultAssets/Templates/CascadeConversion/CompletelyEmpty.uasset" 4741
"../../Plugins/FX/Niagara/Content/DefaultAssets/Templates/Emitters/DirectionalBurst.uasset" 4742
"../../Plugins/FX/Niagara/Content/DefaultAssets/Templates/Emitters/DynamicBeam.uasset" 4743
"../../Plugins/FX/Niagara/Content/DefaultAssets/Templates/Emitters/Empty.uasset" 4744
"../../Plugins/FX/Niagara/Content/DefaultAssets/Templates/Emitters/Fountain.uasset" 4745
"../../Plugins/FX/Niagara/Content/DefaultAssets/Templates/Emitters/HangingParticulates.uasset" 4746
"../../Plugins/FX/Niagara/Content/DefaultAssets/Templates/Emitters/LocationBasedRibbon.uasset" 4747
"../../Plugins/FX/Niagara/Content/DefaultAssets/Templates/Emitters/OmnidirectionalBurst.uasset" 4748
"../../Plugins/FX/Niagara/Content/DefaultAssets/Templates/Emitters/SimpleSpriteBurst.uasset" 4749
"../../Plugins/FX/Niagara/Content/DefaultAssets/Templates/Emitters/StaticBeam.uasset" 4750
"../../Plugins/FX/Niagara/Content/DefaultAssets/Templates/Emitters/UpwardMeshBurst.uasset" 4751
"../../Plugins/FX/Niagara/Content/DefaultAssets/Templates/Systems/DirectionalBurst.uasset" 4752
"../../Plugins/FX/Niagara/Content/DefaultAssets/Templates/Systems/RadialBurst.uasset" 4753
"../../Plugins/FX/Niagara/Content/DefaultAssets/Templates/Systems/SimpleExplosion.uasset" 4754
"../../Plugins/FX/Niagara/Content/DynamicInputs/Add/Add_Float.uasset" 4755
"../../Plugins/FX/Niagara/Content/DynamicInputs/Add/Add_Integer.uasset" 4756
"../../Plugins/FX/Niagara/Content/DynamicInputs/Add/Add_Vector.uasset" 4757
"../../Plugins/FX/Niagara/Content/DynamicInputs/Angles/AngleConversion.uasset" 4758
"../../Plugins/FX/Niagara/Content/DynamicInputs/Add/Add_Vector2.uasset" 4759
"../../Plugins/FX/Niagara/Content/DynamicInputs/Angles/Cosine.uasset" 4760
"../../Plugins/FX/Niagara/Content/DynamicInputs/Angles/DegreesToNormalizedAngle.uasset" 4761
"../../Plugins/FX/Niagara/Content/DynamicInputs/Angles/DegreesToRadians.uasset" 4762
"../../Plugins/FX/Niagara/Content/DynamicInputs/Angles/NormalizedAngleToDegrees.uasset" 4763
"../../Plugins/FX/Niagara/Content/DynamicInputs/Angles/NormalizedAngleToRadians.uasset" 4764
"../../Plugins/FX/Niagara/Content/DynamicInputs/Angles/RadiansToDegrees.uasset" 4765
"../../Plugins/FX/Niagara/Content/DynamicInputs/Angles/RadiansToNormalizedAngle.uasset" 4766
"../../Plugins/FX/Niagara/Content/DynamicInputs/Angles/Sine.uasset" 4767
"../../Plugins/FX/Niagara/Content/DynamicInputs/Arrays/SelectFloatFromArray.uasset" 4768
"../../Plugins/FX/Niagara/Content/DynamicInputs/Arrays/SelectIntFromArray.uasset" 4769
"../../Plugins/FX/Niagara/Content/DynamicInputs/Arrays/SelectLinearColorFromArray.uasset" 4770
"../../Plugins/FX/Niagara/Content/DynamicInputs/Arrays/SelectVectorFromArray.uasset" 4771
"../../Plugins/FX/Niagara/Content/DynamicInputs/Bool/Boolean_AndOperation.uasset" 4772
"../../Plugins/FX/Niagara/Content/DynamicInputs/Bool/Boolean_NotOperation.uasset" 4773
"../../Plugins/FX/Niagara/Content/DynamicInputs/Bool/Boolean_OrOperation.uasset" 4774
"../../Plugins/FX/Niagara/Content/DynamicInputs/Bool/InvertBool.uasset" 4775
"../../Plugins/FX/Niagara/Content/DynamicInputs/Bool/ENiagaraBooleanLogicOps.uasset" 4776
"../../Plugins/FX/Niagara/Content/DynamicInputs/Bool/SetBoolByFloatComparison.uasset" 4777
"../../Plugins/FX/Niagara/Content/DynamicInputs/Bool/SetBoolByIntComparison.uasset" 4778
"../../Plugins/FX/Niagara/Content/DynamicInputs/Bool/v2/SetBoolByFloatComparison.uasset" 4779
"../../Plugins/FX/Niagara/Content/DynamicInputs/CascadeConversion/SplitVector.uasset" 4780
"../../Plugins/FX/Niagara/Content/DynamicInputs/Clamp/ClampFloat.uasset" 4781
"../../Plugins/FX/Niagara/Content/DynamicInputs/Clamp/Float/RemapRange.uasset" 4782
"../../Plugins/FX/Niagara/Content/DynamicInputs/DataInterface/GenerateIntFromCounter.uasset" 4783
"../../Plugins/FX/Niagara/Content/DynamicInputs/DataInterface/RandomTriCoordinate_SkeletalMesh.uasset" 4784
"../../Plugins/FX/Niagara/Content/DynamicInputs/DataInterface/RandomTriCoordinate_StaticMesh.uasset" 4785
"../../Plugins/FX/Niagara/Content/DynamicInputs/Divide/Divide_Float.uasset" 4786
"../../Plugins/FX/Niagara/Content/DynamicInputs/Divide/Divide_Int.uasset" 4787
"../../Plugins/FX/Niagara/Content/DynamicInputs/Divide/Divide_Vector.uasset" 4788
"../../Plugins/FX/Niagara/Content/DynamicInputs/Divide/Divide_Vector2.uasset" 4789
"../../Plugins/FX/Niagara/Content/DynamicInputs/Execution/ReturnExecIndex.uasset" 4790
"../../Plugins/FX/Niagara/Content/DynamicInputs/Execution/ReturnNormalizedExecIndex.uasset" 4791
"../../Plugins/FX/Niagara/Content/DynamicInputs/Execution/ReturnParticleID.uasset" 4792
"../../Plugins/FX/Niagara/Content/DynamicInputs/Execution/ReturnParticleID_AsFloat.uasset" 4793
"../../Plugins/FX/Niagara/Content/DynamicInputs/Execution/V2/ReturnParticleIDAttributes.uasset" 4794
"../../Plugins/FX/Niagara/Content/DynamicInputs/Fmod/Fmod_Float.uasset" 4795
"../../Plugins/FX/Niagara/Content/DynamicInputs/Fmod/Fmod_INT.uasset" 4796
"../../Plugins/FX/Niagara/Content/DynamicInputs/Fmod/ModuloFloat.uasset" 4797
"../../Plugins/FX/Niagara/Content/DynamicInputs/Fmod/ModuloInt.uasset" 4798
"../../Plugins/FX/Niagara/Content/DynamicInputs/Helpers/MaskBoolBySpawnGroup.uasset" 4799
"../../Plugins/FX/Niagara/Content/DynamicInputs/Helpers/MaskFloatBySpawnGroup.uasset" 4800
"../../Plugins/FX/Niagara/Content/DynamicInputs/Helpers/MaskIntBySpawnGroup.uasset" 4801
"../../Plugins/FX/Niagara/Content/DynamicInputs/Helpers/MaskLinearColorBySpawnGroup.uasset" 4802
"../../Plugins/FX/Niagara/Content/DynamicInputs/Helpers/MaskVector2dBySpawnGroup.uasset" 4803
"../../Plugins/FX/Niagara/Content/DynamicInputs/Helpers/MaskVectorBySpawnGroup.uasset" 4804
"../../Plugins/FX/Niagara/Content/DynamicInputs/Helpers/NormalizeDistanceRange.uasset" 4805
"../../Plugins/FX/Niagara/Content/DynamicInputs/Helpers/NormalizeVector.uasset" 4806
"../../Plugins/FX/Niagara/Content/DynamicInputs/Helpers/SafeNormalizeVector.uasset" 4807
"../../Plugins/FX/Niagara/Content/DynamicInputs/Helpers/SimulationPosition.uasset" 4808
"../../Plugins/FX/Niagara/Content/DynamicInputs/Helpers/Waveform.uasset" 4809
"../../Plugins/FX/Niagara/Content/DynamicInputs/Integer/Round_Float.uasset" 4810
"../../Plugins/FX/Niagara/Content/DynamicInputs/Integer/Round_Vector.uasset" 4811
"../../Plugins/FX/Niagara/Content/DynamicInputs/Integer/Round_Vector2D.uasset" 4812
"../../Plugins/FX/Niagara/Content/DynamicInputs/Integer/Round_Vector4.uasset" 4813
"../../Plugins/FX/Niagara/Content/DynamicInputs/Integer/V2/Round_Float.uasset" 4814
"../../Plugins/FX/Niagara/Content/DynamicInputs/Lerp/Lerp_Float.uasset" 4815
"../../Plugins/FX/Niagara/Content/DynamicInputs/Lerp/Lerp_Vector.uasset" 4816
"../../Plugins/FX/Niagara/Content/DynamicInputs/Lerp/Lerp_Vector2.uasset" 4817
"../../Plugins/FX/Niagara/Content/DynamicInputs/Lerp/Lerp_VectorComponents.uasset" 4818
"../../Plugins/FX/Niagara/Content/DynamicInputs/Lerp/SmoothLerpOverTime_Color.uasset" 4819
"../../Plugins/FX/Niagara/Content/DynamicInputs/Lerp/SmoothLerpOverTime_Float.uasset" 4820
"../../Plugins/FX/Niagara/Content/DynamicInputs/Lerp/SmoothLerpOverTime_Vector.uasset" 4821
"../../Plugins/FX/Niagara/Content/DynamicInputs/LinearColor/HueShiftLinearColor.uasset" 4822
"../../Plugins/FX/Niagara/Content/DynamicInputs/LinearColor/LerpLinearColors.uasset" 4823
"../../Plugins/FX/Niagara/Content/DynamicInputs/LinearColor/MakeFloat4FromVectorAndFloat.uasset" 4824
"../../Plugins/FX/Niagara/Content/DynamicInputs/LinearColor/MakeLinearColorFromFloat4.uasset" 4825
"../../Plugins/FX/Niagara/Content/DynamicInputs/LinearColor/MakeLinearColorFromVectorAndFloat.uasset" 4826
"../../Plugins/FX/Niagara/Content/DynamicInputs/LinearColor/MakeVector4_FromLinearColor.uasset" 4827
"../../Plugins/FX/Niagara/Content/DynamicInputs/LinearColor/MultiplyLinearColor.uasset" 4828
"../../Plugins/FX/Niagara/Content/DynamicInputs/Masks/ConeMask.uasset" 4829
"../../Plugins/FX/Niagara/Content/DynamicInputs/Masks/V2/ConeMask.uasset" 4830
"../../Plugins/FX/Niagara/Content/DynamicInputs/Math/Abs_Float.uasset" 4831
"../../Plugins/FX/Niagara/Content/DynamicInputs/Math/CalculateParticleRadius.uasset" 4832
"../../Plugins/FX/Niagara/Content/DynamicInputs/Math/CalculateRadiusFromSpriteSize.uasset" 4833
"../../Plugins/FX/Niagara/Content/DynamicInputs/Math/CalculateTheVolumeOfA_Box.uasset" 4834
"../../Plugins/FX/Niagara/Content/DynamicInputs/Math/Ceil_Float.uasset" 4835
"../../Plugins/FX/Niagara/Content/DynamicInputs/Math/Clamp_Vector.uasset" 4836
"../../Plugins/FX/Niagara/Content/DynamicInputs/Math/CompareFloats.uasset" 4837
"../../Plugins/FX/Niagara/Content/DynamicInputs/Math/ConeSphereIntersection.uasset" 4838
"../../Plugins/FX/Niagara/Content/DynamicInputs/Math/DeriveZ.uasset" 4839
"../../Plugins/FX/Niagara/Content/DynamicInputs/Math/Floor_Float.uasset" 4840
"../../Plugins/FX/Niagara/Content/DynamicInputs/Math/Frac_Float.uasset" 4841
"../../Plugins/FX/Niagara/Content/DynamicInputs/Math/GetFloatArrayCount.uasset" 4842
"../../Plugins/FX/Niagara/Content/DynamicInputs/Math/GetMatrixRotation.uasset" 4843
"../../Plugins/FX/Niagara/Content/DynamicInputs/Math/GetMatrixScale.uasset" 4844
"../../Plugins/FX/Niagara/Content/DynamicInputs/Math/GetVectorArrayCount.uasset" 4845
"../../Plugins/FX/Niagara/Content/DynamicInputs/Math/LerpMultipleFloats.uasset" 4846
"../../Plugins/FX/Niagara/Content/DynamicInputs/Math/LerpMultipleVectors.uasset" 4847
"../../Plugins/FX/Niagara/Content/DynamicInputs/Math/MakeTransform.uasset" 4848
"../../Plugins/FX/Niagara/Content/DynamicInputs/Math/Max_Float.uasset" 4849
"../../Plugins/FX/Niagara/Content/DynamicInputs/Math/Max_Int.uasset" 4850
"../../Plugins/FX/Niagara/Content/DynamicInputs/Math/Min_Float.uasset" 4851
"../../Plugins/FX/Niagara/Content/DynamicInputs/Math/Nlerp_input.uasset" 4852
"../../Plugins/FX/Niagara/Content/DynamicInputs/Math/Min_Int.uasset" 4853
"../../Plugins/FX/Niagara/Content/DynamicInputs/Math/OneMinusFloat.uasset" 4854
"../../Plugins/FX/Niagara/Content/DynamicInputs/Math/ReturnLargestFloat.uasset" 4855
"../../Plugins/FX/Niagara/Content/DynamicInputs/Math/SlerpVector.uasset" 4856
"../../Plugins/FX/Niagara/Content/DynamicInputs/Math/TransformPositionByMatrix.uasset" 4857
"../../Plugins/FX/Niagara/Content/DynamicInputs/Math/TransformVectorByMatrix.uasset" 4858
"../../Plugins/FX/Niagara/Content/DynamicInputs/Meshes/GetVertexCount.uasset" 4859
"../../Plugins/FX/Niagara/Content/DynamicInputs/Meshes/MakeRibbonIDFromSpawnGroup.uasset" 4860
"../../Plugins/FX/Niagara/Content/DynamicInputs/Meshes/RandomSpecificBone.uasset" 4861
"../../Plugins/FX/Niagara/Content/DynamicInputs/Meshes/RandomSpecificSocket.uasset" 4862
"../../Plugins/FX/Niagara/Content/DynamicInputs/Meshes/SpawnGroup.uasset" 4863
"../../Plugins/FX/Niagara/Content/DynamicInputs/Meshes/SpecificBone.uasset" 4864
"../../Plugins/FX/Niagara/Content/DynamicInputs/Meshes/SpecificSocket.uasset" 4865
"../../Plugins/FX/Niagara/Content/DynamicInputs/Meshes/SplitMeshTriCoordinate.uasset" 4866
"../../Plugins/FX/Niagara/Content/DynamicInputs/Multiply/Multiply_Float.uasset" 4867
"../../Plugins/FX/Niagara/Content/DynamicInputs/Multiply/Multiply_FloatByInt.uasset" 4868
"../../Plugins/FX/Niagara/Content/DynamicInputs/Multiply/Multiply_Int.uasset" 4869
"../../Plugins/FX/Niagara/Content/DynamicInputs/Multiply/Multiply_Vector.uasset" 4870
"../../Plugins/FX/Niagara/Content/DynamicInputs/Multiply/Multiply_Vector2.uasset" 4871
"../../Plugins/FX/Niagara/Content/DynamicInputs/Multiply/Multiply_Vector2D.uasset" 4872
"../../Plugins/FX/Niagara/Content/DynamicInputs/Multiply/Multiply_Vector2D_ByFloat.uasset" 4873
"../../Plugins/FX/Niagara/Content/DynamicInputs/Multiply/Multiply_VectorByFloat.uasset" 4874
"../../Plugins/FX/Niagara/Content/DynamicInputs/Multiply/ScaleAndBiasFloat.uasset" 4875
"../../Plugins/FX/Niagara/Content/DynamicInputs/NiagaraID/MakeNiagaraIDFromInt.uasset" 4876
"../../Plugins/FX/Niagara/Content/DynamicInputs/Power/Power.uasset" 4877
"../../Plugins/FX/Niagara/Content/DynamicInputs/Random/FixedSeedRandomFloat.uasset" 4878
"../../Plugins/FX/Niagara/Content/DynamicInputs/Random/RandomBool.uasset" 4879
"../../Plugins/FX/Niagara/Content/DynamicInputs/Random/RandomInt.uasset" 4880
"../../Plugins/FX/Niagara/Content/DynamicInputs/Random/RandomIntFromBoolCondition.uasset" 4881
"../../Plugins/FX/Niagara/Content/DynamicInputs/Random/RandomVector.uasset" 4882
"../../Plugins/FX/Niagara/Content/DynamicInputs/Random/V2/RandomBool.uasset" 4883
"../../Plugins/FX/Niagara/Content/DynamicInputs/Random/V2/RandomVector.uasset" 4884
"../../Plugins/FX/Niagara/Content/DynamicInputs/Rotation/InvertQuaternion.uasset" 4885
"../../Plugins/FX/Niagara/Content/DynamicInputs/Rotation/LerpQuaternion.uasset" 4886
"../../Plugins/FX/Niagara/Content/DynamicInputs/Rotation/MultiplyQuaternion.uasset" 4887
"../../Plugins/FX/Niagara/Content/DynamicInputs/Rotation/RandomQuaternion.uasset" 4888
"../../Plugins/FX/Niagara/Content/DynamicInputs/Scalability/DistanceBasedColor.uasset" 4889
"../../Plugins/FX/Niagara/Content/DynamicInputs/Scalability/DistanceBasedFloat.uasset" 4890
"../../Plugins/FX/Niagara/Content/DynamicInputs/Scalability/DistanceBasedVec2.uasset" 4891
"../../Plugins/FX/Niagara/Content/DynamicInputs/Scalability/DistanceBasedVec3.uasset" 4892
"../../Plugins/FX/Niagara/Content/DynamicInputs/Scalability/IsPlatformSetActive.uasset" 4893
"../../Plugins/FX/Niagara/Content/DynamicInputs/Scalability/ScalabilityDistanceBasedFloat.uasset" 4894
"../../Plugins/FX/Niagara/Content/DynamicInputs/Scalability/ScalabilityDistanceBasedLinearColor.uasset" 4895
"../../Plugins/FX/Niagara/Content/DynamicInputs/Scalability/ScalabilityDistanceBasedVector.uasset" 4896
"../../Plugins/FX/Niagara/Content/DynamicInputs/ScaleByCurve/ScaleFloatByCurve.uasset" 4897
"../../Plugins/FX/Niagara/Content/DynamicInputs/ScaleByCurve/ScaleLinearColorByCurve.uasset" 4898
"../../Plugins/FX/Niagara/Content/DynamicInputs/Scalability/ScalabilityDistanceBasedVector2D.uasset" 4899
"../../Plugins/FX/Niagara/Content/DynamicInputs/ScaleByCurve/ScaleVector2DByCurve.uasset" 4900
"../../Plugins/FX/Niagara/Content/DynamicInputs/ScaleByCurve/ScaleVectorByCurve.uasset" 4901
"../../Plugins/FX/Niagara/Content/DynamicInputs/Subtract/Subtract_Float.uasset" 4902
"../../Plugins/FX/Niagara/Content/DynamicInputs/Subtract/Subtract_Integer.uasset" 4903
"../../Plugins/FX/Niagara/Content/DynamicInputs/Subtract/Subtract_Vector.uasset" 4904
"../../Plugins/FX/Niagara/Content/DynamicInputs/Subtract/Subtract_Vector2.uasset" 4905
"../../Plugins/FX/Niagara/Content/DynamicInputs/Transforms/TransformPosition.uasset" 4906
"../../Plugins/FX/Niagara/Content/DynamicInputs/Transforms/TransformVector.uasset" 4907
"../../Plugins/FX/Niagara/Content/DynamicInputs/TypeConversions/BreakLinearColor.uasset" 4908
"../../Plugins/FX/Niagara/Content/DynamicInputs/TypeConversions/BreakVector.uasset" 4909
"../../Plugins/FX/Niagara/Content/DynamicInputs/TypeConversions/BreakVector2D.uasset" 4910
"../../Plugins/FX/Niagara/Content/DynamicInputs/TypeConversions/BreakVector4.uasset" 4911
"../../Plugins/FX/Niagara/Content/DynamicInputs/TypeConversions/FloatFromBool.uasset" 4912
"../../Plugins/FX/Niagara/Content/DynamicInputs/Transforms/MultiplyMatrix.uasset" 4913
"../../Plugins/FX/Niagara/Content/DynamicInputs/TypeConversions/FloatToInt.uasset" 4914
"../../Plugins/FX/Niagara/Content/DynamicInputs/TypeConversions/MakeCustomFloatFromBool.uasset" 4915
"../../Plugins/FX/Niagara/Content/DynamicInputs/TypeConversions/MakeCustomLinearColorFromBool.uasset" 4916
"../../Plugins/FX/Niagara/Content/DynamicInputs/TypeConversions/MakeCustomIntFromBool.uasset" 4917
"../../Plugins/FX/Niagara/Content/DynamicInputs/TypeConversions/MakeCustomQuaternionFromBool.uasset" 4918
"../../Plugins/FX/Niagara/Content/DynamicInputs/TypeConversions/MakeCustomVector2DFromBool.uasset" 4919
"../../Plugins/FX/Niagara/Content/DynamicInputs/TypeConversions/MakeCustomVector4FromBool.uasset" 4920
"../../Plugins/FX/Niagara/Content/DynamicInputs/TypeConversions/MakeCustomVectorFromBool.uasset" 4921
"../../Plugins/FX/Niagara/Content/DynamicInputs/TypeConversions/MakeFloatFromInt.uasset" 4922
"../../Plugins/FX/Niagara/Content/DynamicInputs/TypeConversions/MakeFloatFromLinearColor.uasset" 4923
"../../Plugins/FX/Niagara/Content/DynamicInputs/TypeConversions/MakeFloatFromVector.uasset" 4924
"../../Plugins/FX/Niagara/Content/DynamicInputs/TypeConversions/MakeFloatFromVector2d.uasset" 4925
"../../Plugins/FX/Niagara/Content/DynamicInputs/TypeConversions/MakeFloatFromVector4.uasset" 4926
"../../Plugins/FX/Niagara/Content/DynamicInputs/TypeConversions/MakeIntFromBool.uasset" 4927
"../../Plugins/FX/Niagara/Content/DynamicInputs/TypeConversions/MakeIntFromFloat.uasset" 4928
"../../Plugins/FX/Niagara/Content/DynamicInputs/TypeConversions/MakeLinearColor.uasset" 4929
"../../Plugins/FX/Niagara/Content/DynamicInputs/TypeConversions/MakeLinearColorFromFloat.uasset" 4930
"../../Plugins/FX/Niagara/Content/DynamicInputs/TypeConversions/MakeQuatFromAxisAngle.uasset" 4931
"../../Plugins/FX/Niagara/Content/DynamicInputs/TypeConversions/MakeVector.uasset" 4932
"../../Plugins/FX/Niagara/Content/DynamicInputs/TypeConversions/MakeVector2D.uasset" 4933
"../../Plugins/FX/Niagara/Content/DynamicInputs/TypeConversions/MakeVector3_FromColor.uasset" 4934
"../../Plugins/FX/Niagara/Content/DynamicInputs/TypeConversions/MakeVector4.uasset" 4935
"../../Plugins/FX/Niagara/Content/DynamicInputs/TypeConversions/MakeVector4_FromFloat.uasset" 4936
"../../Plugins/FX/Niagara/Content/DynamicInputs/TypeConversions/MakeVectorFromLinearColorRGB.uasset" 4937
"../../Plugins/FX/Niagara/Content/DynamicInputs/TypeConversions/NormalizeFloat.uasset" 4938
"../../Plugins/FX/Niagara/Content/DynamicInputs/TypeConversions/SplitLinearColor.uasset" 4939
"../../Plugins/FX/Niagara/Content/DynamicInputs/TypeConversions/SplitVector.uasset" 4940
"../../Plugins/FX/Niagara/Content/DynamicInputs/TypeConversions/SplitVector2D.uasset" 4941
"../../Plugins/FX/Niagara/Content/DynamicInputs/TypeConversions/ToAxisAngle.uasset" 4942
"../../Plugins/FX/Niagara/Content/DynamicInputs/TypeConversions/Vector2DFromFloat.uasset" 4943
"../../Plugins/FX/Niagara/Content/DynamicInputs/TypeConversions/SplitVector4.uasset" 4944
"../../Plugins/FX/Niagara/Content/DynamicInputs/TypeConversions/VectorFromFloat.uasset" 4945
"../../Plugins/FX/Niagara/Content/DynamicInputs/TypeConversions/Vector2DLength.uasset" 4946
"../../Plugins/FX/Niagara/Content/DynamicInputs/TypeConversions/VectorLength.uasset" 4947
"../../Plugins/FX/Niagara/Content/DynamicInputs/TypeConversions/VectorLengthSafe.uasset" 4948
"../../Plugins/FX/Niagara/Content/DynamicInputs/UniformRange/LinearColorAlongVector.uasset" 4949
"../../Plugins/FX/Niagara/Content/DynamicInputs/UniformRange/UniformAOrBFloat.uasset" 4950
"../../Plugins/FX/Niagara/Content/DynamicInputs/UniformRange/UniformRangedFloat.uasset" 4951
"../../Plugins/FX/Niagara/Content/DynamicInputs/UniformRange/UniformRangedInt.uasset" 4952
"../../Plugins/FX/Niagara/Content/DynamicInputs/UniformRange/UniformRangedLinearColor.uasset" 4953
"../../Plugins/FX/Niagara/Content/DynamicInputs/UniformRange/UniformRangedVector.uasset" 4954
"../../Plugins/FX/Niagara/Content/DynamicInputs/UniformRange/UniformRangedVector2D.uasset" 4955
"../../Plugins/FX/Niagara/Content/DynamicInputs/UniformRange/UniformRangedVector4.uasset" 4956
"../../Plugins/FX/Niagara/Content/DynamicInputs/UniformRange/V2/RandomRangeFloat.uasset" 4957
"../../Plugins/FX/Niagara/Content/DynamicInputs/UniformRange/V2/RandomRangeInt.uasset" 4958
"../../Plugins/FX/Niagara/Content/DynamicInputs/UniformRange/V2/RandomRangeVector.uasset" 4959
"../../Plugins/FX/Niagara/Content/DynamicInputs/UniformRange/V2/RandomRangeVector4.uasset" 4960
"../../Plugins/FX/Niagara/Content/DynamicInputs/UniformRange/V2/RandomRangeVector2D.uasset" 4961
"../../Plugins/FX/Niagara/Content/DynamicInputs/UniformRange/V2/UniformRangedLinearColor.uasset" 4962
"../../Plugins/FX/Niagara/Content/DynamicInputs/UniformRange/V3/RandomRangeLinearColor.uasset" 4963
"../../Plugins/FX/Niagara/Content/DynamicInputs/ValueFromCurve/ColorFromCurve.uasset" 4964
"../../Plugins/FX/Niagara/Content/DynamicInputs/ValueFromCurve/FloatFromCurve.uasset" 4965
"../../Plugins/FX/Niagara/Content/DynamicInputs/ValueFromCurve/Vector2DFromCurve.uasset" 4966
"../../Plugins/FX/Niagara/Content/DynamicInputs/ValueFromCurve/Vector4FromCurve.uasset" 4967
"../../Plugins/FX/Niagara/Content/DynamicInputs/Vectors/CrossProduct.uasset" 4968
"../../Plugins/FX/Niagara/Content/DynamicInputs/ValueFromCurve/VectorFromCurve.uasset" 4969
"../../Plugins/FX/Niagara/Content/DynamicInputs/Vectors/DotProduct.uasset" 4970
"../../Plugins/FX/Niagara/Content/DynamicInputs/Vectors/FindMidPointBetweenPositions.uasset" 4971
"../../Plugins/FX/Niagara/Content/DynamicInputs/Vectors/FindMidPointBetweenVectors.uasset" 4972
"../../Plugins/FX/Niagara/Content/DynamicInputs/Vectors/FindQuatBetweenTwoVectors.uasset" 4973
"../../Plugins/FX/Niagara/Content/DynamicInputs/Vectors/NegateVector.uasset" 4974
"../../Plugins/FX/Niagara/Content/DynamicInputs/Vectors/OrientMeshToVector.uasset" 4975
"../../Plugins/FX/Niagara/Content/DynamicInputs/Vectors/ReturnCameraProperty.uasset" 4976
"../../Plugins/FX/Niagara/Content/DynamicInputs/Vectors/ReturnMeshOrientationAxis.uasset" 4977
"../../Plugins/FX/Niagara/Content/DynamicInputs/Vectors/RotateVector.uasset" 4978
"../../Plugins/FX/Niagara/Content/DynamicInputs/Vectors/RotateVectorByQuaternion.uasset" 4979
"../../Plugins/FX/Niagara/Content/DynamicInputs/Vectors/ScaleAndBiasA_Vector.uasset" 4980
"../../Plugins/FX/Niagara/Content/Enums/EniagaraAlternateRendererModes.uasset" 4981
"../../Plugins/FX/Niagara/Content/Enums/ENiagaraArraySamplingMode.uasset" 4982
"../../Plugins/FX/Niagara/Content/Enums/ENiagaraAnimTrailWidthMode.uasset" 4983
"../../Plugins/FX/Niagara/Content/Enums/ENiagaraBoneSamplingMode.uasset" 4984
"../../Plugins/FX/Niagara/Content/Enums/ENiagaraBoneSocketSamplingMode.uasset" 4985
"../../Plugins/FX/Niagara/Content/Enums/ENiagaraBooleanLogicOps.uasset" 4986
"../../Plugins/FX/Niagara/Content/Enums/ENiagaraBooleanLogicOps_v2.uasset" 4987
"../../Plugins/FX/Niagara/Content/Enums/ENiagaraCalculateRadiusOptions.uasset" 4988
"../../Plugins/FX/Niagara/Content/Enums/ENiagaraCalculateSpriteRadiusOptions.uasset" 4989
"../../Plugins/FX/Niagara/Content/Enums/ENiagaraChannelCorrelation.uasset" 4990
"../../Plugins/FX/Niagara/Content/Enums/ENiagaraCollisionRadiusOptions.uasset" 4991
"../../Plugins/FX/Niagara/Content/Enums/ENiagaraCoordinateSpace.uasset" 4992
"../../Plugins/FX/Niagara/Content/Enums/ENiagaraCurlNoiseQuality.uasset" 4993
"../../Plugins/FX/Niagara/Content/Enums/ENiagaraEmitterLifeCycleMode.uasset" 4994
"../../Plugins/FX/Niagara/Content/Enums/ENiagaraEmitterScalabilityMode_Limited.uasset" 4995
"../../Plugins/FX/Niagara/Content/Enums/ENiagaraEmitterScalabilityMode.uasset" 4996
"../../Plugins/FX/Niagara/Content/Enums/ENiagaraExecutionStateManagement.uasset" 4997
"../../Plugins/FX/Niagara/Content/Enums/ENiagaraExpansionMode.uasset" 4998
"../../Plugins/FX/Niagara/Content/Enums/ENiagaraFrictionMergeType.uasset" 4999
"../../Plugins/FX/Niagara/Content/Enums/ENiagaraGPUDepthResponseType.uasset" 5000
"../../Plugins/FX/Niagara/Content/Enums/ENiagaraGridPlacementType.uasset" 5001
"../../Plugins/FX/Niagara/Content/Enums/ENiagaraKillVolumeOptions.uasset" 5002
"../../Plugins/FX/Niagara/Content/Enums/ENiagaraInactiveMode.uasset" 5003
"../../Plugins/FX/Niagara/Content/Enums/ENiagaraLinearColor_Channels.uasset" 5004
"../../Plugins/FX/Niagara/Content/Enums/ENiagaraMassCalculationForRendererTypes.uasset" 5005
"../../Plugins/FX/Niagara/Content/Enums/ENiagaraMeshOrSprite.uasset" 5006
"../../Plugins/FX/Niagara/Content/Enums/ENiagaraMassByVolume.uasset" 5007
"../../Plugins/FX/Niagara/Content/Enums/ENiagaraMeshSamplingMode.uasset" 5008
"../../Plugins/FX/Niagara/Content/Enums/ENiagaraMeshTransforms.uasset" 5009
"../../Plugins/FX/Niagara/Content/Enums/ENiagaraMinOrMax.uasset" 5010
"../../Plugins/FX/Niagara/Content/Enums/ENiagaraNumericVariableTypes.uasset" 5011
"../../Plugins/FX/Niagara/Content/Enums/ENiagaraOrientationAxis.uasset" 5012
"../../Plugins/FX/Niagara/Content/Enums/ENiagaraQuaternionDerivationTechnique.uasset" 5013
"../../Plugins/FX/Niagara/Content/Enums/ENiagaraRandomnessEvaluation.uasset" 5014
"../../Plugins/FX/Niagara/Content/Enums/ENiagaraRandomnessMode.uasset" 5015
"../../Plugins/FX/Niagara/Content/Enums/ENiagaraRegionCoordinateSpace.uasset" 5016
"../../Plugins/FX/Niagara/Content/Enums/ENiagaraRegionTransformOrder.uasset" 5017
"../../Plugins/FX/Niagara/Content/Enums/ENiagaraRestitutionMergeType.uasset" 5018
"../../Plugins/FX/Niagara/Content/Enums/ENiagaraScaleColorMode.uasset" 5019
"../../Plugins/FX/Niagara/Content/Enums/ENiagaraSimulationTarget.uasset" 5020
"../../Plugins/FX/Niagara/Content/Enums/ENiagaraSkeletalSpawning.uasset" 5021
"../../Plugins/FX/Niagara/Content/Enums/ENiagaraSkelMeshPositionSamplingMode.uasset" 5022
"../../Plugins/FX/Niagara/Content/Enums/ENiagaraSkelMeshTransforms.uasset" 5023
"../../Plugins/FX/Niagara/Content/Enums/ENiagaraSkelSamplingFilteringMode.uasset" 5024
"../../Plugins/FX/Niagara/Content/Enums/ENiagaraSocketSamplingMode.uasset" 5025
"../../Plugins/FX/Niagara/Content/Enums/ENiagaraSkelSamplingModeFull.uasset" 5026
"../../Plugins/FX/Niagara/Content/Enums/ENiagaraSphereDistributionMode.uasset" 5027
"../../Plugins/FX/Niagara/Content/Enums/ENiagaraMeshSurfaceSamplingMode.uasset" 5028
"../../Plugins/FX/Niagara/Content/Enums/ENiagaraSUbUVAnimationMode.uasset" 5029
"../../Plugins/FX/Niagara/Content/Enums/ENiagaraSystemInactiveMode.uasset" 5030
"../../Plugins/FX/Niagara/Content/Enums/ENiagaraTorusDistributionMode.uasset" 5031
"../../Plugins/FX/Niagara/Content/Enums/ENiagaraTorusMode.uasset" 5032
"../../Plugins/FX/Niagara/Content/Enums/ENiagaraTriangleSamplingMode.uasset" 5033
"../../Plugins/FX/Niagara/Content/Enums/ENiagaraVector2_Channels.uasset" 5034
"../../Plugins/FX/Niagara/Content/Enums/ENiagaraVector3_Channels.uasset" 5035
"../../Plugins/FX/Niagara/Content/Enums/ENiagaraVector4_Channels.uasset" 5036
"../../Plugins/FX/Niagara/Content/Enums/ENiagaraVertexFilteringMode.uasset" 5037
"../../Plugins/FX/Niagara/Content/Enums/ENiagara_AttributeSamplingApplyOutput.uasset" 5038
"../../Plugins/FX/Niagara/Content/Enums/ENiagaraVertexSamplingMode.uasset" 5039
"../../Plugins/FX/Niagara/Content/Enums/ENiagara_CameraMeshOrientation.uasset" 5040
"../../Plugins/FX/Niagara/Content/Enums/ENiagara_BankOnTurns.uasset" 5041
"../../Plugins/FX/Niagara/Content/Enums/ENiagara_CameraProperties.uasset" 5042
"../../Plugins/FX/Niagara/Content/Enums/ENiagara_CollisionType.uasset" 5043
"../../Plugins/FX/Niagara/Content/Enums/ENiagara_ColorInitializationMode.uasset" 5044
"../../Plugins/FX/Niagara/Content/Enums/ENiagara_CPUCollisionType.uasset" 5045
"../../Plugins/FX/Niagara/Content/Enums/ENiagara_DirectReadApplicationMode.uasset" 5046
"../../Plugins/FX/Niagara/Content/Enums/ENiagara_DirectReadParticleIDSampling.uasset" 5047
"../../Plugins/FX/Niagara/Content/Enums/ENiagara_DirectReadSamplingMode.uasset" 5048
"../../Plugins/FX/Niagara/Content/Enums/ENiagara_EmitterLocSamplingMode.uasset" 5049
"../../Plugins/FX/Niagara/Content/Enums/ENiagara_EmitterStateOptions.uasset" 5050
"../../Plugins/FX/Niagara/Content/Enums/ENiagara_FadeOperationType.uasset" 5051
"../../Plugins/FX/Niagara/Content/Enums/ENiagara_Float4Channel.uasset" 5052
"../../Plugins/FX/Niagara/Content/Enums/ENiagara_GPUCollisionType.uasset" 5053
"../../Plugins/FX/Niagara/Content/Enums/ENiagara_IDAttributes.uasset" 5054
"../../Plugins/FX/Niagara/Content/Enums/ENiagara_InfiniteLoopDuration.uasset" 5055
"../../Plugins/FX/Niagara/Content/Enums/ENiagara_LifetimeInheritanceOptions.uasset" 5056
"../../Plugins/FX/Niagara/Content/Enums/ENiagara_LifetimeMode.uasset" 5057
"../../Plugins/FX/Niagara/Content/Enums/ENiagara_MassInitializationMode.uasset" 5058
"../../Plugins/FX/Niagara/Content/Enums/ENiagara_AudioParamType.uasset" 5059
"../../Plugins/FX/Niagara/Content/Enums/ENiagara_MultipleLerpCount.uasset" 5060
"../../Plugins/FX/Niagara/Content/Enums/ENiagara_PositionInitializationMode.uasset" 5061
"../../Plugins/FX/Niagara/Content/Enums/ENiagara_RotationDefinitionApproach.uasset" 5062
"../../Plugins/FX/Niagara/Content/Enums/ENiagara_SpawnBurstMode.uasset" 5063
"../../Plugins/FX/Niagara/Content/Enums/ENiagara_SizeScaleMode.uasset" 5064
"../../Plugins/FX/Niagara/Content/Enums/ENiagara_SpriteRotationMode.uasset" 5065
"../../Plugins/FX/Niagara/Content/Enums/ENiagara_SubUVLookupMode.uasset" 5066
"../../Plugins/FX/Niagara/Content/Enums/ENiagara_TransformBaseOptions.uasset" 5067
"../../Plugins/FX/Niagara/Content/Enums/ENiagara_TransformMode.uasset" 5068
"../../Plugins/FX/Niagara/Content/Enums/ENiagara_TransformOrientationMode.uasset" 5069
"../../Plugins/FX/Niagara/Content/Enums/ENiagara_UVFlippingMode.uasset" 5070
"../../Plugins/FX/Niagara/Content/Enums/ENiagara_WaveformBlendMode.uasset" 5071
"../../Plugins/FX/Niagara/Content/Enums/ENiagara_WaterInteractionStruct.uasset" 5072
"../../Plugins/FX/Niagara/Content/Enums/ENiagara_WaveformCount.uasset" 5073
"../../Plugins/FX/Niagara/Content/Enums/ENiagara_Waveforms.uasset" 5074
"../../Plugins/FX/Niagara/Content/Enums/ENiagara_WrapClamp.uasset" 5075
"../../Plugins/FX/Niagara/Content/Enums/Niagara_Units.uasset" 5076
"../../Plugins/FX/Niagara/Content/Enums/SpriteRadius.uasset" 5077
"../../Plugins/FX/Niagara/Content/Enums/TorusMode.uasset" 5078
"../../Plugins/FX/Niagara/Content/Enums/Angles/ENiagara_AngleInput.uasset" 5079
"../../Plugins/FX/Niagara/Content/Enums/Audio/PlayAudioMode.uasset" 5080
"../../Plugins/FX/Niagara/Content/Enums/CascadeConversion/ECascadeNiagaraOrbitChainMode.uasset" 5081
"../../Plugins/FX/Niagara/Content/Enums/CascadeConversion/ECascadeNiagaraTwoVectorChannels.uasset" 5082
"../../Plugins/FX/Niagara/Content/Enums/Comparison/CompareValues.uasset" 5083
"../../Plugins/FX/Niagara/Content/Enums/Events/ENiagara_LocEventType.uasset" 5084
"../../Plugins/FX/Niagara/Content/Enums/Location/ENiagara_CylinderMode.uasset" 5085
"../../Plugins/FX/Niagara/Content/Enums/Masks/ENiagaraDebugDrawShape.uasset" 5086
"../../Plugins/FX/Niagara/Content/Enums/Masks/ENiagaraRegionMaskValue.uasset" 5087
"../../Plugins/FX/Niagara/Content/Enums/Ribbons/ENiagara_UnsetDirectSet.uasset" 5088
"../../Plugins/FX/Niagara/Content/Enums/Ribbons/ENiagara_UnsetDirectSetRandom.uasset" 5089
"../../Plugins/FX/Niagara/Content/Enums/SpriteRenderer/ENiagara_ScaleSpriteSize.uasset" 5090
"../../Plugins/FX/Niagara/Content/Enums/Transforms/ENiagara_OffsetMode.uasset" 5091
"../../Plugins/FX/Niagara/Content/Enums/Transforms/ENiagara_RotationMode.uasset" 5092
"../../Plugins/FX/Niagara/Content/Enums/Transforms/ENiagara_ScaleMode.uasset" 5093
"../../Plugins/FX/Niagara/Content/Enums/Transforms/ENiagara_TransformOrder.uasset" 5094
"../../Plugins/FX/Niagara/Content/Enums/Transforms/ENiagara_TransformType.uasset" 5095
"../../Plugins/FX/Niagara/Content/Enums/Utility/ENiagara_TImelineMode.uasset" 5096
"../../Plugins/FX/Niagara/Content/Enums/Utility/ENiagara_TimelineAuthority.uasset" 5097
"../../Plugins/FX/Niagara/Content/Enums/Utility/ENiagara_TimelineOutput.uasset" 5098
"../../Plugins/FX/Niagara/Content/Enums/Utility/ENiagara_TimelineOutputMode.uasset" 5099
"../../Plugins/FX/Niagara/Content/Functions/AreaOfA_TruncatedCircle.uasset" 5100
"../../Plugins/FX/Niagara/Content/Functions/CalculateMeshRadius.uasset" 5101
"../../Plugins/FX/Niagara/Content/Functions/CalculateRadiusFromSpriteSize.uasset" 5102
"../../Plugins/FX/Niagara/Content/Functions/CalculateTheGlobalDistanceFieldSurfaceNormal_GPU.uasset" 5103
"../../Plugins/FX/Niagara/Content/Functions/CalculateTheVolumeOfA_Box.uasset" 5104
"../../Plugins/FX/Niagara/Content/Functions/CalculateTriangleArea.uasset" 5105
"../../Plugins/FX/Niagara/Content/Functions/ConeConstraint.uasset" 5106
"../../Plugins/FX/Niagara/Content/Functions/DeriveThirdOrthogonalVector.uasset" 5107
"../../Plugins/FX/Niagara/Content/Functions/DirectionAndLength.uasset" 5108
"../../Plugins/FX/Niagara/Content/Functions/DirectionAndLengthSafe.uasset" 5109
"../../Plugins/FX/Niagara/Content/Functions/DistanceBasedFalloff.uasset" 5110
"../../Plugins/FX/Niagara/Content/Functions/FindAngleBetweenVectors.uasset" 5111
"../../Plugins/FX/Niagara/Content/Functions/FindNearestDistanceFieldSurface_GPU.uasset" 5112
"../../Plugins/FX/Niagara/Content/Functions/FindPerpendicular2dVector.uasset" 5113
"../../Plugins/FX/Niagara/Content/Functions/FindPlaneNormal.uasset" 5114
"../../Plugins/FX/Niagara/Content/Functions/GaussianRandomFloat.uasset" 5115
"../../Plugins/FX/Niagara/Content/Functions/GaussianRandomVector.uasset" 5116
"../../Plugins/FX/Niagara/Content/Functions/GetRandomInfo.uasset" 5117
"../../Plugins/FX/Niagara/Content/Functions/IncrementOverTime.uasset" 5118
"../../Plugins/FX/Niagara/Content/Functions/IsolateLongestVectorComponent.uasset" 5119
"../../Plugins/FX/Niagara/Content/Functions/LineSegmentPlaneIntersection.uasset" 5120
"../../Plugins/FX/Niagara/Content/Functions/MakeScaleMatrix.uasset" 5121
"../../Plugins/FX/Niagara/Content/Functions/MakeTranslationMatrix.uasset" 5122
"../../Plugins/FX/Niagara/Content/Functions/MakeVectorsOrthogonal.uasset" 5123
"../../Plugins/FX/Niagara/Content/Functions/NormalizedExecutionIndex.uasset" 5124
"../../Plugins/FX/Niagara/Content/Functions/NormalizeDistanceRange.uasset" 5125
"../../Plugins/FX/Niagara/Content/Functions/ParametricTorus.uasset" 5126
"../../Plugins/FX/Niagara/Content/Functions/ParametricTorusKnot.uasset" 5127
"../../Plugins/FX/Niagara/Content/Functions/PointToLineSegmentDistance.uasset" 5128
"../../Plugins/FX/Niagara/Content/Functions/PolarToCartesianCoordinates.uasset" 5129
"../../Plugins/FX/Niagara/Content/Functions/ProjectVectorOnPlane.uasset" 5130
"../../Plugins/FX/Niagara/Content/Functions/RandomBool.uasset" 5131
"../../Plugins/FX/Niagara/Content/Functions/RandomPointInBox.uasset" 5132
"../../Plugins/FX/Niagara/Content/Functions/RandomPointInSphere.uasset" 5133
"../../Plugins/FX/Niagara/Content/Functions/RandomRange.uasset" 5134
"../../Plugins/FX/Niagara/Content/Functions/RandomRangeFloat.uasset" 5135
"../../Plugins/FX/Niagara/Content/Functions/RandomRangeInteger.uasset" 5136
"../../Plugins/FX/Niagara/Content/Functions/RandomUnitVector.uasset" 5137
"../../Plugins/FX/Niagara/Content/Functions/RandomVector.uasset" 5138
"../../Plugins/FX/Niagara/Content/Functions/RandomVectorInCone.uasset" 5139
"../../Plugins/FX/Niagara/Content/Functions/ReflectVector.uasset" 5140
"../../Plugins/FX/Niagara/Content/Functions/RemapRange.uasset" 5141
"../../Plugins/FX/Niagara/Content/Functions/SimulationStageIterationInfo.uasset" 5142
"../../Plugins/FX/Niagara/Content/Functions/SphereTraceDistanceField_GPU.uasset" 5143
"../../Plugins/FX/Niagara/Content/Functions/SphericalToCartesianCoordinates.uasset" 5144
"../../Plugins/FX/Niagara/Content/Functions/WedgeLocation.uasset" 5145
"../../Plugins/FX/Niagara/Content/Functions/Blending/HeightLerp.uasset" 5146
"../../Plugins/FX/Niagara/Content/Functions/Blending/SmoothGradientThreshold.uasset" 5147
"../../Plugins/FX/Niagara/Content/Functions/CascadeConversion/CascadeConversion_CalculateOrbitOffset.uasset" 5148
"../../Plugins/FX/Niagara/Content/Functions/ChannelMasks/SelectV2Channel.uasset" 5149
"../../Plugins/FX/Niagara/Content/Functions/ChannelMasks/SelectV3Channel.uasset" 5150
"../../Plugins/FX/Niagara/Content/Functions/ChannelMasks/SelectV4Channel.uasset" 5151
"../../Plugins/FX/Niagara/Content/Functions/Collision/PlaneSphereCollisionDetection.uasset" 5152
"../../Plugins/FX/Niagara/Content/Functions/Collision/RandomizeCollisionNormals.uasset" 5153
"../../Plugins/FX/Niagara/Content/Functions/DataPacking/CompressQuaternionGPU.uasset" 5154
"../../Plugins/FX/Niagara/Content/Functions/DataPacking/DecompressQuaternionGPU.uasset" 5155
"../../Plugins/FX/Niagara/Content/Functions/DataPacking/Niagara_DecompressQuaternion.uasset" 5156
"../../Plugins/FX/Niagara/Content/Functions/DataPacking/Niagara_RotateMeshParticleWithQuaternion.uasset" 5157
"../../Plugins/FX/Niagara/Content/Functions/DataPacking/OctahedronToUnitVectorGPU.uasset" 5158
"../../Plugins/FX/Niagara/Content/Functions/DataPacking/UnitVectorToOctahedronGPU.uasset" 5159
"../../Plugins/FX/Niagara/Content/Functions/Emitter/EmitterChangeState.uasset" 5160
"../../Plugins/FX/Niagara/Content/Functions/Forces/SpringForce.uasset" 5161
"../../Plugins/FX/Niagara/Content/Functions/GBuffer/WorldPositionToScreenUV.uasset" 5162
"../../Plugins/FX/Niagara/Content/Functions/Helpers/AdvancePosition.uasset" 5163
"../../Plugins/FX/Niagara/Content/Functions/Helpers/AdvancePositionWithAcceleration.uasset" 5164
"../../Plugins/FX/Niagara/Content/Functions/Helpers/DoOnce_fn.uasset" 5165
"../../Plugins/FX/Niagara/Content/Functions/Helpers/FN_FirstFrame_Numeric.uasset" 5166
"../../Plugins/FX/Niagara/Content/Functions/Helpers/HoudiniQuatToUnrealQuat.uasset" 5167
"../../Plugins/FX/Niagara/Content/Functions/Helpers/HoudiniVectorToUnrealVector.uasset" 5168
"../../Plugins/FX/Niagara/Content/Functions/Helpers/IsPointAbovePlane.uasset" 5169
"../../Plugins/FX/Niagara/Content/Functions/Helpers/IsPointBetweenSlabs.uasset" 5170
"../../Plugins/FX/Niagara/Content/Functions/Helpers/IsPointInsideBox.uasset" 5171
"../../Plugins/FX/Niagara/Content/Functions/Helpers/IsPointInsideSphere.uasset" 5172
"../../Plugins/FX/Niagara/Content/Functions/Helpers/PointPlaneDistance.uasset" 5173
"../../Plugins/FX/Niagara/Content/Functions/Helpers/PointPlaneProject.uasset" 5174
"../../Plugins/FX/Niagara/Content/Functions/Helpers/ScaleUVsByCenter.uasset" 5175
"../../Plugins/FX/Niagara/Content/Functions/Helpers/SetBoolByTimer.uasset" 5176
"../../Plugins/FX/Niagara/Content/Functions/Helpers/IsPointInsideCone.uasset" 5177
"../../Plugins/FX/Niagara/Content/Functions/Intersections/CalculateCylinderPlaneIntersectionArea.uasset" 5178
"../../Plugins/FX/Niagara/Content/Functions/Intersections/SphereCast_GlobalDistanceField.uasset" 5179
"../../Plugins/FX/Niagara/Content/Functions/Intersections/v2/CalculateCylinderPlaneIntersection.uasset" 5180
"../../Plugins/FX/Niagara/Content/Functions/LinearColor/HueShiftLinearColor.uasset" 5181
"../../Plugins/FX/Niagara/Content/Functions/Localspace/ENiagaraCoordinateSpace.uasset" 5182
"../../Plugins/FX/Niagara/Content/Functions/Localspace/ENiagaraOrientationAxis.uasset" 5183
"../../Plugins/FX/Niagara/Content/Functions/Localspace/NF_InitialParticlePosition.uasset" 5184
"../../Plugins/FX/Niagara/Content/Functions/Localspace/NF_OwnerAxes.uasset" 5185
"../../Plugins/FX/Niagara/Content/Functions/Localspace/NF_TransformBase.uasset" 5186
"../../Plugins/FX/Niagara/Content/Functions/Localspace/NF_TransformOffset.uasset" 5187
"../../Plugins/FX/Niagara/Content/Functions/Localspace/NF_TransformPosition.uasset" 5188
"../../Plugins/FX/Niagara/Content/Functions/Localspace/NF_TransformVector.uasset" 5189
"../../Plugins/FX/Niagara/Content/Functions/Localspace/ParticleOwnerPosition.uasset" 5190
"../../Plugins/FX/Niagara/Content/Functions/Localspace/OwnerAxes.uasset" 5191
"../../Plugins/FX/Niagara/Content/Functions/Localspace/SimulationPosition.uasset" 5192
"../../Plugins/FX/Niagara/Content/Functions/Localspace/TransformBase.uasset" 5193
"../../Plugins/FX/Niagara/Content/Functions/Localspace/TransformOffset.uasset" 5194
"../../Plugins/FX/Niagara/Content/Functions/Localspace/TransformPosition.uasset" 5195
"../../Plugins/FX/Niagara/Content/Functions/Localspace/TransformVector.uasset" 5196
"../../Plugins/FX/Niagara/Content/Functions/Localspace/V2/TransformBase.uasset" 5197
"../../Plugins/FX/Niagara/Content/Functions/Localspace/V2/TransformPosition.uasset" 5198
"../../Plugins/FX/Niagara/Content/Functions/Localspace/V2/TransformVector.uasset" 5199
"../../Plugins/FX/Niagara/Content/Functions/Masks/ConeMask.uasset" 5200
"../../Plugins/FX/Niagara/Content/Functions/Masks/RegionMaskBox.uasset" 5201
"../../Plugins/FX/Niagara/Content/Functions/Masks/RegionMaskPlane.uasset" 5202
"../../Plugins/FX/Niagara/Content/Functions/Masks/RegionMaskSlab.uasset" 5203
"../../Plugins/FX/Niagara/Content/Functions/Masks/RegionMaskSphere.uasset" 5204
"../../Plugins/FX/Niagara/Content/Functions/Math/CalculateLinePlaneIntersection.uasset" 5205
"../../Plugins/FX/Niagara/Content/Functions/Math/CalculateVolumeOfA_Sphere.uasset" 5206
"../../Plugins/FX/Niagara/Content/Functions/Math/CentimeterMeterConversion.uasset" 5207
"../../Plugins/FX/Niagara/Content/Functions/Math/ConeSphereIntersection.uasset" 5208
"../../Plugins/FX/Niagara/Content/Functions/Math/ConstrainToPlane.uasset" 5209
"../../Plugins/FX/Niagara/Content/Functions/Math/DeriveTriangleInformation.uasset" 5210
"../../Plugins/FX/Niagara/Content/Functions/Math/DeriveZ.uasset" 5211
"../../Plugins/FX/Niagara/Content/Functions/Math/FindMidPointBetweenPositions.uasset" 5212
"../../Plugins/FX/Niagara/Content/Functions/Math/FindMidPointBetweenVectors.uasset" 5213
"../../Plugins/FX/Niagara/Content/Functions/Math/FindPixelCenter_1D.uasset" 5214
"../../Plugins/FX/Niagara/Content/Functions/Math/FindPixelCenter_2D.uasset" 5215
"../../Plugins/FX/Niagara/Content/Functions/Math/FindPlaneRayIntersection.uasset" 5216
"../../Plugins/FX/Niagara/Content/Functions/Math/FindTangentialVelocityOnSphere.uasset" 5217
"../../Plugins/FX/Niagara/Content/Functions/Math/FloatAsInt.uasset" 5218
"../../Plugins/FX/Niagara/Content/Functions/Math/GetMatrixScale.uasset" 5219
"../../Plugins/FX/Niagara/Content/Functions/Math/GetMatrixTranslation.uasset" 5220
"../../Plugins/FX/Niagara/Content/Functions/Math/IntAsFloat.uasset" 5221
"../../Plugins/FX/Niagara/Content/Functions/Math/InterpolateOverTime_Float.uasset" 5222
"../../Plugins/FX/Niagara/Content/Functions/Math/InterpolateOverTime_LinearColor.uasset" 5223
"../../Plugins/FX/Niagara/Content/Functions/Math/InterpolateOverTime_Quaternion.uasset" 5224
"../../Plugins/FX/Niagara/Content/Functions/Math/InterpolateOverTime_V2.uasset" 5225
"../../Plugins/FX/Niagara/Content/Functions/Math/InterpolateOverTime_V3_.uasset" 5226
"../../Plugins/FX/Niagara/Content/Functions/Math/InterpolateOverTime_V4.uasset" 5227
"../../Plugins/FX/Niagara/Content/Functions/Math/IsValueWithinRange.uasset" 5228
"../../Plugins/FX/Niagara/Content/Functions/Math/LerpMultipleNumeric_Fn.uasset" 5229
"../../Plugins/FX/Niagara/Content/Functions/Math/MaintainInCameraParticleScale_fn.uasset" 5230
"../../Plugins/FX/Niagara/Content/Functions/Math/MatchVelocityViaForce.uasset" 5231
"../../Plugins/FX/Niagara/Content/Functions/Math/Nlerp_Function.uasset" 5232
"../../Plugins/FX/Niagara/Content/Functions/Math/PlaceParticlesOnA_Rectangle_fn.uasset" 5233
"../../Plugins/FX/Niagara/Content/Functions/Math/RemapValueRange.uasset" 5234
"../../Plugins/FX/Niagara/Content/Functions/Math/SaturateFloat.uasset" 5235
"../../Plugins/FX/Niagara/Content/Functions/Math/ScaleAndOffsetVector.uasset" 5236
"../../Plugins/FX/Niagara/Content/Functions/Math/Slerp_Vectors.uasset" 5237
"../../Plugins/FX/Niagara/Content/Functions/Math/SmoothLerpOverTime.uasset" 5238
"../../Plugins/FX/Niagara/Content/Functions/Math/SpherePlaneIntersection.uasset" 5239
"../../Plugins/FX/Niagara/Content/Functions/Math/SpotLightOverlapTest.uasset" 5240
"../../Plugins/FX/Niagara/Content/Functions/Math/SubUV_TextureCoordinates.uasset" 5241
"../../Plugins/FX/Niagara/Content/Functions/Math/Transform2DLocalPositionToWorldSpace.uasset" 5242
"../../Plugins/FX/Niagara/Content/Functions/Math/BarycentricCoordinates/FindBarycentricCoordinate.uasset" 5243
"../../Plugins/FX/Niagara/Content/Functions/Math/BarycentricCoordinates/TranslateBarycentricEdgeCoordinates.uasset" 5244
"../../Plugins/FX/Niagara/Content/Functions/Math/BarycentricCoordinates/FindNearestBarycentricCoordinateEdge.uasset" 5245
"../../Plugins/FX/Niagara/Content/Functions/Math/BarycentricCoordinates/ValidateBarycentricCoordinates.uasset" 5246
"../../Plugins/FX/Niagara/Content/Functions/Math/V2/SmoothLerpOverTime.uasset" 5247
"../../Plugins/FX/Niagara/Content/Functions/Math/Waveforms/CalculateWaveform.uasset" 5248
"../../Plugins/FX/Niagara/Content/Functions/PivotPainter/ConvertIndexTo2DLookup.uasset" 5249
"../../Plugins/FX/Niagara/Content/Functions/PivotPainter/ms_PivotPainter2_CalculateMeshElementIndex_NF.uasset" 5250
"../../Plugins/FX/Niagara/Content/Functions/PivotPainter/ms_PivotPainter2_Decode8BitAlphaAxisExtent_NF.uasset" 5251
"../../Plugins/FX/Niagara/Content/Functions/PivotPainter/ms_PivotPainter2_DecodeAxisVector_NF.uasset" 5252
"../../Plugins/FX/Niagara/Content/Functions/PivotPainter/ms_PivotPainter2_DecodePostion_NF.uasset" 5253
"../../Plugins/FX/Niagara/Content/Functions/PivotPainter/ms_PivotPainter2_PackIntegerAsFloat_NF.uasset" 5254
"../../Plugins/FX/Niagara/Content/Functions/PivotPainter/ms_PivotPainter2_ReturnParentTextureInfo_NF.uasset" 5255
"../../Plugins/FX/Niagara/Content/Functions/PivotPainter/ms_PivotPainter2_UnpackIntegerAsFloat_NF.uasset" 5256
"../../Plugins/FX/Niagara/Content/Functions/PivotPainter/FindPixelCount.uasset" 5257
"../../Plugins/FX/Niagara/Content/Functions/PivotPainter/PivotPainter16bitTextureAlphaDataTypes.uasset" 5258
"../../Plugins/FX/Niagara/Content/Functions/PivotPainter/PivotPainter8BitTextureAlphaDataTypes.uasset" 5259
"../../Plugins/FX/Niagara/Content/Functions/PivotPainter/PivotPainterTextureRGBDataTypes.uasset" 5260
"../../Plugins/FX/Niagara/Content/Functions/Ribbons/FindGridLocationRibbonID.uasset" 5261
"../../Plugins/FX/Niagara/Content/Functions/Rotation/AlignQuaternions.uasset" 5262
"../../Plugins/FX/Niagara/Content/Functions/Rotation/AngleBetweenQuaternions.uasset" 5263
"../../Plugins/FX/Niagara/Content/Functions/Rotation/AngleUnitConverter.uasset" 5264
"../../Plugins/FX/Niagara/Content/Functions/Rotation/AxisAngleToEuler.uasset" 5265
"../../Plugins/FX/Niagara/Content/Functions/Rotation/AxisAngleToQuaternion.uasset" 5266
"../../Plugins/FX/Niagara/Content/Functions/Rotation/AxisAngleToRotationMatrix.uasset" 5267
"../../Plugins/FX/Niagara/Content/Functions/Rotation/ConvertRotationsToRadians.uasset" 5268
"../../Plugins/FX/Niagara/Content/Functions/Rotation/EulerRadiansToQuaternion.uasset" 5269
"../../Plugins/FX/Niagara/Content/Functions/Rotation/EulerToAxisAngle.uasset" 5270
"../../Plugins/FX/Niagara/Content/Functions/Rotation/EulerToQuaternion.uasset" 5271
"../../Plugins/FX/Niagara/Content/Functions/Rotation/EulerToRotationMatrix.uasset" 5272
"../../Plugins/FX/Niagara/Content/Functions/Rotation/FindQuatBetween.uasset" 5273
"../../Plugins/FX/Niagara/Content/Functions/Rotation/InvertQuaternion.uasset" 5274
"../../Plugins/FX/Niagara/Content/Functions/Rotation/LerpQuaternion.uasset" 5275
"../../Plugins/FX/Niagara/Content/Functions/Rotation/MakeQuaternionFrom3BasisVectors.uasset" 5276
"../../Plugins/FX/Niagara/Content/Functions/Rotation/MakeQuaternionFromXAndYVectors.uasset" 5277
"../../Plugins/FX/Niagara/Content/Functions/Rotation/MakeQuaternionFromXAndZVectors.uasset" 5278
"../../Plugins/FX/Niagara/Content/Functions/Rotation/MatrixToQuaternion.uasset" 5279
"../../Plugins/FX/Niagara/Content/Functions/Rotation/MultiplyBy2PI.uasset" 5280
"../../Plugins/FX/Niagara/Content/Functions/Rotation/MultiplyQuaternion.uasset" 5281
"../../Plugins/FX/Niagara/Content/Functions/Rotation/MultiplyVectorWithQuaternion.uasset" 5282
"../../Plugins/FX/Niagara/Content/Functions/Rotation/QuaternionToAxisAngle.uasset" 5283
"../../Plugins/FX/Niagara/Content/Functions/Rotation/QuaternionToRotationMatrix.uasset" 5284
"../../Plugins/FX/Niagara/Content/Functions/Rotation/RandomQuaternion.uasset" 5285
"../../Plugins/FX/Niagara/Content/Functions/Rotation/RotateAngleOnAxis.uasset" 5286
"../../Plugins/FX/Niagara/Content/Functions/Rotation/RotateVector2D.uasset" 5287
"../../Plugins/FX/Niagara/Content/Functions/Rotation/SlerpQuaternion.uasset" 5288
"../../Plugins/FX/Niagara/Content/Functions/Rotation/TransformVectorToMeshSpace.uasset" 5289
"../../Plugins/FX/Niagara/Content/Functions/Rotation/TwoVectorsToQuaternion.uasset" 5290
"../../Plugins/FX/Niagara/Content/Functions/Rotation/XYZRotationToQuaternion.uasset" 5291
"../../Plugins/FX/Niagara/Content/Functions/SkeletalMesh/FindSkeletalMeshTriangleNormal.uasset" 5292
"../../Plugins/FX/Niagara/Content/Functions/Spline/FindPositionAndTangentOnBezierSpline.uasset" 5293
"../../Plugins/FX/Niagara/Content/Functions/Spline/FindPositionOnBezierSpline.uasset" 5294
"../../Plugins/FX/Niagara/Content/Functions/Spline/FindPositionOnCatmullRomSpline.uasset" 5295
"../../Plugins/FX/Niagara/Content/Functions/System/SystemChangeState.uasset" 5296
"../../Plugins/FX/Niagara/Content/Functions/Textures/CalculateA_VolumeTexturesDistanceFieldGradient.uasset" 5297
"../../Plugins/FX/Niagara/Content/Functions/Trig/SinXoverXinRadians.uasset" 5298
"../../Plugins/FX/Niagara/Content/Functions/V2/CalculateRandomBool.uasset" 5299
"../../Plugins/FX/Niagara/Content/Functions/V2/CalculateRandomPointInSphere.uasset" 5300
"../../Plugins/FX/Niagara/Content/Functions/V2/CalculateRandomRange.uasset" 5301
"../../Plugins/FX/Niagara/Content/Functions/V2/CalculateRandomRangeFloat.uasset" 5302
"../../Plugins/FX/Niagara/Content/Functions/V2/CalculateRandomRangeInteger.uasset" 5303
"../../Plugins/FX/Niagara/Content/Functions/V2/CalculateRandomUnitVector.uasset" 5304
"../../Plugins/FX/Niagara/Content/Functions/V2/ConeMask.uasset" 5305
"../../Plugins/FX/Niagara/Content/Functions/V2/DistanceBasedFalloff.uasset" 5306
"../../Plugins/FX/Niagara/Content/Functions/V2/FindClosestPointOnLine.uasset" 5307
"../../Plugins/FX/Niagara/Content/Functions/V2/FindPlaneNormal.uasset" 5308
"../../Plugins/FX/Niagara/Content/Functions/V2/RemapRange.uasset" 5309
"../../Plugins/FX/Niagara/Content/Icons/S_ParticleSystem.uasset" 5310
"../../Plugins/FX/Niagara/Content/MaterialFunctions/DEPRECATED_RibbonNormals.uasset" 5311
"../../Plugins/FX/Niagara/Content/MaterialFunctions/Niagara_CylindricalRibbonNormals.uasset" 5312
"../../Plugins/FX/Niagara/Content/MaterialFunctions/MeshInterface/Niagara_MeshReproductionSpriteUVs.uasset" 5313
"../../Plugins/FX/Niagara/Content/Modules/AttributeReader/SampleParticlesFromOtherEmitter.uasset" 5314
"../../Plugins/FX/Niagara/Content/Modules/AttributeReader/SpawnParticlesFromOtherEmitter.uasset" 5315
"../../Plugins/FX/Niagara/Content/Modules/Audio/PlayAudio.uasset" 5316
"../../Plugins/FX/Niagara/Content/Modules/Audio/PlayPersistentAudio.uasset" 5317
"../../Plugins/FX/Niagara/Content/Modules/Audio/UpdatePersistentAudio.uasset" 5318
"../../Plugins/FX/Niagara/Content/Modules/Beams/BeamEmitterSetup.uasset" 5319
"../../Plugins/FX/Niagara/Content/Modules/Beams/BeamWidth.uasset" 5320
"../../Plugins/FX/Niagara/Content/Modules/Beams/BeamWidthScale.uasset" 5321
"../../Plugins/FX/Niagara/Content/Modules/Beams/ScaleBeamWidth.uasset" 5322
"../../Plugins/FX/Niagara/Content/Modules/Beams/SpawnBeam.uasset" 5323
"../../Plugins/FX/Niagara/Content/Modules/Beams/UpdateBeam.uasset" 5324
"../../Plugins/FX/Niagara/Content/Modules/CascadeConversion/CascadeConversion_Orbit.uasset" 5325
"../../Plugins/FX/Niagara/Content/Modules/CascadeConversion/CascadeConversion_SolveOrbit.uasset" 5326
"../../Plugins/FX/Niagara/Content/Modules/Collision/AddRotationalVelocity.uasset" 5327
"../../Plugins/FX/Niagara/Content/Modules/Collision/AlignParticlesWithCollisionPlane.uasset" 5328
"../../Plugins/FX/Niagara/Content/Modules/Collision/AnalyticalCollisionQuery.uasset" 5329
"../../Plugins/FX/Niagara/Content/Modules/Collision/CalculateLinePlaneInt.uasset" 5330
"../../Plugins/FX/Niagara/Content/Modules/Collision/Collision.uasset" 5331
"../../Plugins/FX/Niagara/Content/Modules/Collision/CollisionLinearImpulse.uasset" 5332
"../../Plugins/FX/Niagara/Content/Modules/Collision/CollisionQuery.uasset" 5333
"../../Plugins/FX/Niagara/Content/Modules/Collision/CollisionQueryAndResponse.uasset" 5334
"../../Plugins/FX/Niagara/Content/Modules/Collision/CollisionRest.uasset" 5335
"../../Plugins/FX/Niagara/Content/Modules/Collision/DebugCollisionEvents.uasset" 5336
"../../Plugins/FX/Niagara/Content/Modules/Collision/FindTangentialVelocityOnSphere.uasset" 5337
"../../Plugins/FX/Niagara/Content/Modules/Collision/InitialRotationalVelocity.uasset" 5338
"../../Plugins/FX/Niagara/Content/Modules/Collision/NiagaraDistanceFieldCollisions.uasset" 5339
"../../Plugins/FX/Niagara/Content/Modules/Collision/RayTrace.uasset" 5340
"../../Plugins/FX/Niagara/Content/Modules/Collision/SceneDepthTest.uasset" 5341
"../../Plugins/FX/Niagara/Content/Modules/Constraints/CalculateLinkConstraint.uasset" 5342
"../../Plugins/FX/Niagara/Content/Modules/Constraints/MaintainA_SetDistanceBetweenPoints.uasset" 5343
"../../Plugins/FX/Niagara/Content/Modules/Constraints/PendulumConstraint.uasset" 5344
"../../Plugins/FX/Niagara/Content/Modules/Constraints/PendulumSetup.uasset" 5345
"../../Plugins/FX/Niagara/Content/Modules/Debug/SpriteBasedLine.uasset" 5346
"../../Plugins/FX/Niagara/Content/Modules/Emitter/EmitterLifeCycle.uasset" 5347
"../../Plugins/FX/Niagara/Content/Modules/Emitter/EmitterState.uasset" 5348
"../../Plugins/FX/Niagara/Content/Modules/Emitter/SpawnBurst_Instantaneous.uasset" 5349
"../../Plugins/FX/Niagara/Content/Modules/Emitter/SpawnPerFrame.uasset" 5350
"../../Plugins/FX/Niagara/Content/Modules/Emitter/SpawnPerUnit.uasset" 5351
"../../Plugins/FX/Niagara/Content/Modules/Emitter/SpawnRate.uasset" 5352
"../../Plugins/FX/Niagara/Content/Modules/Events/GenerateCollisionEvent.uasset" 5353
"../../Plugins/FX/Niagara/Content/Modules/Events/GenerateDeathEvent.uasset" 5354
"../../Plugins/FX/Niagara/Content/Modules/Events/GenerateLocationEvent.uasset" 5355
"../../Plugins/FX/Niagara/Content/Modules/Events/ReceiveCollisionEvent.uasset" 5356
"../../Plugins/FX/Niagara/Content/Modules/Events/ReceiveDeathEvent.uasset" 5357
"../../Plugins/FX/Niagara/Content/Modules/Events/ReceiveLocationEvent.uasset" 5358
"../../Plugins/FX/Niagara/Content/Modules/ExportParticleData/ExportParticleDataToBlueprint.uasset" 5359
"../../Plugins/FX/Niagara/Content/Modules/Masks/ConeMask.uasset" 5360
"../../Plugins/FX/Niagara/Content/Modules/Masks/V2/ConeMask.uasset" 5361
"../../Plugins/FX/Niagara/Content/Modules/Masks/V2/RegionMask.uasset" 5362
"../../Plugins/FX/Niagara/Content/Modules/Math/AvoidCone.uasset" 5363
"../../Plugins/FX/Niagara/Content/Modules/Math/AvoidDistanceFieldSurfaces_GPU.uasset" 5364
"../../Plugins/FX/Niagara/Content/Modules/Math/ConeSphereIntersection.uasset" 5365
"../../Plugins/FX/Niagara/Content/Modules/Math/ConstrainVectorToCone.uasset" 5366
"../../Plugins/FX/Niagara/Content/Modules/Math/FindClosestPointOnTriangle.uasset" 5367
"../../Plugins/FX/Niagara/Content/Modules/Math/FadeOverTime.uasset" 5368
"../../Plugins/FX/Niagara/Content/Modules/Math/Flight_Orientation.uasset" 5369
"../../Plugins/FX/Niagara/Content/Modules/Math/MatchVelocity_ViaForce.uasset" 5370
"../../Plugins/FX/Niagara/Content/Modules/Math/MoveToNearestDistanceFieldSurface_GPU.uasset" 5371
"../../Plugins/FX/Niagara/Content/Modules/Math/PlaceParticlesOnA_Rectangle.uasset" 5372
"../../Plugins/FX/Niagara/Content/Modules/Math/PureRoll_Orientation.uasset" 5373
"../../Plugins/FX/Niagara/Content/Modules/Math/PlaceParticlesOnDepthBuffer_GPU.uasset" 5374
"../../Plugins/FX/Niagara/Content/Modules/Math/RayTraceDistanceField_GPU.uasset" 5375
"../../Plugins/FX/Niagara/Content/Modules/Math/ReadDistanceField_GPU.uasset" 5376
"../../Plugins/FX/Niagara/Content/Modules/Math/SlerpVector.uasset" 5377
"../../Plugins/FX/Niagara/Content/Modules/Math/SpherePlaneIntersection.uasset" 5378
"../../Plugins/FX/Niagara/Content/Modules/Math/SpherePlaneIntersection_System.uasset" 5379
"../../Plugins/FX/Niagara/Content/Modules/Math/TrackDistanceTraveled.uasset" 5380
"../../Plugins/FX/Niagara/Content/Modules/Math/WedgeLocation.uasset" 5381
"../../Plugins/FX/Niagara/Content/Modules/PostSolvers/CalculateAccurateVelocity.uasset" 5382
"../../Plugins/FX/Niagara/Content/Modules/Mesh/TraverseSkeletalMesh.uasset" 5383
"../../Plugins/FX/Niagara/Content/Modules/Ribbons/FN_InitializeRibbonAttributes.uasset" 5384
"../../Plugins/FX/Niagara/Content/Modules/Ribbons/RibbonWidth.uasset" 5385
"../../Plugins/FX/Niagara/Content/Modules/Ribbons/RibbonWidthScale.uasset" 5386
"../../Plugins/FX/Niagara/Content/Modules/Ribbons/ScaleRibbonWidth.uasset" 5387
"../../Plugins/FX/Niagara/Content/Modules/Scalability/EmitterScalability.uasset" 5388
"../../Plugins/FX/Niagara/Content/Modules/Scalability/NumInstancesCull.uasset" 5389
"../../Plugins/FX/Niagara/Content/Modules/Scalability/SystemScalability.uasset" 5390
"../../Plugins/FX/Niagara/Content/Modules/Solvers/ApplyInitialForces.uasset" 5391
"../../Plugins/FX/Niagara/Content/Modules/Solvers/ApplyRotationVector.uasset" 5392
"../../Plugins/FX/Niagara/Content/Modules/Solvers/SolveRotationalForcesAndVelocity.uasset" 5393
"../../Plugins/FX/Niagara/Content/Modules/Spawn/Initialization/InitializeParticle.uasset" 5394
"../../Plugins/FX/Niagara/Content/Modules/Spawn/Initialization/V2/InitializeParticle.uasset" 5395
"../../Plugins/FX/Niagara/Content/Modules/Spawn/Initialization/InitializeRibbon.uasset" 5396
"../../Plugins/FX/Niagara/Content/Modules/Spawn/Location/BoxLocation.uasset" 5397
"../../Plugins/FX/Niagara/Content/Modules/Solvers/SolveForcesAndVelocity.uasset" 5398
"../../Plugins/FX/Niagara/Content/Modules/Spawn/Location/ConeLocation.uasset" 5399
"../../Plugins/FX/Niagara/Content/Modules/Spawn/Location/CurlNoiseLocation.uasset" 5400
"../../Plugins/FX/Niagara/Content/Modules/Spawn/Location/CylinderLocation.uasset" 5401
"../../Plugins/FX/Niagara/Content/Modules/Spawn/Location/CylinderLocation_System.uasset" 5402
"../../Plugins/FX/Niagara/Content/Modules/Spawn/Location/ENiagaraGridPlacementType.uasset" 5403
"../../Plugins/FX/Niagara/Content/Modules/Spawn/Location/GenerateGridRibbonIDs.uasset" 5404
"../../Plugins/FX/Niagara/Content/Modules/Spawn/Location/GridLocation.uasset" 5405
"../../Plugins/FX/Niagara/Content/Modules/Spawn/Location/RotateAroundPoint.uasset" 5406
"../../Plugins/FX/Niagara/Content/Modules/Spawn/Location/SkeletalMeshLocation.uasset" 5407
"../../Plugins/FX/Niagara/Content/Modules/Spawn/Location/SkeletalMeshSkeletonLocation.uasset" 5408
"../../Plugins/FX/Niagara/Content/Modules/Spawn/Location/SkeletalMeshSurfaceLocation.uasset" 5409
"../../Plugins/FX/Niagara/Content/Modules/Spawn/Location/SpawnParticlesInGrid.uasset" 5410
"../../Plugins/FX/Niagara/Content/Modules/Spawn/Location/Spawn_MS_VertexAnimationTools_MorphTarget_Particles.uasset" 5411
"../../Plugins/FX/Niagara/Content/Modules/Spawn/Location/SphereLocation.uasset" 5412
"../../Plugins/FX/Niagara/Content/Modules/Spawn/Location/SphereLocation_System.uasset" 5413
"../../Plugins/FX/Niagara/Content/Modules/Spawn/Location/SystemLocation.uasset" 5414
"../../Plugins/FX/Niagara/Content/Modules/Spawn/Location/StaticMeshLocation.uasset" 5415
"../../Plugins/FX/Niagara/Content/Modules/Spawn/Location/TorusLocation.uasset" 5416
"../../Plugins/FX/Niagara/Content/Modules/Spawn/Location/V2/GridLocation.uasset" 5417
"../../Plugins/FX/Niagara/Content/Modules/Spawn/Location/V2/RotateAroundPoint.uasset" 5418
"../../Plugins/FX/Niagara/Content/Modules/Spawn/Location/V2/SkeletalMeshLocation.uasset" 5419
"../../Plugins/FX/Niagara/Content/Modules/Spawn/Location/V2/SphereLocation.uasset" 5420
"../../Plugins/FX/Niagara/Content/Modules/Spawn/MeshInterface/Initialize_MeshReproductionSprite.uasset" 5421
"../../Plugins/FX/Niagara/Content/Modules/Spawn/MeshInterface/SampleSkeletalMeshSkeleton.uasset" 5422
"../../Plugins/FX/Niagara/Content/Modules/Spawn/MeshInterface/SampleSkeletalMeshSurface.uasset" 5423
"../../Plugins/FX/Niagara/Content/Modules/Spawn/MeshInterface/SampleStaticMesh.uasset" 5424
"../../Plugins/FX/Niagara/Content/Modules/Spawn/MeshInterface/Surface/SampleSkeletalMeshSurface.uasset" 5425
"../../Plugins/FX/Niagara/Content/Modules/Spawn/MeshInterface/SampleStaticMesh_PositionOnly.uasset" 5426
"../../Plugins/FX/Niagara/Content/Modules/Spawn/Orientation/InitialMeshRotation.uasset" 5427
"../../Plugins/FX/Niagara/Content/Modules/Spawn/Orientation/V2/InitialMeshOrientation.uasset" 5428
"../../Plugins/FX/Niagara/Content/Modules/Spawn/Orientation/V3/InitialMeshOrientation.uasset" 5429
"../../Plugins/FX/Niagara/Content/Modules/Spawn/Velocity/AddVelocity.uasset" 5430
"../../Plugins/FX/Niagara/Content/Modules/Spawn/Velocity/AddVelocityFromPoint.uasset" 5431
"../../Plugins/FX/Niagara/Content/Modules/Spawn/Velocity/AddVelocityInCone.uasset" 5432
"../../Plugins/FX/Niagara/Content/Modules/Spawn/Velocity/LinearForce.uasset" 5433
"../../Plugins/FX/Niagara/Content/Modules/Spawn/Velocity/PointForce.uasset" 5434
"../../Plugins/FX/Niagara/Content/Modules/Spawn/Velocity/ScaleVelocity.uasset" 5435
"../../Plugins/FX/Niagara/Content/Modules/Spawn/Velocity/StaticMeshVelocity.uasset" 5436
"../../Plugins/FX/Niagara/Content/Modules/System/SystemLifeCycle.uasset" 5437
"../../Plugins/FX/Niagara/Content/Modules/System/SystemState.uasset" 5438
"../../Plugins/FX/Niagara/Content/Modules/Update/Camera/CameraOffset.uasset" 5439
"../../Plugins/FX/Niagara/Content/Modules/Update/Camera/MaintainInCameraParticleScale.uasset" 5440
"../../Plugins/FX/Niagara/Content/Modules/Update/Color/Color.uasset" 5441
"../../Plugins/FX/Niagara/Content/Modules/Update/Color/ScaleColor.uasset" 5442
"../../Plugins/FX/Niagara/Content/Modules/Update/Camera/ScaleAttributesByCameraDistance.uasset" 5443
"../../Plugins/FX/Niagara/Content/Modules/Update/Color/ScaleColorBySpeed.uasset" 5444
"../../Plugins/FX/Niagara/Content/Modules/Update/Color/ScaleColorByVelocity.uasset" 5445
"../../Plugins/FX/Niagara/Content/Modules/Update/Forces/AccelerationForce.uasset" 5446
"../../Plugins/FX/Niagara/Content/Modules/Update/Forces/CurlNoiseForce.uasset" 5447
"../../Plugins/FX/Niagara/Content/Modules/Update/Forces/CalculateMassByVolume.uasset" 5448
"../../Plugins/FX/Niagara/Content/Modules/Update/Forces/Drag.uasset" 5449
"../../Plugins/FX/Niagara/Content/Modules/Update/Forces/DragForce.uasset" 5450
"../../Plugins/FX/Niagara/Content/Modules/Update/Forces/ENiagaraMassByVolume.uasset" 5451
"../../Plugins/FX/Niagara/Content/Modules/Update/Forces/ENiagaraMassCalculationForRendererTypes.uasset" 5452
"../../Plugins/FX/Niagara/Content/Modules/Update/Forces/FindKineticAndPotentialEnergy.uasset" 5453
"../../Plugins/FX/Niagara/Content/Modules/Update/Forces/ENiagaraMinOrMax.uasset" 5454
"../../Plugins/FX/Niagara/Content/Modules/Update/Forces/GravityForce.uasset" 5455
"../../Plugins/FX/Niagara/Content/Modules/Update/Forces/LimitForce.uasset" 5456
"../../Plugins/FX/Niagara/Content/Modules/Update/Forces/LineAttractionForce.uasset" 5457
"../../Plugins/FX/Niagara/Content/Modules/Update/Forces/PointAttractionForce.uasset" 5458
"../../Plugins/FX/Niagara/Content/Modules/Update/Forces/VectorNoiseForce.uasset" 5459
"../../Plugins/FX/Niagara/Content/Modules/Update/Forces/SpringForce.uasset" 5460
"../../Plugins/FX/Niagara/Content/Modules/Update/Forces/VortexForce.uasset" 5461
"../../Plugins/FX/Niagara/Content/Modules/Update/Forces/WindForce.uasset" 5462
"../../Plugins/FX/Niagara/Content/Modules/Update/Forces/V2/CurlNoiseForce.uasset" 5463
"../../Plugins/FX/Niagara/Content/Modules/Update/Forces/V2/PointAttractionForce.uasset" 5464
"../../Plugins/FX/Niagara/Content/Modules/Update/Lifetime/KillParticles.uasset" 5465
"../../Plugins/FX/Niagara/Content/Modules/Update/Lifetime/KillParticlesInVolume.uasset" 5466
"../../Plugins/FX/Niagara/Content/Modules/Update/Lifetime/UpdateAge.uasset" 5467
"../../Plugins/FX/Niagara/Content/Modules/Update/Lifetime/ParticleState.uasset" 5468
"../../Plugins/FX/Niagara/Content/Modules/Update/Mass/CalculateMassAndRotationalInertiaByVolume.uasset" 5469
"../../Plugins/FX/Niagara/Content/Modules/Update/Mass/CalculateMassByVolume.uasset" 5470
"../../Plugins/FX/Niagara/Content/Modules/Update/Mass/CalculateSizeAndRotationalInertiaByMass.uasset" 5471
"../../Plugins/FX/Niagara/Content/Modules/Update/Mass/CalculateSizeByMass.uasset" 5472
"../../Plugins/FX/Niagara/Content/Modules/Update/Mass/UpdateVelocityOnMassChange.uasset" 5473
"../../Plugins/FX/Niagara/Content/Modules/Update/Material/DynamicMaterialParameters.uasset" 5474
"../../Plugins/FX/Niagara/Content/Modules/Update/Material/DynamicMatParams.uasset" 5475
"../../Plugins/FX/Niagara/Content/Modules/Update/Material/DynamicMatParams2.uasset" 5476
"../../Plugins/FX/Niagara/Content/Modules/Update/Material/DynamicMatParams3.uasset" 5477
"../../Plugins/FX/Niagara/Content/Modules/Update/Material/ParticleColorParams.uasset" 5478
"../../Plugins/FX/Niagara/Content/Modules/Update/MeshInterface/SampleSkeletalMesh.uasset" 5479
"../../Plugins/FX/Niagara/Content/Modules/Update/MeshInterface/Update_MeshReproductionSprite.uasset" 5480
"../../Plugins/FX/Niagara/Content/Modules/Update/Orientation/AlignSpriteToMeshOrientation.uasset" 5481
"../../Plugins/FX/Niagara/Content/Modules/Update/Orientation/GenerateMeshTorque.uasset" 5482
"../../Plugins/FX/Niagara/Content/Modules/Update/Orientation/GenerateTorque.uasset" 5483
"../../Plugins/FX/Niagara/Content/Modules/Update/Orientation/InitialMeshRotationRate.uasset" 5484
"../../Plugins/FX/Niagara/Content/Modules/Update/Orientation/MeshLookAt.uasset" 5485
"../../Plugins/FX/Niagara/Content/Modules/Update/Orientation/MeshRotationForce.uasset" 5486
"../../Plugins/FX/Niagara/Content/Modules/Update/Orientation/MeshRotationRate.uasset" 5487
"../../Plugins/FX/Niagara/Content/Modules/Update/Orientation/SpriteRotationRate.uasset" 5488
"../../Plugins/FX/Niagara/Content/Modules/Update/Orientation/OrientMeshToVector.uasset" 5489
"../../Plugins/FX/Niagara/Content/Modules/Update/Orientation/V2/MeshRotationForce.uasset" 5490
"../../Plugins/FX/Niagara/Content/Modules/Update/Orientation/V2/OrientMeshToCamera.uasset" 5491
"../../Plugins/FX/Niagara/Content/Modules/Update/Orientation/V2/OrientMeshToVector.uasset" 5492
"../../Plugins/FX/Niagara/Content/Modules/Update/Orientation/V2/UpdateMeshOrientation.uasset" 5493
"../../Plugins/FX/Niagara/Content/Modules/Update/Orientation/V3/UpdateMeshOrientation.uasset" 5494
"../../Plugins/FX/Niagara/Content/Modules/Update/Position/ConstrainPositionToPlane.uasset" 5495
"../../Plugins/FX/Niagara/Content/Modules/Update/Position/InheritSourceMovement.uasset" 5496
"../../Plugins/FX/Niagara/Content/Modules/Update/Position/JitterPosition.uasset" 5497
"../../Plugins/FX/Niagara/Content/Modules/Update/Position/RecreateCameraProjection.uasset" 5498
"../../Plugins/FX/Niagara/Content/Modules/Update/Position/Update_MS_VertexAnimationTools_MorphTargets.uasset" 5499
"../../Plugins/FX/Niagara/Content/Modules/Update/Renderers/SetAlternateRendererBindings.uasset" 5500
"../../Plugins/FX/Niagara/Content/Modules/Update/Renderers/Sprite/SpriteFacingAndAlignment.uasset" 5501
"../../Plugins/FX/Niagara/Content/Modules/Update/Size/MeshSizeScale.uasset" 5502
"../../Plugins/FX/Niagara/Content/Modules/Update/Size/ScaleMeshSize.uasset" 5503
"../../Plugins/FX/Niagara/Content/Modules/Update/Size/ScaleMeshSizeBySpeed.uasset" 5504
"../../Plugins/FX/Niagara/Content/Modules/Update/Size/ScaleSpriteSize.uasset" 5505
"../../Plugins/FX/Niagara/Content/Modules/Update/Size/ScaleSpriteSizeBySpeed.uasset" 5506
"../../Plugins/FX/Niagara/Content/Modules/Update/Size/SpriteSizeScale.uasset" 5507
"../../Plugins/FX/Niagara/Content/Modules/Update/Size/SpriteSizeScaleBySpeed.uasset" 5508
"../../Plugins/FX/Niagara/Content/Modules/Update/Size/SpriteSizeScaleByVelocity.uasset" 5509
"../../Plugins/FX/Niagara/Content/Modules/Update/Splines/SampleBezierSpline.uasset" 5510
"../../Plugins/FX/Niagara/Content/Modules/Update/Splines/SampleBezierSplineLocationAndTangent.uasset" 5511
"../../Plugins/FX/Niagara/Content/Modules/Update/StateChange/TimeBasedStateMachine.uasset" 5512
"../../Plugins/FX/Niagara/Content/Modules/Update/SubUV/SubUVAnimation.uasset" 5513
"../../Plugins/FX/Niagara/Content/Modules/Update/Material/DynamicMatParams1.uasset" 5514
"../../Plugins/FX/Niagara/Content/Modules/Update/SubUV/V2/SubUVAnimation.uasset" 5515
"../../Plugins/FX/Niagara/Content/Modules/Update/Textures/SamplePseudoVolumeTexture.uasset" 5516
"../../Plugins/FX/Niagara/Content/Modules/Update/Textures/SampleTexture.uasset" 5517
"../../Plugins/FX/Niagara/Content/Modules/Update/Textures/SubUV_TextureSample.uasset" 5518
"../../Plugins/FX/Niagara/Content/Modules/Update/Textures/WorldAlignedTextureSample.uasset" 5519
"../../Plugins/FX/Niagara/Content/Modules/Update/Utility/ApplyOwnerScaleToAttributes.uasset" 5520
"../../Plugins/FX/Niagara/Content/Modules/Update/Utility/DoOnce.uasset" 5521
"../../Plugins/FX/Niagara/Content/Modules/Update/Utility/EmitterFrameCounter.uasset" 5522
"../../Plugins/FX/Niagara/Content/Modules/Update/Utility/FrameCounter.uasset" 5523
"../../Plugins/FX/Niagara/Content/Modules/Update/Utility/IncrementOverTime.uasset" 5524
"../../Plugins/FX/Niagara/Content/Modules/Update/Utility/InterpolateOverTime.uasset" 5525
"../../Plugins/FX/Niagara/Content/Modules/Update/Utility/TemporalLerp_Float.uasset" 5526
"../../Plugins/FX/Niagara/Content/Modules/Update/Utility/TemporalLerp_Vector.uasset" 5527
"../../Plugins/FX/Niagara/Content/Modules/Update/Utility/LerpParticleAttributes.uasset" 5528
"../../Plugins/FX/Niagara/Content/Modules/Update/Velocity/AlignVelocityToRandomAxis.uasset" 5529
"../../Plugins/FX/Niagara/Content/Modules/Update/Utility/Timeline.uasset" 5530
"../../Plugins/FX/Niagara/Content/Modules/Update/Velocity/InheritVelocity.uasset" 5531
"../../Plugins/FX/Niagara/Content/Modules/Update/Velocity/ScaleVelocity.uasset" 5532
"../../Plugins/FX/Niagara/Content/Modules/Update/Velocity/VortexVelocity.uasset" 5533
"../../Plugins/FX/Niagara/Content/Noise/SampleCurlNoiseField.uasset" 5534
"../../Plugins/FX/Niagara/Content/Noise/Waveform.uasset" 5535
"../../Plugins/FX/Niagara/Content/ParameterDefinitions/CoreParameterDefinitions.uasset" 5536
"../../Plugins/FX/Niagara/Content/ParameterDefinitions/CoreParameters.uasset" 5537
"../../Plugins/FX/Niagara/Content/ParameterDefinitions/LightRenderer.uasset" 5538
"../../Plugins/FX/Niagara/Content/ParameterDefinitions/RibbonRenderer.uasset" 5539
"../../Plugins/FX/Niagara/Content/VectorFields/ApplyLocalInverseTransform.uasset" 5540
"../../Plugins/FX/Niagara/Content/ParameterDefinitions/SpriteRenderer.uasset" 5541
"../../Plugins/FX/Niagara/Content/ParameterDefinitions/MeshRenderer.uasset" 5542
"../../Plugins/FX/Niagara/Content/VectorFields/ApplyLocalTransform.uasset" 5543
"../../Plugins/FX/Niagara/Content/VectorFields/ApplyVectorField.uasset" 5544
"../../Plugins/FX/Niagara/Content/VectorFields/ComposeSystemAndLocalTransform.uasset" 5545
"../../Plugins/FX/Niagara/Content/VectorFields/ConstructBoundingBoxForVectorField.uasset" 5546
"../../Plugins/FX/Niagara/Content/VectorFields/DistributeArrowsForVectorField.uasset" 5547
"../../Plugins/FX/Niagara/Content/VectorFields/GetVectorFieldProperties.uasset" 5548
"../../Plugins/FX/Niagara/Content/VectorFields/SampleVectorField.uasset" 5549
"../../Plugins/FX/Niagara/Content/VectorFields/VectorFieldArrowEmitter.uasset" 5550
"../../Plugins/FX/Niagara/Content/VectorFields/VectorFieldBoundingBoxEmitter.uasset" 5551
"../../Plugins/FX/Niagara/Content/VectorFields/VectorFieldParticleEmitter.uasset" 5552
"../../Plugins/FX/Niagara/Content/VectorFields/VectorFieldVisualizationSystem.uasset" 5553
"../../Plugins/FX/Niagara/Content/VectorFields/Assets/TilingCurl16.uasset" 5554
"../../Plugins/FX/Niagara/Content/VectorFields/Assets/TilingCurl32.uasset" 5555
"../../Plugins/FX/Niagara/Content/VectorFields/Assets/TilingCurl64.uasset" 5556
"../../Plugins/FX/Niagara/Content/VectorFields/Assets/VectorFieldTestRandomInwardRotation.uasset" 5557
"../../Plugins/FX/Niagara/Content/VectorFields/Assets/VectorFieldTestRepelInwards.uasset" 5558
"../../Plugins/FX/Niagara/Content/VectorFields/Assets/VectorFieldTestRepelOutwards.uasset" 5559
"../../Plugins/FX/Niagara/Content/VectorFields/Assets/VectorFieldTestRotateClockwise.uasset" 5560
"../../Plugins/FX/Niagara/Content/VectorFields/Assets/VectorFieldTestRotateCounterClockwise.uasset" 5561
"../../Plugins/FX/Niagara/Content/VectorFields/Assets/VectorFieldTestSpiralCounterClockwiseUpwards.uasset" 5562
"../../Plugins/FX/Niagara/Content/VectorFields/Assets/VectorFieldTestX.uasset" 5563
"../../Plugins/FX/Niagara/Content/VectorFields/Assets/VectorFieldTestY.uasset" 5564
"../../Plugins/Experimental/ChaosNiagara/Content/ChaosDestructionListenerActor.uasset" 5565
"../../Plugins/FX/Niagara/Content/VectorFields/Assets/VectorFieldTestZ.uasset" 5566
"../../Plugins/Experimental/ChaosNiagara/Content/Modules/ApplyChaosData.uasset" 5567
"../../Plugins/Experimental/ChaosNiagara/Content/Modules/SpawnFromChaos.uasset" 5568
"../../Plugins/Experimental/GeometryCollectionPlugin/Content/InMaterial.uasset" 5569
"../../Plugins/Experimental/GeometryCollectionPlugin/Content/SelectedGeometryMaterial.uasset" 5570
"../../Plugins/Media/MediaCompositing/Content/DefaultMediaPlaneMaterial.uasset" 5571
"../../Plugins/Media/MediaCompositing/Content/DefaultMediaPlaneTexture.uasset" 5572
"../../Plugins/Runtime/OpenXR/Content/Devices/HPMixedReality/BaseTexture.uasset" 5573
"../../Plugins/Runtime/OpenXR/Content/Devices/HPMixedReality/EmissiveTexture.uasset" 5574
"../../Plugins/Runtime/OpenXR/Content/Devices/HPMixedReality/MI_HPMixedReality.uasset" 5575
"../../Plugins/Runtime/OpenXR/Content/Devices/HPMixedReality/MRTexture.uasset" 5576
"../../Plugins/Runtime/OpenXR/Content/Devices/HPMixedReality/NormalTexture.uasset" 5577
"../../Plugins/Runtime/OpenXR/Content/Devices/HPMixedReality/Left/left_HPMixedRealityController.uasset" 5578
"../../Plugins/Runtime/OpenXR/Content/Devices/HPMixedReality/Right/right_HPMixedRealityController.uasset" 5579
"../../Plugins/Runtime/OpenXR/Content/Devices/HTCViveCosmos/BaseTexture.uasset" 5580
"../../Plugins/Runtime/OpenXR/Content/Devices/HTCViveCosmos/EmissiveTexture.uasset" 5581
"../../Plugins/Runtime/OpenXR/Content/Devices/HTCViveCosmos/MI_HTCViveCosmos.uasset" 5582
"../../Plugins/Runtime/OpenXR/Content/Devices/HTCViveCosmos/MRTexture.uasset" 5583
"../../Plugins/Runtime/OpenXR/Content/Devices/HTCViveCosmos/Left/left_HTCViveCosmosController.uasset" 5584
"../../Plugins/Runtime/OpenXR/Content/Devices/HTCViveCosmos/Right/right_HTCViveCosmosController.uasset" 5585
"../../Plugins/Runtime/OpenXR/Content/Devices/HTCViveFocus/BaseTexture_2.uasset" 5586
"../../Plugins/Runtime/OpenXR/Content/Devices/HTCViveFocus/HTCViveFocusController.uasset" 5587
"../../Plugins/Runtime/OpenXR/Content/Devices/HTCViveFocus/BaseTexture_1.uasset" 5588
"../../Plugins/Runtime/OpenXR/Content/Devices/HTCViveFocus/MI_HTCViveFocus_01.uasset" 5589
"../../Plugins/Runtime/OpenXR/Content/Devices/HTCViveFocus/MI_HTCViveFocus_02.uasset" 5590
"../../Plugins/Runtime/OpenXR/Content/Devices/HTCViveFocusPlus/BaseTexture.uasset" 5591
"../../Plugins/Runtime/OpenXR/Content/Devices/HTCViveFocusPlus/HTCViveFocusPlusController.uasset" 5592
"../../Plugins/Runtime/OpenXR/Content/Devices/HTCViveFocusPlus/MI_HTCViveFocusPlus.uasset" 5593
"../../Plugins/Runtime/OpenXR/Content/Devices/MagicLeapOne/MI_MagicLeapOne.uasset" 5594
"../../Plugins/Runtime/OpenXR/Content/Devices/MagicLeapOne/MagicLeapOneController.uasset" 5595
"../../Plugins/Runtime/OpenXR/Content/Devices/MagicLeapOne/NormalTexture.uasset" 5596
"../../Plugins/Runtime/OpenXR/Content/Devices/PicoG2/BaseTexture.uasset" 5597
"../../Plugins/Runtime/OpenXR/Content/Devices/PicoG2/MI_PicoG2.uasset" 5598
"../../Plugins/Runtime/OpenXR/Content/Devices/PicoG2/PicoG2Controller.uasset" 5599
"../../Plugins/Runtime/OpenXR/Content/Devices/PicoNeo2/BaseTexture.uasset" 5600
"../../Plugins/Runtime/OpenXR/Content/Devices/PicoNeo2/MI_PicoNeo2.uasset" 5601
"../../Plugins/Runtime/OpenXR/Content/Devices/PicoNeo2/Left/left_PicoNeo2Controller.uasset" 5602
"../../Plugins/Runtime/OpenXR/Content/Devices/PicoNeo2/Right/right_PicoNeo2Controller.uasset" 5603
"../../Plugins/Runtime/OpenXR/Content/Devices/SamsungGearVR/BaseTextures.uasset" 5604
"../../Plugins/Runtime/OpenXR/Content/Devices/SamsungGearVR/MI_SamsungGearVR.uasset" 5605
"../../Plugins/Runtime/OpenXR/Content/Devices/SamsungGearVR/SamsungGearVRController.uasset" 5606
"../../Plugins/Runtime/OpenXR/Content/Devices/SamsungOdyssey/BaseTexture.uasset" 5607
"../../Plugins/Runtime/OpenXR/Content/Devices/SamsungOdyssey/EmissiveTexture.uasset" 5608
"../../Plugins/Runtime/OpenXR/Content/Devices/SamsungOdyssey/MI_SamsungOdyssey.uasset" 5609
"../../Plugins/Runtime/OpenXR/Content/Devices/SamsungOdyssey/MRTexture.uasset" 5610
"../../Plugins/Runtime/OpenXR/Content/Devices/SamsungOdyssey/NormalTexture.uasset" 5611
"../../Plugins/Runtime/OpenXR/Content/Devices/SamsungOdyssey/Left/left_SamsungOdysseyController.uasset" 5612
"../../Plugins/Runtime/OpenXR/Content/Devices/SamsungOdyssey/Right/right_SamsungOdysseyController.uasset" 5613
"../../Plugins/VirtualProduction/Takes/Content/Sequencer/DefaultTakeBurnIn.uasset" 5614
"../../Plugins/VirtualProduction/Takes/Content/UMG/DefaultCountdownMaterial.uasset" 5615
"../../Plugins/VirtualProduction/Takes/Content/UMG/DefaultOverlayCircles.uasset" 5616
"../../Plugins/VirtualProduction/Takes/Content/UMG/DefaultRecordingOverlay.uasset" 5617
"C:/Users/minukey/AppData/Local/UnrealEngine/Common/DerivedDataCache/2/4/2/TEXTURE_E01F4250BECD420DA9CE63B5EECEC2C2_BGRA8_E0BB873C41596969FBA2848A3219077__7C4141384328C8C9EE89DA5FC6B4807119283AE9.udd" 5618
"../../../Engine/Plugins/2D/Paper2D/Content/TranslucentUnlitSpriteMaterial.uasset" 5619
"C:/Users/minukey/AppData/Local/UnrealEngine/Common/DerivedDataCache/4/1/9/TEXTURE_E01F4250BECD420DA9CE63B5EECEC2C2_OODLE_AUTODXT_11_E2307AFA4FF3540BAC9D__4A40AE3E89DB5E7C2DACD0AE6F7E7725EAA0CB5D.udd" 5620
"C:/Users/minukey/AppData/Local/UnrealEngine/Common/DerivedDataCache/5/6/0/TEXTURE_E01F4250BECD420DA9CE63B5EECEC2C2_OODLE_AUTODXT_11_6749FE5E49DB8FAED5CC__C87D1FD7EFEEC3B697DEF38C193484DF6271167F.udd" 5621
"C:/Users/minukey/AppData/Local/UnrealEngine/Common/DerivedDataCache/3/9/5/TEXTURE_E01F4250BECD420DA9CE63B5EECEC2C2_OODLE_AUTODXT_11_1EB7547C4F1317828028__C18746952BE1B3212ADC8394C19EC7A24794306D.udd" 5622
"C:/Users/minukey/AppData/Local/UnrealEngine/Common/DerivedDataCache/3/0/2/TEXTURE_E01F4250BECD420DA9CE63B5EECEC2C2_OODLE_AUTODXT_11_7A68E7094EC6E675494D__8B0A1DD65FB491412CDFC4AF8BB1807F1011B61A.udd" 5623
"C:/Users/minukey/AppData/Local/UnrealEngine/Common/DerivedDataCache/7/6/8/TEXTURE_E01F4250BECD420DA9CE63B5EECEC2C2_OODLE_AUTODXT_11_489A77BD4EFA55FBA9E4__532E118290CF022DCD84AAA05C85EB4EE9C5ED19.udd" 5624
"C:/Users/minukey/AppData/Local/UnrealEngine/Common/DerivedDataCache/5/2/0/TEXTURE_E01F4250BECD420DA9CE63B5EECEC2C2_OODLE_AUTODXT_11_6E7A9E7A432A480B661C__9405B87824C4AF6E8B4A36B1A4CFB939C22CAE3A.udd" 5625
"C:/Users/minukey/AppData/Local/UnrealEngine/Common/DerivedDataCache/3/0/4/TEXTURE_E01F4250BECD420DA9CE63B5EECEC2C2_OODLE_AUTODXT_11_23DE68C34CD4F7D9DB8A__36A70CAA9FD5CBD3FABFE79237CA7DCEE570ED36.udd" 5626
"C:/Users/minukey/AppData/Local/UnrealEngine/Common/DerivedDataCache/8/3/3/TEXTURE_E01F4250BECD420DA9CE63B5EECEC2C2_OODLE_AUTODXT_11_D3FB3ECC4C78D9AEB8E7__CD77760A9460EE3249042FFE9A8051E097B1B3DD.udd" 5627
"C:/Users/minukey/AppData/Local/UnrealEngine/Common/DerivedDataCache/9/2/1/TEXTURE_E01F4250BECD420DA9CE63B5EECEC2C2_OODLE_AUTODXT_11_521D222E45B707D992E1__84F9B04F6A55FAD8A8ECB9A054A6268B4CB23822.udd" 5628
"C:/Users/minukey/AppData/Local/UnrealEngine/Common/DerivedDataCache/4/1/4/TEXTURE_E01F4250BECD420DA9CE63B5EECEC2C2_OODLE_AUTODXT_11_705C294F4EF439CC6BF7__3CF3297D06F49AAF11056AEF6A368C78BF9F957A.udd" 5629
"C:/Users/minukey/AppData/Local/UnrealEngine/Common/DerivedDataCache/5/4/2/TEXTURE_E01F4250BECD420DA9CE63B5EECEC2C2_BGRA8_32F444C64772EA56D0963BA8C7C223D__34840E77CCD673649AE5463031D4788BBC515EBD.udd" 5630
"C:/Users/minukey/AppData/Local/UnrealEngine/Common/DerivedDataCache/0/1/7/TEXTURE_E01F4250BECD420DA9CE63B5EECEC2C2_BGRA8_A738DAB5464321EBD7874FBE00260FC__8012A2A916966FFAE3EEB3B409B061C355D87FF9.udd" 5631
"C:/Users/minukey/AppData/Local/UnrealEngine/Common/DerivedDataCache/7/5/9/TEXTURE_E01F4250BECD420DA9CE63B5EECEC2C2_BGRA8_6FA3D20B49F74D57EA7861BDB521A2D__B23CCFF3C2FB5BBB9B00A1DE926EFC158E95CDD4.udd" 5632
"C:/Users/minukey/AppData/Local/UnrealEngine/Common/DerivedDataCache/9/2/3/TEXTURE_E01F4250BECD420DA9CE63B5EECEC2C2_BGRA8_FED3F93D4D5E18EA3710ECAD08573B8__D1064C82F1CB2D07FAF473A6D6CD4CEE09789707.udd" 5633
"C:/Users/minukey/AppData/Local/UnrealEngine/Common/DerivedDataCache/4/9/0/TEXTURE_E01F4250BECD420DA9CE63B5EECEC2C2_BGRA8_48EC4A85481B012A7255EB87AF5FDC7__8BFB745C51FA8F3CF6363944BB6624E35284BA72.udd" 5634
"C:/Users/minukey/AppData/Local/UnrealEngine/Common/DerivedDataCache/3/3/2/TEXTURE_E01F4250BECD420DA9CE63B5EECEC2C2_BGRA8_F7C62E7C42C10876473E95929931344__3559714A3C784D595E7964B2AE03947D92B1709C.udd" 5635
"C:/Users/minukey/AppData/Local/UnrealEngine/Common/DerivedDataCache/8/4/1/TEXTURE_E01F4250BECD420DA9CE63B5EECEC2C2_BGRA8_C2EE160941CB441082F5A28B0B89331__90708D0002524943CE085C075D59503DB145241B.udd" 5636
"C:/Users/minukey/AppData/Local/UnrealEngine/Common/DerivedDataCache/0/6/5/TEXTURE_E01F4250BECD420DA9CE63B5EECEC2C2_BGRA8_891E7FD64189E57420B8349836AEA2C__DE379B131F97F15B550F94970CDB626A3A15DA86.udd" 5637
"C:/Users/minukey/AppData/Local/UnrealEngine/Common/DerivedDataCache/7/5/2/TEXTURE_E01F4250BECD420DA9CE63B5EECEC2C2_BGRA8_697C9C7543D21732FC64838257C8712__ACE243825191973497E14683E6B40ACC5D4A71DC.udd" 5638
"C:/Users/minukey/AppData/Local/UnrealEngine/Common/DerivedDataCache/5/8/9/TEXTURE_E01F4250BECD420DA9CE63B5EECEC2C2_BGRA8_A7D6645F4D5879E82A1CDA9B83E209E__5989405AA7E88D72B128397B8F0640C0572731E3.udd" 5639
"C:/Users/minukey/AppData/Local/UnrealEngine/Common/DerivedDataCache/2/7/4/TEXTURE_E01F4250BECD420DA9CE63B5EECEC2C2_BGRA8_2B047AA240B4E92F16ABEFB16DE7EAF__1F8ED65D6C8A6B93EF8A275777F9F2B5F00D7859.udd" 5640
"C:/Users/minukey/AppData/Local/UnrealEngine/Common/DerivedDataCache/8/5/0/TEXTURE_E01F4250BECD420DA9CE63B5EECEC2C2_BGRA8_53F0C78841355870C6225AA491F7CBE__88DC061EC683EAB9A8C5B822B9E1528610ABB29C.udd" 5641
"C:/Users/minukey/AppData/Local/UnrealEngine/Common/DerivedDataCache/2/0/3/AUDIO_0005_0000_OGG10000$2D1$2D1$2D1$2D1$2D1_0004_2797D45540F8AA24FD11F4A8D9307623.udd" 5642
"C:/Users/minukey/AppData/Local/UnrealEngine/Common/DerivedDataCache/6/0/6/AUDIO_0005_0000_OGG10000$2D1$2D1$2D1$2D1$2D1_0004_40902EFC44C74D79B793D1BF4ADD05A2.udd" 5643
"C:/Users/minukey/AppData/Local/UnrealEngine/Common/DerivedDataCache/0/6/7/AUDIO_0005_0000_OGG10000$2D1$2D1$2D1$2D1$2D1_0004_B188F1D446220F49327F3E94D3029B14.udd" 5644
"C:/Users/minukey/AppData/Local/UnrealEngine/Common/DerivedDataCache/4/6/3/AUDIO_0005_0000_OGG10000$2D1$2D1$2D1$2D1$2D1_0004_AC687B7C46494791FB3C8F9BD70A7F44.udd" 5645
"C:/Users/minukey/AppData/Local/UnrealEngine/Common/DerivedDataCache/6/0/3/AUDIO_0005_0000_OGG10000$2D1$2D1$2D1$2D1$2D1_0004_0D17139C40F140A21B3EC9A27D0299C3.udd" 5646
"C:/Users/minukey/AppData/Local/UnrealEngine/Common/DerivedDataCache/9/3/2/AUDIO_0005_0000_OGG10000$2D1$2D1$2D1$2D1$2D1_0004_5481942242F4FF03348C128235DFF914.udd" 5647
"C:/Users/minukey/AppData/Local/UnrealEngine/Common/DerivedDataCache/6/9/5/AUDIO_0005_0000_OGG10000$2D1$2D1$2D1$2D1$2D1_0004_E737F22B46249075B1B212BC79C452FB.udd" 5648
"C:/Users/minukey/AppData/Local/UnrealEngine/Common/DerivedDataCache/7/8/0/AUDIO_0005_0000_OGG10000$2D1$2D1$2D1$2D1$2D1_0004_5E9C74CB448A32EFADB85AA550F371C9.udd" 5649
"C:/Users/minukey/AppData/Local/UnrealEngine/Common/DerivedDataCache/4/0/2/AUDIO_0005_0000_OGG10000$2D1$2D1$2D1$2D1$2D1_0004_A3D898C049053A8BAA7B1DACD56D9DE1.udd" 5650
"C:/Users/minukey/AppData/Local/UnrealEngine/Common/DerivedDataCache/2/4/1/AUDIO_0005_0000_OGG10000$2D1$2D1$2D1$2D1$2D1_0004_C611A3AF464E5160798E99B5104392F5.udd" 5651
"C:/Users/minukey/AppData/Local/UnrealEngine/Common/DerivedDataCache/1/2/8/AUDIO_0005_0000_OGG10000$2D1$2D1$2D1$2D1$2D1_0004_D98BA91D49074F5486D78B93773803A1.udd" 5652
"C:/Users/minukey/AppData/Local/UnrealEngine/Common/DerivedDataCache/0/9/6/TEXTURE_E01F4250BECD420DA9CE63B5EECEC2C2_BGRA8_FFD867EB473DBBA468592CAFCF9B507__8C64383BD292B0660D26DCAB78D973D33D4259CE.udd" 5653
"C:/Users/minukey/AppData/Local/UnrealEngine/Common/DerivedDataCache/4/5/2/STREAMEDAUDIO_BC6E92FBBD314E3B9B9EC6778749EB5E_OGG10000$2D1$2D1$2D1$2D1$2D1_4_2797D45540F8AA24FD11F4A8D9307623.udd" 5654
"C:/Users/minukey/AppData/Local/UnrealEngine/Common/DerivedDataCache/4/5/3/TEXTURE_E01F4250BECD420DA9CE63B5EECEC2C2_BGRA8_BFE8C6B54FFA378118E144BEF72B41B__D24FE7A09FC1E34163567AA8B52EC57A0E67A65C.udd" 5655
"C:/Users/minukey/AppData/Local/UnrealEngine/Common/DerivedDataCache/2/8/8/TEXTURE_E01F4250BECD420DA9CE63B5EECEC2C2_BGRA8_C96320BB44D54B183841F5A0F2D07D0__D55532187152B8059AF8BDEEBCE1BCD40210A652.udd" 5656
"C:/Users/minukey/AppData/Local/UnrealEngine/Common/DerivedDataCache/1/5/8/TEXTURE_E01F4250BECD420DA9CE63B5EECEC2C2_BGRA8_0C734E87486A71CDB3D9E6B15F69FB8__5BD824F74CA78B8484D6D6AB92C4F58B05329FDA.udd" 5657
"C:/Users/minukey/AppData/Local/UnrealEngine/Common/DerivedDataCache/7/6/5/TEXTURE_E01F4250BECD420DA9CE63B5EECEC2C2_BGRA8_73E0FA364E4274187497149FBDCC7CC__765E310361C1355F7C29C8A7BCEB2B2BE8F8BF84.udd" 5658
"C:/Users/minukey/AppData/Local/UnrealEngine/Common/DerivedDataCache/0/9/6/TEXTURE_E01F4250BECD420DA9CE63B5EECEC2C2_OODLE_AUTODXT_11_064171A24DCB2F679B0D__0FA77E61202485642F990EDAFD30B06B2568FF27.udd" 5659
"C:/Users/minukey/AppData/Local/UnrealEngine/Common/DerivedDataCache/7/9/8/TEXTURE_E01F4250BECD420DA9CE63B5EECEC2C2_BGRA8_88F285CB4522E23125C99B89C03D30E__FAA04469523EC19A680C695FEE58F463F040AA2C.udd" 5660
"C:/Users/minukey/AppData/Local/UnrealEngine/Common/DerivedDataCache/5/7/1/TEXTURE_E01F4250BECD420DA9CE63B5EECEC2C2_BGRA8_8130A35842F0D05B9F5E309C078E541__6C60A449002387074746D6178528C73148E4A919.udd" 5661
"C:/Users/minukey/AppData/Local/UnrealEngine/Common/DerivedDataCache/5/4/3/TEXTURE_E01F4250BECD420DA9CE63B5EECEC2C2_BGRA8_B236FD90446F4FDB158C89AF1E01CBB__40835691DB6FC27D689471232B730291CF215FE5.udd" 5662
"C:/Users/minukey/AppData/Local/UnrealEngine/Common/DerivedDataCache/1/0/7/TEXTURE_E01F4250BECD420DA9CE63B5EECEC2C2_OODLE_AUTODXT_11_79B9B1A9461C04E32524__529EC89957C2EE3697885E46AF2B86E064378C91.udd" 5663
"C:/Users/minukey/AppData/Local/UnrealEngine/Common/DerivedDataCache/7/3/9/TEXTURE_E01F4250BECD420DA9CE63B5EECEC2C2_BGRA8_8B22B735479733A7BB020F881207829__34E885A4F2816035C6BFE6F01A7A5B82963E8216.udd" 5664
"C:/Users/minukey/AppData/Local/UnrealEngine/Common/DerivedDataCache/3/4/8/TEXTURE_E01F4250BECD420DA9CE63B5EECEC2C2_BGRA8_B4276F0245C57F13D8AE3E9D6635F7E__04D8BD86858BBF2DFDE71F250A38D559EF8FA1CC.udd" 5665
"C:/Users/minukey/AppData/Local/UnrealEngine/Common/DerivedDataCache/1/0/7/TEXTURE_E01F4250BECD420DA9CE63B5EECEC2C2_BGRA8_585054DA48EB01A73C8A8995BA0939C__BF020CBD0FB901D767A6FA425D76D0DD6B4D48CA.udd" 5666
"C:/Users/minukey/AppData/Local/UnrealEngine/Common/DerivedDataCache/5/4/9/TEXTURE_E01F4250BECD420DA9CE63B5EECEC2C2_BGRA8_79DBB52D4D0A5C8BD42FED8D143F868__9DC1D4FE190DC7C82AAE52A39EE2A94FEDE65CDD.udd" 5667
"C:/Users/minukey/AppData/Local/UnrealEngine/Common/DerivedDataCache/4/2/5/TEXTURE_E01F4250BECD420DA9CE63B5EECEC2C2_OODLE_AUTODXT_11_754D847B43E9F0C6CF53__AE12C3C2FCE5BC3B2D0461E7C3341A7BE8658E80.udd" 5668
"C:/Users/minukey/AppData/Local/UnrealEngine/Common/DerivedDataCache/1/7/9/TEXTURE_E01F4250BECD420DA9CE63B5EECEC2C2_OODLE_AUTODXT_11_F48815434995DE0AD62A__CCAC117BEE4ABC682D121407501093E9B79EFD67.udd" 5669
"C:/Users/minukey/AppData/Local/UnrealEngine/Common/DerivedDataCache/8/4/6/TEXTURE_E01F4250BECD420DA9CE63B5EECEC2C2_BGRA8_DA0CFC0E4172B5C966F30AB3A945F39__0D16E7630BCD491BFB2CA526E1928B8034B2E650.udd" 5670
"C:/Users/minukey/AppData/Local/UnrealEngine/Common/DerivedDataCache/7/4/6/TEXTURE_E01F4250BECD420DA9CE63B5EECEC2C2_BGRA8_A206C1754B27ECD0C752F29F941C9BE__C4CEABACCBA294A79DB60A6729182FB0690C8901.udd" 5671
"C:/Users/minukey/AppData/Local/UnrealEngine/Common/DerivedDataCache/2/8/7/TEXTURE_E01F4250BECD420DA9CE63B5EECEC2C2_BGRA8_7BA5937744BC666DD0F450B71F6936F__DC80BF0D79DC51BC32529796738BA754A1921FE5.udd" 5672
"C:/Users/minukey/AppData/Local/UnrealEngine/Common/DerivedDataCache/0/8/1/TEXTURE_E01F4250BECD420DA9CE63B5EECEC2C2_BGRA8_3BDC475E4D4D6A6075340A9C1D90868__623A1DDFD8A48DC4461F2E40D00661968ABBBE5D.udd" 5673
"C:/Users/minukey/AppData/Local/UnrealEngine/Common/DerivedDataCache/2/2/8/TEXTURE_E01F4250BECD420DA9CE63B5EECEC2C2_BGRA8_AD392AF142E47C76FECFD888E075790__73F887A8CE71B255CED06E4192F42042803C7797.udd" 5674
"C:/Users/minukey/AppData/Local/UnrealEngine/Common/DerivedDataCache/0/3/3/TEXTURE_E01F4250BECD420DA9CE63B5EECEC2C2_BGRA8_27A2BE5041894555515CA6BDA59A3D5__B93DC662B8CC9903F371B4A7116976514D3B6599.udd" 5675
"C:/Users/minukey/AppData/Local/UnrealEngine/Common/DerivedDataCache/7/5/5/TEXTURE_E01F4250BECD420DA9CE63B5EECEC2C2_OODLE_AUTODXT_11_BA3E380E4A58762EE9D7__DC88D0181E9C5BE5B7D820B4177B9BD70FBFC4EF.udd" 5676
"C:/Users/minukey/AppData/Local/UnrealEngine/Common/DerivedDataCache/5/8/5/TEXTURE_E01F4250BECD420DA9CE63B5EECEC2C2_BGRA8_CE1E46934A616E8897DFC4A81CBDCB4__8E18FE59583BAA85CF0294657111D88ADCABDC3B.udd" 5677
"C:/Users/minukey/AppData/Local/UnrealEngine/Common/DerivedDataCache/9/3/5/TEXTURE_E01F4250BECD420DA9CE63B5EECEC2C2_BGRA8_BF814E204DEBA5A90FC5E3BE258B160__750AA59C7F350B3337D3644757CFF828B49E10D8.udd" 5678
"C:/Users/minukey/AppData/Local/UnrealEngine/Common/DerivedDataCache/1/6/5/TEXTURE_E01F4250BECD420DA9CE63B5EECEC2C2_BGRA8_0F2F786A4CC7B6F2277A878F1A67091__6C5C3F17C775613B098387571CCDEBE9D9A9C318.udd" 5679
"C:/Users/minukey/AppData/Local/UnrealEngine/Common/DerivedDataCache/1/0/4/STREAMEDAUDIO_BC6E92FBBD314E3B9B9EC6778749EB5E_OGG10000$2D1$2D1$2D1$2D1$2D1_4_AC687B7C46494791FB3C8F9BD70A7F44.udd" 5680
"C:/Users/minukey/AppData/Local/UnrealEngine/Common/DerivedDataCache/2/4/6/STREAMEDAUDIO_BC6E92FBBD314E3B9B9EC6778749EB5E_OGG10000$2D1$2D1$2D1$2D1$2D1_4_C611A3AF464E5160798E99B5104392F5.udd" 5681
"C:/Users/minukey/AppData/Local/UnrealEngine/Common/DerivedDataCache/5/1/6/STREAMEDAUDIO_BC6E92FBBD314E3B9B9EC6778749EB5E_OGG10000$2D1$2D1$2D1$2D1$2D1_4_0D17139C40F140A21B3EC9A27D0299C3.udd" 5682
"C:/Users/minukey/AppData/Local/UnrealEngine/Common/DerivedDataCache/7/4/0/STREAMEDAUDIO_BC6E92FBBD314E3B9B9EC6778749EB5E_OGG10000$2D1$2D1$2D1$2D1$2D1_4_B188F1D446220F49327F3E94D3029B14.udd" 5683
"C:/Users/minukey/AppData/Local/UnrealEngine/Common/DerivedDataCache/8/7/3/TEXTURE_E01F4250BECD420DA9CE63B5EECEC2C2_OODLE_AUTODXT_11_242EE3D74FB6D076EDDB__09A20ED58F1E2321041A6962A45533F9E8D56B90.udd" 5684
"C:/Users/minukey/AppData/Local/UnrealEngine/Common/DerivedDataCache/1/5/5/TEXTURE_E01F4250BECD420DA9CE63B5EECEC2C2_OODLE_AUTODXT_11_7F9E3B3F4690BFD50E79__5AE90A6E5A123B5A4050E2EF172E9A79237CA2C3.udd" 5685
"C:/Users/minukey/AppData/Local/UnrealEngine/Common/DerivedDataCache/3/7/3/STREAMEDAUDIO_BC6E92FBBD314E3B9B9EC6778749EB5E_OGG10000$2D1$2D1$2D1$2D1$2D1_4_A3D898C049053A8BAA7B1DACD56D9DE1.udd" 5686
"C:/Users/minukey/AppData/Local/UnrealEngine/Common/DerivedDataCache/6/5/7/STREAMEDAUDIO_BC6E92FBBD314E3B9B9EC6778749EB5E_OGG10000$2D1$2D1$2D1$2D1$2D1_4_40902EFC44C74D79B793D1BF4ADD05A2.udd" 5687
"C:/Users/minukey/AppData/Local/UnrealEngine/Common/DerivedDataCache/0/0/1/TEXTURE_E01F4250BECD420DA9CE63B5EECEC2C2_BGRA8_5D0FD36344F1122B6C533A8FCD45095__8191668EAA1D90752E2BEF1059B1AA78E028B0EB.udd" 5688
"C:/Users/minukey/AppData/Local/UnrealEngine/Common/DerivedDataCache/0/9/5/STREAMEDAUDIO_BC6E92FBBD314E3B9B9EC6778749EB5E_OGG10000$2D1$2D1$2D1$2D1$2D1_4_D98BA91D49074F5486D78B93773803A1.udd" 5689
"C:/Users/minukey/AppData/Local/UnrealEngine/Common/DerivedDataCache/4/1/5/TEXTURE_E01F4250BECD420DA9CE63B5EECEC2C2_BGRA8_04DCBDE34D977C7392CCA9B0F5CDB17__4984F390A45CCC28EF36F9EB8BA4F916E2E1E2F1.udd" 5690
"C:/Users/minukey/AppData/Local/UnrealEngine/Common/DerivedDataCache/2/6/4/TEXTURE_E01F4250BECD420DA9CE63B5EECEC2C2_BGRA8_CCB436744E348CC61F93ACAF4C8E3A3__DE76D5CD03F99365BD00B2D1B5B76F5BCE007D8D.udd" 5691
"C:/Users/minukey/AppData/Local/UnrealEngine/Common/DerivedDataCache/5/1/4/TEXTURE_E01F4250BECD420DA9CE63B5EECEC2C2_BGRA8_A2F9FBCE45162B9D8B0ED989A6BF3BB__3FF0867AA6E6933F9A595E12CF03E1C569472F55.udd" 5692
"C:/Users/minukey/AppData/Local/UnrealEngine/Common/DerivedDataCache/1/0/1/TEXTURE_E01F4250BECD420DA9CE63B5EECEC2C2_BGRA8_34B4E43142A6CD29946831A1700F5FF__E0AAECF2D930F7F9B46A156C7003FD6907BF6E8F.udd" 5693
"C:/Users/minukey/AppData/Local/UnrealEngine/Common/DerivedDataCache/0/4/8/TEXTURE_E01F4250BECD420DA9CE63B5EECEC2C2_BGRA8_3B5B888D46D8D22066CEFAB0E68818A__FCF524F777737B608105983DC854690B3EC51013.udd" 5694
"C:/Users/minukey/AppData/Local/UnrealEngine/Common/DerivedDataCache/2/7/6/TEXTURE_E01F4250BECD420DA9CE63B5EECEC2C2_BGRA8_56A27F334416944AA9BA90B022EA0D7__42BC4060DD05CB4D80858E49BCB8BCE1F9C514B0.udd" 5695
"C:/Users/minukey/AppData/Local/UnrealEngine/Common/DerivedDataCache/6/2/2/TEXTURE_E01F4250BECD420DA9CE63B5EECEC2C2_OODLE_AUTODXT_11_605124CE412EC5CA9E2D__2A539E2CF622AA36EDD8C6D48940C8E0238C49E1.udd" 5696
"C:/Users/minukey/AppData/Local/UnrealEngine/Common/DerivedDataCache/0/9/5/TEXTURE_E01F4250BECD420DA9CE63B5EECEC2C2_BGRA8_BFB4103F4DF376F4D39C0BA4780DCEB__A3D08330AACD9C3CF603A940C8FFDBDB4E61A7CE.udd" 5697
"C:/Users/minukey/AppData/Local/UnrealEngine/Common/DerivedDataCache/8/4/5/TEXTURE_E01F4250BECD420DA9CE63B5EECEC2C2_BGRA8_7ADFE77A4E6861565798CBA8534DB15__0C0F43C6AB02DFC7091722C1DF956013839E3C06.udd" 5698
"C:/Users/minukey/AppData/Local/UnrealEngine/Common/DerivedDataCache/8/0/7/TEXTURE_E01F4250BECD420DA9CE63B5EECEC2C2_BGRA8_12CF54694C0F572024FD419618EDC08__94740A0ADA2F8795EA488B0AD178FF214861A38C.udd" 5699
"C:/Users/minukey/AppData/Local/UnrealEngine/Common/DerivedDataCache/9/0/1/TEXTURE_E01F4250BECD420DA9CE63B5EECEC2C2_BGRA8_14B2D3994E4B614F3B37ECA4311B649__8441708749B099F41691115AAC4D6EB27E63F91A.udd" 5700
"C:/Users/minukey/AppData/Local/UnrealEngine/Common/DerivedDataCache/3/2/4/TEXTURE_E01F4250BECD420DA9CE63B5EECEC2C2_BGRA8_FBEBBCD8431CFFB77B00688BBD39AC5__DA26349144574BBCFD377FEBA812631CE52E1C49.udd" 5701
"C:/Users/minukey/AppData/Local/UnrealEngine/Common/DerivedDataCache/3/1/8/TEXTURE_E01F4250BECD420DA9CE63B5EECEC2C2_BGRA8_6EDF069D401D9C7EB77A2DB7A9BDB78__CE9ECB4AF5C3C2596AE5255F22200DE481022159.udd" 5702
"C:/Users/minukey/AppData/Local/UnrealEngine/Common/DerivedDataCache/7/1/0/TEXTURE_E01F4250BECD420DA9CE63B5EECEC2C2_BGRA8_25DE2DAF4177C71A2C0834ABB3820FE__756769910FBE50F9BE6F042199431F4EAD899A1F.udd" 5703
"C:/Users/minukey/AppData/Local/UnrealEngine/Common/DerivedDataCache/9/3/4/TEXTURE_E01F4250BECD420DA9CE63B5EECEC2C2_BGRA8_124371E2401FE71536733EB1B9315C6__5C8B66918C98C5A3A4033A647904BC3FBA2EF477.udd" 5704
"C:/Users/minukey/AppData/Local/UnrealEngine/Common/DerivedDataCache/8/6/0/TEXTURE_E01F4250BECD420DA9CE63B5EECEC2C2_BGRA8_4F6B7C4C41483E86B1E4199E315267B__3B87D706FF795B0972B49945F4F19F44DCC09F60.udd" 5705
"C:/Users/minukey/AppData/Local/UnrealEngine/Common/DerivedDataCache/9/5/1/TEXTURE_E01F4250BECD420DA9CE63B5EECEC2C2_BGRA8_661E857B495A8AD0B0FFCEB324416E0__F1025299461864D24DC4954AFA55B97256D5E1ED.udd" 5706
"C:/Users/minukey/AppData/Local/UnrealEngine/Common/DerivedDataCache/0/5/3/TEXTURE_E01F4250BECD420DA9CE63B5EECEC2C2_BGRA8_BC6C65824168FB2082AE51B13F4B112__81419BF72138084E74D219603A24B3F9F79B2087.udd" 5707
"C:/Users/minukey/AppData/Local/UnrealEngine/Common/DerivedDataCache/1/8/8/TEXTURE_E01F4250BECD420DA9CE63B5EECEC2C2_BGRA8_C3EB497F43711FBC27F492AB994287D__C2D2F0455D0B08378DBF5AFFCF1EEA2274739EF0.udd" 5708
"C:/Users/minukey/AppData/Local/UnrealEngine/Common/DerivedDataCache/6/4/0/STREAMEDAUDIO_BC6E92FBBD314E3B9B9EC6778749EB5E_OGG10000$2D1$2D1$2D1$2D1$2D1_4_E737F22B46249075B1B212BC79C452FB.udd" 5709
"C:/Users/minukey/AppData/Local/UnrealEngine/Common/DerivedDataCache/4/5/9/TEXTURE_E01F4250BECD420DA9CE63B5EECEC2C2_BGRA8_595996A648EFB49643E81088CBACEEE__F1ADA47003CD587261E0DA0EAD337BBC0E1B3003.udd" 5710
"C:/Users/minukey/AppData/Local/UnrealEngine/Common/DerivedDataCache/7/3/6/TEXTURE_E01F4250BECD420DA9CE63B5EECEC2C2_BGRA8_9FF545F348F08F23CB47BC9E778CBDA__C7DF1BF9DADC47FDE41E55443561B3D9E696B89E.udd" 5711
"C:/Users/minukey/AppData/Local/UnrealEngine/Common/DerivedDataCache/6/3/9/TEXTURE_E01F4250BECD420DA9CE63B5EECEC2C2_BGRA8_89CA256C41EF90E73E7E9F92046213E__36EEB325EFC5FB118CA1627E4C0B3EF0D85DE8BF.udd" 5712
"C:/Users/minukey/AppData/Local/UnrealEngine/Common/DerivedDataCache/8/1/0/TEXTURE_E01F4250BECD420DA9CE63B5EECEC2C2_BGRA8_ECFE1EB2419533F439FF0F84F12D917__72F72B85C540462B66521E5DA554EFA66C5396E5.udd" 5713
"C:/Users/minukey/AppData/Local/UnrealEngine/Common/DerivedDataCache/3/3/3/TEXTURE_E01F4250BECD420DA9CE63B5EECEC2C2_BGRA8_0622D6AF415F058B26A0D9A22BED227__39A5838531E7C6F803B0562B82F964D7977B69A8.udd" 5714
"C:/Users/minukey/AppData/Local/UnrealEngine/Common/DerivedDataCache/4/3/4/TEXTURE_E01F4250BECD420DA9CE63B5EECEC2C2_BGRA8_EEFBEFAA4D0B88F8250A958C89C8842__31C0F9BE278968B5961FC55528B42800F57EEE2B.udd" 5715
"C:/Users/minukey/AppData/Local/UnrealEngine/Common/DerivedDataCache/6/5/1/TEXTURE_E01F4250BECD420DA9CE63B5EECEC2C2_BGRA8_653844064C92A19D41CBDC83A0B4F9E__0528A925BE434C487E8C4E1FA4927C78856D9221.udd" 5716
"C:/Users/minukey/AppData/Local/UnrealEngine/Common/DerivedDataCache/4/9/7/TEXTURE_E01F4250BECD420DA9CE63B5EECEC2C2_BGRA8_45E2052940D2E2FB3606C1A3C9DE535__835A661FE37F10503AC3CF8AAF600EB28044247F.udd" 5717
"C:/Users/minukey/AppData/Local/UnrealEngine/Common/DerivedDataCache/8/4/6/TEXTURE_E01F4250BECD420DA9CE63B5EECEC2C2_BGRA8_48C64D6A4AE17D913926CBB9296B6BB__745488250BEC0DF373221228E0173FD2B4F51C58.udd" 5718
"C:/Users/minukey/AppData/Local/UnrealEngine/Common/DerivedDataCache/7/4/9/TEXTURE_E01F4250BECD420DA9CE63B5EECEC2C2_BGRA8_B14E0AF64B12D71EEFB77598FF73115__3CC9FA36E73413F245AC5DC44A20E0406F8D908C.udd" 5719
"C:/Users/minukey/AppData/Local/UnrealEngine/Common/DerivedDataCache/8/7/9/TEXTURE_E01F4250BECD420DA9CE63B5EECEC2C2_BGRA8_79CA3A74438A4B6C1692AC944D29F31__267BBFDA1EFAE9B87AAC3583F57C6B213D211531.udd" 5720
"C:/Users/minukey/AppData/Local/UnrealEngine/Common/DerivedDataCache/6/8/9/TEXTURE_E01F4250BECD420DA9CE63B5EECEC2C2_BGRA8_113F2DA544D404A0ABDD01B09C8B8B9__FCD3749F2A2B423CCAF0F65859A06949EE4E940B.udd" 5721
"C:/Users/minukey/AppData/Local/UnrealEngine/Common/DerivedDataCache/7/5/7/TEXTURE_E01F4250BECD420DA9CE63B5EECEC2C2_BGRA8_C99845774BC7883D3594B092D61FD74__FCAAE4D9000CEC329EB4506E9AE34F70423CFC51.udd" 5722
"C:/Users/minukey/AppData/Local/UnrealEngine/Common/DerivedDataCache/1/5/7/TEXTURE_E01F4250BECD420DA9CE63B5EECEC2C2_BGRA8_D800241F432E8D9BEBB33BA6DD7611E__10AE42DA925662A17F4120514658F390644B0A73.udd" 5723
"C:/Users/minukey/AppData/Local/UnrealEngine/Common/DerivedDataCache/9/9/2/TEXTURE_E01F4250BECD420DA9CE63B5EECEC2C2_BGRA8_1DB01507406920BEA61613832BCC63A__24CCD2E911864D5A87786E5BF0260EEE536EBC90.udd" 5724
"C:/Users/minukey/AppData/Local/UnrealEngine/Common/DerivedDataCache/9/8/3/TEXTURE_E01F4250BECD420DA9CE63B5EECEC2C2_BGRA8_CEAEFC2A4708202FAC224E938139B30__EAC20B04BBAC824BA5603713396412C970CA8B47.udd" 5725
"C:/Users/minukey/AppData/Local/UnrealEngine/Common/DerivedDataCache/3/9/4/TEXTURE_E01F4250BECD420DA9CE63B5EECEC2C2_BGRA8_95F5A3504D81C5E8873C76BC98A94A2__E5A3B92EA391FF81F13064FF53A973F8C63004A9.udd" 5726
"C:/Users/minukey/AppData/Local/UnrealEngine/Common/DerivedDataCache/1/7/9/TEXTURE_E01F4250BECD420DA9CE63B5EECEC2C2_BGRA8_37F7640D4EFC1CC3BA112896C973B54__396771FD87C2AA194810052C9747E67E3EA8203B.udd" 5727
"C:/Users/minukey/AppData/Local/UnrealEngine/Common/DerivedDataCache/7/5/2/TEXTURE_E01F4250BECD420DA9CE63B5EECEC2C2_BGRA8_7B649913408AAFD6F2D3038854845E5__A3EF9AE9DB91073322BB037B401B960B0006C345.udd" 5728
"C:/Users/minukey/AppData/Local/UnrealEngine/Common/DerivedDataCache/3/8/6/TEXTURE_E01F4250BECD420DA9CE63B5EECEC2C2_BGRA8_7566AA9C4B3C8CF6F2985F809745C9C__777BEEB8F96CA9C3E13128DDC9F99B1F5CC8702F.udd" 5729
"C:/Users/minukey/AppData/Local/UnrealEngine/Common/DerivedDataCache/1/5/3/TEXTURE_E01F4250BECD420DA9CE63B5EECEC2C2_BGRA8_FE8182A745E3B2DABCE8649197E9CAD__278DCAAC6347EB20DFA08C82985FEBF97F028911.udd" 5730
"C:/Users/minukey/AppData/Local/UnrealEngine/Common/DerivedDataCache/5/2/0/TEXTURE_E01F4250BECD420DA9CE63B5EECEC2C2_BGRA8_0484F2DF4C2C6D28B92553A409F6B4E__4701A6795E5ABE4F10A7095C96643FA28A4D1BBE.udd" 5731
"C:/Users/minukey/AppData/Local/UnrealEngine/Common/DerivedDataCache/7/9/5/STREAMEDAUDIO_BC6E92FBBD314E3B9B9EC6778749EB5E_OGG10000$2D1$2D1$2D1$2D1$2D1_4_5E9C74CB448A32EFADB85AA550F371C9.udd" 5732
"C:/Users/minukey/AppData/Local/UnrealEngine/Common/DerivedDataCache/5/8/2/TEXTURE_E01F4250BECD420DA9CE63B5EECEC2C2_BGRA8_3473FD0B4AA594D8439FD280BA58039__A6084272FB0966B6737614DA9B120ABA96B02D45.udd" 5733
"C:/Users/minukey/AppData/Local/UnrealEngine/Common/DerivedDataCache/1/1/8/TEXTURE_E01F4250BECD420DA9CE63B5EECEC2C2_BGRA8_D5AED3F74FA68C5BE2C885AACB8B760__E79D4498A8640EF9099E0B2F6ABBF09111D4426C.udd" 5734
"C:/Users/minukey/AppData/Local/UnrealEngine/Common/DerivedDataCache/0/3/6/TEXTURE_E01F4250BECD420DA9CE63B5EECEC2C2_BGRA8_DF24F5C24FA0B34215737294ED1D4E8__4D670368F3D8E28C2F26404EAF075AD97C0156B6.udd" 5735
"C:/Users/minukey/AppData/Local/UnrealEngine/Common/DerivedDataCache/3/2/5/TEXTURE_E01F4250BECD420DA9CE63B5EECEC2C2_BGRA8_DA85C9804E6FA62E5E5B6BAC9635A54__462F1C3F713310D557434C648C9EE55F263A43AE.udd" 5736
"C:/Users/minukey/AppData/Local/UnrealEngine/Common/DerivedDataCache/0/4/0/TEXTURE_E01F4250BECD420DA9CE63B5EECEC2C2_BGRA8_5B2AE6BA4CCD1625343578A49EAF247__0737FD3DD9FF592A80760236928D2B39FA730545.udd" 5737
"C:/Users/minukey/AppData/Local/UnrealEngine/Common/DerivedDataCache/1/3/3/TEXTURE_E01F4250BECD420DA9CE63B5EECEC2C2_BGRA8_99DCDE004304BBB56DD1A8BD5FEC5F1__A7B8CDB6050D18607A7AD06AA082D898E510339C.udd" 5738
"C:/Users/minukey/AppData/Local/UnrealEngine/Common/DerivedDataCache/4/0/6/TEXTURE_E01F4250BECD420DA9CE63B5EECEC2C2_BGRA8_D543B6974CE19C22A12F77B27D9505F__971FCAC75E3E11D4184B3100CA23A9CA6A89F6D5.udd" 5739
"C:/Users/minukey/AppData/Local/UnrealEngine/Common/DerivedDataCache/4/4/8/TEXTURE_E01F4250BECD420DA9CE63B5EECEC2C2_BGRA8_2493F684465CBE34333A9E8E73268EE__7321FD9555CA0EBACB3C99A90488B8A7FE2BE078.udd" 5740
"C:/Users/minukey/AppData/Local/UnrealEngine/Common/DerivedDataCache/8/3/4/TEXTURE_E01F4250BECD420DA9CE63B5EECEC2C2_BGRA8_FE95A4274A2FA575D7FC72815910B7E__42EB9A0CD1C669EF3F02B91B4F3BCE01224E68BF.udd" 5741
"C:/Users/minukey/AppData/Local/UnrealEngine/Common/DerivedDataCache/1/2/2/TEXTURE_E01F4250BECD420DA9CE63B5EECEC2C2_BGRA8_138241EC42A9741549B109922EB4151__6BED85F7E780B323A20599ADA03150B270BCD20A.udd" 5742
"C:/Users/minukey/AppData/Local/UnrealEngine/Common/DerivedDataCache/6/0/0/TEXTURE_E01F4250BECD420DA9CE63B5EECEC2C2_BGRA8_3F15FD434B79C0DAB70781B3FD6496E__8538E54AA235D1B302A6EA58D2B5B2509D38A701.udd" 5743
"C:/Users/minukey/AppData/Local/UnrealEngine/Common/DerivedDataCache/0/0/9/TEXTURE_E01F4250BECD420DA9CE63B5EECEC2C2_BGRA8_1843A12943AE73996596D3B4FD35971__65238B6ADE3986F8931E26729D9A41B3CC12F698.udd" 5744
"C:/Users/minukey/AppData/Local/UnrealEngine/Common/DerivedDataCache/9/4/0/TEXTURE_E01F4250BECD420DA9CE63B5EECEC2C2_BGRA8_660660614D7F5AE8E61FA0A0F75172F__37DE98863FF602209974DC57FBBEFF5F798AAB8F.udd" 5745
"C:/Users/minukey/AppData/Local/UnrealEngine/Common/DerivedDataCache/4/4/4/TEXTURE_E01F4250BECD420DA9CE63B5EECEC2C2_BGRA8_1D9E91024CE3B4F102E2C6A58012A02__AFBC5B672D0D385F97DD7144D73B29CB6E064D78.udd" 5746
"C:/Users/minukey/AppData/Local/UnrealEngine/Common/DerivedDataCache/5/0/5/TEXTURE_E01F4250BECD420DA9CE63B5EECEC2C2_BGRA8_ADD7FAC94688832A5B9448AAC0EC61F__CB4530EA1968ADCFB6A20E468FAA0CF141969976.udd" 5747
"C:/Users/minukey/AppData/Local/UnrealEngine/Common/DerivedDataCache/6/6/0/TEXTURE_E01F4250BECD420DA9CE63B5EECEC2C2_BGRA8_E57367644DB14D4809F74C811C2431D__6C1B9A3ABF6ED4CBC5BE7D200C8276D45F82CEC3.udd" 5748
"C:/Users/minukey/AppData/Local/UnrealEngine/Common/DerivedDataCache/3/0/6/TEXTURE_E01F4250BECD420DA9CE63B5EECEC2C2_BGRA8_4464613242473A207648628F4A15E60__9CB3FB28B395B20B09D1F68C2DF27F711D95FCA2.udd" 5749
"C:/Users/minukey/AppData/Local/UnrealEngine/Common/DerivedDataCache/2/9/6/TEXTURE_E01F4250BECD420DA9CE63B5EECEC2C2_BGRA8_AE17690341D81B0EDEC1ED91BC116A0__49F1CCC044D408644BCF58D63361C502CF2D9BF6.udd" 5750
"C:/Users/minukey/AppData/Local/UnrealEngine/Common/DerivedDataCache/4/3/8/TEXTURE_E01F4250BECD420DA9CE63B5EECEC2C2_OODLE_AUTODXT_11_8228E07F498C2C324388__37EFB80D85CE48B8D43CC49D6F5667CE64A8ECBD.udd" 5751
"C:/Users/minukey/AppData/Local/UnrealEngine/Common/DerivedDataCache/8/6/7/STREAMEDAUDIO_BC6E92FBBD314E3B9B9EC6778749EB5E_OGG10000$2D1$2D1$2D1$2D1$2D1_4_5481942242F4FF03348C128235DFF914.udd" 5752
"C:/Users/minukey/AppData/Local/UnrealEngine/Common/DerivedDataCache/7/8/4/TEXTURE_E01F4250BECD420DA9CE63B5EECEC2C2_OODLE_AUTODXT_11_E38F8B494896F1833FDB__FE956BA0F7B4E45AB88649491E44F33506928B5C.udd" 5753
"C:/Users/minukey/AppData/Local/UnrealEngine/Common/DerivedDataCache/2/9/1/TEXTURE_E01F4250BECD420DA9CE63B5EECEC2C2_OODLE_AUTODXT_11_0084BF6A463EF2396326__2688B870B41F44A396980034A96ACD46FE776873.udd" 5754
"C:/Users/minukey/AppData/Local/UnrealEngine/Common/DerivedDataCache/3/7/7/TEXTURE_E01F4250BECD420DA9CE63B5EECEC2C2_OODLE_AUTODXT_11_EE194C0149844463C31C__9354ADEF6B94ADA8A4BF7548DBEDF863C40AE9DD.udd" 5755
"C:/Users/minukey/AppData/Local/UnrealEngine/Common/DerivedDataCache/8/2/3/TEXTURE_E01F4250BECD420DA9CE63B5EECEC2C2_OODLE_AUTODXT_11_2083F83C4A6FFD1F0193__7B592A2AECA854EA935A2E71F98446A36FBD0CF3.udd" 5756
"C:/Users/minukey/AppData/Local/UnrealEngine/Common/DerivedDataCache/9/1/9/TEXTURE_E01F4250BECD420DA9CE63B5EECEC2C2_OODLE_AUTODXT_11_EE4B193A4C79196C59E2__5B75D4AA20846D5E767720556E083EB030BDC12A.udd" 5757
"C:/Users/minukey/AppData/Local/UnrealEngine/Common/DerivedDataCache/9/6/3/TEXTURE_E01F4250BECD420DA9CE63B5EECEC2C2_OODLE_AUTODXT_11_1EBE5FF2496DD637CE8F__AE5A76E9AAE2453EC2C87351DE65D3E71C34D597.udd" 5758
"C:/Users/minukey/AppData/Local/UnrealEngine/Common/DerivedDataCache/4/6/9/TEXTURE_E01F4250BECD420DA9CE63B5EECEC2C2_OODLE_AUTODXT_11_EACCCD804DC4C6B526E2__B56B4AD3EF5C361D4ED02C4893BE7570EB0951C2.udd" 5759
"C:/Users/minukey/AppData/Local/UnrealEngine/Common/DerivedDataCache/2/6/0/TEXTURE_E01F4250BECD420DA9CE63B5EECEC2C2_OODLE_AUTODXT_11_F3FBD2A5411E45EF3D69__5AC2BC6CB4E7AB5ADF8E02DFB4D47299D78C23F7.udd" 5760
"C:/Users/minukey/AppData/Local/UnrealEngine/Common/DerivedDataCache/3/8/1/TEXTURE_E01F4250BECD420DA9CE63B5EECEC2C2_OODLE_AUTODXT_11_1FF2FABB47BB7E1855E3__49FF5C389F6F48B8AFE7B6D56528AEF87C6F989E.udd" 5761
"C:/Users/minukey/AppData/Local/UnrealEngine/Common/DerivedDataCache/5/1/2/AUDIO_0005_0000_OGG10000$2D1$2D1$2D1$2D1$2D1_0004_9F0FB2B44C9CE0BDE30060AF5CC2EE93.udd" 5762
"C:/Users/minukey/AppData/Local/UnrealEngine/Common/DerivedDataCache/3/4/9/TEXTURE_E01F4250BECD420DA9CE63B5EECEC2C2_OODLE_AUTODXT_11_93563DB647F321B00692__6826789F0A9C1BF77A3DD6F84170E832FE9370D0.udd" 5763
"C:/Users/minukey/AppData/Local/UnrealEngine/Common/DerivedDataCache/2/3/5/TEXTURE_E01F4250BECD420DA9CE63B5EECEC2C2_OODLE_AUTODXT_11_7C5A086C41B67F6EF712__BA3ED96824F69A5417779D681B13351FED148B2B.udd" 5764
"C:/Users/minukey/AppData/Local/UnrealEngine/Common/DerivedDataCache/6/9/2/TEXTURE_E01F4250BECD420DA9CE63B5EECEC2C2_BGRA8_272C5FB0494F4A09202400862DC491C__B7126D9F3CEB5232CDA30C70408990217FAD4B53.udd" 5765
"C:/Users/minukey/AppData/Local/UnrealEngine/Common/DerivedDataCache/1/3/7/TEXTURE_E01F4250BECD420DA9CE63B5EECEC2C2_BGRA8_1ED543064B7B8A2249B2A0ACA27FDA2__AF1ECBEB3D6AB5293FB3B868D5A2D2444C34BC7D.udd" 5766
"C:/Users/minukey/AppData/Local/UnrealEngine/Common/DerivedDataCache/2/6/3/STREAMEDAUDIO_BC6E92FBBD314E3B9B9EC6778749EB5E_OGG10000$2D1$2D1$2D1$2D1$2D1_4_9F0FB2B44C9CE0BDE30060AF5CC2EE93.udd" 5767
"C:/Users/minukey/AppData/Local/UnrealEngine/Common/DerivedDataCache/6/6/2/TEXTURE_E01F4250BECD420DA9CE63B5EECEC2C2_BGRA8_F74E41B84954ABBA7778C8836D051F3__AD6C9AEE31F964C8A347527E7534D6BFBE45F9F4.udd" 5768
"C:/Users/minukey/AppData/Local/UnrealEngine/Common/DerivedDataCache/9/2/0/TEXTURE_E01F4250BECD420DA9CE63B5EECEC2C2_BGRA8_29057D7247673A2930A410A76C5AED2__405F4CF4BBD9D0EFCF62F51227293C3389A9CC9F.udd" 5769
"C:/Users/minukey/AppData/Local/UnrealEngine/Common/DerivedDataCache/5/7/7/TEXTURE_E01F4250BECD420DA9CE63B5EECEC2C2_OODLE_AUTODXT_11_0A6CCE724AB2115760B7__FD9F0E4987187D18BF5768CD9340410E59876C0E.udd" 5770
"C:/Users/minukey/AppData/Local/UnrealEngine/Common/DerivedDataCache/9/6/4/MATSM_0BA69734E4FD45E082FA4560DBE25454_PCD3D_SM5_8__BC5N_NOCCBN_NOIRIS_DEV_SL___1BD00A49140B352A8588F73E4EFF0269A52CE09E.udd" 5771
"C:/Users/minukey/AppData/Local/UnrealEngine/Common/DerivedDataCache/8/3/0/TEXTURE_E01F4250BECD420DA9CE63B5EECEC2C2_OODLE_AUTODXT_11_BEDC5729463D3325D740__876CB99BED393EA8F49C1B5A7470A29B29482441.udd" 5772
"C:/Users/minukey/AppData/Local/UnrealEngine/Common/DerivedDataCache/8/2/5/TEXTURE_E01F4250BECD420DA9CE63B5EECEC2C2_OODLE_AUTODXT_11_AE4B1D2E435F48ECF0F1__521BCD3F46F5B935D09EF1EE85D9B8FA566B2137.udd" 5773
"C:/Users/minukey/AppData/Local/UnrealEngine/Common/DerivedDataCache/7/5/8/TEXTURE_E01F4250BECD420DA9CE63B5EECEC2C2_OODLE_AUTODXT_11_4CEEC88640EF178A6CC9__7F5D1B8BA2F3DFEFD7DCD56FC26BA91E6158F5E1.udd" 5774
"C:/Users/minukey/AppData/Local/UnrealEngine/Common/DerivedDataCache/2/5/9/TEXTURE_E01F4250BECD420DA9CE63B5EECEC2C2_OODLE_AUTODXT_11_6DDCD1634AF5D4677B6A__8B729E12DBF3364E4097951961690E33D91A0C5A.udd" 5775
"C:/Users/minukey/AppData/Local/UnrealEngine/Common/DerivedDataCache/2/2/0/TEXTURE_E01F4250BECD420DA9CE63B5EECEC2C2_OODLE_AUTODXT_11_D89CEC194BB5B8CD4A9B__6A5BFC14E34A12F3C465F620EF8B6057CD4A4346.udd" 5776
"C:/Users/minukey/AppData/Local/UnrealEngine/Common/DerivedDataCache/1/4/4/TEXTURE_E01F4250BECD420DA9CE63B5EECEC2C2_OODLE_AUTODXT_11_35C9F3234235FCBC9752__7974455528AAF10A0C896D8FD8DA7CE39A2C5603.udd" 5777
"C:/Users/minukey/AppData/Local/UnrealEngine/Common/DerivedDataCache/9/9/1/TEXTURE_E01F4250BECD420DA9CE63B5EECEC2C2_OODLE_AUTODXT_11_99992951499A56009061__8F1FCBD848C1CD4C82D1922D404D4599D1031442.udd" 5778
"C:/Users/minukey/AppData/Local/UnrealEngine/Common/DerivedDataCache/7/9/4/TEXTURE_E01F4250BECD420DA9CE63B5EECEC2C2_BGRA8_7C3557544C1CF44580DC29A232C0EC1__71005D2634E16A9CC33FB8D0ABD97660CB4414CA.udd" 5779
"C:/Users/minukey/AppData/Local/UnrealEngine/Common/DerivedDataCache/5/9/4/TEXTURE_E01F4250BECD420DA9CE63B5EECEC2C2_BGRA8_C368CDA94CBF7E49C5B14A87FA372CB__676237644D25BCDE909E425803F40AA42F6EA365.udd" 5780
"C:/Users/minukey/AppData/Local/UnrealEngine/Common/DerivedDataCache/4/1/0/TEXTURE_E01F4250BECD420DA9CE63B5EECEC2C2_OODLE_AUTODXT_11_89A488CA46C4B59D6586__DC07324006534ADB7C37612D59CFB9281B7BF916.udd" 5781
"C:/Users/minukey/AppData/Local/UnrealEngine/Common/DerivedDataCache/5/1/6/TEXTURE_E01F4250BECD420DA9CE63B5EECEC2C2_OODLE_AUTODXT_11_74B86A2E40BA30D47D0E__FC95CEC5D3552EA924498865C69A6159AF8CC804.udd" 5782
"C:/Users/minukey/AppData/Local/UnrealEngine/Common/DerivedDataCache/6/1/5/TEXTURE_E01F4250BECD420DA9CE63B5EECEC2C2_BGRA8_A78E00944FBB5052C5ED99A2C36D610__0A53DAE0698CECB3AB9120F1C0F18A21BA4B3099.udd" 5783
"C:/Users/minukey/AppData/Local/UnrealEngine/Common/DerivedDataCache/5/0/0/TEXTURE_E01F4250BECD420DA9CE63B5EECEC2C2_BGRA8_067CF58640458111B421779A3119184__1BF9F8014DD85988E8AEBF42DAA7FA09568FA192.udd" 5784
"C:/Users/minukey/AppData/Local/UnrealEngine/Common/DerivedDataCache/1/0/0/TEXTURE_E01F4250BECD420DA9CE63B5EECEC2C2_BGRA8_590B69F9468E37B505F5B8BEFC57CF8__EF478880A5EAA4B62BD721DDBB77F4B51A4DF98B.udd" 5785
"C:/Users/minukey/AppData/Local/UnrealEngine/Common/DerivedDataCache/8/2/6/TEXTURE_E01F4250BECD420DA9CE63B5EECEC2C2_OODLE_AUTODXT_11_FC107DC14D2C012C9ADA__8FFADC462BD44933AB6FFBEFE88D8F5BE1AC52E2.udd" 5786
"C:/Users/minukey/AppData/Local/UnrealEngine/Common/DerivedDataCache/8/6/2/TEXTURE_E01F4250BECD420DA9CE63B5EECEC2C2_OODLE_AUTODXT_11_BEF2463341311616EEB2__A3CFACAD5DA03E87659DCA45F024C63311F4880A.udd" 5787
"C:/Users/minukey/AppData/Local/UnrealEngine/Common/DerivedDataCache/1/0/1/TEXTURE_E01F4250BECD420DA9CE63B5EECEC2C2_OODLE_AUTODXT_11_EE3B51B1479391EEAABF__9441FB85DBA2E2D6F43EC477037DFBAA6E9AD0D2.udd" 5788
"C:/Users/minukey/AppData/Local/UnrealEngine/Common/DerivedDataCache/7/3/4/TEXTURE_E01F4250BECD420DA9CE63B5EECEC2C2_OODLE_AUTODXT_11_6252D5294FB727FF56BA__281423FC459C47AB90443CC6564E040C5A772867.udd" 5789
"C:/Users/minukey/AppData/Local/UnrealEngine/Common/DerivedDataCache/0/3/4/TEXTURE_E01F4250BECD420DA9CE63B5EECEC2C2_OODLE_AUTODXT_11_6E18578644B48EAD14D8__F31CB28B7E9AA98E5F7C20E031129FC70D0EE080.udd" 5790
"C:/Users/minukey/AppData/Local/UnrealEngine/Common/DerivedDataCache/6/3/3/TEXTURE_E01F4250BECD420DA9CE63B5EECEC2C2_OODLE_AUTODXT_11_6A08DD9948839203A0EB__A496703A5D6654B33E5ECC475270364EC11308ED.udd" 5791
"C:/Users/minukey/AppData/Local/UnrealEngine/Common/DerivedDataCache/6/4/6/TEXTURE_E01F4250BECD420DA9CE63B5EECEC2C2_OODLE_AUTODXT_11_EA91F9984DA0B2238E80__51DB0EB5BC8403B7FB3A5840E5176E15AB990590.udd" 5792
"C:/Users/minukey/AppData/Local/UnrealEngine/Common/DerivedDataCache/9/7/3/MATSM_0BA69734E4FD45E082FA4560DBE25454_PCD3D_SM5_8__BC5N_NOCCBN_NOIRIS_DEV_SL___1953AD87190B04BAD2BF7190F7B4AA1664F38B04.udd" 5793
"C:/Users/minukey/AppData/Local/UnrealEngine/Common/DerivedDataCache/6/0/3/TEXTURE_E01F4250BECD420DA9CE63B5EECEC2C2_OODLE_AUTODXT_11_E43A1BF744F06499E914__4E024594006D7DF5C2F1FD2229C0B25D3C345DDA.udd" 5794
"C:/Users/minukey/AppData/Local/UnrealEngine/Common/DerivedDataCache/6/7/6/TEXTURE_E01F4250BECD420DA9CE63B5EECEC2C2_OODLE_AUTODXT_11_0257EC9341B0E23594AE__CBE93BA0AC0BF18EFE1623B2654C37B97942C4E7.udd" 5795
"C:/Users/minukey/AppData/Local/UnrealEngine/Common/DerivedDataCache/1/7/0/TEXTURE_E01F4250BECD420DA9CE63B5EECEC2C2_OODLE_AUTODXT_11_203C39254752B944DCFE__7BC6FC9B6548EFAF2763E195D1B842E409B74845.udd" 5796
"C:/Users/minukey/AppData/Local/UnrealEngine/Common/DerivedDataCache/0/0/6/TEXTURE_E01F4250BECD420DA9CE63B5EECEC2C2_OODLE_AUTODXT_11_06305AF445F2140C7C19__D410B2F9FC56D651A575610BEC591E2D7F277295.udd" 5797
"C:/Users/minukey/AppData/Local/UnrealEngine/Common/DerivedDataCache/3/8/0/TEXTURE_E01F4250BECD420DA9CE63B5EECEC2C2_OODLE_AUTODXT_11_892AF02B41404ADCCD42__2BA200B0F9DB9D540CD962C2F196B2B0EA133F1A.udd" 5798
"C:/Users/minukey/AppData/Local/UnrealEngine/Common/DerivedDataCache/0/6/5/TEXTURE_E01F4250BECD420DA9CE63B5EECEC2C2_OODLE_AUTODXT_11_59F2A3E54E7D33D512C4__1C877BDDE16713C57727174C6F5AD5E5AA13C45D.udd" 5799
"C:/Users/minukey/AppData/Local/UnrealEngine/Common/DerivedDataCache/1/7/9/TEXTURE_E01F4250BECD420DA9CE63B5EECEC2C2_OODLE_AUTODXT_11_2875AD31445B03C1E834__9AC4AB7442CF40A137BDA53595EE95E53D37EAD4.udd" 5800
"C:/Users/minukey/AppData/Local/UnrealEngine/Common/DerivedDataCache/4/5/0/TEXTURE_E01F4250BECD420DA9CE63B5EECEC2C2_OODLE_AUTODXT_11_75DFB50F416105FE178F__A302F642F10BB860FFA79E4D2F1757A6BD0C422D.udd" 5801
"C:/Users/minukey/AppData/Local/UnrealEngine/Common/DerivedDataCache/2/5/8/TEXTURE_E01F4250BECD420DA9CE63B5EECEC2C2_OODLE_AUTODXT_11_19CAABDD49CC766A17FB__B619C5437BFDD4E90449170EC9EA010086D4BB19.udd" 5802
"C:/Users/minukey/AppData/Local/UnrealEngine/Common/DerivedDataCache/5/0/7/TEXTURE_E01F4250BECD420DA9CE63B5EECEC2C2_OODLE_AUTODXT_11_79F3E71E47115223218B__F8DCC9C5B88E5F1A313E09E62EA655BAE158E7D3.udd" 5803
"C:/Users/minukey/AppData/Local/UnrealEngine/Common/DerivedDataCache/3/7/5/TEXTURE_E01F4250BECD420DA9CE63B5EECEC2C2_OODLE_AUTODXT_11_B66344594F456CC16C09__0619D19BC2779E1A47904813CE6BADEDC62B1165.udd" 5804
"C:/Users/minukey/AppData/Local/UnrealEngine/Common/DerivedDataCache/4/2/5/AUDIO_0005_0000_OGG10000$2D1$2D1$2D1$2D1$2D1_0004_D1DE2719431D191F27D3D782D854CD4C.udd" 5805
"C:/Users/minukey/AppData/Local/UnrealEngine/Common/DerivedDataCache/2/1/1/AUDIO_0005_0000_OGG10000$2D1$2D1$2D1$2D1$2D1_0004_70865908430F83DD53E113BBD1D8F5E8.udd" 5806
"C:/Users/minukey/AppData/Local/UnrealEngine/Common/DerivedDataCache/1/7/8/AUDIO_0005_0000_OGG10000$2D1$2D1$2D1$2D1$2D1_0004_4D474A2E49A5B9CF200E4E81CFE4831D.udd" 5807
"C:/Users/minukey/AppData/Local/UnrealEngine/Common/DerivedDataCache/7/2/8/AUDIO_0005_0000_OGG10000$2D1$2D1$2D1$2D1$2D1_0004_E39C38994D14385C9827F2A091517C50.udd" 5808
"C:/Users/minukey/AppData/Local/UnrealEngine/Common/DerivedDataCache/3/4/6/AUDIO_0005_0000_OGG10000$2D1$2D1$2D1$2D1$2D1_0004_97C70EA148158C29DB1FC6B5E09E5F4F.udd" 5809
"C:/Users/minukey/AppData/Local/UnrealEngine/Common/DerivedDataCache/2/1/7/AUDIO_0005_0000_OGG10000$2D1$2D1$2D1$2D1$2D1_0004_C768E8244DBA937D1E2CCBA80DD6A35D.udd" 5810
"C:/Users/minukey/AppData/Local/UnrealEngine/Common/DerivedDataCache/6/7/2/AUDIO_0005_0000_OGG10000$2D1$2D1$2D1$2D1$2D1_0004_83FBBCF04B4F2100D30522B56D077C16.udd" 5811
"C:/Users/minukey/AppData/Local/UnrealEngine/Common/DerivedDataCache/8/0/3/TEXTURE_E01F4250BECD420DA9CE63B5EECEC2C2_OODLE_AUTODXT_11_D6880F264E26F5FAF9BE__75166F9046803E88E9887BF386C49935122440F5.udd" 5812
"C:/Users/minukey/AppData/Local/UnrealEngine/Common/DerivedDataCache/5/4/2/STREAMEDAUDIO_BC6E92FBBD314E3B9B9EC6778749EB5E_OGG10000$2D1$2D1$2D1$2D1$2D1_4_D1DE2719431D191F27D3D782D854CD4C.udd" 5813
"C:/Users/minukey/AppData/Local/UnrealEngine/Common/DerivedDataCache/0/7/6/STREAMEDAUDIO_BC6E92FBBD314E3B9B9EC6778749EB5E_OGG10000$2D1$2D1$2D1$2D1$2D1_4_70865908430F83DD53E113BBD1D8F5E8.udd" 5814
"C:/Users/minukey/AppData/Local/UnrealEngine/Common/DerivedDataCache/3/7/3/STREAMEDAUDIO_BC6E92FBBD314E3B9B9EC6778749EB5E_OGG10000$2D1$2D1$2D1$2D1$2D1_4_4D474A2E49A5B9CF200E4E81CFE4831D.udd" 5815
"C:/Users/minukey/AppData/Local/UnrealEngine/Common/DerivedDataCache/7/9/9/STREAMEDAUDIO_BC6E92FBBD314E3B9B9EC6778749EB5E_OGG10000$2D1$2D1$2D1$2D1$2D1_4_E39C38994D14385C9827F2A091517C50.udd" 5816
"C:/Users/minukey/AppData/Local/UnrealEngine/Common/DerivedDataCache/0/9/3/STREAMEDAUDIO_BC6E92FBBD314E3B9B9EC6778749EB5E_OGG10000$2D1$2D1$2D1$2D1$2D1_4_97C70EA148158C29DB1FC6B5E09E5F4F.udd" 5817
"C:/Users/minukey/AppData/Local/UnrealEngine/Common/DerivedDataCache/7/3/4/STREAMEDAUDIO_BC6E92FBBD314E3B9B9EC6778749EB5E_OGG10000$2D1$2D1$2D1$2D1$2D1_4_C768E8244DBA937D1E2CCBA80DD6A35D.udd" 5818
"C:/Users/minukey/AppData/Local/UnrealEngine/Common/DerivedDataCache/3/4/3/STREAMEDAUDIO_BC6E92FBBD314E3B9B9EC6778749EB5E_OGG10000$2D1$2D1$2D1$2D1$2D1_4_83FBBCF04B4F2100D30522B56D077C16.udd" 5819
"C:/Users/minukey/AppData/Local/UnrealEngine/Common/DerivedDataCache/0/5/8/TEXTURE_E01F4250BECD420DA9CE63B5EECEC2C2_BGRA8_13BB27DA464092B5EB8EB586CD4C747__01BC865C3255BED7E884E5230E3D0464040D0FAE.udd" 5820
"C:/Users/minukey/AppData/Local/UnrealEngine/Common/DerivedDataCache/0/8/3/TEXTURE_E01F4250BECD420DA9CE63B5EECEC2C2_BGRA8_0D65ED9E4ABC24D20EC304A1FD58B3F__14C8C5D65F0ECCDF2F80E1FC28EAF7B8EFD80123.udd" 5821
"C:/Users/minukey/AppData/Local/UnrealEngine/Common/DerivedDataCache/8/2/4/TEXTURE_E01F4250BECD420DA9CE63B5EECEC2C2_BGRA8_A1F3FADD4A40C09FC4A858887AE6E7B__94E1551FB1C5BADE464ECA8B409CACED5E3541C1.udd" 5822
"C:/Users/minukey/AppData/Local/UnrealEngine/Common/DerivedDataCache/2/7/8/AUDIO_0005_0000_OGG10000$2D1$2D1$2D1$2D1$2D1_0004_1585EE384FA593BC24A1A79C599BDD6E.udd" 5823
"C:/Users/minukey/AppData/Local/UnrealEngine/Common/DerivedDataCache/7/1/3/AUDIO_0005_0000_OGG10000$2D1$2D1$2D1$2D1$2D1_0004_1752B4914AB26FE38818E4B8446D3F5B.udd" 5824
"C:/Users/minukey/AppData/Local/UnrealEngine/Common/DerivedDataCache/4/6/8/AUDIO_0005_0000_OGG10000$2D1$2D1$2D1$2D1$2D1_0004_DEB8788E4072C2A584E18D8025FAD805.udd" 5825
"C:/Users/minukey/AppData/Local/UnrealEngine/Common/DerivedDataCache/8/4/1/AUDIO_0005_0000_OGG10000$2D1$2D1$2D1$2D1$2D1_0004_C90E999E487269E9BF58A8A8F493DAA0.udd" 5826
"C:/Users/minukey/AppData/Local/UnrealEngine/Common/DerivedDataCache/5/1/9/AUDIO_0005_0000_OGG10000$2D1$2D1$2D1$2D1$2D1_0004_56E809044B1161F3A9E8BFAF4DE947B0.udd" 5827
"C:/Users/minukey/AppData/Local/UnrealEngine/Common/DerivedDataCache/8/3/5/AUDIO_0005_0000_OGG10000$2D1$2D1$2D1$2D1$2D1_0004_1416007445CBF51A3597AFA7A4CA1F33.udd" 5828
"C:/Users/minukey/AppData/Local/UnrealEngine/Common/DerivedDataCache/6/3/1/AUDIO_0005_0000_OGG10000$2D1$2D1$2D1$2D1$2D1_0004_536EAD8746C4C860873E46BAB68BA16E.udd" 5829
"C:/Users/minukey/AppData/Local/UnrealEngine/Common/DerivedDataCache/7/4/2/AUDIO_0005_0000_OGG10000$2D1$2D1$2D1$2D1$2D1_0004_2F82F45F44A89FD28432AD9B042DA8A7.udd" 5830
"C:/Users/minukey/AppData/Local/UnrealEngine/Common/DerivedDataCache/1/9/9/AUDIO_0005_0000_OGG10000$2D1$2D1$2D1$2D1$2D1_0004_158F2CA54DF52A7A02ACCC91D01D1391.udd" 5831
"C:/Users/minukey/AppData/Local/UnrealEngine/Common/DerivedDataCache/0/1/4/AUDIO_0005_0000_OGG10000$2D1$2D1$2D1$2D1$2D1_0004_0349ACE2495775EB27B801AF7C8FDD54.udd" 5832
"C:/Users/minukey/AppData/Local/UnrealEngine/Common/DerivedDataCache/1/8/0/AUDIO_0005_0000_OGG10000$2D1$2D1$2D1$2D1$2D1_0004_C2639C62441B168DDEA99F9D4BB62E7A.udd" 5833
"C:/Users/minukey/AppData/Local/UnrealEngine/Common/DerivedDataCache/5/8/2/AUDIO_0005_0000_OGG10000$2D1$2D1$2D1$2D1$2D1_0004_671D8862413C8CFDE288CFA6BB74DB74.udd" 5834
"C:/Users/minukey/AppData/Local/UnrealEngine/Common/DerivedDataCache/3/7/2/AUDIO_0005_0000_OGG10000$2D1$2D1$2D1$2D1$2D1_0004_FC9AB64F4A6F159A8A556DA1C4CC5C5B.udd" 5835
"C:/Users/minukey/AppData/Local/UnrealEngine/Common/DerivedDataCache/1/0/4/AUDIO_0005_0000_OGG10000$2D1$2D1$2D1$2D1$2D1_0004_5431200B4D6228AD253CD5ACC057B6E2.udd" 5836
"C:/Users/minukey/AppData/Local/UnrealEngine/Common/DerivedDataCache/2/3/6/AUDIO_0005_0000_OGG10000$2D1$2D1$2D1$2D1$2D1_0004_2407831F412798EE2A4CF1A5F705B111.udd" 5837
"C:/Users/minukey/AppData/Local/UnrealEngine/Common/DerivedDataCache/8/9/1/AUDIO_0005_0000_OGG10000$2D1$2D1$2D1$2D1$2D1_0004_7531191342A5EBDD26B6029724F2959A.udd" 5838
"C:/Users/minukey/AppData/Local/UnrealEngine/Common/DerivedDataCache/5/8/6/AUDIO_0005_0000_OGG10000$2D1$2D1$2D1$2D1$2D1_0004_4DD7EB2543A8CE559A2FE6BF7D519270.udd" 5839
"C:/Users/minukey/AppData/Local/UnrealEngine/Common/DerivedDataCache/3/2/8/AUDIO_0005_0000_OGG10000$2D1$2D1$2D1$2D1$2D1_0004_CA695BCA43A23BFBB184B7BA4BF225D1.udd" 5840
"C:/Users/minukey/AppData/Local/UnrealEngine/Common/DerivedDataCache/2/4/7/AUDIO_0005_0000_OGG10000$2D1$2D1$2D1$2D1$2D1_0004_2082765D48F5620F38C393B85ECFEDF9.udd" 5841
"C:/Users/minukey/AppData/Local/UnrealEngine/Common/DerivedDataCache/8/2/1/AUDIO_0005_0000_OGG10000$2D1$2D1$2D1$2D1$2D1_0004_640CF59348E3BA7F56867A8440FDC00A.udd" 5842
"C:/Users/minukey/AppData/Local/UnrealEngine/Common/DerivedDataCache/8/0/4/ANIMSEQ_D0E639028BB74237AD0F9775C097BB85_0_F41B9E5BF55D450BC8092FB29973823960E__AD929913F0A2F2574D6A17D83764D9C32A73F400.udd" 5843
"C:/Users/minukey/AppData/Local/UnrealEngine/Common/DerivedDataCache/2/7/3/AUDIO_0005_0000_OGG10000$2D1$2D1$2D1$2D1$2D1_0004_B4A233D34CAE5E2073EE1E96FA59F9EC.udd" 5844
"C:/Users/minukey/AppData/Local/UnrealEngine/Common/DerivedDataCache/4/0/8/AUDIO_0005_0000_OGG10000$2D1$2D1$2D1$2D1$2D1_0004_83ECD4D24531938CD4B09ABE0FCF3733.udd" 5845
"C:/Users/minukey/AppData/Local/UnrealEngine/Common/DerivedDataCache/6/7/5/AUDIO_0005_0000_OGG10000$2D1$2D1$2D1$2D1$2D1_0004_890EDCF446A6A99500644E949B583BE3.udd" 5846
"C:/Users/minukey/AppData/Local/UnrealEngine/Common/DerivedDataCache/2/5/4/AUDIO_0005_0000_OGG10000$2D1$2D1$2D1$2D1$2D1_0004_0E9931654F9AA373BF91A3B8E9529D93.udd" 5847
"C:/Users/minukey/AppData/Local/UnrealEngine/Common/DerivedDataCache/6/4/5/AUDIO_0005_0000_OGG10000$2D1$2D1$2D1$2D1$2D1_0004_07CF230E4CD70243FE6BB7A26E3D2871.udd" 5848
"C:/Users/minukey/AppData/Local/UnrealEngine/Common/DerivedDataCache/3/7/3/AUDIO_0005_0000_OGG10000$2D1$2D1$2D1$2D1$2D1_0004_05F569EC46390048ACB337B509936D8A.udd" 5849
"C:/Users/minukey/AppData/Local/UnrealEngine/Common/DerivedDataCache/5/5/1/AUDIO_0005_0000_OGG10000$2D1$2D1$2D1$2D1$2D1_0004_DFD1AE23432E734B39CFB78E34875CAC.udd" 5850
"C:/Users/minukey/AppData/Local/UnrealEngine/Common/DerivedDataCache/4/5/5/AUDIO_0005_0000_OGG10000$2D1$2D1$2D1$2D1$2D1_0004_42DEA7DB4B053F3B7B92D5A34753E461.udd" 5851
"C:/Users/minukey/AppData/Local/UnrealEngine/Common/DerivedDataCache/5/2/8/AUDIO_0005_0000_OGG10000$2D1$2D1$2D1$2D1$2D1_0004_D47D6472499A0FF986FE9CBEDBAE2EC7.udd" 5852
"C:/Users/minukey/AppData/Local/UnrealEngine/Common/DerivedDataCache/0/5/7/AUDIO_0005_0000_OGG10000$2D1$2D1$2D1$2D1$2D1_0004_AD488B754E39562E26920DA0B3C26324.udd" 5853
"C:/Users/minukey/AppData/Local/UnrealEngine/Common/DerivedDataCache/0/6/1/AUDIO_0005_0000_OGG10000$2D1$2D1$2D1$2D1$2D1_0004_2D94BB1E45997A7A7ECD6D8669C53967.udd" 5854
"C:/Users/minukey/AppData/Local/UnrealEngine/Common/DerivedDataCache/5/4/9/AUDIO_0005_0000_OGG10000$2D1$2D1$2D1$2D1$2D1_0004_FC434ACB43F3BB560255F9A0C10F755C.udd" 5855
"C:/Users/minukey/AppData/Local/UnrealEngine/Common/DerivedDataCache/9/2/8/AUDIO_0005_0000_OGG10000$2D1$2D1$2D1$2D1$2D1_0004_0341218B4C9E9D924A6399B86A00619C.udd" 5856
"C:/Users/minukey/AppData/Local/UnrealEngine/Common/DerivedDataCache/4/1/1/AUDIO_0005_0000_OGG10000$2D1$2D1$2D1$2D1$2D1_0004_1DCCADBA4E28D0D7970C09B444D892E8.udd" 5857
"C:/Users/minukey/AppData/Local/UnrealEngine/Common/DerivedDataCache/2/9/7/AUDIO_0005_0000_OGG10000$2D1$2D1$2D1$2D1$2D1_0004_19B8A9864DB92A9EDB7A1E9E2452D04C.udd" 5858
"C:/Users/minukey/AppData/Local/UnrealEngine/Common/DerivedDataCache/4/4/1/AUDIO_0005_0000_OGG10000$2D1$2D1$2D1$2D1$2D1_0004_5C1CBB1F411E0F975A231AAF5456399D.udd" 5859
"C:/Users/minukey/AppData/Local/UnrealEngine/Common/DerivedDataCache/6/8/0/AUDIO_0005_0000_OGG10000$2D1$2D1$2D1$2D1$2D1_0004_D4B1361C4727B9C9FF1CAC8ACE6FC6E9.udd" 5860
"C:/Users/minukey/AppData/Local/UnrealEngine/Common/DerivedDataCache/1/6/0/AUDIO_0005_0000_OGG10000$2D1$2D1$2D1$2D1$2D1_0004_B0E23ECE418A58BDE5319E8E286B76D7.udd" 5861
"C:/Users/minukey/AppData/Local/UnrealEngine/Common/DerivedDataCache/8/3/1/AUDIO_0005_0000_OGG10000$2D1$2D1$2D1$2D1$2D1_0004_5B7DF94E4E725985C8601FB95FD5A1BB.udd" 5862
"C:/Users/minukey/AppData/Local/UnrealEngine/Common/DerivedDataCache/6/6/5/AUDIO_0005_0000_OGG10000$2D1$2D1$2D1$2D1$2D1_0004_7EF2C10F43679228C5F6719AFE3928E9.udd" 5863
"C:/Users/minukey/AppData/Local/UnrealEngine/Common/DerivedDataCache/8/6/1/AUDIO_0005_0000_OGG10000$2D1$2D1$2D1$2D1$2D1_0004_F5B2C71049DD0DC9F8DC798DAB501133.udd" 5864
"C:/Users/minukey/AppData/Local/UnrealEngine/Common/DerivedDataCache/8/6/8/AUDIO_0005_0000_OGG10000$2D1$2D1$2D1$2D1$2D1_0004_42C8EDEC4C42396761788C835AF31A29.udd" 5865
"C:/Users/minukey/AppData/Local/UnrealEngine/Common/DerivedDataCache/3/7/5/AUDIO_0005_0000_OGG10000$2D1$2D1$2D1$2D1$2D1_0004_F9B9BA084DE81244C5A28BBEE239AD87.udd" 5866
"C:/Users/minukey/AppData/Local/UnrealEngine/Common/DerivedDataCache/7/2/2/AUDIO_0005_0000_OGG10000$2D1$2D1$2D1$2D1$2D1_0004_28BE4BEF424ED3F55941BE8EC84AEBD6.udd" 5867
"C:/Users/minukey/AppData/Local/UnrealEngine/Common/DerivedDataCache/7/5/8/AUDIO_0005_0000_OGG10000$2D1$2D1$2D1$2D1$2D1_0004_302C59734491FFE9EB4CD2B073C5CE7A.udd" 5868
"C:/Users/minukey/AppData/Local/UnrealEngine/Common/DerivedDataCache/0/4/7/AUDIO_0005_0000_OGG10000$2D1$2D1$2D1$2D1$2D1_0004_CB171392414CC42CD4A4C7B383857FEE.udd" 5869
"C:/Users/minukey/AppData/Local/UnrealEngine/Common/DerivedDataCache/6/7/0/TEXTURE_E01F4250BECD420DA9CE63B5EECEC2C2_OODLE_AUTODXT_11_8780FA2448937BEA2F87__7BB7B0921B8689E64774C8C05DA9E0EE5EB936C7.udd" 5870
"C:/Users/minukey/AppData/Local/UnrealEngine/Common/DerivedDataCache/6/8/2/TEXTURE_E01F4250BECD420DA9CE63B5EECEC2C2_BGRA8_F12533514EAA89A8E0AC1581EA79813__9B563ECBFBA4568172FACA6EA00E4D0C3905C69A.udd" 5871
"C:/Users/minukey/AppData/Local/UnrealEngine/Common/DerivedDataCache/3/9/2/TEXTURE_E01F4250BECD420DA9CE63B5EECEC2C2_BGRA8_FCE78D0446961B8B4877D2A68CA02F2__9CF994A726CAD822D064D0687743C7888420083D.udd" 5872
"C:/Users/minukey/AppData/Local/UnrealEngine/Common/DerivedDataCache/2/5/5/TEXTURE_E01F4250BECD420DA9CE63B5EECEC2C2_BGRA8_01A644924A8FC70986738DA9BB96BA3__4A165D6AB32EA29ADF15BC91C6CD823B87921ACD.udd" 5873
"C:/Users/minukey/AppData/Local/UnrealEngine/Common/DerivedDataCache/8/3/2/TEXTURE_E01F4250BECD420DA9CE63B5EECEC2C2_OODLE_AUTODXT_11_5885DED24C0EAC272890__B5956AB3A904EC67B8BE824B237B2257EC5F67AE.udd" 5874
"C:/Users/minukey/AppData/Local/UnrealEngine/Common/DerivedDataCache/0/9/1/TEXTURE_E01F4250BECD420DA9CE63B5EECEC2C2_OODLE_AUTODXT_11_BD63B65A45A22A56B6D2__F37026C0DADA10409FD59B31F103FDCCDD04AE16.udd" 5875
"C:/Users/minukey/AppData/Local/UnrealEngine/Common/DerivedDataCache/5/0/5/STREAMEDAUDIO_BC6E92FBBD314E3B9B9EC6778749EB5E_OGG10000$2D1$2D1$2D1$2D1$2D1_4_1585EE384FA593BC24A1A79C599BDD6E.udd" 5876
"C:/Users/minukey/AppData/Local/UnrealEngine/Common/DerivedDataCache/8/3/8/STREAMEDAUDIO_BC6E92FBBD314E3B9B9EC6778749EB5E_OGG10000$2D1$2D1$2D1$2D1$2D1_4_1752B4914AB26FE38818E4B8446D3F5B.udd" 5877
"C:/Users/minukey/AppData/Local/UnrealEngine/Common/DerivedDataCache/4/2/3/TEXTURE_E01F4250BECD420DA9CE63B5EECEC2C2_OODLE_AUTODXT_11_6995A8EC4DFBE1C7D031__B37028E04C05FD2AE37A7D33534501DE815F3EFD.udd" 5878
"C:/Users/minukey/AppData/Local/UnrealEngine/Common/DerivedDataCache/4/2/8/TEXTURE_E01F4250BECD420DA9CE63B5EECEC2C2_OODLE_AUTODXT_11_67BB399C4BF427268CC6__48B937E77B7F49CAE193C3FFE81F71E522EC336E.udd" 5879
"C:/Users/minukey/AppData/Local/UnrealEngine/Common/DerivedDataCache/9/4/3/TEXTURE_E01F4250BECD420DA9CE63B5EECEC2C2_OODLE_AUTODXT_11_F1A76A1545BDE50BE96A__512E60FA7D6D5B09A3EB1B60A9AF57E4F273058B.udd" 5880
"C:/Users/minukey/AppData/Local/UnrealEngine/Common/DerivedDataCache/2/5/9/STREAMEDAUDIO_BC6E92FBBD314E3B9B9EC6778749EB5E_OGG10000$2D1$2D1$2D1$2D1$2D1_4_DEB8788E4072C2A584E18D8025FAD805.udd" 5881
"C:/Users/minukey/AppData/Local/UnrealEngine/Common/DerivedDataCache/0/1/4/STREAMEDAUDIO_BC6E92FBBD314E3B9B9EC6778749EB5E_OGG10000$2D1$2D1$2D1$2D1$2D1_4_C90E999E487269E9BF58A8A8F493DAA0.udd" 5882
"C:/Users/minukey/AppData/Local/UnrealEngine/Common/DerivedDataCache/6/8/8/STREAMEDAUDIO_BC6E92FBBD314E3B9B9EC6778749EB5E_OGG10000$2D1$2D1$2D1$2D1$2D1_4_56E809044B1161F3A9E8BFAF4DE947B0.udd" 5883
"C:/Users/minukey/AppData/Local/UnrealEngine/Common/DerivedDataCache/8/5/2/STREAMEDAUDIO_BC6E92FBBD314E3B9B9EC6778749EB5E_OGG10000$2D1$2D1$2D1$2D1$2D1_4_1416007445CBF51A3597AFA7A4CA1F33.udd" 5884
"C:/Users/minukey/AppData/Local/UnrealEngine/Common/DerivedDataCache/8/5/2/TEXTURE_E01F4250BECD420DA9CE63B5EECEC2C2_OODLE_AUTODXT_11_C89B978C4D4920286717__12F2C1FE84B0409A5895D27BCB4606BF454B5984.udd" 5885
"C:/Users/minukey/AppData/Local/UnrealEngine/Common/DerivedDataCache/3/9/7/TEXTURE_E01F4250BECD420DA9CE63B5EECEC2C2_OODLE_AUTODXT_11_793F041E4AC90D99327C__3AC44F4606787ED9634E46DA8AE8922FE0298BC4.udd" 5886
"C:/Users/minukey/AppData/Local/UnrealEngine/Common/DerivedDataCache/7/1/2/STREAMEDAUDIO_BC6E92FBBD314E3B9B9EC6778749EB5E_OGG10000$2D1$2D1$2D1$2D1$2D1_4_536EAD8746C4C860873E46BAB68BA16E.udd" 5887
"C:/Users/minukey/AppData/Local/UnrealEngine/Common/DerivedDataCache/6/8/4/TEXTURE_E01F4250BECD420DA9CE63B5EECEC2C2_OODLE_AUTODXT_11_08D02ED84C2EB9AD2BEB__57D5CD8B6B6C92D61FD48A4F4C97E2A35839A669.udd" 5888
"C:/Users/minukey/AppData/Local/UnrealEngine/Common/DerivedDataCache/7/9/3/STREAMEDAUDIO_BC6E92FBBD314E3B9B9EC6778749EB5E_OGG10000$2D1$2D1$2D1$2D1$2D1_4_2F82F45F44A89FD28432AD9B042DA8A7.udd" 5889
"C:/Users/minukey/AppData/Local/UnrealEngine/Common/DerivedDataCache/4/8/0/STREAMEDAUDIO_BC6E92FBBD314E3B9B9EC6778749EB5E_OGG10000$2D1$2D1$2D1$2D1$2D1_4_158F2CA54DF52A7A02ACCC91D01D1391.udd" 5890
"C:/Users/minukey/AppData/Local/UnrealEngine/Common/DerivedDataCache/6/6/8/TEXTURE_E01F4250BECD420DA9CE63B5EECEC2C2_OODLE_AUTODXT_11_CF81E1A947D0960F81A3__CF8C0A4B5FF1BE96A49266449AF38D6AC2B54D51.udd" 5891
"C:/Users/minukey/AppData/Local/UnrealEngine/Common/DerivedDataCache/6/2/5/TEXTURE_E01F4250BECD420DA9CE63B5EECEC2C2_BGRA8_2DC0AE114F7513B1809B0EBA06F420F__2AC9E1E7232B85C27B92FD4061A7BCA76682A7D3.udd" 5892
"C:/Users/minukey/AppData/Local/UnrealEngine/Common/DerivedDataCache/2/8/1/STREAMEDAUDIO_BC6E92FBBD314E3B9B9EC6778749EB5E_OGG10000$2D1$2D1$2D1$2D1$2D1_4_0349ACE2495775EB27B801AF7C8FDD54.udd" 5893
"C:/Users/minukey/AppData/Local/UnrealEngine/Common/DerivedDataCache/6/3/3/TEXTURE_E01F4250BECD420DA9CE63B5EECEC2C2_BGRA8_0BE38C1B4677E3C36F2062AE91E78CB__E794A40A6EF327A4906B8930AD2AD05C91FF98DC.udd" 5894
"C:/Users/minukey/AppData/Local/UnrealEngine/Common/DerivedDataCache/4/9/9/STREAMEDAUDIO_BC6E92FBBD314E3B9B9EC6778749EB5E_OGG10000$2D1$2D1$2D1$2D1$2D1_4_C2639C62441B168DDEA99F9D4BB62E7A.udd" 5895
"C:/Users/minukey/AppData/Local/UnrealEngine/Common/DerivedDataCache/5/4/5/STREAMEDAUDIO_BC6E92FBBD314E3B9B9EC6778749EB5E_OGG10000$2D1$2D1$2D1$2D1$2D1_4_671D8862413C8CFDE288CFA6BB74DB74.udd" 5896
"C:/Users/minukey/AppData/Local/UnrealEngine/Common/DerivedDataCache/2/4/3/STREAMEDAUDIO_BC6E92FBBD314E3B9B9EC6778749EB5E_OGG10000$2D1$2D1$2D1$2D1$2D1_4_FC9AB64F4A6F159A8A556DA1C4CC5C5B.udd" 5897
"C:/Users/minukey/AppData/Local/UnrealEngine/Common/DerivedDataCache/1/4/7/TEXTURE_E01F4250BECD420DA9CE63B5EECEC2C2_BGRA8_9A2F7D304229A57EB531249F78214D3__C5E58FEBE15D65088FC547464218350A861CCD74.udd" 5898
"C:/Users/minukey/AppData/Local/UnrealEngine/Common/DerivedDataCache/8/9/3/TEXTURE_E01F4250BECD420DA9CE63B5EECEC2C2_BGRA8_C5208E934F83648745D4A5A2CC9A838__60F239CD3601634DE77EC9A2665DB45911326D42.udd" 5899
"C:/Users/minukey/AppData/Local/UnrealEngine/Common/DerivedDataCache/4/7/9/TEXTURE_E01F4250BECD420DA9CE63B5EECEC2C2_OODLE_AUTODXT_11_6E073FE145F486D8273C__22B9B37048D28F72A95E2CA679CE29A775BFADA3.udd" 5900
"C:/Users/minukey/AppData/Local/UnrealEngine/Common/DerivedDataCache/1/1/3/TEXTURE_E01F4250BECD420DA9CE63B5EECEC2C2_OODLE_AUTODXT_11_887C313E47EBDBF9FDA8__7C284C2466FDD17CA6CAE694389CC39114D53A5D.udd" 5901
"C:/Users/minukey/AppData/Local/UnrealEngine/Common/DerivedDataCache/4/8/7/TEXTURE_E01F4250BECD420DA9CE63B5EECEC2C2_OODLE_AUTODXT_11_A7EACFC940C95783D0AB__439211C5ADBB848F5DE6F960A09BEF5639BE5293.udd" 5902
"C:/Users/minukey/AppData/Local/UnrealEngine/Common/DerivedDataCache/4/6/9/TEXTURE_E01F4250BECD420DA9CE63B5EECEC2C2_OODLE_AUTODXT_11_F61ADE9348AF037D2D3B__8E883B6F4970747CA4DC7EEAA5E13D06A2DC83D8.udd" 5903
"C:/Users/minukey/AppData/Local/UnrealEngine/Common/DerivedDataCache/7/2/1/TEXTURE_E01F4250BECD420DA9CE63B5EECEC2C2_OODLE_AUTODXT_11_601F70EA4FF7739F97A1__4840EB6AC6180880AC89DDCEE036E40C09744AC9.udd" 5904
"C:/Users/minukey/AppData/Local/UnrealEngine/Common/DerivedDataCache/2/4/7/STREAMEDAUDIO_BC6E92FBBD314E3B9B9EC6778749EB5E_OGG10000$2D1$2D1$2D1$2D1$2D1_4_5431200B4D6228AD253CD5ACC057B6E2.udd" 5905
"C:/Users/minukey/AppData/Local/UnrealEngine/Common/DerivedDataCache/9/0/7/STREAMEDAUDIO_BC6E92FBBD314E3B9B9EC6778749EB5E_OGG10000$2D1$2D1$2D1$2D1$2D1_4_2407831F412798EE2A4CF1A5F705B111.udd" 5906
"C:/Users/minukey/AppData/Local/UnrealEngine/Common/DerivedDataCache/8/2/8/STREAMEDAUDIO_BC6E92FBBD314E3B9B9EC6778749EB5E_OGG10000$2D1$2D1$2D1$2D1$2D1_4_7531191342A5EBDD26B6029724F2959A.udd" 5907
"C:/Users/minukey/AppData/Local/UnrealEngine/Common/DerivedDataCache/3/4/1/STREAMEDAUDIO_BC6E92FBBD314E3B9B9EC6778749EB5E_OGG10000$2D1$2D1$2D1$2D1$2D1_4_4DD7EB2543A8CE559A2FE6BF7D519270.udd" 5908
"C:/Users/minukey/AppData/Local/UnrealEngine/Common/DerivedDataCache/8/1/5/STREAMEDAUDIO_BC6E92FBBD314E3B9B9EC6778749EB5E_OGG10000$2D1$2D1$2D1$2D1$2D1_4_CA695BCA43A23BFBB184B7BA4BF225D1.udd" 5909
"C:/Users/minukey/AppData/Local/UnrealEngine/Common/DerivedDataCache/5/9/0/TEXTURE_E01F4250BECD420DA9CE63B5EECEC2C2_OODLE_AUTODXT_11_098B8FB845A41245995C__EC64BA0216619D4D99D9B699CE0B0AD3CE0A2EB7.udd" 5910
"C:/Users/minukey/AppData/Local/UnrealEngine/Common/DerivedDataCache/2/7/7/TEXTURE_E01F4250BECD420DA9CE63B5EECEC2C2_BGRA8_E0B1ACFD474A853EBC12DF885274DAC__9B06AFA148C20DE0E4153F0D7F8F188DF666A89E.udd" 5911
"C:/Users/minukey/AppData/Local/UnrealEngine/Common/DerivedDataCache/8/2/4/STREAMEDAUDIO_BC6E92FBBD314E3B9B9EC6778749EB5E_OGG10000$2D1$2D1$2D1$2D1$2D1_4_2082765D48F5620F38C393B85ECFEDF9.udd" 5912
"C:/Users/minukey/AppData/Local/UnrealEngine/Common/DerivedDataCache/7/5/8/TEXTURE_E01F4250BECD420DA9CE63B5EECEC2C2_OODLE_AUTODXT_11_82D02FA54EAFAFCC1536__FF71DE09E76E43CE7E46BB4D492944081DB2E5ED.udd" 5913
"C:/Users/minukey/AppData/Local/UnrealEngine/Common/DerivedDataCache/8/7/2/TEXTURE_E01F4250BECD420DA9CE63B5EECEC2C2_OODLE_AUTODXT_11_CE56B30F4408818E1F55__CA81366BCA2084B5707D3285E8C6BFCFECEBD8FE.udd" 5914
"C:/Users/minukey/AppData/Local/UnrealEngine/Common/DerivedDataCache/8/5/3/TEXTURE_E01F4250BECD420DA9CE63B5EECEC2C2_OODLE_AUTODXT_11_F55044FB4D0EBD931C9A__AF6E4B9B44AD6AC747193B9E49553FF8D434E1EF.udd" 5915
"C:/Users/minukey/AppData/Local/UnrealEngine/Common/DerivedDataCache/0/4/6/TEXTURE_E01F4250BECD420DA9CE63B5EECEC2C2_OODLE_AUTODXT_11_FD5965C849C9E30CC1A1__5A46567BF70690558B1F23BE0C3E63713ED59AF7.udd" 5916
"C:/Users/minukey/AppData/Local/UnrealEngine/Common/DerivedDataCache/9/7/0/TEXTURE_E01F4250BECD420DA9CE63B5EECEC2C2_OODLE_AUTODXT_11_0E9D82CB4180EB49100C__5FFFF2B22E13F4DAC4FCD248373F426FDFB0BC58.udd" 5917
"C:/Users/minukey/AppData/Local/UnrealEngine/Common/DerivedDataCache/4/2/1/TEXTURE_E01F4250BECD420DA9CE63B5EECEC2C2_OODLE_AUTODXT_11_C074091B4D2635DFF4A3__375A39DEC7977B2D2AFF442AB3B67BC02FD938E4.udd" 5918
"C:/Users/minukey/AppData/Local/UnrealEngine/Common/DerivedDataCache/5/6/2/STREAMEDAUDIO_BC6E92FBBD314E3B9B9EC6778749EB5E_OGG10000$2D1$2D1$2D1$2D1$2D1_4_640CF59348E3BA7F56867A8440FDC00A.udd" 5919
"C:/Users/minukey/AppData/Local/UnrealEngine/Common/DerivedDataCache/4/0/5/TEXTURE_E01F4250BECD420DA9CE63B5EECEC2C2_BGRA8_4AF56D684417B145018D6AB4964F00E__F85DD902F23F310342C9BE43DEBABC77CAB03487.udd" 5920
"C:/Users/minukey/AppData/Local/UnrealEngine/Common/DerivedDataCache/8/3/1/TEXTURE_E01F4250BECD420DA9CE63B5EECEC2C2_BGRA8_63644BAC47E907C31EF371B77E244C3__7F0467FB361EBE5DCCB0DD80BC2F6AF8C290A3D0.udd" 5921
"C:/Users/minukey/AppData/Local/UnrealEngine/Common/DerivedDataCache/0/2/9/TEXTURE_E01F4250BECD420DA9CE63B5EECEC2C2_BGRA8_F9DF4A8240F817D0432354A3DDF9A9C__EC1DCDF6DC47124BDDE5CA720059CF701E45B64E.udd" 5922
"C:/Users/minukey/AppData/Local/UnrealEngine/Common/DerivedDataCache/1/1/3/TEXTURE_E01F4250BECD420DA9CE63B5EECEC2C2_OODLE_AUTODXT_11_30B88BF14F46649349F7__C4FAAC1B0061391F9CD015BC0B35139694ED7DF6.udd" 5923
"C:/Users/minukey/AppData/Local/UnrealEngine/Common/DerivedDataCache/0/7/0/TEXTURE_E01F4250BECD420DA9CE63B5EECEC2C2_OODLE_AUTODXT_11_EF6A822B466A6783997F__95E65FC306B6E0C1713BEACF55FA51DD1E5ED86C.udd" 5924
"C:/Users/minukey/AppData/Local/UnrealEngine/Common/DerivedDataCache/5/8/3/TEXTURE_E01F4250BECD420DA9CE63B5EECEC2C2_BGRA8_B2DFC0EA420AFD965BAA298D9C4B032__7F714E423736184B36ED01D640489D1F4C7B6659.udd" 5925
"C:/Users/minukey/AppData/Local/UnrealEngine/Common/DerivedDataCache/2/8/3/TEXTURE_E01F4250BECD420DA9CE63B5EECEC2C2_BGRA8_AD55E1EC406C32788F34B69FB3ECA41__426CC59D1E5DB13C2999F733A6080BF0A08DE867.udd" 5926
"C:/Users/minukey/AppData/Local/UnrealEngine/Common/DerivedDataCache/1/5/9/TEXTURE_E01F4250BECD420DA9CE63B5EECEC2C2_BGRA8_9FAB24F94302E84902C67C9DEF2C183__A6E97C705542A5D04EEA15C26981DB7AB5442773.udd" 5927
"C:/Users/minukey/AppData/Local/UnrealEngine/Common/DerivedDataCache/6/7/9/TEXTURE_E01F4250BECD420DA9CE63B5EECEC2C2_BGRA8_226AECD74E9EDC58F5C668BFBDABFD3__AC406D2037A77387EF381EAC79D8D2C8E0D3362D.udd" 5928
"C:/Users/minukey/AppData/Local/UnrealEngine/Common/DerivedDataCache/2/2/8/TEXTURE_E01F4250BECD420DA9CE63B5EECEC2C2_BGRA8_24904EF04BB90C06F31738A2068AEB9__AA34F7068A231E22ABFD231056C7710303AD31D9.udd" 5929
"C:/Users/minukey/AppData/Local/UnrealEngine/Common/DerivedDataCache/0/0/1/TEXTURE_E01F4250BECD420DA9CE63B5EECEC2C2_BGRA8_24A6B8B0444BE24D5891B8B66AEA256__B16A5CE1F5E9A16E7D763A69AE1825811F347E47.udd" 5930
"C:/Users/minukey/AppData/Local/UnrealEngine/Common/DerivedDataCache/7/5/0/TEXTURE_E01F4250BECD420DA9CE63B5EECEC2C2_BGRA8_6F5DA3184CCCF16F6C17FAB94DE8541__9180F2B03220E71634285B215DBFF3A52D2E8C9B.udd" 5931
"C:/Users/minukey/AppData/Local/UnrealEngine/Common/DerivedDataCache/9/3/0/TEXTURE_E01F4250BECD420DA9CE63B5EECEC2C2_BGRA8_98F6D1A14396DFA92597A09E8350FBC__39B2423FCA45B44326834A517B0FC717B4BFB61E.udd" 5932
"C:/Users/minukey/AppData/Local/UnrealEngine/Common/DerivedDataCache/7/0/9/TEXTURE_E01F4250BECD420DA9CE63B5EECEC2C2_BGRA8_06DA594C408BBBD45B5154A6CBE959B__954609561B453B6EC50B8C2D054643A8A5807780.udd" 5933
"C:/Users/minukey/AppData/Local/UnrealEngine/Common/DerivedDataCache/0/9/0/TEXTURE_E01F4250BECD420DA9CE63B5EECEC2C2_BGRA8_35C1F7D1446BF3EF6802BE8C94489B1__124BF83D121007B200018F1F41E32A5DA2087F69.udd" 5934
"C:/Users/minukey/AppData/Local/UnrealEngine/Common/DerivedDataCache/1/0/4/TEXTURE_E01F4250BECD420DA9CE63B5EECEC2C2_OODLE_AUTODXT_11_D24D609A49952BE5B22A__6FFA190868F6DAB8C02DC3E1D98AFEF5AC5029F2.udd" 5935
"C:/Users/minukey/AppData/Local/UnrealEngine/Common/DerivedDataCache/5/9/5/TEXTURE_E01F4250BECD420DA9CE63B5EECEC2C2_OODLE_AUTODXT_11_55AB288145668C9F1823__E5DF0C63B24F1CDD2CB47FBF86CDC7F1908CD756.udd" 5936
"C:/Users/minukey/AppData/Local/UnrealEngine/Common/DerivedDataCache/1/9/1/TEXTURE_E01F4250BECD420DA9CE63B5EECEC2C2_OODLE_AUTODXT_11_D24D609A49952BE5B22A__3098C8459E0B81038A9ED87EAB016B583FB14C37.udd" 5937
"C:/Users/minukey/AppData/Local/UnrealEngine/Common/DerivedDataCache/1/8/6/TEXTURE_E01F4250BECD420DA9CE63B5EECEC2C2_OODLE_AUTODXT_11_D24D609A49952BE5B22A__2064CD133632A02FD72446EE30E4AA3CBC882D56.udd" 5938
"C:/Users/minukey/AppData/Local/UnrealEngine/Common/DerivedDataCache/5/5/3/TEXTURE_E01F4250BECD420DA9CE63B5EECEC2C2_OODLE_DXT1_11_91BADEC24281EAB46940DBA__8342F9A876EE465212EAD674ECCC2EC23F7B03E5.udd" 5939
"C:/Users/minukey/AppData/Local/UnrealEngine/Common/DerivedDataCache/1/7/1/TEXTURE_E01F4250BECD420DA9CE63B5EECEC2C2_OODLE_DXT1_11_23CE39734DFEA0EECF392FB__7812F1044467ECEAB88BBDD2BC0E415ABB77D4F0.udd" 5940
"C:/Users/minukey/AppData/Local/UnrealEngine/Common/DerivedDataCache/5/1/4/TEXTURE_E01F4250BECD420DA9CE63B5EECEC2C2_OODLE_DXT1_11_91BADEC24281EAB46940DBA__E66F9C829D900CE6CF8B3DBC0C74730700E19A61.udd" 5941
"C:/Users/minukey/AppData/Local/UnrealEngine/Common/DerivedDataCache/0/9/2/TEXTURE_E01F4250BECD420DA9CE63B5EECEC2C2_OODLE_DXT1_11_91BADEC24281EAB46940DBA__D16ACB5AA62631F1A9F6F7DFD80D760472565446.udd" 5942
"C:/Users/minukey/AppData/Local/UnrealEngine/Common/DerivedDataCache/3/1/2/TEXTURE_E01F4250BECD420DA9CE63B5EECEC2C2_BGRA8_797DD65D4BC5D0AEB74C67AE65EFBD0__8F3FF88A7109D520324314A4F75D1282C0867B41.udd" 5943
"C:/Users/minukey/AppData/Local/UnrealEngine/Common/DerivedDataCache/9/3/2/TEXTURE_E01F4250BECD420DA9CE63B5EECEC2C2_G8_BC12858A40DC6487E3316FBDDEB89B47_0__70A084BC1CA19ED8D6BD5C9BA7D3D1573F8DD69B.udd" 5944
"C:/Users/minukey/AppData/Local/UnrealEngine/Common/DerivedDataCache/9/0/5/TEXTURE_E01F4250BECD420DA9CE63B5EECEC2C2_G8_BC12858A40DC6487E3316FBDDEB89B47_0__FBC6F4DB58E62E1978A5641ADC9579EC761AE8B7.udd" 5945
"C:/Users/minukey/AppData/Local/UnrealEngine/Common/DerivedDataCache/8/1/9/TEXTURE_E01F4250BECD420DA9CE63B5EECEC2C2_G8_467D548B44B5D8AE472E32B0641B486E_0__72160DFFF5461A76D8B6ADA2EDBB39930F6E60A2.udd" 5946
"C:/Users/minukey/AppData/Local/UnrealEngine/Common/DerivedDataCache/2/4/8/TEXTURE_E01F4250BECD420DA9CE63B5EECEC2C2_OODLE_AUTODXT_11_679819484250EE550793__CD1F404C1451DB96582D867773B6DA0C02033FF3.udd" 5947
"C:/Users/minukey/AppData/Local/UnrealEngine/Common/DerivedDataCache/2/2/8/TEXTURE_E01F4250BECD420DA9CE63B5EECEC2C2_OODLE_AUTODXT_11_4CA2A0254486ACE2724F__527CA8E48C4AF1A4040FAF2489C39F3FF857BB01.udd" 5948
"C:/Users/minukey/AppData/Local/UnrealEngine/Common/DerivedDataCache/6/7/3/TEXTURE_E01F4250BECD420DA9CE63B5EECEC2C2_OODLE_AUTODXT_11_679819484250EE550793__12D8663BF5B6347C0EF0EB7788CBAC4F9B6F27A9.udd" 5949
"C:/Users/minukey/AppData/Local/UnrealEngine/Common/DerivedDataCache/6/1/5/TEXTURE_E01F4250BECD420DA9CE63B5EECEC2C2_OODLE_AUTODXT_11_679819484250EE550793__CFA0E33E874D9D80FF9C14BE1ECB4AEAEEF20261.udd" 5950
"C:/Users/minukey/AppData/Local/UnrealEngine/Common/DerivedDataCache/1/4/3/TEXTURE_E01F4250BECD420DA9CE63B5EECEC2C2_OODLE_DXT1_11_02A24E0242F624AAE66B39B__128CD48F464DD69D5204FAD11637AE4E17226FEC.udd" 5951
"C:/Users/minukey/AppData/Local/UnrealEngine/Common/DerivedDataCache/9/9/3/TEXTURE_E01F4250BECD420DA9CE63B5EECEC2C2_OODLE_DXT1_11_02A24E0242F624AAE66B39B__BFD2032228C148A292D261126338247FE2BE5912.udd" 5952
"C:/Users/minukey/AppData/Local/UnrealEngine/Common/DerivedDataCache/6/4/0/TEXTURE_E01F4250BECD420DA9CE63B5EECEC2C2_OODLE_DXT1_11_446AA8CD4B9663E83ED7C39__1AF87AF62741950E940F0D674A22BB7820BD34D8.udd" 5953
"C:/Users/minukey/AppData/Local/UnrealEngine/Common/DerivedDataCache/3/8/2/TEXTURE_E01F4250BECD420DA9CE63B5EECEC2C2_OODLE_DXT1_11_02A24E0242F624AAE66B39B__AD5E5F32F522A67BFFE21D33022A5B29A300A81E.udd" 5954
"C:/Users/minukey/AppData/Local/UnrealEngine/Common/DerivedDataCache/7/9/6/TEXTURE_E01F4250BECD420DA9CE63B5EECEC2C2_BGRA8_0AC9CF9E410EE33CDE812088C5EC071__2C3D56A911DD0DFC823FA9C731854163F5047EE6.udd" 5955
"C:/Users/minukey/AppData/Local/UnrealEngine/Common/DerivedDataCache/8/8/8/TEXTURE_E01F4250BECD420DA9CE63B5EECEC2C2_G8_12B31D26473A4C180A1BEE996EE8C30B_0__721133C6D3B7F8AF405AC4366F560D9814FC7E51.udd" 5956
"C:/Users/minukey/AppData/Local/UnrealEngine/Common/DerivedDataCache/9/8/7/TEXTURE_E01F4250BECD420DA9CE63B5EECEC2C2_G8_12B31D26473A4C180A1BEE996EE8C30B_0__E078A22707B3EE442794887E0F50F39A31D938BB.udd" 5957
"C:/Users/minukey/AppData/Local/UnrealEngine/Common/DerivedDataCache/4/5/4/TEXTURE_E01F4250BECD420DA9CE63B5EECEC2C2_G8_257E27EA487E644D52381597CC03AB78_0__FC0CAD83C8D1330CAE783DBF37E599F5B88337CC.udd" 5958
"C:/Users/minukey/AppData/Local/UnrealEngine/Common/DerivedDataCache/6/6/7/TEXTURE_E01F4250BECD420DA9CE63B5EECEC2C2_OODLE_AUTODXT_11_0E5D11F547DA76A33015__A2D7E16768C3CEF90D28153A20DA64F7FA61FB5E.udd" 5959
"C:/Users/minukey/AppData/Local/UnrealEngine/Common/DerivedDataCache/5/1/1/TEXTURE_E01F4250BECD420DA9CE63B5EECEC2C2_BGRA8_DE35740A4AA8A062B9D63EABA29020F__6FE1CBE3DD00670E79D897A2592038D2C57F0889.udd" 5960
"C:/Users/minukey/AppData/Local/UnrealEngine/Common/DerivedDataCache/7/1/9/MATSM_0BA69734E4FD45E082FA4560DBE25454_PCD3D_SM5_8__BC5N_NOCCBN_NOIRIS_DEV_SL___A97FF9EB389E759CE844170EBA6AF196E9CFF23D.udd" 5961
"C:/Users/minukey/AppData/Local/UnrealEngine/Common/DerivedDataCache/4/7/6/TEXTURE_E01F4250BECD420DA9CE63B5EECEC2C2_BGRA8_366786CA4FA2C7EC970E77A07305AEB__16D2F96CB410DDE327AE051DC84174359C3876A8.udd" 5962
"C:/Users/minukey/AppData/Local/UnrealEngine/Common/DerivedDataCache/4/9/0/TEXTURE_E01F4250BECD420DA9CE63B5EECEC2C2_BGRA8_59099C81474922215B4BF29BF04089A__7D9230A9E8EB837E59CD0FE89C573660C5979C37.udd" 5963
"C:/Users/minukey/AppData/Local/UnrealEngine/Common/DerivedDataCache/6/5/3/TEXTURE_E01F4250BECD420DA9CE63B5EECEC2C2_OODLE_AUTODXT_11_66A9CCD7461167994B0A__95DD7AC4938F7F56B82CE96EB7504C66D907A012.udd" 5964
"C:/Users/minukey/AppData/Local/UnrealEngine/Common/DerivedDataCache/4/5/0/TEXTURE_E01F4250BECD420DA9CE63B5EECEC2C2_BGRA8_6740A0BB4C01776782791DABA226E16__8EC87E25FD7BE419319B9384931A00C81B8C4A56.udd" 5965
"C:/Users/minukey/AppData/Local/UnrealEngine/Common/DerivedDataCache/3/1/7/TEXTURE_E01F4250BECD420DA9CE63B5EECEC2C2_BGRA8_79F0FEAF403CE6FACF44B9818E8C3AA__827258DE78149607CF80983E9F02EE59665273E2.udd" 5966
"C:/Users/minukey/AppData/Local/UnrealEngine/Common/DerivedDataCache/5/7/5/TEXTURE_E01F4250BECD420DA9CE63B5EECEC2C2_OODLE_AUTODXT_11_D8262B934041DC01CECE__73833CC0A3E431ED6EE806D66CC68B1990ECC076.udd" 5967
"C:/Users/minukey/AppData/Local/UnrealEngine/Common/DerivedDataCache/9/7/8/TEXTURE_E01F4250BECD420DA9CE63B5EECEC2C2_OODLE_AUTODXT_11_8EE8545A4853B84ECB67__4CA855F0F40704AB002195F960F2074E8A892C54.udd" 5968
"C:/Users/minukey/AppData/Local/UnrealEngine/Common/DerivedDataCache/8/2/7/MATSM_0BA69734E4FD45E082FA4560DBE25454_PCD3D_SM5_8__BC5N_NOCCBN_NOIRIS_DEV_SL___51BB700F0ECABB0BB7ABA104EF9E1F0B3B2087D9.udd" 5969
"C:/Users/minukey/AppData/Local/UnrealEngine/Common/DerivedDataCache/4/8/4/TEXTURE_E01F4250BECD420DA9CE63B5EECEC2C2_BGRA8_A62B228F4C3B19B9D4B93DAD6C8B0C9__1543EB5BBFCB584C8694E0A8FC8DA20C79BDE12A.udd" 5970
"C:/Users/minukey/AppData/Local/UnrealEngine/Common/DerivedDataCache/2/1/2/MATSM_0BA69734E4FD45E082FA4560DBE25454_PCD3D_SM5_8__BC5N_NOCCBN_NOIRIS_DEV_SL___29892B87B8142D5B94721BB090E514B0BC3FCBF1.udd" 5971
"C:/Users/minukey/AppData/Local/UnrealEngine/Common/DerivedDataCache/4/6/4/TEXTURE_E01F4250BECD420DA9CE63B5EECEC2C2_OODLE_AUTODXT_11_9A25C5FA47FB21AE7F81__CDD7636D4910D5CC58527ADB49C0070020280594.udd" 5972
"C:/Users/minukey/AppData/Local/UnrealEngine/Common/DerivedDataCache/2/7/6/TEXTURE_E01F4250BECD420DA9CE63B5EECEC2C2_OODLE_AUTODXT_11_9A25C5FA47FB21AE7F81__E37E4597A153E645B4762DEBDCB8D1DA2EBF7786.udd" 5973
"C:/Users/minukey/AppData/Local/UnrealEngine/Common/DerivedDataCache/9/0/1/TEXTURE_E01F4250BECD420DA9CE63B5EECEC2C2_OODLE_AUTODXT_11_9A25C5FA47FB21AE7F81__86CDCD70278D0F126773A69737C2F15B72E8BEFF.udd" 5974
"C:/Users/minukey/AppData/Local/UnrealEngine/Common/DerivedDataCache/9/1/0/TEXTURE_E01F4250BECD420DA9CE63B5EECEC2C2_OODLE_AUTODXT_11_9A25C5FA47FB21AE7F81__617472A93B18DBF65B1D379B07D1B5A01685161E.udd" 5975
"C:/Users/minukey/AppData/Local/UnrealEngine/Common/DerivedDataCache/5/5/9/TEXTURE_E01F4250BECD420DA9CE63B5EECEC2C2_OODLE_AUTODXT_11_109F387E441E5D3CCACB__2209F50164905950B5FA2344C6230DE3E110DA03.udd" 5976
"C:/Users/minukey/AppData/Local/UnrealEngine/Common/DerivedDataCache/9/4/7/TEXTURE_E01F4250BECD420DA9CE63B5EECEC2C2_BGRA8_F2D7439146D648DE452D058E20C095B__C637D66A39EDA25440C438CF11844FA2C44E857D.udd" 5977
"C:/Users/minukey/AppData/Local/UnrealEngine/Common/DerivedDataCache/3/9/0/TEXTURE_E01F4250BECD420DA9CE63B5EECEC2C2_BGRA8_045426B341F8A997137DD2BD8BFCDDA__6A2D521E7662B6C37120E76787CA0B687E161B5B.udd" 5978
"C:/Users/minukey/AppData/Local/UnrealEngine/Common/DerivedDataCache/6/1/8/MATSM_0BA69734E4FD45E082FA4560DBE25454_PCD3D_SM5_8__BC5N_NOCCBN_NOIRIS_DEV_SL___36F57F37D2939CEDB4274EBEB1A51CCA4E8E478A.udd" 5979
"C:/Users/minukey/AppData/Local/UnrealEngine/Common/DerivedDataCache/4/3/0/TEXTURE_E01F4250BECD420DA9CE63B5EECEC2C2_BGRA8_54CD99044D038C8C064F49A014E0BD2__8617707321E6B3529ABC4F0EC051D40F07608468.udd" 5980
"C:/Users/minukey/AppData/Local/UnrealEngine/Common/DerivedDataCache/3/1/1/TEXTURE_E01F4250BECD420DA9CE63B5EECEC2C2_BGRA8_23144C2645F6743F6F1269BDFD120DF__4DA0DD747E704DF80D74D70E9CC0243B7F849AAB.udd" 5981
"C:/Users/minukey/AppData/Local/UnrealEngine/Common/DerivedDataCache/0/6/5/TEXTURE_E01F4250BECD420DA9CE63B5EECEC2C2_BGRA8_459478FB40A5D5BE53F631AFD2301C6__87CF027B22C451FC03CFED7B22B7D81EF4DFF320.udd" 5982
"C:/Users/minukey/AppData/Local/UnrealEngine/Common/DerivedDataCache/1/4/0/TEXTURE_E01F4250BECD420DA9CE63B5EECEC2C2_BGRA8_ECFA051B4BBE406E836BAB83F60C646__098F3DCC33940CC16F932BBA52FEFBB2DBBD36CF.udd" 5983
"C:/Users/minukey/AppData/Local/UnrealEngine/Common/DerivedDataCache/6/8/0/TEXTURE_E01F4250BECD420DA9CE63B5EECEC2C2_OODLE_AUTODXT_11_014D8A8B46B53C6FB421__E25253AE0B4AB131DBB257EBBDA47843075CAB1C.udd" 5984
"C:/Users/minukey/AppData/Local/UnrealEngine/Common/DerivedDataCache/2/4/3/TEXTURE_E01F4250BECD420DA9CE63B5EECEC2C2_OODLE_AUTODXT_11_8C3EFD614A9210820169__C1D2773EAB47BEE2F2D1861C22DD8EF7DF993888.udd" 5985
"C:/Users/minukey/AppData/Local/UnrealEngine/Common/DerivedDataCache/0/5/2/TEXTURE_E01F4250BECD420DA9CE63B5EECEC2C2_OODLE_AUTODXT_11_3C255E5941519CB07AB6__437C43802DA0F4E044E2141C721C6AFE64E5B0FF.udd" 5986
"C:/Users/minukey/AppData/Local/UnrealEngine/Common/DerivedDataCache/3/4/7/TEXTURE_E01F4250BECD420DA9CE63B5EECEC2C2_OODLE_AUTODXT_11_4FF693A74B284544808D__22D4F03332A23C61EC69B0457A25196EC0164DE6.udd" 5987
"C:/Users/minukey/AppData/Local/UnrealEngine/Common/DerivedDataCache/5/7/5/TEXTURE_E01F4250BECD420DA9CE63B5EECEC2C2_OODLE_AUTODXT_11_DA8DE17F4CEEB6861AE2__BB84A3A92E3093D0AF66823464CD9EA02BFE946F.udd" 5988
"C:/Users/minukey/AppData/Local/UnrealEngine/Common/DerivedDataCache/4/2/5/TEXTURE_E01F4250BECD420DA9CE63B5EECEC2C2_OODLE_AUTODXT_11_E730561248BF24391E9C__EB5E993A1D7AEB75B3F0ABB49D20C15DC204F0AA.udd" 5989
"C:/Users/minukey/AppData/Local/UnrealEngine/Common/DerivedDataCache/6/9/6/TEXTURE_E01F4250BECD420DA9CE63B5EECEC2C2_OODLE_AUTODXT_11_F89D8111434E064BC1DF__7E91FF9151F1A47DD15299BEA8DEEF32F06DA80C.udd" 5990
"C:/Users/minukey/AppData/Local/UnrealEngine/Common/DerivedDataCache/3/7/6/TEXTURE_E01F4250BECD420DA9CE63B5EECEC2C2_OODLE_AUTODXT_11_C9EB0C3146E1662DCB7A__B54A9742D46400C63651D0488E69084DD165A231.udd" 5991
"C:/Users/minukey/AppData/Local/UnrealEngine/Common/DerivedDataCache/7/7/2/TEXTURE_E01F4250BECD420DA9CE63B5EECEC2C2_OODLE_AUTODXT_11_E1B7288D4BDC2EBCBEED__C55F224F9549A292030C0C8612B082B6F1F57561.udd" 5992
"C:/Users/minukey/AppData/Local/UnrealEngine/Common/DerivedDataCache/5/8/8/TEXTURE_E01F4250BECD420DA9CE63B5EECEC2C2_OODLE_AUTODXT_11_7291C3344D2CA3389F75__23F04D07B03EEA51D9A90721ECA5ABE4CEF4C07E.udd" 5993
"C:/Users/minukey/AppData/Local/UnrealEngine/Common/DerivedDataCache/7/5/1/TEXTURE_E01F4250BECD420DA9CE63B5EECEC2C2_OODLE_AUTODXT_11_0FF6BA014EE6D51AD893__E9AC0651510221E10723E1275EB831D42754140B.udd" 5994
"C:/Users/minukey/AppData/Local/UnrealEngine/Common/DerivedDataCache/3/3/0/TEXTURE_E01F4250BECD420DA9CE63B5EECEC2C2_OODLE_AUTODXT_11_6138AB614E919C516372__6B406C997A507BA53B2A24F8537F0C2000376A14.udd" 5995
"C:/Users/minukey/AppData/Local/UnrealEngine/Common/DerivedDataCache/8/4/7/TEXTURE_E01F4250BECD420DA9CE63B5EECEC2C2_OODLE_AUTODXT_11_9643C4B24DB7C2B3E3B9__16015420FD1A542B51DC37CE189F1BE9376BE6FF.udd" 5996
"C:/Users/minukey/AppData/Local/UnrealEngine/Common/DerivedDataCache/6/6/0/TEXTURE_E01F4250BECD420DA9CE63B5EECEC2C2_OODLE_AUTODXT_11_278C9A1F4DF89C936F19__6C53A52414F108DEB4F4624BDC0CB9C76AAD2147.udd" 5997
"C:/Users/minukey/AppData/Local/UnrealEngine/Common/DerivedDataCache/2/3/7/TEXTURE_E01F4250BECD420DA9CE63B5EECEC2C2_OODLE_AUTODXT_11_345C529E4C7FB7664A96__07629B291794E7560F3B02A1B3FE32BAF7D088C3.udd" 5998
"C:/Users/minukey/AppData/Local/UnrealEngine/Common/DerivedDataCache/4/6/6/TEXTURE_E01F4250BECD420DA9CE63B5EECEC2C2_OODLE_AUTODXT_11_D0FCD11F4D864B0CC961__BDEC73A72D2C23C0D0FEC24E9B6D14C42E709074.udd" 5999
"C:/Users/minukey/AppData/Local/UnrealEngine/Common/DerivedDataCache/3/1/5/TEXTURE_E01F4250BECD420DA9CE63B5EECEC2C2_OODLE_AUTODXT_11_7C29ABC242BE70860071__802DA8F0257A4A040E6EA79C55214A49C4F85945.udd" 6000
"C:/Users/minukey/AppData/Local/UnrealEngine/Common/DerivedDataCache/3/1/4/TEXTURE_E01F4250BECD420DA9CE63B5EECEC2C2_OODLE_AUTODXT_11_FF29F7E64CE485B2B66A__0BF8905F1F2F23378652E4EB958C6F3241F853C6.udd" 6001
"C:/Users/minukey/AppData/Local/UnrealEngine/Common/DerivedDataCache/6/5/5/TEXTURE_E01F4250BECD420DA9CE63B5EECEC2C2_OODLE_AUTODXT_11_A18BD0F24EBD3DB7BF12__21B756D92D81B7BEE95AED2923DB8EE4B8C61049.udd" 6002
"C:/Users/minukey/AppData/Local/UnrealEngine/Common/DerivedDataCache/2/5/3/TEXTURE_E01F4250BECD420DA9CE63B5EECEC2C2_OODLE_AUTODXT_11_9728B9954BFD9AA92A93__A47293A02B3281E4BFCD4933AEBDF93106A33044.udd" 6003
"C:/Users/minukey/AppData/Local/UnrealEngine/Common/DerivedDataCache/0/7/8/STREAMEDAUDIO_BC6E92FBBD314E3B9B9EC6778749EB5E_OGG10000$2D1$2D1$2D1$2D1$2D1_4_B4A233D34CAE5E2073EE1E96FA59F9EC.udd" 6004
"C:/Users/minukey/AppData/Local/UnrealEngine/Common/DerivedDataCache/2/5/0/TEXTURE_E01F4250BECD420DA9CE63B5EECEC2C2_OODLE_AUTODXT_11_F82E86244AE093300124__033EDA4E01AF2BDB021DF174706D2C35DFF963FA.udd" 6005
"C:/Users/minukey/AppData/Local/UnrealEngine/Common/DerivedDataCache/7/3/2/TEXTURE_E01F4250BECD420DA9CE63B5EECEC2C2_BGRA8_8E04B90E49F4B9EA81F9AB9EF5C2DE9__87F5F8D9C65329083B8441159A49D05AA9463554.udd" 6006
"C:/Users/minukey/AppData/Local/UnrealEngine/Common/DerivedDataCache/2/3/9/STREAMEDAUDIO_BC6E92FBBD314E3B9B9EC6778749EB5E_OGG10000$2D1$2D1$2D1$2D1$2D1_4_83ECD4D24531938CD4B09ABE0FCF3733.udd" 6007
"C:/Users/minukey/AppData/Local/UnrealEngine/Common/DerivedDataCache/0/2/7/TEXTURE_E01F4250BECD420DA9CE63B5EECEC2C2_OODLE_AUTODXT_11_1F36BCDD40959C4AB94E__4A1CDBDE6CC49A1D9B853933C373554A742BC37E.udd" 6008
"C:/Users/minukey/AppData/Local/UnrealEngine/Common/DerivedDataCache/0/1/8/TEXTURE_E01F4250BECD420DA9CE63B5EECEC2C2_OODLE_AUTODXT_11_895CBB4F439903E431E3__2E4D0519BC4BCA1C1DCAF1FF5D8B671CDBC3DF26.udd" 6009
"C:/Users/minukey/AppData/Local/UnrealEngine/Common/DerivedDataCache/3/4/0/STREAMEDAUDIO_BC6E92FBBD314E3B9B9EC6778749EB5E_OGG10000$2D1$2D1$2D1$2D1$2D1_4_890EDCF446A6A99500644E949B583BE3.udd" 6010
"C:/Users/minukey/AppData/Local/UnrealEngine/Common/DerivedDataCache/7/0/4/TEXTURE_E01F4250BECD420DA9CE63B5EECEC2C2_OODLE_AUTODXT_11_D7AB567B4C0FAB8B124F__8A087B23FA82B97A389C2D412341E4213DE091EE.udd" 6011
"C:/Users/minukey/AppData/Local/UnrealEngine/Common/DerivedDataCache/7/6/9/STREAMEDAUDIO_BC6E92FBBD314E3B9B9EC6778749EB5E_OGG10000$2D1$2D1$2D1$2D1$2D1_4_0E9931654F9AA373BF91A3B8E9529D93.udd" 6012
"C:/Users/minukey/AppData/Local/UnrealEngine/Common/DerivedDataCache/2/5/9/TEXTURE_E01F4250BECD420DA9CE63B5EECEC2C2_BGRA8_94564F0C4A0A50F5BE0AF4A571574B0__6E85A8278848D348678914DD3971CA9F5AAFDDDB.udd" 6013
"C:/Users/minukey/AppData/Local/UnrealEngine/Common/DerivedDataCache/9/6/2/STREAMEDAUDIO_BC6E92FBBD314E3B9B9EC6778749EB5E_OGG10000$2D1$2D1$2D1$2D1$2D1_4_07CF230E4CD70243FE6BB7A26E3D2871.udd" 6014
"C:/Users/minukey/AppData/Local/UnrealEngine/Common/DerivedDataCache/3/6/2/STREAMEDAUDIO_BC6E92FBBD314E3B9B9EC6778749EB5E_OGG10000$2D1$2D1$2D1$2D1$2D1_4_05F569EC46390048ACB337B509936D8A.udd" 6015
"C:/Users/minukey/AppData/Local/UnrealEngine/Common/DerivedDataCache/6/6/4/STREAMEDAUDIO_BC6E92FBBD314E3B9B9EC6778749EB5E_OGG10000$2D1$2D1$2D1$2D1$2D1_4_DFD1AE23432E734B39CFB78E34875CAC.udd" 6016
"C:/Users/minukey/AppData/Local/UnrealEngine/Common/DerivedDataCache/1/2/0/STREAMEDAUDIO_BC6E92FBBD314E3B9B9EC6778749EB5E_OGG10000$2D1$2D1$2D1$2D1$2D1_4_42DEA7DB4B053F3B7B92D5A34753E461.udd" 6017
"C:/Users/minukey/AppData/Local/UnrealEngine/Common/DerivedDataCache/5/5/9/STREAMEDAUDIO_BC6E92FBBD314E3B9B9EC6778749EB5E_OGG10000$2D1$2D1$2D1$2D1$2D1_4_D47D6472499A0FF986FE9CBEDBAE2EC7.udd" 6018
"C:/Users/minukey/AppData/Local/UnrealEngine/Common/DerivedDataCache/9/6/6/STREAMEDAUDIO_BC6E92FBBD314E3B9B9EC6778749EB5E_OGG10000$2D1$2D1$2D1$2D1$2D1_4_AD488B754E39562E26920DA0B3C26324.udd" 6019
"C:/Users/minukey/AppData/Local/UnrealEngine/Common/DerivedDataCache/3/5/4/STREAMEDAUDIO_BC6E92FBBD314E3B9B9EC6778749EB5E_OGG10000$2D1$2D1$2D1$2D1$2D1_4_2D94BB1E45997A7A7ECD6D8669C53967.udd" 6020
"C:/Users/minukey/AppData/Local/UnrealEngine/Common/DerivedDataCache/6/8/2/STREAMEDAUDIO_BC6E92FBBD314E3B9B9EC6778749EB5E_OGG10000$2D1$2D1$2D1$2D1$2D1_4_FC434ACB43F3BB560255F9A0C10F755C.udd" 6021
"C:/Users/minukey/AppData/Local/UnrealEngine/Common/DerivedDataCache/7/5/1/STREAMEDAUDIO_BC6E92FBBD314E3B9B9EC6778749EB5E_OGG10000$2D1$2D1$2D1$2D1$2D1_4_0341218B4C9E9D924A6399B86A00619C.udd" 6022
"C:/Users/minukey/AppData/Local/UnrealEngine/Common/DerivedDataCache/8/4/4/STREAMEDAUDIO_BC6E92FBBD314E3B9B9EC6778749EB5E_OGG10000$2D1$2D1$2D1$2D1$2D1_4_1DCCADBA4E28D0D7970C09B444D892E8.udd" 6023
"C:/Users/minukey/AppData/Local/UnrealEngine/Common/DerivedDataCache/2/7/8/STREAMEDAUDIO_BC6E92FBBD314E3B9B9EC6778749EB5E_OGG10000$2D1$2D1$2D1$2D1$2D1_4_19B8A9864DB92A9EDB7A1E9E2452D04C.udd" 6024
"C:/Users/minukey/AppData/Local/UnrealEngine/Common/DerivedDataCache/0/2/2/STREAMEDAUDIO_BC6E92FBBD314E3B9B9EC6778749EB5E_OGG10000$2D1$2D1$2D1$2D1$2D1_4_5C1CBB1F411E0F975A231AAF5456399D.udd" 6025
"C:/Users/minukey/AppData/Local/UnrealEngine/Common/DerivedDataCache/2/7/9/STREAMEDAUDIO_BC6E92FBBD314E3B9B9EC6778749EB5E_OGG10000$2D1$2D1$2D1$2D1$2D1_4_D4B1361C4727B9C9FF1CAC8ACE6FC6E9.udd" 6026
"C:/Users/minukey/AppData/Local/UnrealEngine/Common/DerivedDataCache/8/6/3/STREAMEDAUDIO_BC6E92FBBD314E3B9B9EC6778749EB5E_OGG10000$2D1$2D1$2D1$2D1$2D1_4_B0E23ECE418A58BDE5319E8E286B76D7.udd" 6027
"C:/Users/minukey/AppData/Local/UnrealEngine/Common/DerivedDataCache/3/4/4/STREAMEDAUDIO_BC6E92FBBD314E3B9B9EC6778749EB5E_OGG10000$2D1$2D1$2D1$2D1$2D1_4_5B7DF94E4E725985C8601FB95FD5A1BB.udd" 6028
"C:/Users/minukey/AppData/Local/UnrealEngine/Common/DerivedDataCache/3/1/8/STREAMEDAUDIO_BC6E92FBBD314E3B9B9EC6778749EB5E_OGG10000$2D1$2D1$2D1$2D1$2D1_4_7EF2C10F43679228C5F6719AFE3928E9.udd" 6029
"C:/Users/minukey/AppData/Local/UnrealEngine/Common/DerivedDataCache/5/2/2/STREAMEDAUDIO_BC6E92FBBD314E3B9B9EC6778749EB5E_OGG10000$2D1$2D1$2D1$2D1$2D1_4_F5B2C71049DD0DC9F8DC798DAB501133.udd" 6030
"C:/Users/minukey/AppData/Local/UnrealEngine/Common/DerivedDataCache/2/4/3/STREAMEDAUDIO_BC6E92FBBD314E3B9B9EC6778749EB5E_OGG10000$2D1$2D1$2D1$2D1$2D1_4_42C8EDEC4C42396761788C835AF31A29.udd" 6031
"C:/Users/minukey/AppData/Local/UnrealEngine/Common/DerivedDataCache/4/2/4/STREAMEDAUDIO_BC6E92FBBD314E3B9B9EC6778749EB5E_OGG10000$2D1$2D1$2D1$2D1$2D1_4_F9B9BA084DE81244C5A28BBEE239AD87.udd" 6032
"C:/Users/minukey/AppData/Local/UnrealEngine/Common/DerivedDataCache/8/7/7/STREAMEDAUDIO_BC6E92FBBD314E3B9B9EC6778749EB5E_OGG10000$2D1$2D1$2D1$2D1$2D1_4_28BE4BEF424ED3F55941BE8EC84AEBD6.udd" 6033
"C:/Users/minukey/AppData/Local/UnrealEngine/Common/DerivedDataCache/8/4/1/STREAMEDAUDIO_BC6E92FBBD314E3B9B9EC6778749EB5E_OGG10000$2D1$2D1$2D1$2D1$2D1_4_302C59734491FFE9EB4CD2B073C5CE7A.udd" 6034
"C:/Users/minukey/AppData/Local/UnrealEngine/Common/DerivedDataCache/6/0/0/STREAMEDAUDIO_BC6E92FBBD314E3B9B9EC6778749EB5E_OGG10000$2D1$2D1$2D1$2D1$2D1_4_CB171392414CC42CD4A4C7B383857FEE.udd" 6035
"C:/Users/minukey/AppData/Local/UnrealEngine/Common/DerivedDataCache/7/1/8/AUDIO_0005_0000_OGG10000$2D1$2D1$2D1$2D1$2D1_0004_C535A97041D188F17ECCD0BDFDBBC7EB.udd" 6036
"C:/Users/minukey/AppData/Local/UnrealEngine/Common/DerivedDataCache/3/7/5/AUDIO_0005_0000_OGG10000$2D1$2D1$2D1$2D1$2D1_0004_BC4CC44E424A39A8F2A059BFCA008AB9.udd" 6037
"C:/Users/minukey/AppData/Local/UnrealEngine/Common/DerivedDataCache/9/8/3/AUDIO_0005_0000_OGG10000$2D1$2D1$2D1$2D1$2D1_0004_3DEF9ADC4911FBAFE5597593B2BC1317.udd" 6038
"C:/Users/minukey/AppData/Local/UnrealEngine/Common/DerivedDataCache/4/8/9/STREAMEDAUDIO_BC6E92FBBD314E3B9B9EC6778749EB5E_OGG10000$2D1$2D1$2D1$2D1$2D1_4_C535A97041D188F17ECCD0BDFDBBC7EB.udd" 6039
"C:/Users/minukey/AppData/Local/UnrealEngine/Common/DerivedDataCache/4/7/2/STREAMEDAUDIO_BC6E92FBBD314E3B9B9EC6778749EB5E_OGG10000$2D1$2D1$2D1$2D1$2D1_4_BC4CC44E424A39A8F2A059BFCA008AB9.udd" 6040
"C:/Users/minukey/AppData/Local/UnrealEngine/Common/DerivedDataCache/7/3/6/STREAMEDAUDIO_BC6E92FBBD314E3B9B9EC6778749EB5E_OGG10000$2D1$2D1$2D1$2D1$2D1_4_3DEF9ADC4911FBAFE5597593B2BC1317.udd" 6041
